memory_initialization_radix=16;
memory_initialization_vector=
F719,
067B,
FCCB,
F827,
EB40,
E6F7,
E464,
E4EC,
E1AB,
DF16,
D91F,
D56B,
D384,
D6B8,
DA2E,
DCF6,
DB7D,
D98D,
D97E,
DF81,
E672,
EA1E,
E7C3,
E684,
E880,
EDD0,
F229,
F41E,
F3C6,
F5B1,
F6AB,
F60D,
F2E4,
EB58,
E1D1,
DDB2,
D9FD,
D2C6,
CC3E,
C7AE,
BF6D,
B67A,
B197,
B188,
B3F2,
B50A,
B0BA,
AD9E,
B12D,
B9DE,
C4D5,
CE78,
D0D9,
D014,
D366,
DD22,
E98D,
F292,
F60E,
F5B7,
EC26,
D910,
C7EC,
BEBC,
BA4F,
B733,
B157,
A8C7,
A048,
96B6,
8C8F,
8553,
8138,
800E,
828C,
8AA3,
9872,
A6EF,
B089,
B73E,
BDF6,
C466,
CA57,
D29B,
DC06,
E16E,
DFC0,
D811,
CBD2,
BE4F,
B54D,
B159,
A98E,
9BBE,
9103,
8D4C,
8D63,
8F6B,
8EF3,
8CF6,
9238,
9EAD,
A56B,
A56D,
AA5A,
B4CC,
BD80,
C9E2,
D787,
D5AD,
C864,
C4D4,
CA17,
C63E,
BB13,
BA2F,
C257,
C1D1,
B47B,
A70A,
A1E6,
9ED0,
959C,
9031,
965F,
9EFA,
A5A1,
AEF4,
B912,
C1FF,
C90F,
CE3F,
D621,
E1E0,
ED71,
F7AB,
FE81,
003C,
006F,
FC22,
EAB7,
D6E1,
D0F6,
D307,
D10B,
CCF4,
C657,
BE6D,
BC41,
BC28,
B6C7,
B6B0,
C1A3,
CA48,
CB07,
CD63,
D5CD,
E13E,
E73B,
E2EB,
DE29,
E3C9,
EE69,
F3DE,
F34C,
F574,
FD75,
04FF,
09D0,
0BE3,
09D5,
0359,
F89A,
EDFC,
EA89,
EABA,
EBD6,
ED25,
EAA0,
E6ED,
E87D,
F0E4,
FEA7,
0D27,
1AD2,
28CC,
2EAC,
2AC0,
254C,
1F0B,
13AA,
0713,
FCB8,
F2B6,
E9CD,
E49A,
DE32,
D430,
CEFB,
D2A2,
DA9B,
E21A,
EA76,
FBA3,
10E2,
1BE8,
1F31,
2584,
2A02,
257B,
1A24,
1185,
0EEE,
0F87,
1579,
1E04,
1689,
0247,
FB38,
00B3,
FE58,
FACD,
00EA,
059A,
06AF,
0BC0,
0D05,
061E,
FD68,
F3EA,
EDDC,
F148,
F757,
F942,
F714,
F488,
F4D0,
F5FB,
F5BC,
F675,
F999,
03BA,
13B7,
1ACA,
1613,
1425,
1935,
1AA6,
164F,
14ED,
1911,
180F,
0DDC,
02B7,
FC89,
F76E,
EE8D,
E434,
DE90,
DC6C,
DAB4,
D9DB,
D9DE,
DF23,
E960,
ECDD,
E8B1,
E881,
EBCC,
EE6B,
F058,
F187,
F1FF,
F140,
F1E7,
F8FF,
FFFB,
FF36,
FD31,
FF6D,
03EF,
065C,
0753,
0BF0,
1243,
117D,
0B39,
05D6,
01BB,
FAE9,
F122,
EB53,
EC64,
EE4A,
ED0D,
EB86,
EC70,
EE1F,
ED38,
EBC0,
EDD4,
F262,
F5F1,
F7C9,
FAFA,
FFED,
01ED,
FE2B,
F8D9,
F767,
FA1B,
FE53,
0225,
01AD,
FC18,
F887,
F8D5,
F712,
F4A3,
F65C,
F8F4,
F7CF,
F55B,
F481,
F586,
F8A8,
FBF5,
FCD9,
FEC1,
062A,
0E57,
102C,
0FED,
1580,
1CF4,
21A8,
271D,
2C15,
2D8A,
2DCF,
2EA0,
2F16,
2F16,
2E18,
2D95,
2C80,
295B,
25F5,
252D,
261A,
2490,
201B,
1F01,
2247,
2454,
24D1,
25BC,
25B5,
247D,
236E,
2230,
2061,
209A,
23D5,
272B,
2763,
257A,
23E7,
2207,
1F7D,
2229,
2AA3,
306C,
3152,
32C8,
3597,
382C,
3945,
38A8,
395E,
3C72,
3FCC,
4528,
4A17,
482C,
43FA,
44BD,
4570,
421F,
4002,
418F,
4432,
47CA,
4C6B,
4F0E,
4FCB,
5170,
5219,
513D,
5082,
4E5E,
4A97,
4839,
4767,
471E,
464B,
4574,
46D2,
4960,
4CC5,
52C5,
5922,
5C93,
5E5C,
5E7C,
5B56,
56C1,
52E1,
4D03,
42BE,
36D8,
2B53,
220B,
1D63,
1CF8,
1FB2,
25FF,
2EB2,
3940,
43A6,
4C20,
563A,
618E,
68C4,
6D35,
7067,
6DF4,
65AC,
5BC5,
5474,
501D,
4A49,
4359,
3F17,
3780,
2B4C,
2626,
28A0,
28AF,
26AB,
26B5,
2782,
29C7,
2CC5,
2D74,
2D12,
2D2E,
2DF3,
3087,
3321,
3467,
3577,
3542,
3579,
391C,
3D63,
410E,
44A7,
47F2,
4B2A,
4CDC,
4A91,
4707,
42FB,
3EBD,
3A5E,
3542,
2FFF,
2B15,
2449,
1C62,
155D,
102D,
0CB6,
0A0B,
0915,
0A75,
0C8D,
0F56,
13A4,
196C,
1F69,
2478,
2807,
2BBE,
3123,
3688,
38B4,
39C2,
3AD9,
3A56,
39D8,
3AB4,
3AC6,
3816,
3333,
2FC4,
2EE4,
2D7E,
2B65,
29FD,
26FC,
21A8,
1C92,
1A4B,
177C,
12F6,
0F03,
0B9B,
087B,
0866,
09DA,
0B50,
0D2E,
0EA7,
1071,
13CC,
177F,
1A81,
1CB4,
1E61,
1FD2,
2166,
21D3,
20EA,
20DF,
22AA,
240C,
2483,
2468,
24AB,
2586,
256D,
24AE,
24B1,
2497,
2400,
23DD,
2423,
2409,
23B9,
23E2,
2484,
2563,
27D4,
2B0E,
2DAB,
3026,
333D,
35DE,
3846,
3B68,
3F3E,
42AC,
45DB,
493E,
4C8C,
4F16,
5172,
5414,
5676,
5799,
5813,
583A,
5822,
5789,
55CF,
51D2,
4C0D,
461D,
41A4,
3E63,
3B7C,
386D,
3567,
322D,
2F2A,
2D46,
2DB0,
3029,
33A0,
3736,
3AF1,
3DB9,
3F28,
4089,
42E8,
457C,
481A,
4A8D,
4C9F,
4E94,
5118,
533A,
53E2,
5312,
5227,
51D4,
528A,
5437,
565E,
5767,
56C2,
5534,
53B1,
5245,
5122,
4FD6,
4EB8,
4E6A,
4E62,
4D56,
4BAF,
49A5,
4775,
45EB,
4540,
442E,
430C,
42C4,
42D3,
4240,
419C,
4108,
3FC2,
3D74,
3BF4,
3BF1,
3C1F,
3BB7,
3BD9,
3CA0,
3D55,
3CB9,
3B8B,
3A3D,
37BF,
3461,
3342,
33F2,
341A,
337E,
32D3,
3134,
2EEC,
2D60,
2D73,
2EB5,
309A,
320F,
32CE,
32DF,
32EB,
32BC,
3154,
2EB7,
2CE3,
2ABB,
25BE,
1EEF,
1B62,
1EA6,
2640,
2B92,
2A51,
21AB,
149A,
0959,
058A,
09D5,
0FD8,
0FD1,
08E1,
FD13,
F282,
F48C,
038F,
12AE,
1F22,
28D5,
272C,
19C9,
0CB3,
0222,
F75A,
F209,
F5F4,
FBA2,
FEDA,
00AC,
FED6,
F9C8,
F43B,
EE34,
EBED,
EF22,
F058,
F205,
F887,
FB9B,
F805,
F594,
F524,
F246,
ECD9,
E927,
EC42,
F5EB,
FEB2,
FE96,
FB22,
FD68,
002E,
FD9C,
FF0D,
06D5,
07DA,
03FF,
085B,
0C73,
0571,
04CE,
0887,
FC83,
F3AB,
FDB3,
019E,
018A,
10F4,
17B5,
0A11,
FFB6,
FC1D,
F336,
EED6,
EFED,
EBA9,
E4A5,
E2CB,
E425,
EBC8,
F715,
FA5D,
F733,
F58F,
F265,
EFC3,
F297,
F35C,
EE60,
E96D,
E35E,
DB28,
D71E,
D703,
D80F,
DE8B,
E4D3,
E502,
E542,
E5D7,
E622,
EBA4,
F185,
F6B0,
FDFB,
FDD4,
FCA3,
FE78,
FBB8,
F9AE,
FA87,
F48C,
F155,
F23F,
F2C3,
F6E1,
FB10,
FDA8,
FD5C,
F9C6,
F8AA,
FAD5,
FC44,
0288,
06A6,
06B6,
05D9,
0262,
0036,
FFB6,
FC74,
F826,
F46B,
F291,
F4D8,
F64C,
F629,
F2DC,
EBEA,
E783,
E681,
EB71,
F3D7,
F7F3,
F5C0,
EFE7,
E9A2,
EB0E,
F18D,
F796,
FA19,
F565,
ED86,
E876,
E954,
F0CB,
FA73,
00E1,
0115,
FAA6,
F0FC,
E8CD,
E5B5,
E9C8,
F00C,
F5C7,
F9EE,
FA84,
F512,
EAC0,
E120,
DC6F,
DC7A,
DE49,
DE8A,
DF3C,
E18C,
E352,
E528,
E608,
E24F,
DEB2,
DDD9,
E143,
E890,
EFD1,
F361,
F2C7,
ECA6,
E219,
D82B,
D471,
D5B3,
D68B,
D5BC,
D392,
D096,
CE8C,
CC9E,
CBBB,
CB71,
C818,
BECA,
B39B,
AE72,
B604,
CB80,
EBAA,
0661,
02E0,
D972,
A63A,
93C5,
AE76,
DEB1,
0D17,
2052,
FE82,
C0B9,
A26C,
B17C,
D2F3,
F151,
FC1E,
E808,
BAA3,
991C,
A3CD,
C2D6,
DBCF,
EE85,
F042,
DF1D,
D297,
C84B,
BEF4,
BA18,
B91F,
C0F5,
D0D6,
D7CC,
DAC9,
DB3C,
D123,
C583,
C236,
BBF2,
B4A5,
B61C,
BA55,
BA53,
BE06,
BFA6,
B95B,
B436,
B2AC,
B0CA,
B83F,
C254,
C76D,
CAD5,
CBA1,
C751,
C4DE,
C28A,
C2CE,
C54B,
C635,
C7D8,
CAC3,
CC1E,
CE05,
CCAF,
C5ED,
BDBA,
B588,
B10A,
B4C8,
BDEC,
C9F6,
D44C,
D799,
D1E7,
C7B7,
C04B,
C1E4,
C92D,
D1D1,
D6F0,
D6A4,
D2A0,
D0F7,
D3E3,
DA9C,
DFD2,
E1F5,
E0D8,
DF08,
DF02,
E0C5,
E0B7,
DF4D,
DB02,
D414,
CD87,
C9FB,
C94D,
CC53,
D204,
DA9D,
E050,
E02C,
DCFB,
DBA1,
DAA7,
DAEA,
DDAE,
E449,
E657,
E353,
E10E,
DF16,
D7CB,
CF16,
C794,
C22B,
BE65,
C141,
C8FB,
CE98,
D0F6,
D5D5,
D854,
DC40,
E77C,
F806,
0450,
0E18,
12A7,
12FA,
11BA,
1357,
1109,
0DC4,
057C,
FA43,
F028,
EE59,
E8F4,
E550,
DB72,
D600,
C9AF,
F17B,
FF8E,
F6B1,
F282,
E667,
E319,
E1EF,
E45D,
E0F8,
DEA9,
D9CB,
D732,
D644,
DA8A,
DF3F,
E253,
E0D8,
DE31,
DCCB,
E1F2,
E8CF,
EBF4,
E8D3,
E6B7,
E83F,
ECDE,
F089,
F0DD,
EF2E,
F08E,
F156,
F15A,
EEFB,
E811,
DEA3,
DA2B,
D64E,
CFAD,
CA56,
C708,
BF60,
B6AF,
B2A9,
B360,
B61C,
B757,
B30F,
B00E,
B29E,
B9D9,
C44D,
CDD7,
D058,
CFD3,
D22C,
DAB3,
E69C,
EF90,
F2F4,
F260,
E8AD,
D5EB,
C559,
BD46,
B97E,
B692,
B02E,
A6E2,
9E42,
953C,
8BD2,
856C,
819A,
8028,
8249,
8A39,
980A,
A614,
AF0D,
B4DE,
BB1A,
C23B,
C986,
D2E5,
DCA7,
E23F,
DFAC,
D705,
CA72,
BDB0,
B4EB,
B0FD,
A8B3,
9A3F,
8F55,
8C1A,
8C3E,
8D81,
8C54,
89ED,
8EF6,
9B54,
A254,
A34C,
A901,
B366,
BB23,
C7CD,
D602,
D418,
C6F4,
C428,
CA86,
C76A,
BC1B,
BA99,
C22C,
C16B,
B424,
A6F7,
A22A,
9F0F,
95ED,
8FFE,
9601,
9E0B,
A500,
AEE8,
B966,
C131,
C871,
CE05,
D67A,
E2F9,
EE70,
F879,
FF4C,
01F1,
02C3,
FDE4,
EC80,
D843,
D0EE,
D1C5,
CF6F,
CB35,
C417,
BB6E,
B889,
B840,
B28F,
B22A,
BD4E,
C6E7,
C889,
CBC3,
D502,
E0B7,
E7AF,
E384,
DE93,
E47F,
EF97,
F5CE,
F605,
F8AB,
00A9,
07FF,
0C5A,
0E15,
0C0B,
0568,
FA69,
EF68,
EB54,
EA66,
EAAE,
EB08,
E7D8,
E3A8,
E4F0,
ED1F,
FAE6,
0989,
1826,
274C,
2DFC,
2B5C,
2704,
2128,
1646,
0AB9,
00F4,
F67B,
ECCA,
E664,
DF06,
D444,
CE59,
D09F,
D742,
DDA4,
E5D8,
F7D6,
0E02,
19E5,
1DC3,
24D0,
29ED,
264E,
1C90,
1511,
1265,
1288,
18AC,
209B,
181F,
02CB,
FB34,
0001,
FD2F,
F8A6,
FDC4,
01AB,
02EA,
0813,
0939,
0263,
F9E3,
F11D,
EB87,
EF97,
F6B4,
F9B5,
F837,
F619,
F68E,
F819,
F7E4,
F8A7,
FC33,
0652,
1631,
1C94,
17CC,
1610,
1AA8,
1B36,
15F5,
1389,
1707,
15E2,
0BD6,
006E,
F8ED,
F267,
E89F,
DE21,
D8D7,
D755,
D6DD,
D705,
D745,
DD26,
E896,
ED84,
EA69,
EB6B,
EF07,
F20C,
F46D,
F601,
F5F3,
F439,
F450,
FA79,
004D,
FEE8,
FCA4,
FE57,
0240,
03BD,
0462,
0929,
1002,
0F58,
09BA,
04EF,
012E,
FA7F,
F13C,
EB6A,
ECDB,
EF15,
ED9C,
EC26,
ED19,
EE7A,
ED69,
EBE0,
ED74,
F1D4,
F589,
F6F3,
FA11,
FF11,
010A,
FD2D,
F763,
F5A1,
F89C,
FD1B,
0198,
0195,
FBB9,
F831,
F8D4,
F789,
F544,
F6D9,
F979,
F898,
F64E,
F57B,
F656,
F96D,
FD14,
FDA1,
FF44,
064F,
0ED5,
117D,
11C6,
175C,
1E6D,
22B3,
284E,
2D52,
2E2B,
2EBD,
302C,
30A8,
30A5,
2FEE,
2F2A,
2D06,
294F,
25EA,
251F,
25ED,
2421,
1F6A,
1ED1,
22A0,
24AA,
24BE,
2516,
246B,
2396,
23D9,
2351,
2184,
2187,
2449,
274C,
27A8,
267B,
251D,
236D,
20DA,
235F,
2C21,
329A,
33A8,
34D6,
36F5,
38ED,
3A7C,
3ADF,
3C00,
3ECA,
4192,
465D,
4AD2,
4912,
451A,
45A3,
45BC,
41C5,
3FB0,
4199,
44E1,
48ED,
4DAE,
5033,
50CA,
5317,
54A4,
5470,
5466,
52CC,
4EA0,
4BC9,
4A5D,
494D,
478D,
45E6,
4688,
4880,
4B5C,
50BB,
5684,
59A6,
5BA3,
5BEE,
592A,
556D,
5295,
4D54,
43AC,
3895,
2D49,
2396,
1E94,
1E53,
20F2,
2745,
3028,
3A85,
4463,
4C98,
5700,
6331,
6B14,
6FB8,
72B2,
6FA6,
670A,
5D51,
55ED,
5104,
4A83,
4292,
3D61,
3537,
28E6,
23F5,
2685,
2615,
23CE,
2446,
25EF,
291B,
2D74,
2EDC,
2EB7,
2F56,
30BB,
3390,
3668,
379D,
3854,
3812,
3876,
3BEE,
3FC1,
4300,
45F1,
4829,
4AE2,
4C9A,
4A49,
46D3,
42F0,
3E9B,
39CD,
340E,
2E45,
297B,
234D,
1BF8,
1529,
100B,
0C9E,
0A20,
095C,
0B09,
0D5A,
10A6,
154E,
1B25,
2197,
2798,
2BDF,
3007,
3555,
3A3C,
3BC5,
3CFB,
3E6B,
3E0E,
3CA5,
3C5E,
3B48,
37D5,
32D6,
2F27,
2E0E,
2C78,
2A67,
28F9,
2665,
219F,
1CA4,
1A34,
175C,
12EB,
0F5C,
0C7C,
09F0,
0A35,
0BCD,
0C6A,
0DEE,
0F27,
10FA,
14AD,
18AC,
1BAA,
1DF9,
1FF0,
2131,
2233,
222F,
2179,
21BD,
2387,
24CF,
251F,
2526,
25E5,
26D0,
2662,
2543,
2510,
2503,
2505,
255B,
25AB,
256F,
2532,
256E,
2628,
2715,
29B6,
2D1C,
3017,
32D9,
3645,
3936,
3BBA,
3EC9,
4271,
45B5,
48FC,
4C7A,
4FF2,
5255,
5409,
55C8,
5766,
5806,
589A,
58DD,
585D,
572F,
54F9,
50EC,
4B27,
4546,
40F8,
3DCB,
3ACA,
37D4,
34F2,
31CC,
2F04,
2DEB,
2E7E,
30BC,
344A,
37FC,
3BA0,
3F2B,
4120,
428F,
450E,
478D,
49DC,
4C68,
4E85,
5084,
52FF,
54BB,
5519,
5415,
534B,
5312,
5371,
5479,
5630,
575B,
578D,
56CE,
54D5,
52BC,
50EE,
4F24,
4E70,
4FA3,
500F,
4E8A,
4C6A,
4A2B,
47F1,
46F4,
46F6,
45B3,
43F1,
4357,
4346,
42BD,
4293,
4210,
4096,
3E27,
3C7F,
3C2C,
3C6D,
3C8C,
3C4B,
3C7C,
3CEB,
3C48,
3B74,
3A8A,
383D,
350E,
341C,
34C3,
34A4,
3408,
3356,
31A6,
2F69,
2E2E,
2E16,
2F68,
3161,
325D,
32C8,
3356,
33CB,
336C,
31DA,
2EAE,
2C4C,
2A8C,
2653,
1FB2,
1B78,
1E08,
2526,
2A86,
2A48,
2292,
15CD,
0ACC,
070C,
0A98,
0FA1,
0F0C,
07D4,
FC1F,
F2AC,
F5BC,
050E,
13EE,
1F70,
2806,
25AE,
18D6,
0CD4,
02EE,
F812,
F2AE,
F5EF,
FB12,
FE70,
0088,
FEA8,
F903,
F34E,
ED45,
EB27,
EEB9,
F041,
F213,
F8BD,
FB5A,
F754,
F563,
F585,
F32E,
EE29,
EAA1,
ED8C,
F707,
FFD1,
FFB9,
FC2D,
FE59,
0082,
FDBB,
FF68,
06A6,
07D1,
04E9,
0956,
0D1F,
0627,
04F9,
07CE,
FC6C,
F40F,
FE1F,
0212,
01BC,
10BA,
17A4,
0A12,
FF9A,
FC1B,
F2A8,
ED9B,
EEAD,
EA89,
E348,
E22D,
E3E8,
EB28,
F619,
F95F,
F5D6,
F494,
F1A6,
EF8F,
F29B,
F36A,
EEA8,
E9BA,
E366,
DAC6,
D68F,
D620,
D70F,
DD39,
E35B,
E3FD,
E4D5,
E5D9,
E632,
EB34,
F0C4,
F5E8,
FDEF,
FEA0,
FE09,
0018,
FD68,
FB78,
FCE8,
F6A1,
F270,
F291,
F2A2,
F702,
FB65,
FE01,
FD1D,
F8FA,
F794,
F922,
FA52,
0131,
05E6,
0659,
0624,
02E8,
0105,
00EC,
FE51,
F957,
F4CA,
F246,
F40D,
F5DC,
F6A7,
F31D,
EB48,
E654,
E4A3,
E919,
F168,
F61B,
F484,
EF9B,
E9C6,
EB79,
F1F3,
F7B5,
F9A5,
F498,
ECEF,
E867,
EA8C,
F2B8,
FBAA,
00BE,
FFCB,
F86B,
EE54,
E6CC,
E460,
E863,
EE14,
F380,
F73F,
F806,
F35F,
E952,
DFBB,
DAEB,
DAE9,
DD2D,
DE9E,
E03A,
E265,
E34A,
E4AC,
E586,
E1D0,
DEA3,
DE04,
E11D,
E7D9,
EF2B,
F306,
F274,
EBBA,
E063,
D5A6,
D20A,
D476,
D62A,
D5AB,
D293,
CEBF,
CCE9,
CB9A,
CBE4,
CBF7,
C7DC,
BC9D,
B061,
ABEF,
B51B,
CC02,
ECEC,
0716,
016A,
D636,
A378,
92C3,
AE4D,
DF71,
0E76,
20C9,
FDEF,
BF72,
A166,
B0DF,
D229,
F130,
FB90,
E701,
B95E,
97E9,
A311,
C21F,
D9F8,
EB73,
ECD2,
DB78,
D095,
C846,
BFC3,
BA5F,
B8F3,
C01D,
CFDD,
D713,
DAE0,
DC07,
D237,
C6AF,
C370,
BC02,
B464,
B5BF,
B9C6,
B994,
BD5C,
BEFB,
B86C,
B2DD,
B0F4,
AE7B,
B5E0,
C072,
C651,
C9ED,
CB63,
C7D3,
C646,
C496,
C562,
C795,
C81A,
C9A7,
CC61,
CD7B,
CED9,
CCBA,
C4E2,
BBB6,
B293,
ADEE,
B212,
BBE1,
C8BC,
D2C6,
D50A,
CEEB,
C562,
BEB8,
C122,
C953,
D27A,
D7C1,
D7D5,
D3DD,
D299,
D666,
DD3E,
E1B2,
E2EF,
E1AA,
DFE3,
DFD1,
E1E7,
E16E,
DEB8,
D9D7,
D26C,
CB76,
C7F5,
C6EA,
C91C,
CE63,
D72D,
DDC9,
DE7D,
DC16,
DB44,
DA78,
DAF9,
DE3B,
E544,
E785,
E4E6,
E31D,
E107,
D914,
D024,
C8BE,
C287,
BE29,
C017,
C702,
CC43,
CF55,
D4B8,
D6AD,
D9E1,
E535,
F6E9,
03F7,
0E4F,
145B,
15CB,
14EF,
171F,
1405,
0FEE,
0746,
FC49,
F13F,
EDF3,
E879,
E468,
DA23,
D36E,
C5D3,
EBC9,
F882,
F087,
ECB9,
E16C,
DF15,
DF57,
E3A4,
E02B,
DE23,
DA56,
D8DC,
D8FC,
DE61,
E461,
E7C7,
E654,
E2FF,
E042,
E482,
EB3B,
EDC6,
E9D7,
E6D3,
E7D9,
EBB2,
EE97,
ED3D,
EA2C,
EAED,
EB81,
EC29,
EA93,
E452,
DB11,
D656,
D266,
CC6A,
C853,
C653,
BF53,
B6F8,
B3E4,
B56C,
B882,
B9DC,
B58D,
B293,
B40A,
B9B7,
C397,
CCF8,
CF8A,
CF31,
D07A,
D7AB,
E2FB,
EBD2,
EF20,
EE60,
E499,
D22D,
C22F,
BB44,
B836,
B59A,
AED1,
A4E8,
9C38,
93BF,
8B12,
8588,
8201,
8043,
81FA,
89B1,
976D,
A4EC,
AD39,
B21F,
B7CF,
BF8B,
C815,
D27B,
DC91,
E259,
DEE7,
D55A,
C887,
BC98,
B414,
B02E,
A777,
9879,
8D7B,
8AD2,
8B04,
8B6E,
897F,
86AF,
8B85,
97C0,
9EED,
A0D4,
A751,
B1A4,
B85B,
C533,
D3E3,
D1E2,
C4E3,
C2DA,
CA62,
C81D,
BCC7,
BAB8,
C1BE,
C0CD,
B3A4,
A6C6,
A25B,
9F40,
963E,
8FDB,
95BA,
9D2A,
A460,
AEC4,
B986,
C01B,
C780,
CD74,
D677,
E3AF,
EEFF,
F8CE,
FF95,
031A,
048C,
FF21,
EDD3,
D947,
D0A1,
D04D,
CDAC,
C956,
C1B8,
B852,
B4BC,
B442,
AE45,
AD9B,
B8F7,
C385,
C60A,
CA1D,
D424,
E014,
E801,
E3FE,
DEEC,
E528,
F0A9,
F791,
F88A,
FBB7,
03BF,
0AEE,
0EDF,
104B,
0E51,
078F,
FC51,
F0EC,
EC38,
EA26,
E995,
E8F2,
E50D,
E058,
E14E,
E933,
F6F0,
05B7,
1546,
2590,
2D0C,
2BB9,
2882,
231E,
18D7,
0E6C,
0550,
FA6D,
EFF5,
E859,
E009,
D491,
CDEF,
CEC4,
D3FE,
D93D,
E147,
F40D,
0B16,
17BE,
1C28,
23F6,
29BF,
270C,
1EEA,
188D,
15CE,
1583,
1BE1,
233D,
19C8,
0367,
FB44,
FF5F,
FC10,
F689,
FA9E,
FDAF,
FF0E,
044A,
0558,
FEA1,
F661,
EE56,
E93B,
EDF4,
F61C,
FA30,
F96B,
F7C7,
F86F,
FA54,
FA25,
FAF4,
FEE8,
08EE,
1895,
1E3B,
195F,
17D1,
1BEA,
1B94,
1568,
11ED,
14C0,
137D,
099F,
FDFA,
F528,
ED42,
E29D,
D7FA,
D30A,
D22A,
D2EC,
D415,
D49D,
DB24,
E7CF,
EE41,
EC4B,
EE81,
F26F,
F5DF,
F8B2,
FAA6,
FA17,
F76A,
F6EF,
FC19,
00AA,
FE91,
FC00,
FD20,
0069,
00F1,
0141,
062D,
0D84,
0CF2,
07FE,
03CF,
006E,
F9E9,
F133,
EB68,
ED46,
EFDF,
EE31,
ECC5,
EDBB,
EED5,
EDA6,
EC0F,
ED21,
F14D,
F526,
F616,
F912,
FE1B,
0007,
FC0D,
F5D3,
F3C0,
F6F2,
FBB5,
00E6,
015D,
FB3D,
F7C1,
F8C5,
F801,
F5F6,
F772,
FA1C,
F983,
F76A,
F6A4,
F759,
FA65,
FE63,
FEA2,
0006,
06A7,
0F75,
12EF,
13BB,
194C,
1FF8,
23CF,
298F,
2E9C,
2ED9,
2FB7,
31C6,
324A,
3245,
31D5,
30D7,
2DB0,
2974,
2619,
254A,
25F6,
23E5,
1EE7,
1EC6,
231C,
252C,
24D8,
2494,
2344,
22D1,
2460,
2489,
22BD,
2287,
24D3,
2787,
2809,
2794,
2667,
24ED,
225F,
24C9,
2DD0,
34FD,
3643,
3732,
38A1,
3A01,
3C05,
3D6C,
3EFE,
417C,
43AF,
47E4,
4BDE,
4A53,
469B,
46E4,
465F,
41C0,
3FB5,
41FC,
45E8,
4A62,
4F43,
51B1,
5232,
5534,
57A9,
581D,
58C1,
57A9,
5313,
4FC2,
4DB6,
4BD3,
491D,
4697,
4668,
47BD,
4A02,
4EB1,
53E7,
56BE,
58E6,
5962,
5716,
5445,
5280,
4DF0,
44FD,
3AC8,
2FC3,
25AE,
205C,
204E,
22D0,
291F,
3222,
3C3B,
4584,
4D74,
5823,
6515,
6D89,
7250,
750E,
716B,
687F,
5EF6,
5787,
5218,
4AF4,
4206,
3BE3,
3326,
26BC,
21FE,
24AB,
23C9,
2147,
2233,
24B9,
28C7,
2E77,
309A,
30B8,
31E0,
33ED,
370D,
3A21,
3B3E,
3B95,
3B3B,
3BBD,
3EF7,
4250,
451C,
475F,
4886,
4ABD,
4C69,
4A07,
46A0,
42E5,
3E80,
394E,
32FA,
2CB6,
280E,
2283,
1BC6,
152F,
102B,
0CD0,
0A83,
09F3,
0BED,
0E7A,
1244,
173E,
1D22,
2404,
2AF7,
2FF7,
348A,
39BE,
3E31,
3F16,
4066,
4222,
41EB,
3F96,
3E30,
3BFB,
37C5,
329D,
2EAB,
2D5B,
2B92,
298A,
281E,
25FA,
21C4,
1CED,
1A54,
176B,
130D,
0FE1,
0D86,
0B8E,
0C28,
0DE2,
0DA7,
0ECA,
0FBC,
119A,
15A4,
19EB,
1CE3,
1F50,
2192,
22A5,
2313,
22A0,
2225,
22BF,
248C,
25BE,
25EB,
2617,
2753,
2850,
2792,
2615,
25AD,
25B0,
264D,
271D,
277E,
2725,
26FB,
2748,
2818,
2917,
2BEC,
2F80,
32DA,
35E4,
39A0,
3CDD,
3F80,
427F,
45FA,
4916,
4C73,
5003,
5396,
55D0,
56E4,
57C7,
589F,
58B3,
595B,
59BB,
58CF,
570C,
545D,
5040,
4A84,
44BB,
4096,
3D80,
3A6C,
378D,
34CE,
31BC,
2F2E,
2EE2,
2FA8,
31B2,
3558,
3929,
3CB7,
40F8,
4365,
44D7,
4770,
49E1,
4BE7,
4E89,
50B1,
52B7,
5528,
5681,
5694,
5559,
54AE,
5496,
54A8,
5512,
5665,
57B9,
58B5,
58B6,
564A,
538D,
5120,
4EE7,
4E9F,
5142,
5216,
5017,
4D7C,
4B0B,
48D1,
4860,
4905,
4788,
451E,
4437,
4412,
438B,
43CC,
4350,
419F,
3F13,
3D48,
3CAC,
3CFB,
3D98,
3CEF,
3C89,
3CB2,
3C08,
3B92,
3B0F,
38F1,
35EC,
3527,
35CF,
356F,
34D1,
3414,
3254,
3021,
2F3A,
2EF8,
3055,
325D,
32E3,
3301,
340B,
34E7,
3450,
3286,
2EC0,
2BCF,
2A81,
2713,
209C,
1BA7,
1D7C,
241B,
298D,
2A5D,
23A5,
1737,
0C75,
08B4,
0B73,
0F7A,
0E58,
06DF,
FB46,
F2F7,
F70F,
06AE,
154E,
1FE3,
275B,
2450,
17F7,
0CF4,
03A9,
F8C0,
F35B,
F600,
FA9E,
FE1B,
0068,
FE72,
F83A,
F26B,
EC70,
EA86,
EE76,
F045,
F22A,
F8EE,
FB0A,
F68B,
F515,
F5C4,
F3F5,
EF5F,
EC09,
EEC4,
F80E,
00D6,
00BA,
FD1E,
FF40,
00D0,
FDD7,
FFC8,
0680,
07D1,
05DD,
0A50,
0DB2,
06C2,
0513,
0707,
FC59,
F480,
FE81,
0279,
01E9,
106D,
1788,
0A1B,
FF7F,
FC0E,
F212,
EC51,
ED53,
E94F,
E1D1,
E16F,
E383,
EA58,
F4F2,
F840,
F45D,
F386,
F0DE,
EF52,
F28E,
F362,
EED7,
E9E8,
E34A,
DA4B,
D5F2,
D52F,
D602,
DBDB,
E1D5,
E2EB,
E45C,
E5C4,
E629,
EAAD,
EFEA,
F515,
FDE0,
FF6C,
FF67,
01A9,
FEFF,
FD26,
FF2C,
F8A8,
F38A,
F2E3,
F27C,
F716,
FBA8,
FE4B,
FCD2,
F820,
F66D,
F75D,
F852,
FFCC,
051C,
05F1,
065D,
035A,
01C3,
0213,
002E,
FA94,
F536,
F200,
F341,
F56A,
F723,
F362,
EAAD,
E527,
E2C4,
E6BA,
EEEA,
F432,
F33A,
EF44,
E9E2,
EBCC,
F234,
F7AA,
F90E,
F3B1,
EC45,
E845,
EBAB,
F47F,
FCB8,
0079,
FE63,
F615,
EB8D,
E49A,
E2C6,
E6B8,
EBE9,
F116,
F474,
F56B,
F18C,
E7C3,
DE32,
D942,
D944,
DC14,
DEBE,
E13C,
E335,
E32F,
E417,
E4EA,
E13E,
DE7D,
DE0F,
E0D5,
E6FD,
EE5F,
F27F,
F1EE,
EA95,
DE66,
D2D0,
CF5C,
D302,
D5A4,
D574,
D157,
CC97,
CAF8,
CA65,
CC07,
CC8F,
C79C,
BA34,
ACBD,
A905,
B3F9,
CC7F,
EE41,
07C4,
FFB4,
D28E,
A04B,
9168,
ADDB,
DFFB,
0FB0,
2118,
FD28,
BDED,
A015,
AFEB,
D112,
F0D1,
FACF,
E5D6,
B7FA,
9689,
A212,
C11A,
D7D6,
E820,
E92C,
D7A6,
CE5B,
C7FB,
C048,
BA5E,
B87D,
BEFD,
CE9C,
D611,
DAAD,
DC8C,
D313,
C7B5,
C487,
BBE6,
B3F0,
B528,
B8F9,
B8A1,
BC7F,
BE21,
B75C,
B169,
AF15,
ABFB,
B341,
BE3E,
C4D2,
C89C,
CAC2,
C805,
C773,
C67A,
C7D0,
C9AD,
C9BE,
CB2C,
CDB4,
CE91,
CF6C,
CC8C,
C39C,
B96A,
AF47,
AA73,
AEFA,
B97C,
C72C,
D0EC,
D22E,
CBAD,
C2D6,
BCFD,
C03D,
C950,
D2EE,
D84F,
D8C3,
D4EE,
D427,
D8DD,
DFCD,
E37C,
E3CF,
E25E,
E09D,
E07E,
E2E3,
E1FD,
DDFC,
D87C,
D08F,
C931,
C5B8,
C448,
C59C,
CA74,
D36E,
DAF8,
DC8C,
DAF5,
DAAE,
DA16,
DADE,
DEA8,
E622,
E89B,
E66D,
E52A,
E2FD,
DA6B,
D142,
C9F6,
C2F3,
BDFB,
BEE8,
C4EA,
C9C6,
CD8C,
D36C,
D4D3,
D754,
E2B6,
F581,
0350,
0E34,
15C6,
185F,
17F2,
1AB4,
16CF,
11E1,
08E7,
FE39,
F24B,
ED81,
E7ED,
E365,
D8CF,
D0D6,
C220,
E5FD,
F153,
EA47,
E6C8,
DC4A,
DAE7,
DC98,
E2BE,
DF42,
DD85,
DAC1,
DA6B,
DBAA,
E23D,
E995,
ED51,
EBF3,
E7F7,
E3E3,
E734,
EDB6,
EF96,
EACF,
E6D6,
E74D,
EA49,
EC51,
E938,
E4B6,
E4C7,
E524,
E672,
E5A4,
E013,
D710,
D229,
CE3E,
C8F7,
C62F,
C58A,
BF42,
B753,
B548,
B7AE,
BB26,
BC9D,
B838,
B530,
B574,
B976,
C2AE,
CBD7,
CE69,
CE27,
CE46,
D401,
DE9F,
E74B,
EA84,
E9A7,
DFDB,
CDC7,
BE62,
B8AE,
B671,
B444,
AD38,
A2D3,
9A26,
923C,
8A4D,
85A7,
826E,
805E,
819D,
8909,
9698,
A372,
AB04,
AEF8,
B40B,
BC4A,
C5F8,
D152,
DBBA,
E1B4,
DD68,
D305,
C608,
BAFB,
B2BF,
AEE5,
A5D3,
9665,
8B6C,
896F,
89B1,
8930,
8671,
8338,
87DC,
93EA,
9B31,
9E00,
A546,
AF7F,
B51F,
C20B,
D11F,
CF01,
C225,
C0DF,
C99F,
C850,
BD0F,
BA85,
C10A,
BFF5,
B2F5,
A674,
A277,
9F65,
9690,
8FC9,
958A,
9C5A,
A3C1,
AE86,
B972,
BEBA,
C637,
CC85,
D613,
E3FB,
EF18,
F8A3,
FF55,
03B1,
05BF,
FFCE,
EEA8,
D9E7,
D008,
CE99,
CBBD,
C753,
BF35,
B519,
B0D9,
B02F,
A9E9,
A904,
B49D,
C022,
C38D,
C874,
D339,
DF57,
E832,
E459,
DF33,
E5C1,
F19D,
F927,
FADD,
FE97,
06B6,
0DCA,
115D,
1286,
10A9,
09D1,
FE52,
F28B,
ED39,
E9FE,
E88C,
E6E4,
E23D,
DCFB,
DD94,
E519,
F2C0,
01AC,
122B,
2390,
2BD6,
2BD3,
29C2,
24E9,
1B5B,
1229,
09CD,
FE8D,
F34E,
EA7B,
E140,
D51A,
CDBD,
CD10,
D0CD,
D4DF,
DCBF,
F049,
0820,
1575,
1A5D,
22F7,
2977,
27B4,
2133,
1BF9,
1929,
187A,
1F1A,
25EA,
1B83,
0415,
FB64,
FEC6,
FAF8,
F470,
F774,
F9A2,
FB15,
0061,
015C,
FAD3,
F2DF,
EB96,
E6FB,
EC63,
F594,
FAB7,
FAB4,
F995,
FA73,
FCAF,
FC81,
FD5C,
01B4,
0B8C,
1ADD,
1FB9,
1AC7,
1962,
1CF5,
1BB7,
149D,
1011,
1236,
10D9,
0733,
FB55,
F136,
E7FC,
DC82,
D1B9,
CD24,
CCEA,
CEE1,
D108,
D1E4,
D91B,
E709,
EF14,
EE56,
F1C6,
F607,
F9E7,
FD2B,
FF7A,
FE6D,
FAD4,
F9C7,
FDE1,
0114,
FE2E,
FB43,
FBC6,
FE66,
FDF3,
FDED,
02F9,
0AC4,
0A48,
0602,
0272,
FF79,
F924,
F103,
EB4B,
EDA2,
F0A5,
EEC8,
ED5F,
EE52,
EF2D,
EDEC,
EC4C,
ECD9,
F0CF,
F4C6,
F52F,
F7FF,
FD0B,
FEE4,
FACC,
F428,
F1BF,
F51D,
FA20,
000C,
0103,
FA9F,
F737,
F8A9,
F87B,
F6B9,
F827,
FADE,
FA90,
F8B1,
F7FF,
F894,
FB94,
FFE9,
FFE2,
010C,
0735,
103E,
1487,
15D6,
1B57,
219A,
2504,
2AE5,
2FF8,
2F9A,
30C1,
3370,
3400,
33F8,
33D1,
32A1,
2E84,
29CF,
2683,
25B1,
2635,
23DE,
1E95,
1EE3,
23BF,
25DF,
2521,
2439,
2242,
222D,
2502,
25D9,
240C,
239C,
2574,
27DF,
2889,
28C6,
27C6,
268A,
2411,
2669,
2FB2,
3799,
392B,
39E3,
3AA2,
3B6E,
3DE9,
4058,
4262,
4492,
462D,
49C8,
4D47,
4BFB,
4889,
488B,
4761,
4216,
4017,
42C0,
474E,
4C31,
5130,
538E,
5407,
57CB,
5B2D,
5C4B,
5D9A,
5CFE,
57FA,
542B,
5177,
4EB6,
4AFF,
478C,
4675,
4717,
48B8,
4CA9,
514B,
53D9,
5625,
56D7,
551B,
534B,
52A9,
4EDE,
46B6,
3D78,
32C9,
285C,
22C4,
22F0,
2557,
2B95,
34A6,
3E68,
470E,
4EB9,
59A8,
673F,
7026,
7501,
777E,
7346,
6A0F,
60B8,
5942,
5359,
4B9E,
41BA,
3AA0,
3150,
24D0,
2044,
2317,
21D1,
1F1C,
2081,
23E5,
28D1,
2FD7,
32B7,
331D,
34D5,
3794,
3B06,
3E57,
3F53,
3F41,
3EC6,
3F55,
4240,
4516,
4767,
48F5,
490C,
4ABC,
4C4A,
49CD,
466E,
42DC,
3E6F,
38E4,
3205,
2B51,
26D1,
21EF,
1BCF,
1574,
1090,
0D50,
0B39,
0ADD,
0D27,
0FF2,
1436,
197B,
1F67,
26B7,
2E9B,
3457,
394E,
3E67,
426F,
42B0,
440B,
4607,
45F4,
42B4,
4032,
3CE7,
37EA,
328D,
2E53,
2CCF,
2ACC,
28CE,
276E,
25BD,
2218,
1D6F,
1AAC,
17AA,
135E,
1094,
0EBC,
0D57,
0E44,
101C,
0F0B,
0FC5,
1069,
1253,
16B4,
1B3F,
1E32,
20BE,
234E,
2433,
240C,
232E,
22F6,
23EC,
25C0,
26DE,
26ED,
2741,
28FB,
2A0C,
2904,
2729,
268D,
26A2,
27DB,
292A,
29A2,
2931,
291C,
2975,
2A5A,
2B6E,
2E7D,
3244,
35FE,
394E,
3D55,
40DE,
43A4,
4693,
49E3,
4CD9,
504C,
53E4,
5785,
5990,
5A0D,
5A1B,
5A2A,
59A7,
5A5D,
5AD9,
597E,
5727,
5402,
4FD5,
4A2A,
4481,
4083,
3D88,
3A69,
379F,
34FE,
3204,
2FAE,
3030,
3133,
3310,
36CF,
3AC2,
3E39,
4326,
45FC,
4766,
4A15,
4C80,
4E40,
50F8,
5328,
5535,
579A,
5893,
585B,
56E6,
5658,
5666,
5633,
5607,
5702,
5886,
5A42,
5AF6,
5817,
54BD,
51BF,
4F25,
4F4A,
534E,
5480,
5202,
4EEA,
4C4B,
4A19,
4A31,
4B71,
49AF,
4698,
456B,
4539,
44AF,
4549,
44CA,
42E1,
403C,
3E56,
3D75,
3DCD,
3EDF,
3DC9,
3CCD,
3CAC,
3BFE,
3BEB,
3BD1,
39DF,
3703,
366B,
371B,
3680,
35DD,
3511,
3340,
311A,
3085,
301B,
317F,
3391,
33A5,
337C,
3502,
3643,
356B,
335B,
2EED,
2B6A,
2A96,
27FD,
21AB,
1BF1,
1D02,
231D,
28A8,
2A91,
24E6,
18DC,
0E59,
0A89,
0C6A,
0F64,
0DB4,
0600,
FA89,
F364,
F889,
0875,
16D5,
207E,
26D9,
2317,
172F,
0D16,
0455,
F965,
F412,
F627,
FA46,
FDDB,
004D,
FE34,
F76A,
F18E,
EBB2,
EA06,
EE58,
F064,
F24A,
F91B,
FAAC,
F5A9,
F4A7,
F5E2,
F498,
F07D,
ED62,
EFEA,
F903,
01C5,
019D,
FDF5,
001B,
0117,
FDEF,
002C,
0665,
07DF,
06E1,
0B4B,
0E2C,
0742,
051A,
0631,
FC4B,
F4FB,
FED8,
02D1,
0210,
100D,
175F,
0A2B,
FF62,
FBF6,
F171,
EAF5,
EBDF,
E7F8,
E03B,
E08D,
E2F1,
E955,
F39E,
F6FC,
F2C6,
F265,
F00D,
EF0B,
F272,
F346,
EEED,
E9F6,
E30C,
D9B6,
D549,
D430,
D4E7,
DA71,
E03E,
E1CA,
E3D3,
E595,
E603,
EA0A,
EEF6,
F432,
FDCC,
0034,
00BD,
0327,
007B,
FEB9,
0154,
FAA2,
F4A3,
F337,
F251,
F71C,
FBDB,
FE87,
FC7D,
F739,
F531,
F583,
F643,
FE57,
0446,
057F,
0683,
03B7,
0270,
032D,
020D,
FBE2,
F5AE,
F1BF,
F273,
F4F3,
F79A,
F3A8,
EA19,
E3FB,
E0E0,
E44E,
EC59,
F235,
F1E2,
EEE2,
E9F3,
EC05,
F24E,
F773,
F84F,
F2AC,
EB82,
E80C,
ECAE,
F620,
FD9C,
000D,
FCD7,
F39F,
E8A0,
E232,
E0E5,
E4C5,
E988,
EE86,
F18A,
F2B1,
EF95,
E60F,
DC83,
D772,
D787,
DAF9,
DEE6,
E23F,
E3F8,
E2FD,
E362,
E431,
E096,
DE3D,
DDF9,
E067,
E5F6,
ED65,
F1C8,
F130,
E930,
DC1D,
CFA4,
CC60,
D154,
D4F5,
D514,
CFD8,
CA16,
C8B3,
C8FB,
CC23,
CD3D,
C758,
B789,
A8A4,
A5AC,
B29C,
CCF8,
EFAC,
086E,
FDB6,
CE71,
9CAB,
8FAC,
AD1C,
E04C,
10C4,
213E,
FC27,
BC21,
9E6F,
AE99,
CFA8,
F030,
F9D7,
E482,
B671,
94F4,
A0C9,
BFC0,
D561,
E484,
E548,
D39F,
CBE3,
C766,
C081,
BA13,
B7B9,
BD8E,
CD0C,
D4BD,
DA2C,
DCC7,
D3B3,
C893,
C577,
BB97,
B343,
B452,
B7EE,
B779,
BB71,
BD19,
B62C,
AFDA,
AD0D,
A945,
B05E,
BBB1,
C2E9,
C6DB,
C9B7,
C7E1,
C861,
C834,
CA16,
CB8E,
CB1B,
CC65,
CEBB,
CF61,
CFBE,
CC23,
C216,
B6CC,
AB9E,
A694,
AB7D,
B6BB,
C547,
CEBC,
CF02,
C82A,
C012,
BB18,
BF34,
C922,
D32A,
D89B,
D96E,
D5D0,
D5A1,
DB48,
E247,
E52D,
E493,
E2F0,
E134,
E105,
E3B5,
E263,
DD16,
D6F1,
CE78,
C6B5,
C341,
C163,
C1CD,
C630,
CF58,
D7D8,
DA52,
D993,
D9DA,
D97D,
DA96,
DEF2,
E6E2,
E99B,
E7E7,
E737,
E4FB,
DBD3,
D273,
CB3E,
C36F,
BDDA,
BDB0,
C2B0,
C71E,
CB98,
D1EB,
D2C3,
D492,
DFF8,
F3C8,
0254,
0DC5,
16E5,
1AB6,
1AC0,
1E15,
1967,
139E,
0A5E,
0010,
F349,
ED00,
E74D,
E244,
D773,
CE35,
BE94,
E01B,
EA00,
E3F2,
E0B1,
D707,
D696,
D9B9,
E1B2,
DE45,
DCD5,
DB14,
DBE6,
DE59,
E625,
EEE1,
F2F6,
F1B9,
ED21,
E7B7,
EA0E,
F046,
F168,
EBC3,
E6C9,
E6A2,
E8A8,
E9B9,
E4D2,
DED1,
DE1C,
DE41,
E033,
E02D,
DB54,
D2A3,
CDA7,
C9DD,
C55E,
C3F7,
C4BC,
BF3E,
B7D4,
B6EA,
BA3C,
BE21,
BFB1,
BB2C,
B7FD,
B6F0,
B929,
C1A3,
CA7E,
CCFC,
CCBD,
CB96,
CFB7,
D986,
E1F6,
E515,
E429,
DA6B,
C8B8,
B9F8,
B58C,
B439,
B29F,
AB78,
A0B7,
9824,
90CE,
89A5,
85EE,
8307,
80A2,
815A,
8863,
95A6,
A1BA,
A881,
AB78,
AFDC,
B882,
C336,
CF6D,
DA21,
E04C,
DB2C,
D005,
C2F6,
B8E4,
B0F9,
AD32,
A3DB,
941A,
8945,
880F,
8866,
86E9,
834B,
8001,
841E,
8FEC,
9736,
9AE7,
A2F5,
AD0B,
B17E,
BE5E,
CDBA,
CB78,
BEBE,
BE3C,
C842,
C809,
BD00,
BA0F,
C01D,
BEF0,
B22B,
A617,
A299,
9F9B,
9706,
8FED,
9594,
9BBA,
A340,
AE49,
B93B,
BD1E,
C4A2,
CB41,
D553,
E3DE,
EEB6,
F7EF,
FE81,
03A9,
064E,
FFE1,
EEF8,
DA25,
CF2B,
CCB2,
C9AE,
C53B,
BCA1,
B1D6,
ACF5,
AC1D,
A595,
A47E,
B059,
BCD5,
C127,
C6DC,
D24F,
DE8C,
E84A,
E49C,
DF71,
E650,
F276,
FA90,
FCFB,
0145,
0988,
108B,
13CC,
14BF,
130D,
0C2D,
0070,
F44D,
EE61,
E9FA,
E7A1,
E4E9,
DF74,
D99A,
D9CA,
E0D8,
EE57,
FD63,
0ECB,
213C,
2A46,
2B93,
2AB3,
267C,
1DC5,
15EA,
0E65,
02DA,
F6DB,
ECD2,
E2B8,
D5F0,
CDD6,
CB92,
CDBB,
D095,
D84B,
EC90,
0520,
1304,
185B,
21C7,
2907,
2839,
2360,
1F4D,
1C71,
1B67,
2250,
2896,
1D44,
04D2,
FB92,
FE33,
F9E5,
F25D,
F449,
F583,
F6FE,
FC55,
FD45,
F6F8,
EF62,
E8E2,
E4D0,
EAEF,
F522,
FB4E,
FC16,
FB89,
FC9F,
FF2C,
FEF7,
FFDF,
0498,
0E24,
1CFC,
20FE,
1BF2,
1AB2,
1DB6,
1B8C,
1384,
0DE3,
0F5A,
0DEC,
048A,
F87B,
ED17,
E298,
D657,
CB6A,
C732,
C7A2,
CACA,
CDED,
CF27,
D715,
E64E,
F005,
F094,
F53E,
F9D2,
FE28,
01DD,
047F,
02F5,
FE7A,
FCDB,
FFD3,
0188,
FDBE,
FA6D,
FA49,
FC33,
FABF,
FA5E,
FF86,
07BB,
0754,
03C0,
00D6,
FE4B,
F82F,
F0AB,
EB14,
EDF0,
F169,
EF63,
EDF7,
EEE1,
EF86,
EE3F,
EC9B,
ECA1,
F05D,
F46D,
F443,
F6D9,
FBE0,
FD9F,
F968,
F262,
EFA0,
F31B,
F85B,
FF0A,
0083,
F9E0,
F693,
F881,
F8F9,
F791,
F8FC,
FBC3,
FBC5,
FA28,
F994,
FA0C,
FD02,
01AB,
0166,
025C,
07FE,
1130,
1647,
1816,
1D7C,
234D,
264B,
2C4C,
315E,
3063,
31D1,
351E,
35BD,
35B2,
35D3,
347C,
2F76,
2A55,
271F,
2648,
26A1,
2401,
1E6C,
1F21,
2480,
26B9,
2591,
23FA,
215A,
21A1,
25B4,
2735,
2568,
24C0,
2624,
284B,
291E,
2A08,
2932,
283C,
25E9,
2839,
31C0,
3A63,
3C53,
3CDE,
3CF0,
3D2B,
401F,
4399,
4620,
4801,
4902,
4BFF,
4F04,
4E00,
4AD9,
4A8C,
48B7,
42BE,
40CB,
43D8,
4905,
4E49,
5364,
55B6,
5636,
5AC7,
5F1D,
60E3,
62DA,
62B6,
5D41,
58F4,
5591,
51E5,
4D23,
48B3,
469E,
467C,
476A,
4A8D,
4E97,
50DF,
5346,
5430,
5320,
5269,
52FB,
500D,
48CC,
409C,
3655,
2B9F,
25CB,
263B,
2883,
2EA3,
37AC,
40FC,
48F2,
5055,
5B79,
6991,
72C8,
77A8,
79DF,
7518,
6B9B,
6279,
5B06,
54B0,
4C6D,
419A,
398A,
2FAA,
231B,
1EC3,
21C2,
2027,
1D4B,
1F2D,
236F,
2933,
318B,
352C,
35E0,
382F,
3BA8,
3F75,
4300,
43D4,
4350,
42A8,
4331,
45BC,
4804,
49D1,
4AA2,
49A8,
4AC9,
4C26,
4983,
4629,
42C2,
3E56,
387E,
3122,
2A0E,
25BD,
218C,
1C12,
15F7,
113B,
0E1F,
0C45,
0C1F,
0EBA,
11C5,
167D,
1C03,
21F1,
29AA,
327E,
38F6,
3E4B,
4346,
46EA,
4689,
47DF,
4A0F,
4A1D,
45F1,
4257,
3DFE,
3839,
329A,
2E15,
2C5E,
2A1D,
282B,
26E1,
25A6,
2296,
1E25,
1B39,
1816,
13DC,
1175,
101D,
0F4B,
1087,
127C,
1094,
10DD,
112E,
1326,
17DC,
1CA5,
1F93,
223E,
251F,
25D7,
2519,
23D3,
23E6,
2540,
271E,
2829,
281F,
28A2,
2AD8,
2BFF,
2AB1,
287A,
27AB,
27D5,
29AC,
2B7A,
2C10,
2B8F,
2B8F,
2BF2,
2CEA,
2E16,
3163,
355E,
397A,
3D10,
415D,
452E,
481B,
4AFB,
4E1F,
50F2,
547A,
580E,
5BAF,
5D86,
5D71,
5CAF,
5BF3,
5AD0,
5B8D,
5C22,
5A57,
576B,
53D2,
4F97,
4A06,
4489,
40B2,
3DD5,
3AB4,
37FE,
357B,
3298,
307A,
31CC,
3316,
34CD,
38A5,
3CBC,
401B,
45A5,
48D7,
4A2D,
4CEE,
4F58,
50D8,
53A4,
55D8,
57EA,
5A43,
5ADE,
5A59,
58A8,
5835,
586F,
57FF,
5745,
57F4,
59B0,
5C20,
5D78,
5A29,
563A,
52B8,
4FCC,
5060,
55B2,
5738,
543A,
50A4,
4DD9,
4BB8,
4C56,
4E27,
4C17,
484F,
46E1,
46AC,
4617,
46FB,
4670,
444D,
4194,
3F99,
3E78,
3ED5,
4053,
3ECB,
3D39,
3CCC,
3C1D,
3C72,
3CC4,
3AFD,
3848,
37DD,
389D,
37CC,
3723,
3642,
3462,
3247,
3206,
3174,
32DA,
34EE,
3495,
342D,
362E,
37D2,
36B1,
3449,
2F25,
2B0F,
2AC0,
2908,
22DA,
1C4F,
1C92,
2221,
27C6,
2AD6,
264C,
1ABB,
1079,
0C8B,
0D7D,
0F5C,
0D1E,
0538,
F9EB,
F3FA,
FA33,
0A69,
1883,
2140,
2678,
21F9,
167A,
0D38,
04F7,
FA08,
F4D8,
F668,
FA0C,
FDB2,
0037,
FDEF,
F695,
F0B9,
EB0C,
E9AD,
EE63,
F0A4,
F278,
F948,
FA40,
F4AE,
F41C,
F5DF,
F51C,
F186,
EEB1,
F104,
F9E9,
029E,
0262,
FEB5,
00ED,
0158,
FE02,
0098,
0657,
07FA,
07F6,
0C47,
0E89,
07A3,
050C,
0549,
FC42,
F584,
FF21,
0316,
022C,
0F93,
1721,
0A3C,
FF42,
FBCE,
F0C6,
E98A,
EA54,
E689,
DE8E,
DF8E,
E236,
E820,
F21A,
F593,
F112,
F132,
EF37,
EEC0,
F249,
F318,
EEEE,
E9EB,
E2B4,
D914,
D4A1,
D330,
D3CA,
D905,
DE9F,
E0A3,
E343,
E551,
E5C7,
E94F,
EDE8,
F342,
FDB1,
00F6,
0208,
048F,
01DD,
002F,
0361,
FC91,
F5C0,
F391,
F226,
F718,
FBFD,
FEB4,
FC1C,
F645,
F3E3,
F396,
F426,
FCD4,
0364,
04FE,
0693,
03FC,
0309,
043A,
03F1,
FD44,
F639,
F186,
F1A5,
F479,
F80F,
F3F3,
E990,
E2D6,
DF00,
E1DD,
E9B9,
F026,
F07F,
EE7A,
E9FF,
EC2A,
F240,
F70B,
F764,
F187,
EAAA,
E7C0,
ED98,
F79C,
FE52,
FF75,
FB23,
F105,
E590,
DF99,
DEC4,
E28F,
E6F4,
EBD1,
EE82,
EFD7,
ED7B,
E439,
DAB3,
D583,
D5BA,
D9E5,
DF1D,
E348,
E4B3,
E2B7,
E292,
E35E,
DFDD,
DDE8,
DDC6,
DFD7,
E4C8,
EC40,
F0DE,
F038,
E78B,
D988,
CC28,
C91F,
CF75,
D427,
D494,
CE1E,
C744,
C621,
C768,
CC48,
CE11,
C721,
B4AA,
A426,
A1F6,
B116,
CD7F,
F134,
0910,
FB6C,
C9E4,
98AA,
8DAB,
AC23,
E06D,
11A9,
212D,
FAE6,
BA18,
9C88,
ACFA,
CDF3,
EF4D,
F8A5,
E30A,
B4D6,
9344,
9F4C,
BE20,
D2A1,
E0A1,
E128,
CF69,
C938,
C692,
C07E,
B98F,
B6B5,
BBDC,
CB33,
D31E,
D963,
DCBF,
D420,
C953,
C64B,
BB26,
B270,
B352,
B6B8,
B631,
BA45,
BBF8,
B4F3,
AE47,
AAF3,
A672,
AD49,
B8D9,
C0A2,
C4B5,
C84B,
C772,
C91C,
C9CE,
CC3E,
CD43,
CC3D,
CD5A,
CF80,
CFF5,
CFD9,
CB88,
C05C,
B3ED,
A7AB,
A267,
A7B0,
B3B1,
C31A,
CC42,
CB94,
C472,
BD27,
B91D,
BE18,
C8D7,
D338,
D8AD,
D9DE,
D68F,
D711,
DDAD,
E4B2,
E6CB,
E53F,
E367,
E1AE,
E16E,
E463,
E2A8,
DC11,
D53F,
CC37,
C40F,
C09F,
BE49,
BDBC,
C1A2,
CAF4,
D46C,
D7D5,
D7F8,
D8D0,
D8B5,
DA29,
DF20,
E789,
EA88,
E95B,
E94C,
E70B,
DD59,
D3C6,
CCAA,
C410,
BDDC,
BC83,
C064,
C457,
C985,
D03F,
D086,
D1A4,
DD00,
F1BC,
00FE,
0CF8,
17AD,
1CC4,
1D50,
2134,
1BC2,
151B,
0BA7,
01CF,
F43C,
EC73,
E69D,
E10E,
D61A,
CB9B,
BB43,
DB2F,
E359,
DE7D,
DB7F,
D2EC,
D363,
D7DD,
E15D,
DE29,
DD12,
DC50,
DE41,
E1DF,
EAB1,
F493,
F8E7,
F7DE,
F2D8,
EC4B,
ED96,
F345,
F394,
ED38,
E75D,
E68E,
E77F,
E77E,
E0E9,
D98F,
D80B,
D7F4,
DA77,
DB33,
D736,
CF26,
CA50,
C6DB,
C354,
C361,
C58E,
C10C,
BA73,
BAC2,
BEF2,
C32F,
C4CC,
C03A,
BCE6,
BA79,
BAC6,
C233,
CA6E,
CCB4,
CC61,
C9E7,
CC3C,
D4DF,
DCC3,
DFAE,
DEC8,
D56C,
C49F,
B6F6,
B3FB,
B3B1,
B2D5,
ABEC,
A141,
9918,
928E,
8C62,
89B9,
873D,
8490,
84B2,
8B11,
978B,
A268,
A827,
AA08,
AD8E,
B640,
C187,
CE28,
D8D5,
DF02,
D93C,
CDB7,
C10E,
B84F,
B0F7,
AD64,
A422,
949E,
8A58,
8A08,
8A79,
87FF,
8395,
8001,
83CD,
8EF8,
95FA,
9A66,
A300,
ACA1,
AFBB,
BC10,
CB28,
C8CB,
BC8C,
BCCD,
C7D9,
C8CF,
BE6D,
BB43,
C0BE,
BF8F,
B36E,
A82B,
A551,
A28A,
9A81,
9361,
98C9,
9E14,
A572,
B050,
BAD6,
BD28,
C46C,
CB21,
D563,
E416,
EE4E,
F6E8,
FD22,
02E1,
0601,
FF50,
EF32,
DB06,
CF64,
CC0D,
C908,
C4B9,
BBE9,
B0C9,
AB78,
AA7C,
A3E9,
A2B5,
AE81,
BB94,
C0AB,
C6FA,
D2B6,
DEAA,
E8F2,
E587,
E087,
E783,
F38B,
FBE6,
FEEA,
03A4,
0BD6,
12A5,
158C,
1651,
14E4,
0E39,
029A,
F679,
F027,
EABA,
E789,
E3D2,
DDAE,
D75F,
D719,
DD69,
EA4E,
F90A,
0AD2,
1DB5,
2734,
29C2,
2A19,
26B7,
1F2D,
18F3,
128E,
0722,
FAC2,
EFD7,
E536,
D838,
CF9E,
CBCA,
CC42,
CDCE,
D525,
E98B,
020C,
0FF6,
1583,
1F7F,
2751,
277A,
2466,
2192,
1EC4,
1D75,
2479,
2A0E,
1E2C,
0571,
FBE6,
FDB4,
F907,
F0BE,
F183,
F1BC,
F326,
F85B,
F93F,
F36B,
EC77,
E6F5,
E38D,
EA3A,
F51C,
FC16,
FDA5,
FDB5,
FEFB,
01BB,
017A,
0269,
0759,
103A,
1E0F,
210E,
1C0C,
1AF4,
1D4E,
1A47,
118F,
0B09,
0BCF,
0A65,
0195,
F5B6,
E96E,
DE0B,
D16E,
C6B0,
C2F3,
C40A,
C83F,
CC3C,
CDD2,
D642,
E657,
F17E,
F35F,
F91C,
FDE1,
0290,
0699,
0975,
077C,
024C,
0029,
01DF,
01F8,
FD54,
F9A9,
F8DA,
F9FB,
F78F,
F6D4,
FBED,
0448,
03F6,
012D,
FEFE,
FCF6,
F745,
F097,
EB55,
EEAA,
F288,
F070,
EF03,
EFD9,
F04F,
EF19,
ED82,
ED03,
F069,
F46E,
F3AA,
F5E8,
FAC1,
FC52,
F81B,
F0ED,
EDE4,
F157,
F6AB,
FDEC,
FFDE,
F92D,
F61B,
F883,
F9AA,
F8B3,
FA1D,
FCE3,
FD37,
FBF0,
FB87,
FBE6,
FEBE,
0398,
0321,
03E0,
08C9,
11D1,
178B,
19C8,
1EE1,
2412,
2691,
2C84,
316D,
2FDE,
3183,
3551,
35FA,
35EB,
3654,
34EA,
2F35,
29DB,
26D5,
25FE,
2626,
2350,
1D97,
1EA3,
2459,
26A5,
251D,
22DE,
1FA8,
2043,
2566,
277F,
25C0,
24E8,
25D5,
27AF,
28A5,
2A28,
297E,
28DC,
26CF,
2912,
328C,
3BAF,
3DFF,
3E63,
3DCF,
3D81,
40D8,
4542,
4835,
49BC,
4A1F,
4C69,
4EE2,
4E36,
4B73,
4AD4,
485E,
41E1,
4007,
4361,
4900,
4E76,
5385,
55C1,
5651,
5B93,
60BE,
631B,
65A5,
65F2,
6033,
5B87,
578C,
530A,
4D5C,
4805,
44F1,
4403,
442B,
465F,
49B6,
4BAA,
4E10,
4F31,
4EEA,
4F64,
512E,
4F44,
4933,
4258,
38D3,
2E31,
2859,
290E,
2B27,
30EF,
3998,
421E,
491F,
5005,
5B02,
6912,
7233,
76E3,
78C4,
7397,
6A20,
6175,
5A42,
53BC,
4B40,
3FDC,
3715,
2CF2,
20B5,
1CB1,
1FCD,
1DFA,
1B16,
1D6B,
2266,
28CE,
3231,
3676,
3777,
3A51,
3E6F,
427F,
4629,
46C6,
45CC,
44F1,
4560,
4769,
490D,
4A44,
4A4D,
484F,
48D5,
49E4,
4725,
43E5,
40C0,
3C7D,
368F,
2EFD,
27CC,
23D1,
2074,
1BC9,
161D,
11B0,
0ED9,
0D4C,
0D5D,
1036,
136B,
186D,
1E00,
23C0,
2BA5,
3522,
3C24,
41A9,
4661,
4993,
4898,
49D1,
4C16,
4C3F,
474D,
42C1,
3D89,
3728,
3163,
2CB1,
2AD4,
2862,
268A,
2569,
24AD,
2247,
1E37,
1B37,
1804,
13FB,
1205,
1130,
10F2,
126F,
146F,
11C5,
1198,
118F,
1387,
186C,
1D4C,
201F,
22D9,
25F6,
2680,
2534,
2395,
23F9,
25B0,
278D,
2881,
2863,
2913,
2BB3,
2CE9,
2B64,
28E5,
27EA,
282C,
2A8F,
2CCF,
2D83,
2CFD,
2D13,
2D7B,
2E7D,
2FBB,
3331,
3746,
3BA5,
3F66,
43D5,
47CF,
4ACF,
4D8C,
506D,
530D,
568F,
59FE,
5D76,
5F08,
5E6B,
5CEA,
5B6A,
59A9,
5A60,
5B08,
58D8,
5571,
5185,
4D5A,
4814,
42F2,
3F5B,
3CB5,
39B1,
3722,
34CA,
3215,
303C,
324F,
33DD,
356B,
3940,
3D5F,
408D,
467C,
49E1,
4B12,
4DCB,
5029,
5164,
542D,
5654,
585C,
5A96,
5AD3,
5A09,
5825,
57CE,
5836,
5796,
565F,
56CC,
58BA,
5BBE,
5D9D,
59F9,
559E,
51C0,
4EA8,
4FA4,
5605,
57C5,
545F,
5066,
4D89,
4B8E,
4CA7,
4EED,
4C99,
483B,
469F,
466F,
45CD,
46E2,
4645,
43F9,
4144,
3F4A,
3DF9,
3E53,
4024,
3E34,
3C1C,
3B66,
3ABF,
3B7C,
3C37,
3AA5,
3829,
37EC,
38BE,
37C4,
3716,
3623,
3440,
3241,
3252,
319D,
32F5,
34F6,
3439,
339F,
360B,
3800,
3697,
33D8,
2E18,
298E,
29CE,
2907,
2328,
1BF8,
1B64,
203C,
25D5,
29FC,
26C1,
1C0C,
1256,
0E5A,
0E49,
0EF9,
0C3E,
0467,
F99E,
F50E,
FC2E,
0C37,
19A5,
213C,
2531,
2013,
1540,
0D01,
0569,
FAD0,
F5F7,
F707,
FA1C,
FDB1,
0025,
FDB4,
F601,
F05A,
EB15,
EA18,
EF14,
F16F,
F314,
F9A2,
F9F2,
F3F3,
F3CC,
F606,
F5CB,
F2DA,
F066,
F275,
FAE4,
034A,
02F6,
FF60,
01A7,
0186,
FE1E,
0105,
062D,
07EC,
08DE,
0CE8,
0E5F,
07AB,
04C3,
0431,
FC57,
F660,
FF60,
0330,
022C,
0E93,
162C,
0A03,
FF20,
FBB5,
F080,
E8B8,
E955,
E5C0,
DDC0,
DF5C,
E226,
E767,
F0D0,
F454,
EFB4,
F05F,
EED8,
EEEA,
F276,
F335,
EF51,
EA63,
E315,
D97E,
D534,
D374,
D3EC,
D8B4,
DDF0,
E05A,
E379,
E5B6,
E62C,
E91F,
ED48,
F2A2,
FD9B,
01A1,
032D,
05B5,
030A,
017B,
052B,
FE7E,
F720,
F446,
F25D,
F749,
FC2C,
FEDA,
FBCC,
F58F,
F2DF,
F1FB,
F260,
FB63,
0264,
0451,
065C,
0409,
0376,
0517,
05B1,
FEC5,
F717,
F1BC,
F141,
F44F,
F8B3,
F495,
E9B5,
E28E,
DE18,
E04C,
E7BA,
EE84,
EF8A,
EE8C,
EAA1,
ECC2,
F26A,
F6B1,
F68D,
F0AE,
EA55,
E80D,
EEE5,
F920,
FEDE,
FEB3,
F96E,
EEC0,
E32B,
DDC5,
DD5C,
E0F6,
E4F0,
E997,
EBEA,
ED62,
EBCE,
E310,
D9D7,
D4AE,
D516,
D9EC,
E048,
E517,
E61D,
E328,
E277,
E33D,
DFF7,
DE6F,
DE65,
E007,
E436,
EB7E,
F030,
EF76,
E658,
D7C5,
C9DE,
C732,
CEC8,
D475,
D527,
CD91,
C5BE,
C4E8,
C745,
CDE3,
D06A,
C88A,
B3BB,
A1E4,
A091,
B19F,
CF75,
F33A,
0966,
F901,
C67E,
9739,
8E95,
AD47,
E139,
11DA,
1FF7,
F989,
B9C6,
9D25,
AD5F,
CD5D,
EEA1,
F775,
E242,
B543,
9483,
A050,
BE13,
D0E5,
DD6E,
DDBE,
CC76,
C7EC,
C71B,
C1FD,
BAC5,
B77B,
BBCF,
CA8E,
D277,
D963,
DD6C,
D588,
CB6C,
C890,
BC76,
B39E,
B44A,
B764,
B6DD,
BAF3,
BCAA,
B5CF,
AEFC,
AB2E,
A60B,
AC5E,
B7BE,
BFC7,
C3D5,
C80E,
C846,
CB1D,
CCB9,
CFA0,
D020,
CE82,
CF68,
D151,
D19D,
D111,
CC31,
C037,
B2F6,
A5F9,
A09F,
A621,
B291,
C265,
CAFF,
C970,
C247,
BC05,
B90F,
BEC3,
C9F8,
D454,
D99A,
DB1D,
D847,
D989,
E0EC,
E7BA,
E8F8,
E688,
E486,
E2D9,
E28A,
E5A9,
E397,
DBF2,
D4A2,
CB47,
C2FA,
BFA2,
BCE0,
BB5B,
BEA2,
C7D5,
D200,
D640,
D747,
D8AA,
D8D8,
DAA3,
E018,
E8BD,
EBF2,
EB5E,
EBF8,
E9CF,
DFE9,
D66E,
CF9B,
C679,
BFD1,
BD47,
BFD8,
C32A,
C8DE,
CFC2,
CF79,
CFE2,
DAD5,
EFCC,
FF4D,
0B75,
1770,
1DAC,
1EBC,
230D,
1D06,
15B7,
0C65,
0357,
F56B,
EC65,
E694,
E0A5,
D5F8,
CA8E,
BA2C,
D683,
DCF8,
D950,
D683,
CF00,
D04E,
D60C,
E0F1,
DE0B,
DD48,
DD71,
E073,
E53C,
EF0D,
FA09,
FE98,
FDCC,
F86C,
F0D3,
F116,
F631,
F5A4,
EE99,
E7E3,
E666,
E637,
E51A,
DCE3,
D437,
D1DD,
D18A,
D492,
D603,
D2DF,
CB79,
C6E1,
C3DD,
C156,
C2D5,
C662,
C2E1,
BD2D,
BEBC,
C3CD,
C869,
CA10,
C568,
C1DA,
BE01,
BC5C,
C2AE,
CA39,
CC35,
CBB4,
C7E0,
C85D,
CFC4,
D70B,
D9BC,
D8E6,
CFFD,
C01D,
B391,
B206,
B2D4,
B2D2,
AC4D,
A1DE,
9A34,
9475,
8F47,
8DAD,
8B9C,
88A8,
882C,
8DCF,
9964,
A2F1,
A7A2,
A86F,
AB0E,
B3AA,
BF56,
CC3D,
D6DA,
DD02,
D6A7,
CAE0,
BEB8,
B755,
B09B,
AD42,
A42E,
9508,
8B6E,
8C17,
8CA7,
8933,
83FB,
8001,
83A0,
8E17,
94BA,
99D0,
A2ED,
AC10,
ADC9,
B972,
C825,
C5A6,
B9DD,
BAD7,
C6E5,
C91A,
BF7E,
BC38,
C132,
C010,
B4A1,
AA39,
A80E,
A58B,
9E1F,
9710,
9C3E,
A0AD,
A7CF,
B261,
BC55,
BD0F,
C3FF,
CABD,
D51D,
E3DF,
ED68,
F55A,
FB32,
0172,
04FC,
FE16,
EEDA,
DB7B,
CF60,
CB4D,
C85D,
C43F,
BB48,
AFE6,
AA39,
A920,
A28E,
A14A,
AD09,
BAA4,
C074,
C74C,
D337,
DED0,
E985,
E659,
E190,
E8A2,
F477,
FCFA,
0084,
05A7,
0DCE,
1473,
1713,
17BA,
16A0,
1039,
04C0,
F8AE,
F208,
EBA6,
E7A2,
E2F2,
DC1D,
D556,
D492,
DA12,
E64D,
F4B0,
06C1,
19F4,
23D5,
2790,
2919,
2699,
204F,
1BBD,
1687,
0B53,
FEA4,
F2EF,
E7E2,
DAC5,
D1B2,
CC4F,
CB15,
CB5B,
D258,
E6D0,
FF22,
0CE8,
1292,
1D16,
2577,
268E,
252C,
238D,
20D2,
1F4F,
266E,
2B5A,
1EF9,
0609,
FC3C,
FD3C,
F836,
EF3F,
EEE9,
EE20,
EF6D,
F479,
F558,
F009,
E9C5,
E541,
E286,
E9C0,
F53D,
FCEC,
FF3B,
FFEB,
015F,
0446,
03F0,
04E2,
09FC,
121A,
1ECC,
20C2,
1BC8,
1AD2,
1C81,
18A6,
0F49,
07F0,
0814,
06BC,
FE89,
F2E5,
E5D5,
D9AF,
CCD0,
C24A,
BF07,
C0C0,
C5ED,
CAB0,
CCA5,
D592,
E676,
F307,
F639,
FCF8,
01E7,
06F0,
0B47,
0E50,
0BF1,
0620,
0382,
03F6,
026A,
FCE2,
F8D8,
F75E,
F7B3,
F455,
F341,
F846,
00B9,
007C,
FE77,
FCFD,
FB78,
F637,
F05E,
EB7C,
EF4C,
F393,
F171,
EFFD,
F0BC,
F10F,
EFF6,
EE71,
ED76,
F088,
F479,
F319,
F4F7,
F999,
FAF9,
F6C3,
EF77,
EC28,
EF86,
F4E8,
FCB6,
FF1A,
F863,
F593,
F87C,
FA59,
F9DE,
FB50,
FE18,
FEBD,
FDD5,
FD9F,
FDED,
00A8,
05AE,
0511,
059F,
09C7,
1295,
18E6,
1B88,
2048,
24D6,
26DF,
2CC0,
3179,
2F5C,
3131,
3572,
3624,
3610,
36BF,
354F,
2F07,
2984,
26B3,
25D9,
25CE,
22C5,
1CEC,
1E41,
2446,
26AA,
24C9,
21E1,
1E1C,
1F04,
251C,
27BF,
2611,
250E,
258F,
2723,
2839,
2A45,
29C3,
297A,
27C2,
2A01,
3366,
3D00,
3FBE,
4009,
3EDC,
3E11,
41C8,
4715,
4A72,
4BA3,
4B72,
4D10,
4F08,
4EB8,
4C56,
4B62,
484E,
4153,
3F8F,
4330,
4935,
4ECF,
53CD,
55F6,
56A0,
5C93,
628B,
6574,
6885,
6938,
6337,
5E31,
59A0,
544B,
4DB5,
4778,
435E,
419E,
40FE,
423E,
44E5,
4689,
48E4,
4A3D,
4AD1,
4C84,
4F88,
4EAE,
49D9,
445C,
3BA4,
3129,
2B5E,
2C5A,
2E44,
33A5,
3BD6,
437E,
4986,
4FEF,
5AB7,
6893,
7176,
75E6,
7772,
71ED,
6886,
6052,
5967,
52C7,
4A28,
3E4C,
34DF,
2A86,
1EA4,
1AF2,
1E30,
1C3A,
195D,
1C22,
21C9,
28C1,
3318,
37F9,
394A,
3CAE,
416E,
45C3,
4985,
49E4,
4871,
4759,
479E,
4919,
4A17,
4AB5,
49F7,
4702,
46EC,
479B,
44B8,
4190,
3EAE,
3A9C,
34A8,
2CF4,
25BC,
2221,
1F98,
1BBA,
167C,
1266,
0FDA,
0E9C,
0EE4,
11F7,
1555,
1A93,
2024,
25AF,
2DB8,
37CF,
3F50,
44FA,
496F,
4C3C,
4AB3,
4BBF,
4E09,
4E49,
489D,
4334,
3D36,
3640,
304C,
2B6C,
296E,
26C8,
250B,
241B,
23DC,
221A,
1E70,
1B60,
181B,
1443,
12B8,
125C,
12AA,
1461,
1667,
1309,
1264,
1201,
13FB,
1909,
1DF6,
20B0,
2378,
26CF,
272F,
255E,
236F,
2426,
263A,
2817,
28F6,
28CD,
29AD,
2CAC,
2DF1,
2C3D,
297B,
285B,
28B5,
2B9C,
2E48,
2F20,
2E9D,
2EC7,
2F32,
303D,
318F,
352D,
395B,
3DF9,
41E2,
466B,
4A89,
4D9B,
5036,
52D6,
5547,
58C1,
5C00,
5F43,
608D,
5F75,
5D44,
5B0A,
58AB,
5954,
5A09,
5779,
53A0,
4F6A,
4B52,
465C,
419C,
3E46,
3BD9,
38FA,
3691,
345F,
31D8,
3042,
330A,
34E1,
364E,
3A1F,
3E45,
4141,
477F,
4B04,
4C08,
4EB5,
510D,
520A,
54CE,
56E5,
58E0,
5AFC,
5AE3,
59D6,
57C2,
5783,
581A,
5756,
55B0,
55EC,
5810,
5B94,
5DE3,
59F3,
553A,
5113,
4DE2,
4F40,
568A,
5877,
54B0,
505B,
4D6F,
4BA0,
4D27,
4FD2,
4D36,
484C,
4689,
4667,
45B2,
46E4,
462E,
43BB,
4111,
3F20,
3DA5,
3DF7,
400C,
3DB8,
3B23,
3A27,
398B,
3AAF,
3BCF,
3A6F,
3829,
3818,
3902,
37E6,
3730,
3627,
3443,
325F,
32BC,
31E4,
3327,
350F,
33F9,
3339,
360B,
3849,
3692,
336D,
2D0E,
2817,
28E8,
2913,
2381,
1BAE,
1A43,
1E62,
23F0,
292B,
2747,
1D7D,
1456,
103F,
0F27,
0EA8,
0B74,
03B8,
F97B,
F646,
FE47,
0E1E,
1ADE,
215B,
2414,
1E5C,
1427,
0CCF,
05CD,
FB93,
F71C,
F7BC,
FA4D,
FDC7,
001C,
FD76,
F572,
F008,
EB37,
EAA9,
EFEA,
F256,
F3BD,
F9FA,
F99F,
F330,
F368,
F610,
F656,
F40D,
F201,
F3CD,
FBC6,
03DB,
0367,
FFEC,
024B,
01A8,
FE33,
0174,
0614,
07EF,
09CA,
0D7D,
0E12,
078B,
0464,
0312,
FC6E,
F73E,
FF8C,
0330,
021B,
0D7C,
1523,
09C5,
FEF5,
FB8B,
F036,
E7EA,
E856,
E4F5,
DCF3,
DF19,
E1F6,
E68A,
EF6A,
F301,
EE50,
EF8C,
EE81,
EF14,
F29A,
F344,
EFA1,
EAC6,
E365,
D9EB,
D5D8,
D3CB,
D41F,
D877,
DD52,
E01D,
E3AD,
E609,
E67B,
E8DE,
EC9B,
F1FF,
FD7A,
0234,
042D,
06AB,
0402,
0295,
06BC,
0043,
F873,
F4FC,
F297,
F771,
FC4B,
FEED,
FB76,
F4D9,
F1DA,
F068,
F0AE,
F9FB,
0165,
039C,
060D,
03FA,
03C6,
05DA,
075C,
0046,
F7FF,
F1FC,
F0E6,
F427,
F94C,
F537,
E9EE,
E25D,
DD4C,
DED7,
E5D1,
ECF0,
EEA1,
EE9F,
EB3E,
ED42,
F269,
F626,
F591,
EFC0,
E9F2,
E849,
F00A,
FA66,
FF2E,
FDC7,
F7A2,
EC77,
E0CB,
DBE6,
DBD5,
DF3F,
E2E1,
E75E,
E95D,
EAF5,
EA1B,
E1DF,
D8F3,
D3D7,
D47C,
DA06,
E179,
E6D9,
E76D,
E383,
E246,
E30A,
E005,
DEE0,
DEE6,
E017,
E388,
EA9B,
EF55,
EE81,
E4F6,
D5D7,
C776,
C530,
CE06,
D4B1,
D59F,
CCDE,
C40A,
C383,
C710,
CF89,
D2E3,
CA06,
B2C1,
9F7A,
9F03,
B218,
D173,
F54B,
09AC,
F668,
C2E5,
95A0,
8F56,
AE40,
E1D1,
11CC,
1E84,
F7F5,
B94A,
9D96,
AD8A,
CC93,
EDBD,
F61B,
E16A,
B5B2,
95C0,
A136,
BDD6,
CF04,
DA2A,
DA4F,
C98D,
C693,
C772,
C343,
BBCD,
B810,
BB93,
C9B7,
D196,
D925,
DDD6,
D6B4,
CD58,
CAA7,
BDA4,
B4B0,
B527,
B7FB,
B782,
BB9D,
BD5D,
B6BC,
AFC8,
AB79,
A5B3,
AB70,
B682,
BEAD,
C2AD,
C782,
C8D2,
CCDC,
CF68,
D2BF,
D2B0,
D075,
D121,
D2D7,
D304,
D214,
CCB1,
BFF6,
B1E6,
A43A,
9ECF,
A485,
B160,
C192,
C99E,
C743,
C028,
BAF2,
B90F,
BF6F,
CB03,
D545,
DA4E,
DC1E,
D9CF,
DBDD,
E3FC,
EA8A,
EAF5,
E7AC,
E57D,
E3DC,
E37D,
E6C0,
E460,
DBC6,
D3FC,
CA52,
C1E7,
BEA4,
BB72,
B8F8,
BB9D,
C4A8,
CF7A,
D48C,
D673,
D85D,
D8D7,
DAFE,
E0EF,
E9CC,
ED3D,
ED44,
EE8C,
EC88,
E282,
D929,
D29F,
C900,
C1E9,
BE28,
BF5F,
C209,
C835,
CF33,
CE60,
CE1C,
D898,
EDA3,
FD50,
099D,
16CE,
1E28,
1FBD,
246F,
1DE4,
15FB,
0CE0,
04A8,
F67C,
EC4F,
E684,
E03A,
D5EF,
C9B2,
B981,
D20D,
D6D7,
D462,
D1B5,
CB37,
CD49,
D43A,
E068,
DDE0,
DD6F,
DE6B,
E272,
E864,
F32F,
FF3A,
0402,
037C,
FDD4,
F543,
F486,
F901,
F794,
EFDF,
E853,
E622,
E4CB,
E289,
D8BA,
CEC1,
CB88,
CAFB,
CE7B,
D096,
CE43,
C78F,
C34A,
C0D0,
BF51,
C23F,
C726,
C4A9,
BFE8,
C2C2,
C8B9,
CDBC,
CF6B,
CAA4,
C6C5,
C173,
BDD7,
C302,
C9CF,
CB6E,
CAA8,
C56E,
C40B,
CA29,
D0C4,
D333,
D276,
CA0B,
BB1B,
AFB1,
AF97,
B18A,
B27D,
AC7F,
A26D,
9B54,
9660,
9230,
91A6,
9002,
8CC6,
8BA6,
907B,
9B0F,
A338,
A6D5,
A693,
A841,
B0A8,
BC90,
C99F,
D424,
DA44,
D360,
C76D,
BBDD,
B5DF,
AFCA,
ACB3,
A3E4,
9538,
8C62,
8E14,
8ECF,
8A60,
845A,
8001,
8372,
8D29,
9358,
9908,
A2A3,
AB41,
AB93,
B670,
C4A3,
C1FA,
B69D,
B844,
C556,
C8D9,
C01F,
BCD9,
C168,
C05E,
B5AA,
AC25,
AAB4,
A883,
A1C1,
9ADB,
9FD3,
A367,
AA3E,
B465,
BDA3,
BCBF,
C34B,
CA04,
D471,
E32C,
EBFE,
F33F,
F8B0,
FF5C,
033E,
FC32,
EDE8,
DB78,
CF11,
CA63,
C79B,
C3BB,
BAAA,
AF16,
A91F,
A7F1,
A16B,
A025,
ABDB,
B9F5,
C075,
C7C8,
D3CC,
DEF9,
E9FF,
E70E,
E282,
E9A4,
F536,
FDCC,
01CA,
074D,
0F70,
15F7,
1863,
18FF,
1844,
122C,
06E2,
FAEC,
F401,
ECBB,
E7E9,
E243,
DABA,
D375,
D22A,
D6CC,
E24F,
F055,
029C,
15FF,
202F,
2507,
27BD,
262D,
212E,
1E4B,
1A51,
0F6C,
027C,
F614,
EAB4,
DD8B,
D403,
CD13,
CA25,
C92C,
CFD8,
E45A,
FC64,
09E1,
0F91,
1A97,
2386,
257F,
25BD,
2546,
22A6,
20FF,
283A,
2C83,
1FB0,
0699,
FC8E,
FCC7,
F76F,
EDDA,
EC76,
EAAC,
EBCE,
F0AF,
F18D,
ECCF,
E746,
E3C0,
E1B6,
E97F,
F586,
FDD2,
00D9,
022A,
03CA,
06C8,
0655,
0748,
0C7E,
13C5,
1F36,
201D,
1B2B,
1A4F,
1B50,
16A6,
0CAE,
0494,
0429,
02F1,
FB64,
F006,
E246,
D57C,
C873,
BE2A,
BB5E,
BDB5,
C3C6,
C93E,
CB90,
D4F8,
E6A4,
F49B,
F91D,
00CA,
05E2,
0B46,
0FE7,
1313,
1052,
09F3,
06E1,
0612,
02DC,
FC64,
F7F5,
F5D3,
F55A,
F10E,
EFA1,
F48F,
FD12,
FCE9,
FB9F,
FAD4,
F9D1,
F502,
EFFB,
EB82,
EFD0,
F483,
F25E,
F0DD,
F180,
F1BE,
F0D1,
EF62,
EDF3,
F0B3,
F48A,
F28B,
F403,
F86A,
F994,
F55E,
EDFB,
EA68,
EDA5,
F313,
FB67,
FE38,
F780,
F4F7,
F86B,
FB05,
FB0D,
FC92,
FF61,
0057,
FFD6,
FFDD,
0020,
02C3,
07F1,
073B,
079B,
0AFE,
1384,
1A64,
1D63,
21C0,
25A8,
2742,
2D10,
3195,
2EF0,
30EC,
3595,
364E,
3634,
3726,
35BC,
2EFB,
295E,
26C1,
25E2,
25A2,
2268,
1C71,
1E04,
2450,
26D5,
24A0,
210E,
1CBF,
1DEA,
24DE,
2800,
2666,
2541,
2560,
26B6,
27E8,
2A6B,
2A0D,
2A23,
28CF,
2B12,
345D,
3E6B,
41A3,
41E3,
4029,
3EF1,
4305,
492A,
4CEF,
4DD1,
4D14,
4E11,
4F90,
4FA0,
4D9E,
4C51,
48A1,
412A,
3F76,
4359,
49B8,
4F6B,
5454,
566E,
573B,
5DDF,
649D,
6809,
6B95,
6CA6,
6666,
610C,
5BE7,
55C0,
4E47,
4721,
41FA,
3F65,
3DF7,
3E41,
403D,
4194,
43DA,
456E,
46EC,
49E3,
4E23,
4E63,
4AD7,
46BA,
3ED8,
3496,
2EE5,
302B,
31E4,
36D3,
3E74,
452D,
4A39,
5028,
5AAE,
6831,
70B1,
74D3,
760C,
703B,
66EB,
5F2C,
588F,
51E7,
493A,
3CFC,
32F8,
2873,
1CF2,
1991,
1CF7,
1AF2,
1828,
1B5C,
21A1,
291A,
3451,
39C8,
3B6C,
3F59,
44B9,
4955,
4D2A,
4D46,
4B53,
49F6,
4A00,
4AE4,
4B3A,
4B3C,
49B9,
45D6,
4521,
4561,
4252,
3F3F,
3CA1,
38C4,
32D8,
2B14,
23EB,
20B7,
1F02,
1BEE,
171E,
1362,
1128,
103C,
10B9,
1404,
1788,
1CF7,
2279,
27CB,
2FF0,
3A96,
428E,
4854,
4C87,
4EFC,
4CF0,
4DC4,
5005,
5052,
49FA,
43C7,
3D18,
3594,
2F64,
2A55,
2836,
255C,
23B9,
2301,
233C,
2218,
1EDA,
1BBC,
1861,
14BB,
1395,
13A7,
1478,
1664,
186B,
1466,
134A,
128E,
148A,
19BA,
1EB0,
2151,
2429,
27BA,
27F4,
25A6,
2372,
247E,
26EE,
28CC,
2999,
296A,
2A7C,
2DD4,
2F27,
2D4B,
2A4C,
2908,
297E,
2CE1,
2FF4,
30F4,
307B,
30BB,
3128,
323B,
33A1,
3768,
3BB0,
408A,
449A,
4938,
4D74,
509A,
5312,
5574,
57BC,
5B2D,
5E34,
6136,
6235,
60AE,
5DDC,
5AEF,
57F2,
5885,
5944,
5655,
5212,
4D9B,
4996,
44F4,
409C,
3D84,
3B53,
38A2,
365C,
344C,
31F2,
309B,
340D,
3630,
3787,
3B55,
3F80,
424B,
48C4,
4C58,
4D29,
4FC6,
521C,
52E4,
559F,
57A4,
5993,
5B90,
5B2A,
59DE,
579B,
5770,
5838,
5758,
5553,
556D,
57CB,
5BBE,
5E68,
5A31,
552A,
50CA,
4D8F,
4F49,
5759,
5967,
5546,
509A,
4DA3,
4C03,
4DEC,
50E9,
4E04,
4896,
46B6,
46A5,
45D9,
4716,
463F,
43A7,
410D,
3F2C,
3D90,
3DD5,
401F,
3D69,
3A61,
3922,
3893,
3A1E,
3B9F,
3A6E,
385C,
3874,
397A,
3844,
3783,
365F,
347B,
32B0,
3351,
3256,
337D,
3546,
33E2,
3309,
363C,
38BC,
36B0,
3316,
2C0F,
26B3,
2818,
2936,
23EF,
1B7B,
1937,
1C9B,
2220,
2870,
27EA,
1F19,
1681,
1242,
101C,
0E6E,
0AC4,
032C,
F981,
F7A2,
007F,
1026,
1C3B,
21A7,
2330,
1CDE,
1335,
0CA8,
062B,
FC51,
F845,
F887,
FA9B,
FDF4,
001A,
FD37,
F4E3,
EFBB,
EB6A,
EB54,
F0DD,
F354,
F46F,
FA4F,
F946,
F264,
F2F0,
F5FE,
F6BD,
F51D,
F37F,
F509,
FC90,
0454,
03B9,
0058,
02D9,
01BE,
FE40,
01E6,
0612,
0807,
0ABE,
0E0B,
0DA7,
0746,
03ED,
01EE,
FC86,
F81A,
FFA3,
0316,
01FA,
0C53,
140D,
0984,
FEC0,
FB4E,
EFE3,
E716,
E750,
E421,
DC1C,
DEBC,
E19B,
E580,
EDE2,
F193,
ECE1,
EEB6,
EE2D,
EF39,
F2B3,
F341,
EFD8,
EB0F,
E39F,
DA51,
D681,
D429,
D458,
D843,
DCBE,
DFE2,
E3D7,
E642,
E6AB,
E884,
EBDB,
F152,
FD48,
02AB,
0505,
0772,
04C7,
037B,
0815,
01E1,
F9B7,
F5AF,
F2D0,
F78F,
FC5A,
FEF0,
FB18,
F420,
F0D0,
EEDB,
EF0B,
F89B,
0069,
02E2,
05A5,
03CD,
03FB,
0686,
08F5,
01CA,
F8F0,
F240,
F08F,
F3FB,
F9D6,
F5D4,
EA32,
E239,
DC92,
DD73,
E3F6,
EB63,
EDC0,
EEB1,
EBCF,
EDA3,
F23A,
F566,
F46C,
EEB8,
E97A,
E86C,
F103,
FB6D,
FF41,
FCAF,
F5B9,
EA22,
DE67,
D9F2,
DA28,
DD63,
E0BF,
E51F,
E6D6,
E88C,
E85B,
E09B,
D7FD,
D2F1,
D3E1,
DA27,
E2A5,
E881,
E89A,
E3BB,
E1F2,
E2B8,
DFFB,
DF30,
DF3D,
DFFB,
E2B2,
E98D,
EE48,
ED4E,
E358,
D3B0,
C4DD,
C30A,
CD22,
D4CD,
D5EF,
CBF4,
C214,
C1DF,
C6B8,
D12C,
D56F,
CB85,
B1A1,
9CC9,
9D30,
B269,
D36D,
F763,
09E3,
F39B,
BF05,
93BE,
8FCB,
AEF8,
E22E,
1184,
1CDC,
F622,
B88B,
9DBC,
AD62,
CB86,
EC9C,
F494,
E077,
B60C,
96D8,
A1E2,
BD58,
CCEE,
D6C9,
D6CE,
C69D,
C51C,
C789,
C43F,
BC93,
B85D,
BB14,
C89B,
D06D,
D89A,
DDF3,
D795,
CF02,
CC7A,
BE99,
B58E,
B5D4,
B869,
B80D,
BC33,
BE01,
B7A7,
B095,
ABBC,
A550,
AA64,
B50D,
BD3F,
C12A,
C698,
C905,
CE47,
D1CA,
D588,
D4E3,
D205,
D276,
D403,
D420,
D2D6,
CCF9,
BF83,
B0A7,
A255,
9CDE,
A2C6,
B00B,
C092,
C815,
C503,
BE06,
B9DC,
B90A,
C00C,
CBE9,
D5FC,
DAC0,
DCD7,
DB1C,
DDFF,
E6D2,
ED19,
ECB7,
E89F,
E643,
E4AB,
E43E,
E79F,
E4FC,
DB82,
D342,
C94A,
C0C7,
BD94,
B9EE,
B682,
B881,
C15F,
CCCF,
D2AD,
D571,
D7DE,
D8A6,
DB2C,
E19A,
EAAF,
EE60,
EF07,
F101,
EF2E,
E51C,
DBEB,
D5A8,
CB95,
C410,
BF13,
BEE7,
C0E2,
C777,
CE83,
CD2C,
CC44,
D63C,
EB3C,
FB0A,
0777,
15D0,
1E42,
205C,
2563,
1E64,
15EE,
0D1C,
05C0,
F768,
EC2A,
E662,
DFC4,
D5F3,
C8F9,
B92E,
CDCA,
D0F0,
CFB1,
CD15,
C792,
CA54,
D268,
DFC1,
DDA9,
DD85,
DF41,
E43F,
EB58,
F715,
0424,
0924,
08EB,
030A,
F998,
F7E2,
FBB3,
F960,
F108,
E8AE,
E5C2,
E33B,
DFCB,
D46E,
C92D,
C510,
C448,
C832,
CAEB,
C964,
C365,
BF87,
BDB1,
BD43,
C19F,
C7D6,
C660,
C2A3,
C6D0,
CDB4,
D326,
D4DC,
CFED,
CBA9,
C4CE,
BF34,
C32E,
C92F,
CA60,
C93A,
C290,
BF47,
C40E,
C9EA,
CC0F,
CB71,
C390,
B593,
AB51,
ACAA,
AFD2,
B1D5,
AC7F,
A2EA,
9C73,
984A,
951C,
95A5,
946F,
90EC,
8F21,
9316,
9C8C,
A33C,
A5BF,
A472,
A524,
AD37,
B933,
C64A,
D0B2,
D6C2,
CF61,
C359,
B879,
B3E8,
AE83,
ABB6,
A340,
9529,
8D31,
8FFE,
90EE,
8B88,
84B1,
8001,
8343,
8C2B,
91D1,
980F,
A225,
AA36,
A918,
B30A,
C0A0,
BDC5,
B2C9,
B513,
C329,
C80B,
C04E,
BD24,
C15C,
C079,
B688,
ADEF,
AD41,
AB73,
A569,
9EC4,
A38A,
A644,
ACBF,
B65E,
BEC0,
BC38,
C24C,
C8F3,
D35E,
E1FB,
EA0B,
F094,
F597,
FC99,
00C3,
F99E,
EC59,
DAFA,
CE72,
C94B,
C6BF,
C32C,
BA0F,
AE5B,
A82B,
A6F2,
A084,
9F48,
AAFC,
B98A,
C0B3,
C873,
D479,
DF2A,
EA66,
E7A6,
E35E,
EA8A,
F5C8,
FE5C,
02BD,
0896,
10B8,
172F,
197A,
1A1E,
19CE,
1413,
08FE,
FD31,
F615,
EDFD,
E85F,
E1C8,
D986,
D1BC,
CFE2,
D398,
DE53,
EBF6,
FE60,
11D4,
1C3F,
2222,
2601,
256E,
21C8,
2097,
1DE7,
1369,
064B,
F946,
EDAC,
E08B,
D691,
CE16,
C970,
C740,
CDA5,
E22D,
F9D8,
06E3,
0C7F,
1802,
217C,
244C,
2618,
26BF,
243F,
2285,
29DE,
2D89,
204D,
071D,
FCD6,
FC51,
F6AE,
EC8D,
EA28,
E760,
E84A,
ECFA,
EDDE,
E9BA,
E4FB,
E273,
E120,
E97A,
F5FB,
FECC,
0281,
0474,
063D,
0942,
08A6,
0997,
0EDC,
1533,
1F47,
1F19,
1A2B,
1963,
19B4,
143F,
09B5,
00EC,
0008,
FF04,
F824,
ED17,
DEC0,
D170,
C454,
BA4F,
B7FA,
BAED,
C1CF,
C7E7,
CA97,
D475,
E6E1,
F63B,
FC0A,
0495,
09D1,
0F8F,
1478,
17BD,
149E,
0DC3,
0A43,
0832,
034B,
FBD9,
F700,
F436,
F2ED,
EDB9,
EBF3,
F0C6,
F952,
F93D,
F8A6,
F885,
F800,
F3A4,
EF6C,
EB64,
F034,
F556,
F335,
F19E,
F223,
F25B,
F1A4,
F051,
EE77,
F0E9,
F49F,
F200,
F30B,
F732,
F824,
F3EE,
EC7A,
E8A1,
EBB5,
F12C,
FA02,
FD39,
F683,
F448,
F851,
FBAE,
FC41,
FDE4,
00BC,
0207,
01F2,
0241,
0283,
0511,
0A65,
09A0,
09D7,
0C70,
14A1,
1C09,
1F5F,
234F,
268E,
27C1,
2D7B,
31C6,
2E9E,
30BA,
35BD,
3679,
3657,
378A,
3633,
2F11,
2968,
26FE,
2617,
25A0,
2237,
1C26,
1DEB,
2478,
2725,
249F,
2062,
1B8F,
1CF6,
24AC,
2842,
26C0,
2581,
2549,
2669,
27B4,
2A9D,
2A5F,
2ADB,
29F7,
2C47,
3574,
3FF1,
43B2,
43F2,
41B9,
4022,
4492,
4B84,
4FAE,
5047,
4F0C,
4F70,
5083,
50F7,
4F51,
4DA6,
495A,
416B,
3FC1,
43DC,
4A8A,
504C,
551C,
5728,
5821,
5F74,
66F2,
6AD8,
6ED3,
7039,
69C2,
6417,
5E61,
576A,
4F12,
4700,
40C7,
3D59,
3B19,
3A69,
3BBE,
3CCA,
3EF2,
40C4,
433C,
4780,
4D00,
4E66,
4C2E,
4976,
4272,
3879,
32F1,
3482,
3609,
3A78,
4172,
472A,
4B36,
50AE,
5AE6,
67EA,
6FE3,
73A7,
7491,
6E80,
654D,
5E00,
57B9,
511D,
4876,
3BED,
3161,
26BC,
1BA1,
1892,
1C25,
1A24,
177D,
1B1E,
21F4,
29DE,
35E0,
3BE6,
3DE1,
4257,
4854,
4D38,
511C,
50ED,
4E76,
4CC8,
4C8B,
4CCE,
4C78,
4BDD,
4993,
44CC,
4374,
4335,
3FF1,
3CF2,
3A98,
36F7,
311E,
295E,
2257,
1F95,
1EB4,
1C67,
1805,
14A7,
12C4,
122C,
12DF,
165E,
1A08,
1F9C,
2501,
2A15,
3252,
3D7A,
45E0,
4BB9,
4FAC,
51D7,
4F52,
4FE3,
520C,
5260,
4B68,
447E,
3D31,
3525,
2EAE,
296C,
272E,
241D,
2293,
221B,
22CD,
2241,
1F74,
1C4B,
18D9,
1563,
149E,
1515,
1660,
187A,
1A80,
15E1,
144D,
1339,
1538,
1A87,
1F7F,
2208,
24F1,
28BB,
28D4,
2612,
23A1,
2503,
27CF,
29AE,
2A6C,
2A3F,
2B84,
2F2D,
308D,
2E8E,
2B58,
29F6,
2A89,
2E60,
31D4,
3301,
3299,
32F0,
335F,
347A,
35F6,
39E5,
3E48,
435B,
4791,
4C41,
5097,
53D0,
5626,
584A,
5A6E,
5DD5,
609E,
6355,
6408,
621A,
5EB4,
5B1C,
5781,
57F7,
58BA,
5570,
50CA,
4C1A,
4828,
43DD,
3FF2,
3D18,
3B25,
38A8,
3685,
3493,
3264,
3149,
355A,
37CC,
3918,
3CE1,
410F,
43AB,
4A4B,
4DDF,
4E77,
5100,
5359,
53F2,
56A4,
5896,
5A79,
5C58,
5BAB,
5A22,
57B2,
5799,
5892,
579E,
5549,
5550,
57EC,
5C3D,
5F2D,
5AB7,
556D,
50E5,
4DAE,
4FBE,
5873,
5A94,
5620,
5124,
4E25,
4CB6,
4EF3,
5233,
4F05,
491B,
4725,
472A,
4641,
4779,
467A,
43C1,
413C,
3F70,
3DB9,
3DEE,
405E,
3D4A,
39D8,
3857,
37DB,
39CA,
3BAA,
3AA6,
38C5,
3904,
3A29,
38DF,
380F,
36CD,
34E7,
3334,
3412,
32F1,
33F5,
3599,
33F2,
330D,
369F,
3957,
36F1,
32D0,
2B1A,
255E,
275C,
296D,
2473,
1B5F,
183F,
1AE4,
2063,
27C8,
28A9,
20E2,
18D9,
1467,
112D,
0E4D,
0A2F,
02C1,
F9B1,
F923,
02DD,
1254,
1DC0,
2226,
2285,
1B9A,
126B,
0C8F,
0685,
FD0F,
F975,
F965,
FB08,
FE36,
0020,
FCF5,
F453,
EF6F,
EBAA,
EC18,
F1ED,
F468,
F52B,
FAA1,
F8E8,
F18F,
F266,
F5D2,
F704,
F60D,
F4E2,
F62D,
FD45,
04B9,
03F1,
00A8,
0352,
01C7,
FE45,
025B,
0628,
0835,
0BBD,
0E93,
0D1D,
06DA,
035E,
00C4,
FC9C,
F8F2,
FFA3,
02E1,
01C4,
0B17,
12E8,
093C,
FE7C,
FAFC,
EF85,
E63D,
E643,
E344,
DB3C,
DE44,
E115,
E448,
EC34,
F008,
EB65,
EDDD,
EDDB,
EF59,
F2C1,
F32D,
EFF6,
EB3F,
E3C5,
DAB3,
D731,
D48F,
D497,
D818,
DC33,
DFAA,
E3F7,
E65F,
E6BC,
E80F,
EB06,
F099,
FD02,
0301,
05B4,
0805,
0557,
042F,
0939,
0357,
FAEA,
F661,
F30A,
F7A4,
FC5B,
FEE1,
FAB2,
F365,
EFC0,
ED54,
ED7A,
F746,
FF6F,
0221,
0525,
0382,
0415,
071E,
0A7D,
0351,
F9E8,
F287,
F039,
F3C9,
FA4E,
F66C,
EA81,
E220,
DBE6,
DC1E,
E227,
E9DD,
ECE9,
EEC0,
EC54,
EDE5,
F1D9,
F46D,
F31A,
ED93,
E8E8,
E876,
F1D0,
FC34,
FF15,
FB67,
F3AF,
E7BD,
DBFB,
D7E8,
D855,
DB62,
DE8B,
E2D9,
E451,
E622,
E68B,
DF41,
D6F3,
D1FD,
D343,
DA4C,
E3C7,
EA0D,
E9A0,
E3CB,
E179,
E244,
DFD5,
DF5C,
DF66,
DFB1,
E1B2,
E852,
ED02,
EBDB,
E179,
D14A,
C214,
C0BF,
CC1C,
D4CA,
D613,
CACF,
BFD8,
BFF8,
C63E,
D2CF,
D813,
CD08,
B05A,
99CD,
9B14,
B293,
D563,
F985,
0A0C,
F098,
BADB,
9190,
8FF4,
AF6F,
E24D,
10FE,
1AFC,
F40C,
B784,
9D91,
ACE5,
CA34,
EB3B,
F2DE,
DF67,
B64E,
97CB,
A255,
BC96,
CAA2,
D34A,
D337,
C3A3,
C384,
C75F,
C4F1,
BD18,
B861,
BA4D,
C738,
CEF6,
D7C3,
DDC3,
D82A,
D068,
CE06,
BF52,
B635,
B64F,
B8AE,
B880,
BCB6,
BE99,
B892,
B163,
ABF8,
A4E2,
A93C,
B360,
BB7B,
BF49,
C54C,
C8DD,
CF5D,
D3DC,
D7F7,
D6B4,
D32E,
D367,
D4D7,
D4F2,
D359,
CD0A,
BEDE,
AF36,
A04D,
9AD0,
A0EA,
AE98,
BF6A,
C667,
C2B4,
BBE6,
B8C7,
B901,
C099,
CCAC,
D67D,
DAF1,
DD48,
DC2C,
DFEC,
E96A,
EF63,
EE3B,
E95E,
E6D4,
E543,
E4CB,
E845,
E56B,
DB2A,
D277,
C831,
BF9B,
BC71,
B855,
B3F9,
B550,
BDF8,
C9FC,
D0A2,
D440,
D72D,
D846,
DB2D,
E218,
EB64,
EF5B,
F0A4,
F356,
F1C1,
E7B7,
DEB6,
D8B6,
CE38,
C645,
C008,
BE6F,
BFB5,
C6A5,
CDB0,
CBDE,
CA58,
D3C1,
E895,
F877,
0500,
1475,
1DF9,
2098,
25E8,
1E84,
1590,
0D19,
069D,
F82D,
EBF2,
E62F,
DF45,
D606,
C865,
B930,
C9B9,
CB44,
CB3B,
C8A3,
C410,
C771,
D096,
DEFF,
DD68,
DD8C,
DFF3,
E5D8,
EE14,
FABF,
08C3,
0DF6,
0E14,
080C,
FDCD,
FB25,
FE42,
FB07,
F213,
E8F3,
E547,
E185,
DCE1,
D002,
C37C,
BE75,
BD73,
C1BA,
C503,
C440,
BEF8,
BB96,
BA7E,
BB2B,
C0F2,
C871,
C802,
C559,
CAE3,
D2BE,
D8A8,
DA65,
D546,
D085,
C812,
C073,
C330,
C856,
C908,
C766,
BF42,
BA0C,
BD6E,
C27A,
C44A,
C3CF,
BC83,
AF7F,
A66D,
A93A,
ADA7,
B0D5,
AC4A,
A34F,
9D8B,
9A2F,
9809,
99AA,
98E7,
951B,
929F,
95A1,
9DDA,
A2FB,
A45D,
A207,
A1B5,
A954,
B53B,
C23C,
CC7E,
D279,
CAA5,
BE9C,
B483,
B16A,
ACC2,
AA47,
A241,
94D8,
8DD5,
91D0,
9303,
8CAB,
8503,
8012,
8311,
8B1B,
9025,
96E5,
A174,
A8F0,
A659,
AF3E,
BC1C,
B904,
AE5D,
B140,
C05D,
C6AC,
C008,
BD17,
C10E,
C05E,
B739,
AF93,
AFB6,
AE5C,
A919,
A2CB,
A762,
A943,
AF53,
B84D,
BFAD,
BB76,
C101,
C788,
D1DE,
E047,
E78C,
ED52,
F1E1,
F924,
FD85,
F652,
EA28,
D9FD,
CD81,
C802,
C5C7,
C291,
B979,
ADB4,
A75E,
A624,
9FDC,
9EB9,
AA6E,
B969,
C132,
C952,
D544,
DF68,
EABA,
E825,
E426,
EB53,
F62D,
FEAA,
035A,
097D,
11A4,
1816,
1A54,
1B13,
1B3D,
15E9,
0B14,
FF7E,
F847,
EF6F,
E908,
E183,
D883,
D02E,
CDBB,
D075,
DA5A,
E793,
FA0A,
0D6E,
17FD,
1EDC,
23E1,
2459,
2216,
229D,
2146,
1749,
0A0D,
FC84,
F0CB,
E3C6,
D95F,
CF56,
C8F7,
C596,
CBC0,
E04A,
F77E,
03EF,
095E,
1556,
1F59,
22F2,
263A,
27F6,
259F,
23E4,
2B5A,
2E6B,
20CD,
0790,
FD13,
FBD6,
F5F1,
EB58,
E7FF,
E43B,
E4E0,
E95A,
EA4A,
E6CA,
E2E3,
E15D,
E0C6,
E9B6,
F6A1,
FFDC,
0435,
06C9,
08B7,
0BB2,
0AE2,
0BCC,
1111,
1662,
1EF8,
1DAD,
18C1,
1805,
17A2,
1165,
0652,
FCF0,
FBAC,
FAED,
F4C7,
EA16,
DB44,
CD8C,
C076,
B6BD,
B4E0,
B86C,
C00B,
C6B1,
C9BB,
D40A,
E730,
F7E8,
FEFF,
0855,
0DB0,
13C9,
18F9,
1C4D,
18D3,
118D,
0DA5,
0A52,
03B4,
FB3F,
F5F6,
F288,
F06C,
EA51,
E832,
ECEC,
F578,
F579,
F58D,
F60E,
F606,
F21F,
EEB0,
EB23,
F075,
F608,
F3F1,
F23D,
F2A2,
F2E1,
F26F,
F13B,
EF01,
F129,
F4B6,
F175,
F210,
F5F3,
F6AA,
F273,
EAF2,
E6D5,
E9B6,
EF36,
F888,
FC1C,
F56C,
F386,
F82E,
FC55,
FD7A,
FF44,
022C,
03CB,
042D,
04CE,
0517,
0795,
0D0C,
0C43,
0C54,
0E20,
15F2,
1DDC,
2182,
24FA,
278C,
285F,
2E06,
3211,
2E6A,
309E,
35EE,
36A6,
367A,
37EC,
36B4,
2F4C,
29A2,
276A,
2675,
25C5,
2230,
1C08,
1DF6,
24BE,
2799,
24C8,
1FDE,
1A8B,
1C26,
2486,
2884,
2721,
25D1,
254F,
2640,
279E,
2ADA,
2ABC,
2BA5,
2B3D,
2DA1,
36AB,
4195,
45EB,
463A,
438F,
41A7,
4672,
4E28,
52B3,
530C,
515D,
5134,
51E9,
52C2,
5173,
4F68,
4A81,
421A,
4071,
44BD,
4BAF,
5173,
5626,
5827,
5951,
614F,
6987,
6DDE,
723D,
73F2,
6D4B,
6754,
610F,
594B,
5018,
4718,
3FC7,
3B7C,
3865,
36B9,
3769,
382C,
3A2D,
3C40,
3FC2,
455E,
4C20,
4EB9,
4DE0,
4C90,
4674,
3CD5,
3786,
3961,
3AB3,
3E95,
44CD,
4972,
4C7D,
517E,
5B5D,
67BB,
6F08,
7262,
72FF,
6CBA,
63AB,
5CCF,
56E5,
5067,
47DD,
3B20,
301E,
2564,
1AB6,
17F9,
1BBF,
19D7,
175E,
1B6A,
22C4,
2B10,
37CA,
3E58,
40AC,
45AC,
4C43,
5170,
555E,
54DD,
51DC,
4FD4,
4F40,
4EDA,
4DD6,
4C99,
4989,
43E3,
41E3,
4115,
3D97,
3AAA,
3894,
3533,
2F7A,
27D1,
2101,
1EBC,
1EB2,
1D28,
1935,
1638,
14B3,
1471,
1559,
190A,
1CD6,
2283,
27BE,
2C91,
34DF,
407F,
494A,
4F2F,
52E4,
54D0,
51DF,
5221,
5423,
5476,
4CEA,
455C,
3D86,
34F5,
2E2C,
28B5,
2656,
230C,
219A,
2168,
228F,
2297,
203D,
1D0D,
1983,
163F,
15D5,
16A8,
1865,
1AA9,
1CA9,
177B,
1572,
1408,
160B,
1B72,
2066,
22DB,
25D6,
29D8,
29D5,
26A7,
2403,
25BD,
28E1,
2AC3,
2B73,
2B4E,
2CC9,
30BB,
3225,
300A,
2CA2,
2B26,
2BD9,
301B,
33EC,
354A,
34FB,
3569,
35DB,
36FF,
3891,
3CA8,
4126,
4671,
4ACC,
4F8A,
53F8,
5743,
5976,
5B5F,
5D64,
60C0,
6344,
65A5,
6609,
63BE,
5FD0,
5B94,
575D,
57AE,
586E,
54CB,
4FCA,
4AE9,
470B,
431A,
3F9F,
3D03,
3B52,
3910,
370F,
3536,
3330,
324F,
36F3,
39B7,
3B01,
3EC7,
42F6,
4561,
4C15,
4F9A,
4FF5,
5268,
54C6,
5539,
57DF,
59BE,
5B95,
5D56,
5C69,
5AA8,
580B,
5801,
592A,
582A,
5595,
5596,
5873,
5D13,
6035,
5B87,
5607,
5163,
4E3E,
509E,
59D6,
5BFF,
5741,
51FA,
4EF5,
4DB7,
503C,
53AD,
5037,
49DD,
47D8,
47F6,
46EB,
480E,
46E3,
440B,
41A0,
3FEE,
3E23,
3E42,
40CA,
3D5C,
3989,
37CB,
3763,
39B6,
3BF0,
3B19,
3967,
39CA,
3B12,
39B7,
38D5,
3773,
358B,
33EC,
34FD,
33B4,
348B,
3606,
3428,
3344,
3732,
3A1C,
3752,
3298,
2A2B,
2416,
26B1,
29B9,
250C,
1B5A,
175A,
193D,
1EB7,
2733,
2988,
22DA,
1B65,
16B2,
125C,
0E47,
09B6,
027A,
FA0D,
FACD,
0563,
14AD,
1F72,
22DA,
2216,
1A91,
11CB,
0C87,
06E0,
FDD0,
FAAC,
FA5A,
FB92,
FE8E,
0031,
FCB3,
F3C1,
EF20,
EBF1,
ECF1,
F317,
F591,
F5F3,
FAF3,
F885,
F0B5,
F1CA,
F590,
F72D,
F6E0,
F62D,
F73B,
FDE7,
050F,
0412,
00DE,
03B4,
01C1,
FE40,
02D6,
0658,
087A,
0CC5,
0F15,
0C73,
0644,
02B4,
FF92,
FCAE,
F9C3,
FF8A,
028E,
0177,
09C4,
11B2,
08EC,
FE28,
FA92,
EF18,
E55B,
E52F,
E25D,
DA52,
DDB0,
E061,
E2DE,
EA60,
EE5F,
E9DB,
ECFF,
ED8D,
EF74,
F2C4,
F307,
EFFC,
EB58,
E3D9,
DB13,
D7EB,
D4FE,
D4DD,
D7F7,
DBB2,
DF74,
E40A,
E660,
E6AB,
E77B,
EA1A,
EFD1,
FCA4,
0333,
0633,
0863,
05AF,
04AE,
0A26,
04A7,
FC0E,
F712,
F345,
F7B1,
FC4F,
FEC2,
FA44,
F2A6,
EEAA,
EBD1,
EBF9,
F5FA,
FE78,
0159,
048A,
0317,
0413,
07A1,
0BF6,
04DB,
FAE9,
F2D0,
EFE1,
F38F,
FAB5,
F6FF,
EADA,
E211,
DB45,
DAD5,
E062,
E85D,
EC1A,
EECF,
ECCD,
EE06,
F145,
F339,
F198,
EC4D,
E83D,
E866,
F26F,
FCBA,
FEAA,
F9EC,
F180,
E543,
D985,
D5C7,
D65D,
D93F,
DC45,
E08A,
E1CF,
E3B9,
E4AA,
DDD0,
D5D4,
D0F9,
D2A2,
DA74,
E4DE,
EB79,
EA7A,
E3AF,
E0D4,
E1AB,
DF8D,
DF5F,
DF60,
DF34,
E085,
E6E5,
EB80,
EA20,
DF55,
CEA3,
BF16,
BE4D,
CAF3,
D4A7,
D60B,
C96D,
BD51,
BDCB,
C5A0,
D473,
DAD0,
CE8E,
AEE8,
9680,
98AD,
B296,
D756,
FBB1,
0A26,
ED5C,
B660,
8F12,
8FCE,
AFA3,
E230,
103A,
18DF,
F1AC,
B62D,
9D13,
AC10,
C899,
E997,
F0F8,
DE3A,
B678,
9897,
A28D,
BB90,
C81E,
CFA8,
CF88,
C09C,
C1CB,
C6F4,
C55B,
BD5C,
B81B,
B93D,
C58A,
CD2F,
D69B,
DD44,
D871,
D185,
CF47,
BFC9,
B6A3,
B697,
B8CC,
B8DC,
BD2B,
BF29,
B980,
B234,
AC2D,
A468,
A7F4,
B176,
B95D,
BD06,
C39D,
C859,
D01A,
D59B,
DA08,
D81F,
D3ED,
D3EF,
D550,
D57B,
D39D,
CCE3,
BE04,
AD94,
9E20,
98A6,
9EF4,
AD0A,
BE1E,
C498,
C058,
B9CB,
B7B9,
B8F9,
C119,
CD4D,
D6C6,
DAE2,
DD73,
DCFF,
E1A1,
EBC0,
F164,
EF7E,
E9E4,
E72C,
E5A1,
E520,
E8B2,
E5AD,
DABB,
D19A,
C708,
BE65,
BB3F,
B6AA,
B160,
B20B,
BA74,
C701,
CE6A,
D2DF,
D648,
D7B3,
DAFD,
E265,
EBE7,
F02C,
F21C,
F589,
F440,
EA51,
E18A,
DBCC,
D0EA,
C887,
C106,
BDF9,
BE81,
C5BC,
CCBC,
CA76,
C857,
D123,
E5AE,
F596,
0239,
12BE,
1D4B,
206E,
25F9,
1E40,
14DF,
0CD6,
073C,
F8C8,
EBA5,
E5E7,
DEBB,
D626,
C7F6,
B988,
C5DA,
C5D1,
C700,
C461,
C0B4,
C49F,
CEC4,
DE22,
DD1C,
DD83,
E07F,
E73F,
F099,
FE29,
0D14,
1275,
12EF,
0CD3,
01DB,
FE49,
00AA,
FC82,
F2FC,
E920,
E4AE,
DFAA,
D9CB,
CB74,
BDB0,
B7B9,
B67D,
BB13,
BEE0,
BED7,
BA48,
B774,
B736,
B907,
C036,
C8F4,
C98C,
C806,
CEF9,
D7D3,
DE42,
E004,
DAAE,
D55A,
CB3E,
C192,
C306,
C744,
C763,
C52B,
BB81,
B457,
B648,
BA6F,
BBDD,
BB86,
B4D9,
A8D6,
A0FF,
A542,
AB06,
AF7A,
ABD9,
A396,
9E97,
9C0C,
9AF6,
9DB6,
9D69,
9955,
9620,
981B,
9EF7,
A270,
A2AC,
9F4E,
9DED,
A4F9,
B0A3,
BD6E,
C781,
CD5F,
C523,
B92D,
AFF5,
AE5F,
AA80,
A862,
A0E1,
9441,
8E4A,
9387,
950D,
8DC8,
854F,
8026,
82DC,
89F7,
8E52,
958A,
A093,
A770,
A355,
AB0A,
B714,
B3B5,
A953,
ACC5,
BCEC,
C4B9,
BF49,
BCB0,
C07A,
C00B,
B7BA,
B110,
B20F,
B13C,
ACD1,
A6F2,
AB5D,
AC65,
B1FA,
BA33,
C066,
BA78,
BF65,
C5BE,
CFED,
DE09,
E478,
E974,
ED87,
F4F4,
F978,
F246,
E74C,
D87C,
CC39,
C686,
C4B2,
C1EA,
B8E7,
AD23,
A6BA,
A58A,
9F78,
9E7A,
AA38,
B997,
C1FA,
CA6D,
D633,
DFB8,
EB00,
E88C,
E4DA,
EBFF,
F665,
FEB6,
03A1,
0A00,
122E,
18A7,
1AED,
1BDC,
1C8B,
17AC,
0D21,
01D3,
FA98,
F114,
E9E8,
E176,
D7B5,
CECB,
CBB6,
CD67,
D665,
E32B,
F596,
08C7,
1365,
1B2D,
2158,
22E6,
2211,
2456,
246A,
1B06,
0DC0,
FFCD,
F412,
E73D,
DC6D,
D0D7,
C8B8,
C430,
CA2B,
DEB6,
F55B,
0106,
062C,
1291,
1D18,
216E,
2622,
28EB,
26C6,
251B,
2CAE,
2F25,
212C,
07EF,
FD3F,
FB55,
F536,
EA38,
E5FB,
E13F,
E190,
E5D1,
E6D0,
E3FE,
E0FF,
E07F,
E0AE,
EA38,
F77C,
0105,
05F4,
0929,
0B38,
0E15,
0D05,
0DE2,
1316,
1748,
1E41,
1BCE,
16E2,
162B,
150E,
0E0C,
0279,
F894,
F70C,
F6AA,
F14B,
E704,
D7D1,
C9CE,
BCDA,
B377,
B212,
B637,
BE80,
C59F,
C8FE,
D3B9,
E791,
F9A0,
01FB,
0C08,
117D,
17F2,
1D69,
20C1,
1CEF,
154E,
1103,
0C6D,
0413,
FA92,
F4D5,
F0C5,
EDD3,
E6D5,
E45E,
E8FD,
F185,
F19D,
F252,
F371,
F3E2,
F070,
EDC7,
EABE,
F093,
F698,
F48F,
F2B6,
F2F8,
F34D,
F32C,
F21D,
EF8E,
F171,
F4CC,
F0E9,
F110,
F4AC,
F526,
F0EE,
E964,
E501,
E7A9,
ED32,
F6F9,
FAE3,
F43C,
F2B3,
F805,
FCFB,
FEB8,
00B1,
03AF,
05A4,
0686,
0787,
07E1,
0A52,
0FEA,
0F2A,
0F16,
1011,
177A,
1FE1,
23D3,
26C7,
28A8,
2923,
2EB6,
327C,
2E5B,
309E,
362B,
36DA,
36A0,
384F,
3742,
2FAD,
2A0D,
2803,
26FD,
2611,
2252,
1C16,
1E23,
2521,
2832,
2519,
1F80,
19B4,
1B7B,
246C,
28C7,
2789,
2634,
2575,
263E,
27AA,
2B26,
2B26,
2C85,
2CA4,
2F24,
3806,
4359,
4852,
48BE,
45AF,
4385,
48AB,
5119,
5602,
5623,
540E,
5366,
53C9,
5509,
540E,
519E,
4C1C,
433F,
418C,
45FE,
4D27,
52E3,
5775,
5969,
5AC9,
6371,
6C5D,
7119,
75D2,
77D0,
7102,
6AC4,
63F2,
5B64,
515A,
476A,
3EFE,
39D1,
35DF,
3334,
3341,
33BA,
358C,
37E5,
3C80,
437E,
4B88,
4F60,
4FF1,
500E,
4AE2,
41AF,
3CA6,
3ECB,
3FE6,
432A,
4887,
4C05,
4E0C,
5298,
5C0F,
67A1,
6E1F,
70FF,
7154,
6AE7,
6203,
5B95,
5611,
4FC6,
476F,
3A97,
2F31,
246E,
1A35,
17CB,
1BCB,
1A10,
17D5,
1C4A,
2418,
2CB7,
3A13,
4123,
43D4,
495E,
508D,
5602,
59F5,
591B,
5588,
531D,
5225,
510C,
4F57,
4D75,
499C,
431D,
406E,
3F03,
3B43,
3867,
3696,
3379,
2DEC,
266D,
1FEB,
1E2F,
1EFE,
1E37,
1AB2,
181A,
16F8,
170E,
182C,
1C0B,
1FF7,
25B1,
2AB5,
2F41,
379D,
43A9,
4CCF,
52B7,
5631,
57EA,
5498,
5481,
5650,
5698,
4E84,
4664,
3E18,
3507,
2DDF,
282E,
25AF,
222A,
20CE,
20E8,
2282,
2319,
2137,
1E04,
1A62,
1752,
173D,
1864,
1A8C,
1CF3,
1EE9,
193B,
16BC,
1500,
1707,
1C82,
216E,
23CE,
26DD,
2B16,
2AFB,
276B,
249E,
26B0,
2A2A,
2C0E,
2CB2,
2C9D,
2E4F,
3280,
33F4,
31C1,
2E2D,
2C9C,
2D70,
3217,
363E,
37D1,
37A3,
382A,
389F,
39CE,
3B78,
3FB6,
4451,
49D0,
4E50,
531A,
579E,
5AFA,
5D09,
5EB7,
60A2,
63F1,
662A,
682D,
6840,
659E,
6133,
5C5C,
578A,
57AE,
5866,
546C,
4F16,
4A0C,
4643,
42AD,
3FA6,
3D4A,
3BDD,
39DC,
37FE,
3639,
345B,
33B2,
38DE,
3BF6,
3D48,
410B,
4538,
4771,
4E27,
518D,
51A8,
5401,
5668,
56BB,
5955,
5B21,
5CEB,
5E8F,
5D69,
5B71,
58AA,
58AD,
5A05,
5901,
5638,
5642,
5963,
5E42,
6185,
5CA5,
56FA,
5247,
4F40,
51E8,
5B82,
5DAA,
58A9,
531D,
5016,
4F08,
51C6,
5558,
519D,
4ADE,
48D0,
4909,
47D9,
48D8,
477C,
4488,
423C,
40A8,
3ED0,
3ED6,
4166,
3DA3,
3978,
3780,
3731,
39E5,
3C77,
3BCA,
3A47,
3ACC,
3C38,
3AD1,
39D9,
3852,
3667,
34DB,
3614,
349D,
353D,
368A,
3481,
33AE,
37F7,
3B0A,
37D2,
326C,
293F,
22D8,
2617,
2A19,
25BC,
1B6E,
1689,
17A3,
1D19,
26B1,
2A89,
2508,
1E28,
192A,
13AC,
0E5F,
095A,
0257,
FA95,
FCA3,
0816,
1738,
2157,
23C8,
21E4,
19C5,
1157,
0C94,
073F,
FE97,
FBED,
FB64,
FC39,
FEFC,
004C,
FC70,
F32B,
EECB,
EC3E,
EDDE,
F45B,
F6D1,
F6C7,
FB45,
F821,
EFD5,
F121,
F53B,
F73B,
F798,
F762,
F836,
FE7B,
0558,
0420,
00FA,
0400,
01AC,
FE32,
0356,
06A4,
08D7,
0DDA,
0F92,
0BA7,
0582,
01EB,
FE54,
FCBB,
FA8C,
FF57,
021A,
0110,
085A,
106B,
0890,
FDBF,
FA0D,
EE9A,
E46F,
E414,
E16E,
D95D,
DD00,
DF7D,
E140,
E862,
EC93,
E841,
EC1D,
ED41,
EF8B,
F2BD,
F2CF,
EFEA,
EB5B,
E3DE,
DB75,
D8B0,
D579,
D52C,
D7E0,
DB3D,
DF42,
E410,
E642,
E676,
E6C5,
E914,
EEF7,
FC2B,
033C,
067F,
0887,
05CC,
04F9,
0ADE,
05D0,
FD21,
F7C1,
F382,
F7B7,
FC37,
FE93,
F9CD,
F1E4,
ED8D,
EA53,
EA8B,
F4B8,
FD82,
0088,
03D2,
028A,
03F3,
0811,
0D61,
066A,
FBF0,
F318,
EF84,
F34A,
FB09,
F78B,
EB3B,
E20A,
DAAE,
D995,
DEA5,
E6E1,
EB55,
EEDF,
ED3B,
EE07,
F07B,
F1C5,
EFE1,
EAE4,
E774,
E839,
F2E0,
FCFE,
FDFC,
F83B,
EF26,
E2AF,
D701,
D38E,
D441,
D6FA,
D9EB,
DE30,
DF4E,
E14C,
E2B5,
DC44,
D49C,
CFE6,
D1FE,
DA9C,
E5E5,
ECC0,
EB24,
E362,
E001,
E0E6,
DF21,
DF36,
DF25,
DE80,
DF25,
E542,
E9BB,
E816,
DCE3,
CBB4,
BBE3,
BBB6,
C9A8,
D465,
D5D3,
C7C8,
BA7A,
BB54,
C4DE,
D61C,
DDA9,
D01A,
AD48,
92DC,
95F7,
B270,
D946,
FDE9,
0A31,
E9E1,
B18E,
8C3F,
8F57,
AF93,
E1D2,
0F32,
167F,
EEFC,
B481,
9C3B,
AADF,
C6B2,
E7AE,
EEDF,
DCED,
B687,
993B,
A28A,
BA44,
C55C,
CBE0,
CBBB,
BD84,
BFEF,
C647,
C57B,
BD5F,
B788,
B7E0,
C38B,
CB12,
D520,
DC74,
D865,
D254,
D035,
BFFB,
B6D3,
B6AA,
B8C2,
B923,
BD92,
BFB5,
BA73,
B308,
AC5C,
A3E3,
A68C,
AF4D,
B6E3,
BA5F,
C186,
C773,
D07B,
D702,
DBB5,
D91E,
D43D,
D40C,
D56F,
D5BB,
D3A4,
CC82,
BCF5,
ABBF,
9BD1,
9665,
9CEB,
AB67,
BCB0,
C2AB,
BDF3,
B7BA,
B6B4,
B8F5,
C18E,
CDCB,
D6D7,
DA91,
DD56,
DD91,
E319,
EDD0,
F318,
F079,
EA2D,
E744,
E5BF,
E539,
E8E2,
E5C0,
DA39,
D0AD,
C5D1,
BD28,
BA00,
B4EF,
AEBA,
AEB3,
B6D3,
C3DF,
CC04,
D14C,
D52D,
D6EC,
DA9B,
E27E,
EC37,
F0D1,
F36A,
F797,
F6A8,
ECEB,
E468,
DEEB,
D3AC,
CAD7,
C20D,
BD85,
BD46,
C4BC,
CBA5,
C8F4,
C640,
CE61,
E283,
F266,
FF20,
10A9,
1C36,
1FDA,
2592,
1D95,
13D8,
0C4F,
079B,
F936,
EB40,
E58A,
DE29,
D656,
C7B0,
BA35,
C22B,
C095,
C301,
C052,
BD80,
C1E0,
CCF3,
DD2A,
DCC6,
DD69,
E0E8,
E870,
F2E3,
014E,
110F,
1699,
1775,
1158,
05BD,
0147,
02E4,
FDCF,
F3BF,
E933,
E3F7,
DDA8,
D687,
C6C6,
B7C8,
B0DE,
AF6A,
B43E,
B882,
B929,
B550,
B31F,
B3D7,
B6D7,
BF6B,
C95C,
CAF9,
CAA7,
D30E,
DCF4,
E3F3,
E5BB,
E025,
DA26,
CE4E,
C28D,
C2AC,
C5F4,
C56F,
C283,
B747,
AE24,
AE95,
B1C2,
B2BF,
B28D,
AC87,
A18E,
9AFE,
A0BC,
A7EA,
ADBD,
AB27,
A3BB,
9F91,
9DDC,
9DE0,
A1C7,
A1F7,
9D9B,
99A5,
9A83,
9FDE,
A197,
A0A6,
9C44,
99C8,
A020,
AB63,
B7D8,
C1B4,
C76B,
BECF,
B301,
AAC4,
AABD,
A7B9,
A601,
9F1B,
935D,
8E8B,
951F,
9709,
8EDF,
8595,
8038,
82A3,
88BD,
8C56,
93FF,
9F81,
A5B7,
A00C,
A66C,
B184,
ADD2,
A3A6,
A79C,
B8D2,
C22B,
BE0D,
BBE9,
BF9E,
BF7C,
B807,
B263,
B44D,
B415,
B091,
AB3A,
AF7A,
AFAB,
B4B6,
BC0F,
C0EB,
B93B,
BD74,
C390,
CD83,
DB38,
E0C9,
E4EE,
E880,
F002,
F493,
ED70,
E3BF,
D671,
CA96,
C4D1,
C37B,
C134,
B85A,
ACA8,
A63F,
A528,
9F5B,
9E94,
AA60,
BA1A,
C311,
CBCA,
D74D,
E020,
EB3A,
E8DE,
E57C,
EC8F,
F670,
FE7F,
038F,
0A1B,
1250,
18DC,
1B40,
1C73,
1DB5,
1957,
0F22,
0432,
FD0B,
F2F2,
EB01,
E1A5,
D71D,
CD96,
C9D5,
CA6F,
D273,
DEBC,
F103,
03DB,
0E6F,
170F,
1E5E,
2110,
21B2,
25BC,
274C,
1E9E,
1161,
0320,
F782,
EAF4,
DFBE,
D299,
C8B6,
C30F,
C8E9,
DD75,
F373,
FE2B,
02EA,
0FB1,
1AB9,
1FBD,
25CC,
299B,
27B2,
262B,
2DDA,
2FB6,
2168,
0837,
FD56,
FAC9,
F47A,
E92F,
E41F,
DE6E,
DE5D,
E25D,
E370,
E155,
DF52,
DFDE,
E0DD,
EB07,
F893,
024C,
07C1,
0B95,
0DC0,
1069,
0F0C,
0FD6,
14E7,
17E0,
1D17,
1973,
1483,
13C8,
11EC,
0A25,
FE1D,
F3CE,
F222,
F236,
EDAC,
E3DD,
D466,
C63A,
B981,
B082,
AF98,
B454,
BD34,
C4B6,
C865,
D383,
E805,
FB66,
04FF,
0FAD,
1534,
1C05,
21C4,
2518,
20EF,
1902,
1459,
0E81,
0465,
F9CD,
F39A,
EEED,
EB20,
E341,
E073,
E4F8,
ED78,
EDAB,
EEF7,
F0AC,
F194,
EE97,
ECAF,
EA33,
F08B,
F701,
F50A,
F304,
F322,
F39B,
F3D9,
F2F4,
F01C,
F1C0,
F4E0,
F059,
F00A,
F35C,
F399,
EF5F,
E7CE,
E326,
E590,
EB22,
F556,
F98D,
F2F3,
F1CE,
F7D5,
FDA2,
FFFB,
022D,
0547,
0795,
0901,
0A6F,
0AE2,
0D4C,
1305,
1259,
1221,
1247,
193F,
2220,
265A,
28BF,
29E7,
2A12,
2F93,
330C,
2E75,
30BF,
3678,
3715,
36CA,
38B4,
37DE,
3035,
2AAA,
28CA,
27AD,
2682,
229B,
1C50,
1E73,
25A4,
28F0,
2593,
1F49,
1908,
1AF5,
245E,
290C,
27FB,
26AE,
25C0,
2667,
27D9,
2B84,
2BA2,
2D7E,
2E32,
30D1,
3988,
4542,
4AEB,
4B81,
481D,
45C0,
4B42,
545C,
59A0,
5993,
5727,
560D,
562D,
57D6,
5729,
5452,
4E35,
44E1,
4318,
47A3,
4EF7,
54A1,
590B,
5AF3,
5C8A,
65D7,
6F70,
7488,
798F,
7BD1,
74E7,
6E67,
670B,
5DB8,
52DD,
47FA,
3E6D,
385D,
338B,
2FDF,
2F4A,
2F78,
3113,
33B5,
3979,
41E3,
4B39,
505F,
5267,
53F5,
4FC1,
470B,
4258,
44C6,
45A5,
483B,
4C9F,
4EE3,
4FE3,
53FB,
5CFC,
679A,
6D25,
6F7D,
6F8D,
6905,
6051,
5A52,
553D,
4F3B,
472D,
3A55,
2E9F,
23E2,
1A26,
1811,
1C51,
1AD7,
18E9,
1DC3,
25F7,
2ED9,
3CC2,
444E,
4760,
4D74,
5536,
5AF4,
5EE7,
5DAB,
5980,
56A6,
553E,
536A,
5101,
4E74,
49D0,
427B,
3F15,
3CFD,
38F4,
362A,
349F,
31C9,
2C73,
2533,
1F16,
1DF2,
1F9D,
1F97,
1C83,
1A54,
199A,
1A0B,
1B5E,
1F68,
2371,
292A,
2DEA,
322A,
3A8F,
46FB,
5072,
5657,
5999,
5B28,
5782,
5709,
5895,
58C9,
503B,
479C,
3EED,
355E,
2DCA,
27DC,
253A,
2178,
2031,
209D,
22A8,
23C8,
2262,
1F31,
1B79,
189E,
18DC,
1A4F,
1CD8,
1F5F,
2147,
1B24,
1833,
1628,
1834,
1DBD,
229D,
24EA,
280E,
2C7C,
2C4E,
2866,
2579,
27E2,
2BAE,
2D94,
2E2E,
2E30,
301B,
3482,
35FC,
33B6,
2FFC,
2E5B,
2F54,
3456,
38CF,
3A9B,
3A95,
3B37,
3BB3,
3CEE,
3EB2,
4315,
47CE,
4D7F,
5225,
56FA,
5B8F,
5EFB,
60E5,
6259,
642D,
676E,
6956,
6AF3,
6AB2,
67BF,
62E3,
5D77,
580E,
57FC,
58A4,
5457,
4EB2,
4987,
45D3,
429A,
400B,
3DF1,
3CCC,
3B12,
3955,
37A2,
35EA,
3578,
3B20,
3E8E,
3FF2,
43B1,
47D7,
49DE,
5082,
53BC,
5394,
55D1,
5841,
587C,
5B0B,
5CC2,
5E81,
6009,
5EB0,
5C84,
5995,
59A1,
5B27,
5A25,
5738,
5757,
5ABC,
5FCD,
631E,
5E14,
5849,
5394,
50B6,
539E,
5D7A,
5F95,
5A5B,
5491,
5188,
50A9,
5390,
5735,
5337,
4C21,
4A12,
4A65,
490C,
49DB,
4848,
453D,
4313,
41A3,
3FC2,
3FAB,
4236,
3E22,
39A9,
377A,
3747,
3A59,
3D3F,
3CBE,
3B6A,
3C0E,
3D9E,
3C2D,
3B1B,
396E,
377F,
3601,
3757,
35AB,
3609,
3723,
34FD,
344B,
38EE,
3C20,
3872,
324A,
2853,
21A2,
258C,
2A8D,
2684,
1B9D,
15CA,
1614,
1B87,
2641,
2BAD,
2770,
212A,
1BD3,
1523,
0E97,
091D,
0259,
FB4D,
FEA8,
0AFD,
19FB,
2375,
24F3,
21F4,
1938,
1111,
0CB7,
07A6,
FF68,
FD39,
FC85,
FCFE,
FF81,
0072,
FC2E,
F28E,
EE6C,
EC8C,
EEDC,
F5B8,
F828,
F7A9,
FB98,
F7BB,
EEF3,
F06B,
F4D5,
F732,
F837,
F885,
F921,
FF02,
059A,
041E,
00FD,
0435,
0186,
FE19,
03DC,
070F,
094E,
0EFB,
1007,
0AB7,
0490,
0102,
FD08,
FCBF,
FB48,
FF05,
0181,
008B,
06D5,
0F10,
0825,
FD3F,
F96C,
EE09,
E377,
E2F0,
E077,
D85E,
DC32,
DE67,
DF6A,
E636,
EAA2,
E695,
EB37,
ECF9,
EF9C,
F2AA,
F282,
EFBE,
EB48,
E3D5,
DBDA,
D982,
D600,
D584,
D7D4,
DAD3,
DF14,
E407,
E604,
E61A,
E5EC,
E7F0,
EE07,
FB91,
0316,
0692,
086B,
05AA,
050B,
0B60,
06D0,
FE23,
F86F,
F3C2,
F7B7,
FC16,
FE55,
F94D,
F11E,
EC6A,
E8DB,
E92F,
F383,
FC8E,
FFAE,
02F9,
01D8,
03B6,
086E,
0EBF,
07FC,
FCFE,
F35E,
EF20,
F2F6,
FB46,
F80F,
EBA5,
E209,
DA1D,
D85A,
DCEC,
E56A,
EA9B,
EEEF,
ED9E,
EDE5,
EF78,
F00C,
EDF3,
E954,
E68D,
E7EF,
F321,
FCFE,
FD09,
F64F,
EC9E,
DFFD,
D46C,
D13D,
D202,
D493,
D77E,
DBCC,
DCCB,
DEDC,
E0A8,
DA9A,
D34B,
CEC3,
D156,
DAC3,
E6D8,
EDE0,
EB99,
E2DE,
DEF8,
DFF1,
DE89,
DEDB,
DEB2,
DD92,
DD8F,
E363,
E7AC,
E5B6,
DA1C,
C878,
B878,
B8F8,
C83B,
D402,
D569,
C5DC,
B74D,
B88D,
C3F6,
D7CB,
E0A3,
D1AD,
AB75,
8EDB,
92ED,
B21E,
DB35,
002D,
0A2A,
E621,
AC5F,
8910,
8E8B,
AF3E,
E133,
0DE4,
13D7,
EBF2,
B278,
9B05,
A94D,
C47C,
E57B,
EC8F,
DB7E,
B679,
99B6,
A248,
B8AE,
C25B,
C7EE,
C7CC,
BA57,
BDED,
C556,
C551,
BD1F,
B6A6,
B631,
C137,
C899,
D34E,
DB4F,
D802,
D2D0,
D0C9,
BFE0,
B6C0,
B685,
B88E,
B956,
BDEE,
C03E,
BB6D,
B3E0,
AC85,
A352,
A500,
ACE2,
B406,
B74C,
BF02,
C627,
D07A,
D80B,
DCF8,
D9AA,
D417,
D3B8,
D531,
D5B2,
D36D,
CBE6,
BBAC,
A9B5,
9960,
9410,
9AD2,
A9B3,
BB24,
C0A5,
BB8C,
B5B8,
B5BF,
B8F7,
C1F8,
CE27,
D6B0,
D9FF,
DCF1,
DDDF,
E450,
EF91,
F477,
F128,
EA32,
E717,
E597,
E514,
E8D4,
E5A4,
D9A1,
CFB1,
C48F,
BBE4,
B8B5,
B326,
AC08,
AB4A,
B316,
C093,
C96E,
CF87,
D3DB,
D5EC,
DA00,
E25E,
EC4F,
F146,
F48C,
F97E,
F8F8,
EF83,
E750,
E212,
D67F,
CD34,
C31E,
BD13,
BC05,
C3A3,
CA6A,
C757,
C410,
CB7A,
DF12,
EEE2,
FBB2,
0E33,
1AB7,
1ED8,
24AD,
1C7E,
1278,
0B83,
07B5,
F972,
EAC0,
E515,
DD8F,
D695,
C795,
BB3B,
BED9,
BBBF,
BF6A,
BCA6,
BAA5,
BF62,
CB46,
DC31,
DC7F,
DD57,
E140,
E97B,
F4F7,
0429,
149F,
1A47,
1B8B,
1582,
0964,
0415,
04E5,
FEE5,
F460,
E939,
E331,
DB94,
D333,
C223,
B1FC,
AA20,
A875,
AD74,
B21E,
B368,
B045,
AECB,
B094,
B4CB,
BEBA,
C9C9,
CC66,
CD57,
D738,
E231,
E9C9,
EB94,
E5BC,
DEFF,
D15F,
C389,
C247,
C48A,
C350,
BF93,
B2C2,
A7A8,
A68D,
A8A7,
A921,
A912,
A3C0,
99E2,
94AA,
9BE4,
A488,
ABD3,
AA67,
A3F1,
A0B1,
9FDA,
A104,
A61B,
A6CE,
A22D,
9D71,
9D1B,
A0CB,
A0AA,
9E87,
9926,
9586,
9B05,
A5AF,
B1A5,
BB38,
C0BB,
B7CD,
AC43,
A521,
A6B8,
A49F,
A35C,
9D2B,
9270,
8EDD,
96D7,
9939,
903B,
8627,
809D,
82BA,
87BB,
8A7C,
928B,
9E83,
A403,
9CBF,
A19F,
ABA3,
A792,
9D90,
A1FD,
B439,
BF27,
BC7A,
BAEE,
BEA0,
BED7,
B84C,
B3B9,
B69B,
B715,
B48B,
AFD9,
B3EC,
B347,
B7B6,
BE0D,
C161,
B7E8,
BB57,
C122,
CABC,
D7E8,
DC8D,
DFCE,
E2D4,
EA4D,
EED3,
E7D3,
DF8C,
D3F3,
C8B7,
C309,
C249,
C09A,
B803,
AC7D,
A62C,
A53D,
9FCD,
9F4C,
AB25,
BB2A,
C4A8,
CD94,
D8B4,
E0BA,
EB79,
E92C,
E61E,
ED0E,
F652,
FE05,
031E,
09C2,
11F7,
189E,
1B34,
1CC1,
1EA1,
1AD4,
110A,
0694,
FFA3,
F514,
EC66,
E228,
D6DA,
CCB6,
C842,
C7B7,
CEA8,
DA60,
EC5B,
FEA5,
090B,
126D,
1AD9,
1EBA,
20DB,
26AB,
29CA,
21F4,
14DF,
067A,
FB1F,
EEF8,
E367,
D4BD,
C917,
C25E,
C823,
DCA4,
F1D2,
FB61,
FF98,
0CAD,
1825,
1DC6,
251B,
29E9,
2848,
26F8,
2EBE,
2FFB,
2164,
085E,
FD58,
FA33,
F3C6,
E84D,
E280,
DBE2,
DB5F,
DF17,
E040,
DEE8,
DDF3,
DF94,
E16D,
EC37,
F9EF,
03B1,
0997,
0E04,
1043,
12A0,
10E7,
1197,
166B,
180F,
1B5C,
167D,
118B,
10C4,
0E21,
059C,
F932,
EE9C,
ECF1,
ED96,
E9F6,
E0B6,
D125,
C2F9,
B6A2,
AE1A,
ADB1,
B2FF,
BC5C,
C425,
C818,
D38A,
E89D,
FD3A,
0803,
1332,
18C0,
1FE9,
25EF,
2932,
24B7,
1C91,
1792,
107B,
04A1,
F8F2,
F24A,
ED09,
E85F,
DFA8,
DC85,
E0F0,
E95F,
E9B0,
EB89,
EDCB,
EF25,
EC9F,
EB75,
E991,
F065,
F747,
F567,
F32B,
F322,
F3CE,
F478,
F3C3,
F0B2,
F21B,
F4F6,
EFCE,
EF07,
F20C,
F20D,
EDD4,
E643,
E159,
E37E,
E916,
F3A9,
F81F,
F19A,
F0E2,
F7A6,
FE4B,
0141,
03B5,
06F0,
0998,
0B98,
0D80,
0E17,
107D,
1653,
15C5,
1569,
14B8,
1B34,
2487,
2903,
2ACD,
2B34,
2B17,
3082,
33A8,
2EA1,
30E8,
36B7,
3737,
36D5,
38F7,
3864,
30C6,
2B5D,
29A4,
2869,
26FC,
22F3,
1CA2,
1ED2,
262D,
29B8,
261C,
1F24,
1879,
1A83,
2444,
2938,
285D,
2728,
261B,
26A6,
2816,
2BD9,
2C15,
2E79,
2FCB,
328B,
3B0C,
4723,
4D86,
4E54,
4AAC,
482E,
4E07,
57BD,
5D53,
5D22,
5A72,
58F8,
58E6,
5AF6,
5A92,
5753,
509F,
46D9,
44ED,
497F,
50EC,
5674,
5AAF,
5C87,
5E56,
683B,
7273,
77D8,
7D20,
7FA1,
78AB,
71F3,
6A15,
600A,
546B,
489B,
3DF2,
36FF,
314C,
2C9F,
2B6A,
2B4C,
2CA6,
2F95,
368C,
4066,
4B07,
5183,
550D,
580E,
54DE,
4CBE,
4874,
4B26,
4BC1,
4D95,
50E1,
51D5,
51CC,
556E,
5DE3,
675F,
6BCE,
6D8F,
6D5F,
66CC,
5E56,
58C9,
5432,
4E93,
46EB,
3A37,
2E50,
23AE,
1A7E,
18C4,
1D47,
1C25,
1A94,
1FCD,
2850,
315F,
3FB5,
47AE,
4B24,
51BE,
5A0A,
600B,
63F5,
6251,
5D88,
5A39,
5854,
55C0,
529F,
4F65,
49F7,
41D4,
3DAF,
3ADD,
3688,
33D1,
328E,
3004,
2AF5,
240E,
1E72,
1DF4,
2080,
2139,
1E9A,
1CD8,
1C8C,
1D59,
1EE1,
230F,
272E,
2CD6,
3142,
352F,
3D92,
4A49,
5400,
59D6,
5CE1,
5E4F,
5A63,
597F,
5ABB,
5AD2,
51DC,
48D8,
3FDC,
35D9,
2DD3,
27A6,
24E0,
20E2,
1FAF,
2072,
22E9,
248D,
23A7,
2082,
1CB9,
1A18,
1AA4,
1C5B,
1F3C,
21DC,
23AF,
1D2A,
19CC,
1778,
1988,
1F17,
23E2,
261D,
2955,
2DF2,
2DB6,
2983,
2682,
293F,
2D55,
2F3A,
2FCE,
2FEE,
3211,
36A0,
381C,
35CA,
31F4,
3049,
3167,
36B9,
3B7B,
3D83,
3DAD,
3E6B,
3EF1,
403C,
421B,
469F,
4B72,
514F,
5617,
5AF3,
5F95,
630D,
64CE,
6608,
67C9,
6AF6,
6C87,
6DB4,
6D1D,
69E1,
64A0,
5EAC,
58B3,
5865,
58F5,
5458,
4E6F,
492D,
4593,
42BA,
40A6,
3ED3,
3DFA,
3C8E,
3AF5,
3950,
37BF,
3782,
3D96,
4159,
42D7,
4691,
4AA9,
4C79,
52F5,
55F3,
5586,
57A2,
5A1C,
5A46,
5CC7,
5E6B,
601D,
6187,
6002,
5DA8,
5A94,
5AA8,
5C58,
5B5E,
585E,
589D,
5C46,
6176,
64C3,
5F99,
59BE,
5515,
526A,
5588,
5F7D,
6181,
5C1C,
5620,
5318,
5263,
5564,
5908,
54D1,
4D77,
4B6D,
4BDA,
4A56,
4AE9,
491E,
4601,
43FF,
42B4,
40D1,
409A,
4311,
3EB5,
39F9,
379A,
3785,
3AF0,
3E26,
3DD1,
3CAD,
3D6D,
3F1F,
3DA7,
3C78,
3AA2,
38B0,
373D,
38A1,
36B8,
36C8,
37A9,
3576,
34F6,
39F0,
3D38,
3908,
320D,
2749,
205B,
24F6,
2AF9,
274C,
1BD7,
1513,
1482,
19F0,
25CB,
2CDB,
29FB,
245A,
1EA0,
16B6,
0EE8,
08FC,
0280,
FC3B,
00E1,
0E15,
1CEA,
25B9,
2648,
2231,
18DA,
10EF,
0CEB,
0814,
0045,
FE93,
FDC1,
FDE4,
001C,
00A6,
FBEF,
F1F3,
EE0C,
ECE5,
EFF4,
F734,
F99A,
F89F,
FBF0,
F75C,
EE1D,
EFB8,
F46B,
F71B,
F8C7,
F99B,
FA03,
FF82,
05D4,
040D,
00E9,
044E,
014C,
FDF5,
0468,
0795,
09DA,
101D,
106A,
0999,
0367,
FFF3,
FBAE,
FCB9,
FBF7,
FE91,
00C1,
FFE5,
052E,
0D96,
07A4,
FCA8,
F8B1,
ED6E,
E283,
E1D8,
DF8D,
D770,
DB5E,
DD33,
DD70,
E3EB,
E898,
E4E8,
EA59,
ECC0,
EFB3,
F294,
F22A,
EF82,
EB2E,
E3D2,
DC5E,
DA7C,
D6B1,
D603,
D7EF,
DA91,
DF00,
E401,
E5B5,
E5A6,
E4FB,
E6BC,
ED0B,
FAD4,
02B9,
0661,
0805,
0542,
04E0,
0BA1,
07A3,
FF14,
F921,
F40E,
F7B8,
FBEF,
FE09,
F8CA,
F05F,
EB4D,
E77A,
E7F9,
F264,
FBA0,
FEC6,
01FC,
00FE,
0355,
08B1,
1003,
098D,
FE14,
F3A8,
EEBC,
F299,
FB6F,
F890,
EC22,
E221,
D9A9,
D73C,
DB4E,
E408,
E9F9,
EF0D,
EE01,
EDAB,
EE43,
EE16,
EBD5,
E7AB,
E596,
E797,
F339,
FCBA,
FBCF,
F42B,
E9EF,
DD40,
D1E3,
CEF1,
CFBD,
D229,
D51A,
D975,
DA61,
DC7E,
DE97,
D8E9,
D1FB,
CDB1,
D0CA,
DAFE,
E7C4,
EEDC,
EBE0,
E230,
DDCB,
DEDC,
DDD7,
DE60,
DE19,
DC7C,
DBD7,
E156,
E55C,
E309,
D711,
C50E,
B503,
B643,
C6D1,
D39C,
D4E5,
C3C9,
B3F4,
B5A1,
C311,
D99D,
E3D4,
D364,
A9A4,
8AC3,
8FD3,
B1D4,
DD39,
027F,
0A0B,
E22B,
A705,
85D2,
8DB3,
AED7,
E063,
0C40,
10D4,
E896,
B03E,
99AC,
A78F,
C21A,
E30C,
EA13,
DA03,
B67E,
9A49,
A206,
B6FC,
BF3F,
C3F6,
C3DF,
B745,
BBF1,
C448,
C503,
BCC8,
B5A2,
B45E,
BEB2,
C5E4,
D13D,
D9EA,
D75D,
D30E,
D11A,
BF9A,
B697,
B655,
B85F,
B9A3,
BE6C,
C0F1,
BC9E,
B4EF,
ACDF,
A2F3,
A38D,
AA67,
B0F4,
B3FB,
BC38,
C498,
D032,
D8C9,
DDDF,
D9D3,
D391,
D30B,
D4AE,
D57C,
D315,
CB31,
BA57,
A7AF,
9714,
91F4,
98F4,
A82D,
B9AE,
BEB4,
B954,
B3FE,
B510,
B933,
C284,
CE81,
D66A,
D942,
DC58,
DDFD,
E54F,
F108,
F581,
F18A,
E9F9,
E6AE,
E535,
E4BB,
E893,
E569,
D90F,
CEC9,
C36B,
BACD,
B792,
B186,
A989,
A80D,
AF75,
BD4B,
C6CE,
CDAF,
D26D,
D4CE,
D943,
E211,
EC35,
F191,
F583,
FB3A,
FB2D,
F21F,
EA4E,
E555,
D97C,
CFBD,
C460,
BCD1,
BAEA,
C299,
C931,
C5C7,
C1F2,
C890,
DB70,
EB15,
F7F3,
0B53,
18B9,
1D4F,
232C,
1AE1,
10AF,
0A66,
0780,
F97D,
EA2E,
E498,
DD05,
D701,
C7CE,
BCC7,
BDBA,
B947,
BE11,
BB48,
BA15,
BEF2,
CB34,
DC33,
DD3A,
DE37,
E255,
EAEE,
F70B,
0680,
1714,
1CA5,
1E4B,
1894,
0C68,
0676,
0674,
FFBF,
F522,
E9C9,
E325,
DA76,
D11C,
BF56,
AE90,
A605,
A433,
A925,
AE00,
AFD1,
AD6F,
ACC2,
AFA4,
B4F4,
BFE3,
CBA5,
CF20,
D152,
DC65,
E824,
F025,
F1E7,
EBF2,
E496,
D58F,
C613,
C37B,
C4A4,
C2B1,
BE28,
B023,
A371,
A0D2,
A1BB,
A1A0,
A1AD,
9D39,
94C2,
910F,
9987,
A368,
AC01,
ABDF,
A6A3,
A46E,
A47B,
A6C7,
ACEA,
AE1F,
A95F,
A3FF,
A267,
A439,
A233,
9EF2,
98C6,
941A,
987E,
A21B,
AD1A,
B614,
BB2F,
B23D,
A75D,
A19F,
A4C9,
A3B7,
A2F9,
9DBC,
9465,
9237,
9B66,
9E3F,
94C4,
8A3A,
84B2,
8670,
8A28,
8BF1,
9423,
A037,
A4D5,
9C2D,
9F50,
A7DE,
A381,
99DF,
9E94,
B14B,
BD7E,
BC67,
BB99,
BF43,
BFDA,
BA68,
B70B,
BAD7,
BC0F,
BA9C,
B6C4,
BA8F,
B921,
BCCA,
C1DA,
C36C,
B872,
BAEC,
C02F,
C914,
D53D,
D8D2,
DB13,
DD73,
E496,
E8D8,
E23D,
DBAF,
D23F,
C820,
C2D6,
C2C7,
C1CE,
B9CE,
AEDB,
A8E3,
A834,
A359,
A331,
AEC5,
BE93,
C849,
D118,
DB6C,
E25A,
EC49,
EA12,
E76E,
EDFB,
F650,
FD59,
023C,
08B1,
10A8,
1743,
1A0E,
1BFC,
1E74,
1B5A,
1250,
08B9,
024D,
F7B5,
EE92,
E3C7,
D808,
CD8E,
C887,
C6D7,
CC76,
D73A,
E848,
F956,
0327,
0CEB,
162E,
1B22,
1EAC,
260E,
2AAC,
23FF,
178A,
098E,
FEEC,
F39B,
E80C,
D854,
CB4D,
C3C5,
C95D,
DD3D,
F0EB,
F8E1,
FC54,
0946,
14CE,
1ACD,
2317,
28B3,
2771,
2676,
2E15,
2EAB,
203E,
0827,
FD53,
F9BF,
F371,
E83B,
E1F6,
DAA9,
D9AC,
DCF9,
DE31,
DDAA,
DDD8,
E080,
E32C,
EE48,
FBB2,
0511,
0B23,
0FFF,
123C,
1425,
1210,
1298,
16FA,
172B,
185E,
1267,
0D93,
0CBC,
0965,
0067,
F404,
E998,
E820,
E96D,
E6DC,
DE7E,
CF67,
C1C6,
B649,
AE85,
AEA0,
B454,
BDD0,
C58C,
C99A,
D4FC,
E9F6,
FF20,
0AB5,
15F5,
1B57,
229F,
28C1,
2BD2,
2727,
1F15,
19EB,
11D5,
04A1,
F834,
F14C,
EBA7,
E647,
DD01,
D9A6,
DDDB,
E5FA,
E669,
E8B2,
EB64,
ED1E,
EB1E,
EAB0,
E976,
F08E,
F79F,
F5E4,
F37D,
F34B,
F433,
F54E,
F4D4,
F1B1,
F2DD,
F553,
EFB6,
EE83,
F127,
F0EF,
ECD6,
E57C,
E078,
E249,
E7BF,
F256,
F6DD,
F0A0,
F05F,
F7B5,
FEFE,
0279,
0522,
086C,
0B5A,
0DE6,
1046,
1106,
135B,
1921,
18C1,
1844,
16C5,
1C93,
260F,
2AA8,
2BC2,
2B65,
2B09,
3039,
32EF,
2DA7,
2FD0,
3577,
35CA,
3550,
3795,
3752,
3011,
2AFA,
296C,
2816,
2671,
2266,
1C45,
1E69,
25B5,
2969,
25AC,
1E3D,
1763,
1975,
232B,
2834,
279F,
2698,
2585,
25F8,
2752,
2AFC,
2B57,
2E35,
3020,
32EF,
3AF9,
470E,
4E02,
4F0E,
4B4E,
48D2,
4ED7,
58CF,
5E86,
5E3F,
5B72,
59B9,
5986,
5BEC,
5BCC,
583E,
5129,
473D,
452C,
4991,
50D1,
5606,
59EE,
5BA5,
5D9D,
67C4,
7240,
77BD,
7D11,
7FBA,
78FB,
7244,
6A26,
5FBC,
53BD,
475E,
3BF0,
3453,
2DEC,
2868,
26A1,
2637,
2742,
2A6B,
3264,
3D60,
48F8,
509D,
5590,
59E6,
57D0,
508F,
4CDA,
4FB6,
5004,
50FB,
5300,
5294,
5189,
549D,
5C3E,
6432,
6749,
685B,
67F3,
6194,
599F,
54AC,
50BC,
4BBF,
44CC,
38B6,
2D10,
22E8,
1A8D,
193C,
1DE7,
1D36,
1C1B,
2185,
2A04,
32EA,
4126,
4946,
4D06,
53F1,
5C7F,
6294,
6652,
644C,
5F07,
5B54,
58FA,
55B8,
51F9,
4E2A,
481E,
3F6F,
3AA5,
3726,
32A3,
3012,
2F1F,
2CF4,
285A,
2213,
1D36,
1D6E,
20C4,
2232,
201B,
1ED4,
1EF7,
201A,
21CA,
25F7,
2A07,
2F67,
3354,
36D0,
3EEF,
4B82,
5522,
5AB8,
5D79,
5EC7,
5AC0,
5973,
5A4B,
5A3B,
5132,
4821,
3F2F,
350A,
2CC4,
2682,
23AB,
1F90,
1E76,
1F8C,
2258,
246B,
240B,
210E,
1D57,
1B06,
1BD5,
1DBA,
20D4,
2373,
2521,
1E7A,
1AD0,
184C,
1A52,
1FB8,
2447,
2660,
2994,
2E3A,
2DF6,
29A4,
26B1,
29A8,
2DE1,
2FB7,
3042,
3085,
32CF,
3757,
38C6,
367F,
32B2,
310F,
324B,
37BB,
3C9C,
3ED2,
3F30,
4007,
4098,
41ED,
43DA,
4859,
4D23,
52FC,
57C3,
5C80,
610B,
6471,
65FD,
66F5,
6898,
6B99,
6CC6,
6D77,
6C8E,
6927,
63B4,
5D71,
5720,
5691,
56FD,
5239,
4C40,
4716,
43B0,
4149,
3FBF,
3E42,
3DBE,
3CAC,
3B42,
39B5,
3852,
384B,
3E8F,
4288,
441E,
47B7,
4B9C,
4D29,
533A,
55DB,
552D,
5717,
5988,
59A7,
5C0A,
5D90,
5F2B,
606D,
5ECE,
5C5A,
593E,
5956,
5B1F,
5A3A,
574B,
57B3,
5B80,
609B,
63BD,
5EA2,
58ED,
547C,
521F,
554F,
5EF4,
60CA,
5B6C,
5575,
5285,
51FA,
54EC,
5865,
541D,
4CC9,
4AD9,
4B59,
49B6,
49FF,
4809,
44F7,
432C,
4212,
4041,
3FE9,
422B,
3DAF,
38E1,
366A,
3675,
3A18,
3D7F,
3D5A,
3C6D,
3D40,
3F03,
3D8F,
3C49,
3A5A,
3871,
370E,
3866,
3645,
35FB,
369B,
347C,
3442,
396D,
3CA6,
380C,
3060,
251D,
1E31,
235E,
2A36,
2705,
1B60,
13D9,
126D,
17AE,
2453,
2CDC,
2B7D,
26AB,
20AE,
17C0,
0EED,
08BB,
02BC,
FD71,
0339,
10E7,
1F2B,
2713,
26BA,
21B2,
1808,
1081,
0CDA,
0851,
012A,
FFFD,
FF1C,
FEF2,
00C9,
00E2,
FBD1,
F1BD,
EE22,
EDC5,
F189,
F8FC,
FB47,
F9D3,
FC67,
F744,
EDD8,
EF7E,
F452,
F738,
F976,
FACC,
FB01,
FFFD,
05E3,
03D6,
00B9,
042D,
00F6,
FDD6,
04D8,
0800,
0A33,
10CB,
1046,
0812,
01F7,
FEC4,
FA6B,
FCBE,
FCAB,
FE08,
FFD8,
FF20,
0350,
0BAB,
06DA,
FC11,
F810,
ED49,
E263,
E1A2,
DF96,
D7AF,
DB83,
DCD7,
DC4B,
E251,
E723,
E3FF,
EA1E,
ED1B,
F03E,
F2D7,
F224,
EFA8,
EB9C,
E497,
DDEF,
DC95,
D89E,
D7C2,
D940,
DB76,
DFE6,
E4BA,
E608,
E5CF,
E4B0,
E62B,
EC87,
FA1A,
0211,
05BD,
071C,
0470,
0457,
0B52,
080C,
FFF1,
F9FF,
F4B5,
F7F3,
FBE2,
FDC0,
F878,
F017,
EACD,
E6E2,
E796,
F1C3,
FADC,
FDE1,
00D2,
FFFB,
02BC,
089D,
10B8,
0ACC,
FF33,
F443,
EECC,
F28D,
FB9E,
F93A,
ED36,
E31A,
DA56,
D756,
DACE,
E383,
EA0D,
EFAB,
EEDB,
EDD7,
ED5D,
EC69,
EA20,
E69A,
E54A,
E7D8,
F37E,
FC4A,
FA75,
F22F,
E7C4,
DB76,
D0B0,
CE0D,
CED1,
D10A,
D3F6,
D844,
D921,
DB37,
DD74,
D844,
D1EF,
CE0F,
D19F,
DC45,
E942,
F01E,
EC7A,
E224,
DD66,
DE8C,
DDF3,
DEA9,
DE40,
DC36,
DAFC,
DFF8,
E38E,
E0E2,
D4EC,
C321,
B39E,
B5A4,
C6FD,
D462,
D56D,
C336,
B28B,
B4A0,
C3D3,
DC8A,
E7E2,
D660,
AA2A,
89CD,
8FB9,
B3A4,
E02C,
04B8,
098D,
DEE7,
A404,
85D9,
8FDB,
B086,
E03E,
09FF,
0D17,
E59D,
AFFE,
9AF1,
A809,
C142,
E138,
E812,
D989,
B887,
9DA1,
A443,
B72A,
BDDA,
C1AE,
C1AA,
B651,
BBD9,
C4BA,
C622,
BE24,
B67C,
B475,
BDCA,
C491,
D03B,
D950,
D78C,
D437,
D25B,
C0DC,
B844,
B80D,
BA1B,
BBE5,
C0C6,
C375,
BFC4,
B828,
AF9B,
A53F,
A4AF,
AA34,
AFDD,
B287,
BB0A,
C462,
D0E4,
DA3C,
DF44,
DA97,
D3D7,
D337,
D510,
D63B,
D3D2,
CBCF,
BAD8,
A816,
97CB,
9313,
9A23,
A93D,
BA3C,
BEAA,
B943,
B4A2,
B6AE,
BB8B,
C4CE,
D027,
D722,
D969,
DC83,
DECD,
E6C1,
F286,
F66E,
F1FB,
EA14,
E6B1,
E54B,
E4E7,
E8BF,
E5C5,
D990,
CF4B,
C40E,
BBC2,
B890,
B238,
A9A1,
A772,
AE32,
BBE7,
C5BE,
CD28,
D224,
D4BD,
D96C,
E262,
EC6E,
F20C,
F68B,
FCD9,
FD53,
F505,
EDDC,
E94A,
DD8E,
D3A4,
C75C,
BE8A,
BBD6,
C348,
C978,
C5DE,
C19C,
C734,
D8B5,
E7AE,
F439,
07D4,
15A4,
1A82,
2028,
1812,
0E19,
08B8,
06C6,
F97E,
EA22,
E4D0,
DD7D,
D8AB,
C9DA,
C095,
BCEC,
B73D,
BD1C,
BA4B,
B9CF,
BEB1,
CB33,
DC26,
DDEA,
DF00,
E33C,
EC17,
F8BD,
085F,
18F2,
1E63,
2068,
1B12,
0EF2,
0871,
07A2,
0046,
F5A5,
EA32,
E2FB,
D945,
CF02,
BCA8,
AB59,
A22A,
A037,
A509,
AA02,
AC43,
AA8F,
AAB6,
AEBC,
B51F,
C0F5,
CD4B,
D18E,
D4FA,
E137,
EDC0,
F630,
F7E9,
F1D3,
E9C9,
D95F,
C852,
C46D,
C482,
C1D1,
BC6B,
AD3A,
9F0A,
9AF1,
9AA4,
99E7,
9A09,
966E,
8F57,
8D23,
96CA,
A1E5,
ABCF,
ACFF,
A905,
A7DD,
A8C9,
AC35,
B360,
B51A,
B03F,
AA3C,
A75D,
A742,
A35B,
9F08,
9821,
9271,
95A8,
9E1B,
A80D,
B067,
B513,
AC25,
A1FC,
9DAC,
A260,
A259,
A226,
9DE5,
95F6,
952F,
9F92,
A2F5,
9913,
8E20,
88A0,
8A00,
8C6A,
8D3A,
9588,
A1BC,
A57B,
9B76,
9CCE,
A3DE,
9F2A,
95CE,
9ABB,
ADE7,
BB56,
BBDB,
BBE0,
BF96,
C093,
BC31,
BA02,
BEB9,
C0BC,
C061,
BD70,
C0F4,
BECC,
C1AD,
C56B,
C525,
B8B6,
BA33,
BEE4,
C707,
D21F,
D4AB,
D5ED,
D7A8,
DE61,
E24A,
DC1F,
D751,
D018,
C735,
C271,
C321,
C2EE,
BB94,
B13E,
ABB1,
AB4F,
A719,
A756,
B2AC,
C23E,
CC22,
D4C8,
DE40,
E40E,
ED0E,
EAE2,
E8A2,
EEC2,
F623,
FC72,
0107,
073A,
0EF3,
158A,
189F,
1AFF,
1E11,
1BAC,
1367,
0ABF,
04F5,
FA70,
F0E2,
E595,
D96A,
CE99,
C901,
C632,
CA7B,
D449,
E454,
F409,
FD30,
073B,
1146,
1745,
1C26,
2508,
2B23,
25AD,
19E8,
0C75,
02A5,
F839,
ECB3,
DC01,
CDAA,
C56D,
CAEB,
DE32,
F05A,
F69C,
F933,
05F2,
117C,
17C2,
20E3,
273E,
2662,
25CD,
2D43,
2D36,
1EF5,
07D2,
FD32,
F942,
F322,
E848,
E1A9,
D9C0,
D83E,
DB1D,
DC65,
DCAB,
DE00,
E1AB,
E52C,
F099,
FDA4,
067F,
0CA1,
11E1,
1414,
1575,
12FA,
1355,
1731,
15E8,
14F8,
0DEE,
0935,
0844,
0439,
FACE,
EE7F,
E45C,
E340,
E54A,
E3CE,
DC5A,
CDDB,
C0E2,
B654,
AF5C,
AFFA,
B60C,
BF90,
C726,
CB40,
D683,
EB56,
00F4,
0D3C,
186D,
1D9A,
24FF,
2B3D,
2E16,
293F,
214F,
1C00,
12FC,
0481,
F75E,
F03B,
EA41,
E432,
DA6C,
D6E0,
DAE5,
E2B6,
E347,
E5EE,
E902,
EB11,
E98F,
E9CE,
E93D,
F08E,
F7C6,
F62E,
F393,
F33B,
F468,
F5FD,
F5C0,
F29B,
F394,
F5A0,
EF96,
EDFF,
F048,
EFDE,
EBE4,
E4C1,
DFA5,
E125,
E67D,
F10B,
F596,
EFA2,
EFDB,
F7C3,
FFAA,
03A1,
0684,
09E6,
0D19,
1032,
1314,
1406,
1650,
1C05,
1BDA,
1B3E,
18FB,
1E21,
27C3,
2C75,
2CDE,
2BBF,
2B31,
3029,
3270,
2CEF,
2EF3,
345F,
347B,
33E2,
3645,
3659,
2F89,
2AC7,
295B,
27E5,
2605,
21FD,
1C0E,
1E21,
255D,
293C,
2562,
1D83,
1686,
1899,
222B,
273C,
26F4,
262C,
2525,
2585,
26C2,
2A3F,
2ABA,
2E15,
309B,
3376,
3B0B,
4719,
4EA1,
4FF6,
4C30,
49C6,
4FF3,
5A1B,
5FEA,
5F9A,
5CC7,
5AE6,
5AA7,
5D5B,
5D76,
599E,
522F,
481F,
45D9,
4A00,
5105,
55E1,
5973,
5B07,
5D22,
677C,
722D,
77B3,
7D07,
7FD3,
7959,
72AB,
6A58,
5F9F,
5350,
466C,
3A47,
320B,
2AF7,
24A9,
2258,
21A3,
225D,
25C3,
2EBA,
3ACB,
474E,
5016,
5667,
5C01,
5AFD,
54A2,
5189,
5488,
5484,
5495,
5548,
537D,
517D,
540C,
5AD1,
612C,
62DB,
633B,
62A2,
5C83,
5511,
50B1,
4D6E,
4921,
42F2,
3793,
2C45,
22A3,
1B1C,
1A35,
1F0A,
1EDB,
1E3E,
23CF,
2C36,
34E3,
42EB,
4B25,
4F2E,
5664,
5F2A,
654C,
68D9,
6670,
60AF,
5C95,
59C2,
55D8,
5181,
4D21,
467E,
3D4C,
37DB,
33AE,
2EFA,
2C8E,
2BE6,
2A17,
25F8,
2060,
1C51,
1D43,
215C,
2376,
21E5,
2115,
21A4,
2319,
24ED,
2914,
2D10,
321D,
3587,
3892,
406B,
4CCD,
5648,
5B99,
5E19,
5F4E,
5B3B,
5985,
59F2,
59B3,
50A9,
47A1,
3ECA,
3489,
2BFB,
25A1,
22B6,
1E7F,
1D7D,
1EE5,
21FC,
2472,
2495,
21C6,
1E28,
1C26,
1D32,
1F3D,
2283,
251C,
26A1,
1FEB,
1BFF,
1954,
1B50,
208A,
24DC,
26D7,
2A06,
2EAF,
2E67,
2A05,
272A,
2A52,
2EA5,
306A,
30F0,
315B,
33C8,
383D,
399C,
3765,
33AA,
3214,
336E,
38F1,
3DE8,
404C,
40E3,
41D5,
4275,
43D8,
45D6,
4A4C,
4F0D,
54DE,
59A3,
5E45,
62B7,
6609,
6760,
681A,
69A1,
6C74,
6D3F,
6D76,
6C3D,
68B1,
6318,
5C95,
55F8,
5527,
5567,
5081,
4A82,
4575,
4243,
4047,
3F41,
3E1B,
3DE9,
3D31,
3BF6,
3A7C,
3945,
3970,
3FD2,
43FF,
45B5,
492D,
4CDC,
4E26,
53BF,
55FA,
550F,
56C7,
592E,
594B,
5B93,
5CFF,
5E84,
5FA0,
5DED,
5B65,
5844,
585D,
5A3B,
596E,
569F,
5734,
5B21,
601A,
6306,
5E03,
587C,
5449,
523B,
5571,
5EAA,
604D,
5B02,
5519,
5241,
51D5,
54A9,
57EB,
539C,
4C61,
4A8F,
4B1D,
495B,
4956,
4738,
4435,
42A2,
41B6,
3FF9,
3F81,
4183,
3CEF,
381B,
3593,
35BE,
398F,
3D21,
3D2D,
3C75,
3D57,
3F26,
3DB5,
3C55,
3A4E,
386C,
3714,
384E,
35ED,
353F,
359D,
33A2,
33BE,
3919,
3C3A,
372E,
2EC4,
2302,
1C23,
21E3,
298C,
26D9,
1B0D,
12C4,
107E,
1594,
22FD,
2D00,
2D28,
2921,
22D8,
18E8,
0F17,
08A2,
031D,
FECA,
05A7,
13CC,
218A,
2898,
2764,
217A,
1781,
104A,
0CE5,
089B,
0214,
0160,
007C,
000D,
0184,
0129,
FBB9,
F182,
EE27,
EE93,
F314,
FAC1,
FCF2,
FB08,
FCDD,
F734,
EDA1,
EF4C,
F439,
F74A,
FA0D,
FBE2,
FBEC,
0070,
05F6,
039E,
0076,
03F2,
008E,
FDAC,
0549,
0886,
0AA0,
1176,
1015,
0673,
0062,
FD7A,
F926,
FCB1,
FD3E,
FD5E,
FECE,
FE3E,
016C,
09C1,
0604,
FB64,
F757,
ED0F,
E239,
E16E,
DF9F,
D7EA,
DB8F,
DC51,
DAFF,
E0A0,
E59C,
E313,
E9E5,
ED77,
F0BE,
F30A,
F207,
EFB3,
EBF3,
E54E,
DF7A,
DEA7,
DA85,
D97B,
DA93,
DC64,
E0CA,
E55A,
E635,
E5CC,
E441,
E581,
EBEF,
F93D,
0133,
04D7,
05F1,
035F,
0397,
0ACC,
0844,
00AC,
FAD0,
F55A,
F82B,
FBD2,
FD70,
F825,
EFD4,
EA54,
E662,
E757,
F13E,
FA28,
FCF9,
FF90,
FED9,
0207,
0873,
1150,
0BF7,
0041,
F4CE,
EECA,
F26B,
FBAE,
F9CF,
EE40,
E409,
DAFC,
D770,
DA5A,
E30D,
EA2F,
F047,
EFA0,
EDDE,
EC47,
EA8B,
E847,
E571,
E4E4,
E7F9,
F38F,
FB98,
F8E3,
F00F,
E583,
D9A5,
CF82,
CD25,
CDDC,
CFE7,
D2DA,
D721,
D7FC,
DA04,
DC4B,
D78A,
D1CD,
CE61,
D26C,
DD79,
EA8D,
F117,
ECC7,
E1D6,
DCCA,
DE06,
DDD9,
DEB4,
DE28,
DBB4,
D9F5,
DE6B,
E183,
DE74,
D284,
C100,
B221,
B4F9,
C712,
D503,
D5B9,
C261,
B0E1,
B361,
C46F,
DF5F,
EBDE,
D93C,
AA7C,
888E,
8F57,
B536,
E2F5,
06DA,
08FF,
DB89,
A0D3,
858E,
919C,
B1E1,
DFD8,
078A,
0937,
E267,
AF60,
9BC8,
A822,
C029,
DF30,
E5F6,
D8F6,
BA5D,
A0AD,
A62F,
B714,
BC4E,
BF62,
BF79,
B561,
BBA8,
C4EA,
C6EF,
BF33,
B702,
B43F,
BC9A,
C2F4,
CEED,
D867,
D75C,
D4F0,
D321,
C1B4,
B993,
B976,
BB9C,
BDFE,
C301,
C5E2,
C2D2,
BB42,
B238,
A76D,
A5A9,
A9C8,
AE76,
B0C1,
B984,
C3CA,
D126,
DB31,
E01A,
DACD,
D399,
D2EB,
D511,
D6AE,
D44F,
CC32,
BB23,
A854,
9871,
9431,
9B58,
AA4F,
BABF,
BEA3,
B94F,
B56C,
B862,
BDDF,
C6FE,
D19C,
D79B,
D952,
DC66,
DF4A,
E7CE,
F38D,
F6E6,
F204,
E9D8,
E65E,
E50D,
E4C8,
E8A6,
E5EE,
D9FD,
CFC4,
C4B0,
BCBB,
B98C,
B2ED,
A9CD,
A6ED,
AD00,
BA81,
C49C,
CC7E,
D1AB,
D475,
D955,
E26A,
EC5E,
F245,
F74B,
FE28,
FF30,
F7B3,
F13A,
ED0D,
E177,
D760,
CA3D,
C03B,
BCBB,
C3DD,
C9A5,
C5E8,
C140,
C5D2,
D5E3,
E42A,
F066,
0427,
124A,
1761,
1CBF,
14EF,
0B44,
06D3,
05C5,
F942,
E9F5,
E4EE,
DDEF,
DA57,
CC06,
C48F,
BC6A,
B599,
BC84,
B9AE,
B9D1,
BE9F,
CB44,
DC0B,
DE8E,
DFB4,
E3F6,
ECF8,
FA0F,
09C9,
1A3A,
1F81,
21E2,
1CFA,
1100,
09FF,
086B,
0079,
F5E7,
EA71,
E2AF,
D7FD,
CCE3,
BA17,
A854,
9E91,
9C80,
A122,
A625,
A8BF,
A7A6,
A8A6,
ADDB,
B549,
C1EE,
CEB7,
D3AC,
D84D,
E5AE,
F303,
FBEA,
FD99,
F75E,
EE99,
DCCE,
CA42,
C51C,
C421,
C0AD,
BA58,
AA08,
9A70,
94E9,
935F,
91F3,
921F,
8F57,
899B,
88E2,
93AB,
9FFF,
AB3B,
ADC4,
AB12,
AAF7,
ACBF,
B14A,
B97C,
BBBF,
B6CD,
B029,
ABFA,
A9E3,
A41E,
9EC7,
9735,
9085,
9280,
99AE,
A27D,
AA2F,
AE64,
A583,
9C1C,
9944,
9F7A,
A083,
A0E1,
9DA4,
9720,
97BF,
A359,
A756,
9D28,
91D7,
8C65,
8D67,
8E7F,
8E54,
96BD,
A313,
A5F5,
9A9C,
9A1A,
9FA3,
9A8C,
915E,
9674,
AA0E,
B8B2,
BAD7,
BBC5,
BF9A,
C100,
BDA5,
BC9D,
C240,
C51B,
C5D9,
C3DB,
C71B,
C447,
C65E,
C8C0,
C68C,
B8B0,
B928,
BD3F,
C490,
CE89,
D013,
D058,
D170,
D7AA,
DB26,
D578,
D271,
CD7E,
C5F8,
C1D6,
C356,
C3F7,
BD53,
B3A5,
AE92,
AE8D,
AB0A,
ABB9,
B6DA,
C62B,
D035,
D8A5,
E134,
E5DA,
EDCC,
EBA0,
E9BE,
EF66,
F5CD,
FB55,
FF82,
055E,
0CD6,
1375,
16E7,
19C8,
1D75,
1BC7,
144F,
0CA8,
079C,
FD48,
F357,
E792,
DAFD,
CFD6,
C9B0,
C5C9,
C8B7,
D188,
E07A,
EEB9,
F71D,
0158,
0C1D,
131F,
1948,
2397,
2B2E,
26FC,
1BF9,
0F2F,
064D,
FCD4,
F15C,
DFC3,
D02E,
C752,
CCCA,
DF84,
F01D,
F48F,
F633,
02B0,
0E2D,
14A3,
1E7E,
258A,
251F,
24FF,
2C4B,
2B9E,
1D8A,
075D,
FCF3,
F8BD,
F2D9,
E875,
E19A,
D924,
D712,
D980,
DAD6,
DBE7,
DE6A,
E314,
E76D,
F32B,
FFC5,
07FB,
0E13,
13A9,
15CB,
1690,
13A4,
13CA,
170F,
1444,
1129,
090D,
046C,
0356,
FE99,
F4C5,
E89A,
DEE2,
DE49,
E128,
E0C9,
DA49,
CC7E,
C049,
B6C0,
B09E,
B1C1,
B829,
C19D,
C8F4,
CD0B,
D822,
ECBD,
02B6,
0F98,
1A9C,
1F88,
2706,
2D65,
3001,
2B00,
233B,
1DCC,
13EA,
043E,
F66D,
EF17,
E8D4,
E21C,
D7E2,
D42E,
D80C,
DF93,
E049,
E33D,
E6A5,
E8FF,
E7F3,
E8CF,
E8E7,
F068,
F7BB,
F642,
F36D,
F2ED,
F46B,
F680,
F684,
F36F,
F43F,
F5D8,
EF69,
ED78,
EF6F,
EEDA,
EAFE,
E40F,
DEDF,
E013,
E550,
EFCA,
F44B,
EEA1,
EF56,
F7D5,
0050,
04BC,
07DD,
0B5D,
0ED4,
127E,
15EB,
171A,
195E,
1F01,
1F14,
1E58,
1B5D,
1FE1,
29A8,
2E70,
2E28,
2C4A,
2B92,
3058,
322F,
2C7E,
2E55,
3374,
334B,
328F,
3509,
3579,
2F2D,
2AC4,
2970,
27D1,
25B7,
21B2,
1BFB,
1DF9,
2523,
2930,
253D,
1CF2,
15DE,
17EE,
2144,
2654,
2661,
25E8,
24FD,
2552,
2668,
29A7,
2A44,
2E20,
313E,
3425,
3B46,
474B,
4F67,
510F,
4D53,
4B0B,
515E,
5BA5,
6184,
6139,
5E74,
5C83,
5C4C,
5F48,
5F94,
5B77,
53B4,
4981,
46F6,
4ACB,
5187,
5606,
5941,
5AAE,
5CE5,
6762,
7237,
77B9,
7D01,
7FF0,
79C8,
732C,
6AAB,
5FB6,
5328,
45C9,
38FB,
3029,
2870,
2163,
1E90,
1D91,
1DF7,
219E,
2B8B,
38A6,
4607,
4FEE,
5795,
5E64,
5E6A,
58FA,
5684,
599D,
5940,
5863,
57B6,
548D,
51A5,
53B5,
599B,
5E4C,
5E84,
5E2E,
5D6B,
5796,
50A8,
4CD8,
4A46,
46B9,
4160,
36CE,
2BF0,
22E0,
1C2E,
1BB1,
20B6,
2116,
2101,
26AF,
2EEB,
374E,
4507,
4D4E,
51A0,
591A,
620C,
6837,
6B8F,
68C0,
6283,
5DFF,
5AB2,
5625,
513A,
4C4D,
4519,
3B6B,
3550,
3073,
2B8E,
2944,
28E5,
276D,
23CF,
1EF4,
1BC0,
1D73,
224A,
2507,
23FC,
239E,
2496,
265A,
2850,
2C69,
304C,
34FC,
37DE,
3A7C,
420B,
4E2D,
5777,
5C7F,
5EC3,
5FE9,
5BD6,
59B8,
59B4,
5940,
5046,
475B,
3EAE,
3456,
2B7A,
2502,
2200,
1DB0,
1CC2,
1E79,
21D5,
24A4,
2544,
22AB,
1F2D,
1D7B,
1EBE,
20E8,
244F,
26DE,
2836,
2180,
1D5F,
1A97,
1C8A,
2194,
25A9,
2787,
2AB0,
2F57,
2F0F,
2AAA,
27F0,
2B42,
2FA2,
3156,
31DA,
3272,
34FF,
3955,
3A9E,
387C,
34DD,
335A,
34D0,
3A5C,
3F63,
41F5,
42C7,
43D7,
448D,
4605,
4815,
4C7F,
5135,
56FC,
5BBF,
6046,
64A0,
67DA,
68FC,
697B,
6AE9,
6D8B,
6DF6,
6DB5,
6C2E,
6882,
62CE,
5C19,
553F,
5428,
5436,
4F34,
4934,
444B,
414C,
3FB5,
3F2C,
3E5E,
3E7F,
3E1E,
3D11,
3BA9,
3A99,
3AF3,
4166,
45C1,
479E,
4AF8,
4E6A,
4F71,
5485,
5656,
5530,
56B7,
5912,
5936,
5B66,
5CBC,
5E2C,
5F23,
5D63,
5ACB,
57AA,
57C2,
59AE,
58FD,
5659,
5721,
5B26,
5FF1,
629F,
5DBD,
586D,
547C,
52BC,
55EC,
5E9E,
600A,
5ADD,
550C,
524A,
51F4,
549B,
579A,
534F,
4C41,
4A90,
4B27,
4947,
48F2,
46AE,
43BF,
4263,
41A2,
3FFD,
3F63,
411B,
3C78,
37AA,
3518,
3561,
3956,
3D0D,
3D4C,
3CC8,
3DB5,
3F87,
3E17,
3C9C,
3A7E,
38A3,
374E,
385A,
35AD,
3491,
34AC,
32E6,
3369,
38F3,
3BF1,
366B,
2D36,
20F4,
1A2F,
2085,
28FB,
26CB,
1AE0,
11D4,
0EB2,
139F,
21CB,
2D4D,
2F01,
2BC2,
2524,
1A30,
0F67,
08B1,
03A3,
0048,
082D,
16C9,
240D,
2A49,
2849,
2189,
1741,
1047,
0D0E,
08F4,
0307,
02C2,
01E2,
013A,
024E,
017F,
FBA6,
F142,
EE17,
EF4E,
F494,
FC82,
FE9D,
FC3E,
FD53,
F72F,
ED7B,
EF22,
F426,
F756,
FA93,
FCE3,
FCC7,
00E2,
0613,
036A,
0024,
039E,
0014,
FD78,
05BE,
0928,
0B20,
121F,
0FD6,
04BA,
FEA5,
FC12,
F7DA,
FC90,
FDAE,
FC91,
FDA2,
FD3D,
FF80,
07D7,
051F,
FAA0,
F683,
ECBE,
E204,
E13B,
DFA9,
D821,
DB81,
DBA0,
D98B,
DED5,
E401,
E224,
E9AC,
EDD2,
F134,
F32E,
F1D3,
EFA1,
EC35,
E5F7,
E0FF,
E0B1,
DC66,
DB2D,
DBE6,
DD5C,
E1AB,
E5E2,
E63C,
E59C,
E3AB,
E4BD,
EB41,
F83B,
001C,
03AC,
0481,
0210,
02A1,
0A12,
084B,
0148,
FB95,
F5FE,
F862,
FBC2,
FD1B,
F7D0,
EF94,
E9DF,
E5F8,
E73A,
F0D6,
F981,
FC0D,
FE33,
FD98,
0135,
0834,
11CD,
0D0E,
0141,
F544,
EEB3,
F22F,
FB9F,
FA4F,
EF41,
E4ED,
DB96,
D786,
D9ED,
E2A1,
EA5E,
F0E2,
F050,
EDC1,
EAFF,
E878,
E649,
E42F,
E463,
E7FC,
F36D,
FAA8,
F71C,
EDC8,
E329,
D7C9,
CE54,
CC39,
CCDD,
CEC1,
D1C4,
D60A,
D6ED,
D8E1,
DB18,
D6B7,
D192,
CEA6,
D332,
DE96,
EBA3,
F1C5,
ECC6,
E142,
DBF2,
DD48,
DD83,
DE7E,
DDCD,
DAF6,
D8C0,
DCAA,
DF34,
DBB7,
CFD3,
BEA8,
B08A,
B441,
C712,
D580,
D5C6,
C146,
AEEF,
B1E0,
C4E4,
E21F,
EFCC,
DBFA,
AA94,
8701,
8EA8,
B68A,
E593,
08E7,
085E,
D80D,
9D6C,
84EE,
92F6,
B2E8,
DF31,
04E0,
052D,
DEF0,
AE62,
9C32,
A7D8,
BECD,
DCF4,
E3BD,
D849,
BC02,
A36E,
A7CC,
B6BA,
BA98,
BD0E,
BD47,
B471,
BB5D,
C4DA,
C76C,
BFF6,
B733,
B3B9,
BB20,
C109,
CD53,
D72E,
D6C9,
D535,
D366,
C220,
BA81,
BA8D,
BCE2,
BFEC,
C51C,
C839,
C5C7,
BE3D,
B4B3,
A97B,
A677,
A91F,
ACBD,
AEA6,
B7A3,
C2CD,
D0F5,
DBA8,
E061,
DA75,
D2D6,
D225,
D4B2,
D6D8,
D490,
CC5A,
BB38,
A867,
9907,
9550,
9C96,
AB65,
BB3B,
BEA1,
B979,
B65E,
BA2D,
C031,
C914,
D2E1,
D7D9,
D8FE,
DC03,
DF74,
E876,
F41C,
F6E6,
F1A5,
E941,
E5B0,
E476,
E45D,
E849,
E5E6,
DA56,
D036,
C552,
BDB9,
BA89,
B3AA,
AA0E,
A681,
ABDF,
B919,
C366,
CBB1,
D101,
D3F2,
D8FA,
E224,
EC04,
F23A,
F7C0,
FF25,
00C3,
FA29,
F467,
F09D,
E536,
DAF2,
CD03,
C1E3,
BD9A,
C45A,
C9B8,
C5E6,
C0DF,
C468,
D2FC,
E089,
EC7A,
004E,
0EAB,
13ED,
18F1,
1177,
0831,
04B6,
047A,
F8C8,
E9A5,
E4EF,
DE5C,
DC02,
CE51,
C8B2,
BC2E,
B455,
BC47,
B96D,
BA19,
BEBB,
CB65,
DBE5,
DF28,
E052,
E484,
ED92,
FB03,
0ABD,
1AEB,
1FFC,
22B6,
1E49,
128C,
0B1B,
08C9,
0052,
F5E1,
EA83,
E23F,
D69C,
CABE,
B7A1,
A582,
9B38,
9910,
9D6F,
A269,
A544,
A4B2,
A68F,
ACFE,
B571,
C2CD,
CFE9,
D576,
DB45,
E9C5,
F7EC,
0152,
02F7,
FC93,
F303,
DFD9,
CBDF,
C582,
C37F,
BF43,
B7F0,
A688,
95A0,
8EB6,
8BE7,
89BE,
89E8,
87ED,
8388,
844A,
9028,
9DB4,
AA43,
AE29,
ACC3,
ADB6,
B056,
B603,
BF3E,
C20F,
BD0A,
B5C3,
B03C,
AC19,
A477,
9E28,
95FC,
8E52,
8F01,
94D1,
9C65,
A367,
A71B,
9E4E,
95B3,
9460,
9C13,
9E31,
9F26,
9CF5,
97DF,
99E4,
A6B6,
AB61,
A0FF,
955E,
9000,
90A2,
9063,
8F3B,
97BF,
A43E,
A646,
999F,
9736,
9B2C,
95A6,
8C8B,
91BD,
A5C2,
B591,
B95C,
BB47,
BF4B,
C11D,
BEC1,
BEDA,
C56C,
C92A,
CB03,
CA03,
CD01,
C98F,
CADB,
CBD7,
C79F,
B85E,
B7C8,
BB3C,
C1AC,
CA79,
CB08,
CA51,
CAC4,
D06D,
D368,
CE42,
CD0D,
CA70,
C464,
C103,
C364,
C4E9,
BF0A,
B610,
B186,
B1EC,
AF2E,
B05D,
BB50,
CA5C,
D486,
DCB6,
E44C,
E7C1,
EE84,
EC4E,
EAC6,
EFEB,
F550,
FA01,
FDAB,
031D,
0A52,
1102,
14E4,
1857,
1C9F,
1BA7,
1504,
0E73,
0A42,
003B,
F5F1,
E9BD,
DCC1,
D145,
CA95,
C59B,
C728,
CEF4,
DCB7,
E961,
F0EB,
FB3F,
06B2,
0EAE,
160B,
21B8,
2ACC,
27ED,
1DBD,
11BC,
09E3,
016B,
F609,
E398,
D2D5,
C971,
CEF8,
E130,
F034,
F2BA,
F352,
FF7B,
0ADC,
116C,
1BE7,
239B,
23AA,
2410,
2B30,
29E3,
1BFC,
06C9,
FC97,
F82D,
F296,
E8C2,
E1C8,
D8D6,
D629,
D81E,
D980,
DB5B,
DF13,
E4BB,
E9F0,
F600,
0217,
0987,
0F77,
1557,
1760,
1776,
140D,
13F7,
1691,
123B,
0CE9,
03BF,
FF31,
FDEC,
F878,
EE43,
E24B,
D91F,
D933,
DD01,
DDC7,
D847,
CB4E,
BFF9,
B789,
B24A,
B3F4,
BAAB,
C3F8,
CAF9,
CEFD,
D9D7,
EE2D,
0466,
11C8,
1C80,
2121,
28B3,
2F37,
3191,
2C68,
24D9,
1F4D,
149B,
03D1,
F55B,
EDD9,
E75C,
E001,
D560,
D18C,
D54C,
DC8E,
DD6D,
E09F,
E44C,
E6E7,
E64A,
E7B7,
E876,
F01D,
F77D,
F61E,
F309,
F261,
F43A,
F6D5,
F71E,
F429,
F4D9,
F5F9,
EF2B,
ECEB,
EE9A,
EDE1,
EA24,
E365,
DE24,
DF13,
E43A,
EE93,
F2FE,
ED9F,
EED3,
F7EB,
00F4,
05C9,
092D,
0CD4,
108F,
14CD,
18D0,
1A44,
1C87,
2219,
2271,
2193,
1DEB,
21D7,
2BC3,
30A1,
2FA6,
2D0A,
2C33,
30C9,
3232,
2C59,
2DFD,
32BA,
3240,
3159,
33E5,
34B5,
2EFF,
2AF0,
29A9,
27DB,
2582,
2185,
1C09,
1DEF,
250A,
2945,
2539,
1C8A,
1569,
1774,
2079,
257E,
25EA,
25CF,
2513,
2561,
2648,
2937,
29FA,
2E5C,
3211,
3500,
3BAE,
47A7,
505A,
525D,
4EBB,
4CA4,
531C,
5D70,
6357,
631D,
607C,
5E95,
5E78,
61B5,
622C,
5DCF,
55BD,
4B68,
4884,
4BF3,
5259,
5677,
5958,
5A9A,
5CE5,
6775,
725D,
77CE,
7D00,
7FFF,
7A4A,
73C7,
6B22,
6003,
5348,
4577,
380D,
2EB0,
2659,
1E98,
1B49,
19FE,
1A12,
1DFC,
28DB,
36EF,
4524,
5027,
591D,
6112,
6218,
5D99,
5BCE,
5EF7,
5E3A,
5C63,
5A49,
55C2,
5200,
5399,
5898,
5B8E,
5A42,
5932,
584B,
52CB,
4C63,
491F,
4746,
448B,
4016,
366A,
2C15,
23A3,
1DC7,
1DB6,
22F0,
23ED,
2468,
2A29,
3226,
3A30,
4780,
4FC6,
5461,
5C19,
652D,
6B5A,
6E77,
6B40,
6488,
5F98,
5BCF,
56A5,
512A,
4BB2,
43F4,
39CD,
3303,
2D76,
285F,
2636,
261B,
24F6,
21DF,
1DD0,
1B86,
1E00,
238F,
26EB,
2665,
2676,
27D3,
29E1,
2BF7,
2FFC,
33BE,
3809,
3A5F,
3C91,
43D5,
4FAA,
58B3,
5D6F,
5F7F,
609C,
5C94,
5A0E,
5995,
58E6,
500D,
4751,
3EDB,
3471,
2B40,
24A5,
2189,
1D21,
1C45,
1E4A,
21E2,
24FF,
2619,
23BF,
206A,
1F09,
207F,
22C1,
2640,
28BF,
29E7,
2342,
1EF6,
1C1C,
1E05,
22DE,
26B4,
2878,
2B9B,
3039,
2FF3,
2B98,
2908,
2C7A,
30DD,
327F,
3305,
33CE,
3677,
3A9F,
3BD0,
39C8,
364E,
34E3,
3676,
3C01,
4112,
43D1,
44E2,
4612,
46E5,
4878,
4A9D,
4EF7,
53A2,
595C,
5E1D,
628C,
66CD,
69EC,
6AD9,
6B1F,
6C74,
6EE4,
6EF2,
6E3B,
6C67,
689D,
62D9,
5BFF,
54F7,
5399,
536D,
4E54,
485A,
4398,
40CC,
3F93,
3F81,
3F0F,
3F80,
3F75,
3E95,
3D3D,
3C53,
3CDA,
434F,
47D5,
49E0,
4D1B,
504C,
510E,
5592,
56F3,
5596,
56EA,
593A,
596C,
5B88,
5CCD,
5E29,
5EFC,
5D33,
5A8F,
5773,
5788,
597D,
58EA,
567D,
5779,
5B8F,
6022,
628B,
5DD2,
58C0,
5513,
53A0,
56BC,
5ED2,
6002,
5AFF,
5550,
52A2,
5256,
54C1,
5773,
5339,
4C6A,
4ADC,
4B76,
497B,
48D6,
4671,
439B,
4273,
41DA,
404E,
3F92,
40F6,
3C4D,
3790,
34FB,
3561,
396E,
3D45,
3DB9,
3D69,
3E5C,
402A,
3EB6,
3D1E,
3AED,
3917,
37BE,
3889,
3583,
33EC,
33C5,
3246,
3342,
38FA,
3BCC,
35C1,
2BB3,
1EF2,
1852,
1F43,
2885,
26DC,
1ADC,
110A,
0D07,
11CD,
20BC,
2DC4,
310F,
2E95,
2798,
1B9D,
0FE0,
08E8,
044E,
01EB,
0AD1,
19E3,
26B6,
2C2B,
296A,
21DD,
1748,
1079,
0D56,
0960,
0404,
0423,
0350,
0277,
0328,
01E3,
FB98,
F0FA,
EDEF,
EFF3,
F60A,
FE40,
0047,
FD77,
FDCC,
F737,
ED6B,
EF07,
F41C,
F762,
FB0C,
FDD4,
FD9B,
0158,
063F,
033C,
FFC5,
032F,
FF88,
FD39,
0638,
09E5,
0BB3,
12C5,
0F89,
02E3,
FCBC,
FA88,
F683,
FC58,
FDF7,
FBA0,
FC52,
FC1B,
FD89,
05EA,
042A,
F9C2,
F594,
EC52,
E1C0,
E109,
DFB5,
D856,
DB5A,
DAC3,
D7ED,
DCED,
E24E,
E12F,
E972,
EE2C,
F19D,
F340,
F184,
EF71,
EC61,
E693,
E281,
E2B3,
DE40,
DCDA,
DD3B,
DE5B,
E287,
E64F,
E61C,
E53E,
E2EC,
E3DB,
EA77,
F70E,
FEC9,
0238,
02C9,
0081,
0176,
0925,
0824,
01C5,
FC4E,
F6A2,
F898,
FBB4,
FCC0,
F77A,
EF57,
E96F,
E5A4,
E740,
F08A,
F8E6,
FB18,
FCB8,
FC36,
0045,
07E0,
122D,
0E10,
022E,
F5A3,
EE81,
F1D5,
FB6E,
FAB9,
F035,
E5C3,
DC1F,
D791,
D981,
E23D,
EA99,
F17B,
F0EE,
ED80,
E984,
E62E,
E422,
E2D1,
E3C8,
E7E0,
F31A,
F97A,
F51E,
EB58,
E0B0,
D5DC,
CD23,
CB46,
CBD3,
CD98,
D0B3,
D4FC,
D5F2,
D7CC,
D9D6,
D5C5,
D13B,
CEDF,
D3F0,
DF9B,
EC83,
F226,
EC72,
E065,
DADA,
DC4C,
DCEE,
DE04,
DD2E,
D9FA,
D758,
DAB2,
DC9B,
D8A4,
CCD0,
BC14,
AED6,
B37C,
C6FC,
D5D9,
D593,
BFDE,
ACB1,
B01A,
C531,
E4CC,
F3AE,
DE99,
AA6D,
851D,
8DA6,
B79D,
E806,
0ADE,
07AA,
D46B,
99C6,
83F3,
93E7,
B39A,
DE46,
01FD,
00F5,
DB31,
ACFE,
9C2B,
A728,
BD2B,
DA7E,
E162,
D77F,
BD73,
A5E4,
A919,
B61A,
B8B4,
BAAC,
BB0D,
B37D,
BAF4,
C48A,
C79A,
C06D,
B710,
B2E3,
B957,
BECD,
CB6A,
D5A2,
D5D2,
D502,
D326,
C218,
BB08,
BB50,
BDE8,
C1AF,
C718,
CA79,
C8A3,
C118,
B70C,
AB67,
A717,
A835,
AAAD,
AC32,
B565,
C16B,
D052,
DB9E,
E017,
D98D,
D18B,
D0E5,
D3F4,
D6BB,
D496,
CC48,
BB15,
A850,
998D,
9673,
9DE1,
AC84,
BBB4,
BEA8,
B9C3,
B77A,
BC13,
C286,
CB13,
D3F8,
D7DA,
D86D,
DB5A,
DF4A,
E8B7,
F42F,
F66B,
F0D9,
E849,
E4A2,
E383,
E3A1,
E7A7,
E5AC,
DA9C,
D0A0,
C5F5,
BEBD,
BB8A,
B471,
AA69,
A630,
AACF,
B7AE,
C21D,
CAC0,
D026,
D331,
D857,
E18D,
EB5B,
F1E7,
F7E6,
FFCC,
0209,
FC63,
F762,
F3FB,
E8CC,
DE59,
CFAD,
C382,
BE71,
C4BE,
C9B2,
C5D9,
C077,
C2F5,
CFFD,
DCCB,
E876,
FC4C,
0ACB,
1027,
14BE,
0DA8,
04E0,
025F,
02E4,
F80E,
E92E,
E4D4,
DEC3,
DDAE,
D0BC,
CCFD,
BDFB,
B56B,
BE25,
BB61,
BC79,
C0B8,
CCF6,
DCA7,
E08E,
E1AA,
E59D,
EE60,
FBB5,
0AEF,
1A4E,
1EFB,
21F5,
1E29,
130D,
0B6E,
087A,
FFCD,
F5D4,
EAF3,
E271,
D63B,
CA01,
B739,
A54F,
9AD7,
98AD,
9C9C,
A15A,
A448,
A42A,
A6D6,
AE56,
B78A,
C526,
D217,
D7FB,
DEC2,
EDF5,
FC91,
063C,
07CD,
0164,
F742,
E342,
CE7A,
C722,
C433,
BF4D,
B723,
A528,
9381,
8B75,
8774,
8492,
84AC,
837F,
8084,
82B2,
8F45,
9DA4,
AB28,
B04B,
B036,
B228,
B58A,
BC2D,
C62F,
C980,
C48D,
BCD8,
B61B,
B003,
A6C4,
9FBC,
9740,
8EDA,
8E33,
926E,
9886,
9EA3,
A1B8,
993E,
91AF,
91EC,
9ADC,
9E01,
9F89,
9E73,
9AE6,
9E37,
ABE4,
B12F,
A6FB,
9B66,
9645,
9685,
94F0,
92DA,
9B43,
A79D,
A8C7,
9B34,
96F0,
993B,
9360,
8A7A,
8F98,
A37B,
B3FD,
B94F,
BC36,
C05D,
C28E,
C130,
C25D,
C9AE,
CE3D,
D120,
D127,
D3D2,
CFEB,
D068,
CFF7,
C9CE,
B99B,
B7FA,
BAB2,
C00C,
C76D,
C70A,
C563,
C532,
CA15,
CC6C,
C7F9,
C89F,
C86C,
C415,
C1A1,
C4DF,
C749,
C262,
BA5B,
B683,
B761,
B585,
B736,
C1BC,
D01E,
DA1C,
E1CC,
E831,
EA5A,
EFAB,
ED71,
EC45,
F0BC,
F4FB,
F8AA,
FBA3,
0073,
0733,
0DD0,
1218,
1610,
1AD2,
1A92,
14F4,
0FB4,
0C93,
0339,
F8E2,
EC9A,
DF94,
D411,
CD0D,
C731,
C754,
CDE2,
DA09,
E4B7,
EB24,
F534,
00F8,
09A8,
11F0,
1E94,
28E1,
276D,
1E61,
1395,
0D0D,
05D9,
FADD,
E825,
D6BB,
CD27,
D2AD,
E3F7,
F104,
F17D,
F0F4,
FC67,
0751,
0DB9,
1874,
208F,
2121,
2218,
28DD,
26FC,
199C,
05EC,
FC37,
F7CA,
F2B5,
E9CB,
E2FE,
D9DC,
D69D,
D808,
D96A,
DBFB,
E0D0,
E74A,
ED37,
F948,
047E,
0AD7,
105B,
164F,
182C,
1782,
13AA,
1353,
1523,
0F5D,
07FA,
FE0A,
F9A6,
F830,
F22B,
E7E2,
DC7A,
D436,
D51C,
D9D5,
DBBF,
D76B,
CBB1,
C19B,
BA8E,
B65C,
B883,
BF54,
C827,
CE8E,
D252,
DC98,
F012,
05DC,
1347,
1D4F,
2179,
28EA,
2F6C,
3172,
2C47,
2524,
1FA4,
147C,
031F,
F473,
ED00,
E682,
DEC0,
D40E,
D03E,
D3D3,
DAA7,
DBAB,
DEF4,
E2C1,
E57F,
E54D,
E731,
E88E,
F01A,
F748,
F606,
F2BD,
F1F4,
F421,
F734,
F7C3,
F513,
F5A6,
F63F,
EF49,
ECD8,
EE3F,
ED73,
E9EC,
E386,
DE5D,
DF08,
E3FC,
EDE4,
F210,
ED1E,
EEC9,
F83E,
018D,
069D,
0A30,
0DED,
11D1,
1686,
1B0C,
1CC5,
1EFC,
2457,
24F7,
23FD,
1FCE,
2315,
2CE6,
31B9,
3016,
2CD2,
2BEB,
3039,
312C,
2B5D,
2CBD,
30E8,
3014,
2F01,
3186,
32B3,
2DC5,
2A2A,
28ED,
26F5,
246D,
2091,
1B79,
1D39,
2418,
2867,
245E,
1B8B,
149A,
1690,
1EF7,
23C9,
2497,
24EA,
2473,
24BD,
2566,
27E5,
28CC,
2D97,
31C3,
34A2,
3AB5,
4650,
4F5C,
51B2,
4E52,
4C87,
52F6,
5D02,
62C0,
62A5,
604F,
5E97,
5EA7,
6207,
629D,
5E25,
5602,
4BD0,
4897,
4B75,
514F,
54EE,
5763,
586D,
5AB3,
64FD,
6F9F,
74CC,
79BC,
7CD8,
77AB,
7173,
68EF,
5E04,
5183,
43A9,
360F,
2C72,
23BF,
1B8E,
17E1,
1654,
1618,
1A2E,
25A7,
3442,
42DC,
4EA6,
58A1,
6173,
6364,
5FF3,
5EDF,
61FA,
60D9,
5E0F,
5A93,
54D7,
5065,
5183,
557A,
569E,
53D5,
5213,
5114,
4C16,
465E,
43B7,
42A7,
40DA,
3D72,
34FE,
2B8D,
23FB,
1F17,
1F74,
24C3,
2661,
276D,
2D10,
3486,
3BF4,
4869,
506B,
552D,
5CE9,
65D6,
6BD6,
6E9E,
6B15,
6412,
5ED7,
5AB0,
5514,
4F37,
495F,
4152,
36FB,
2FAE,
299B,
2475,
2277,
229B,
21CB,
1F51,
1C34,
1AEB,
1E1C,
2436,
2813,
2815,
288F,
2A3F,
2C85,
2EA8,
3278,
35FA,
39BB,
3B79,
3D35,
43FC,
4F28,
57A8,
5BF6,
5DCC,
5EDD,
5B06,
582D,
5742,
5659,
4DEA,
45A9,
3DAC,
337A,
2A2D,
2396,
2071,
1C14,
1B4C,
1D8C,
213F,
248A,
2611,
240C,
2100,
1FFB,
2194,
23DA,
2750,
29A9,
2A98,
243F,
1FF2,
1D23,
1EF7,
237C,
26FD,
289D,
2BA2,
3011,
2FD2,
2BAA,
295D,
2CCC,
3108,
328C,
3316,
340D,
36BB,
3A8F,
3B9A,
39C0,
368A,
3545,
36E9,
3C47,
4139,
4411,
455C,
46A8,
4799,
4943,
4B71,
4F9A,
541A,
599E,
5E3D,
627A,
6687,
6972,
6A27,
6A34,
6B66,
6D91,
6D48,
6C25,
6A14,
6649,
60A2,
59E0,
52EB,
514F,
50E4,
4BDC,
4616,
419E,
3F17,
3E3B,
3E97,
3E83,
3F40,
3F86,
3ED9,
3D99,
3CD6,
3D84,
43C2,
4851,
4A81,
4D88,
505E,
50D8,
54A5,
558C,
5406,
5520,
5751,
5798,
599A,
5ACA,
5C0A,
5CB3,
5AF2,
5858,
555A,
5569,
5754,
56E3,
54C7,
55F0,
59F1,
5E26,
6037,
5BD0,
5721,
53D1,
52AE,
5595,
5CC8,
5DB4,
5906,
53A8,
511E,
50D1,
52E3,
552F,
512F,
4ADF,
4980,
4A11,
480C,
471F,
44AF,
4208,
4117,
40A5,
3F3E,
3E65,
3F64,
3ADC,
365B,
33DB,
3457,
3856,
3C2D,
3CD6,
3CBA,
3DA9,
3F5C,
3DEA,
3C40,
3A0E,
3848,
36ED,
375F,
3408,
31F7,
3190,
3074,
31F1,
37B2,
3A3B,
33CD,
291E,
1C36,
15F4,
1D53,
2721,
260D,
1A50,
0FF8,
0B30,
0FB1,
1EFE,
2D35,
3202,
3056,
2920,
1C70,
1015,
090B,
04FD,
039D,
0D3A,
1C5D,
2876,
2D0C,
29A9,
218F,
16F6,
106E,
0D62,
099E,
04ED,
0563,
04A8,
03AD,
03F7,
0247,
FBAF,
F110,
EE28,
F0E9,
F7AD,
FFFB,
01E6,
FEBD,
FE54,
F788,
EDEE,
EF70,
F471,
F7AC,
FB9B,
FEC3,
FE75,
01CA,
0654,
0304,
FF5C,
0294,
FEED,
FD04,
068C,
0A78,
0C06,
12E5,
0EC5,
00E5,
FAC7,
F909,
F566,
FC20,
FE24,
FAAB,
FAFD,
FAF5,
FBA1,
03DC,
030C,
F8F8,
F4D4,
EC52,
E239,
E1A9,
E09B,
D98F,
DC10,
DABA,
D73A,
DBDD,
E154,
E107,
E9CE,
EEF8,
F259,
F393,
F17B,
EF93,
ECFA,
E7CA,
E4BA,
E566,
E0EA,
DF60,
DF70,
E03E,
E41F,
E749,
E682,
E567,
E2C9,
E39B,
EA25,
F5F9,
FD47,
0074,
00C1,
FEB8,
0014,
07D2,
079C,
0215,
FD10,
F782,
F8FF,
FBC7,
FC7B,
F75E,
EF8E,
E99F,
E618,
E80E,
F0C3,
F88A,
FA40,
FB3B,
FAD1,
FF3B,
0743,
11F8,
0E98,
02F2,
F62A,
EEA6,
F1BA,
FB3A,
FB2C,
F17F,
E731,
DD80,
D89A,
DA16,
E2A7,
EB6C,
F270,
F1D9,
ED97,
E875,
E468,
E29B,
E224,
E3D3,
E849,
F2EF,
F844,
F33F,
E957,
DEF8,
D500,
CD45,
CBB2,
CC23,
CDC2,
D0E8,
D51D,
D629,
D7D5,
D98A,
D5D4,
D200,
D050,
D5C7,
E158,
EDA6,
F291,
EC4E,
E015,
DA7F,
DC04,
DD03,
DE2A,
DD36,
D9C4,
D6D8,
D985,
DAB1,
D650,
CAE1,
BB15,
AF2F,
B4AE,
C851,
D725,
D639,
BFDD,
AC5C,
B02E,
C6DF,
E80E,
F7C0,
E1E8,
AC41,
8621,
8F52,
BA4B,
EADE,
0C6B,
06B1,
D1D9,
989D,
85DD,
973C,
B5F3,
DDFF,
FEE5,
FCA0,
D833,
AD65,
9E4F,
A86A,
BD0B,
D8D9,
DFC0,
D7AB,
C066,
AA5C,
AC55,
B724,
B889,
BA17,
BAA4,
B487,
BC3F,
C58B,
C8F2,
C240,
B880,
B3C4,
B921,
BE01,
CA9B,
D4E8,
D596,
D576,
D38A,
C338,
BCEF,
BD82,
C063,
C4DA,
CA63,
CDF9,
CCC6,
C564,
BB1B,
AF59,
A9D4,
A958,
AA8C,
ABA3,
B4CA,
C14F,
D07E,
DC08,
E012,
D91B,
D0F7,
D06D,
D404,
D76D,
D586,
CD58,
BC8A,
AA5A,
9CAE,
9A57,
A1C5,
AFD6,
BDF2,
C070,
BC04,
BA9F,
BFD1,
C66B,
CE52,
D601,
D8AE,
D8AE,
DB66,
DFA9,
E92B,
F415,
F5B8,
F008,
E793,
E3EE,
E2F4,
E356,
E767,
E5F4,
DBC6,
D23E,
C81C,
C178,
BE54,
B739,
AD18,
A855,
AC12,
B82E,
C267,
CB15,
D05D,
D362,
D875,
E170,
EAEE,
F1A9,
F7F2,
0017,
02E9,
FE69,
FA50,
F760,
ECBD,
E260,
D36B,
C6A1,
C0F0,
C691,
CAFF,
C748,
C1B5,
C31C,
CE3D,
D9F4,
E513,
F855,
067C,
0BBD,
0FB8,
0941,
0144,
FFD0,
00FB,
F74C,
E92C,
E553,
E002,
E035,
D475,
D2A6,
C17B,
B88D,
C1C8,
BF31,
C094,
C444,
CFB6,
DE2D,
E293,
E391,
E71E,
EF4B,
FC1C,
0A69,
1885,
1CAC,
1FCC,
1CB5,
1287,
0AF9,
0788,
FEF0,
F5BA,
EBAA,
E32D,
D6C6,
CA96,
B8B2,
A782,
9D31,
9B17,
9E76,
A2CB,
A5A2,
A5DC,
A93B,
B193,
BB3C,
C8A5,
D4FC,
DAF0,
E26E,
F1E5,
009A,
0A53,
0BC7,
057D,
FB03,
E6B8,
D1BF,
C9B6,
C607,
C09F,
B7D4,
A5C8,
93F3,
8B15,
860A,
827E,
827A,
820E,
8074,
83E7,
90CD,
9F94,
ADA6,
B3D0,
B4F4,
B7C6,
BBC5,
C329,
CDA9,
D165,
CCA6,
C4B9,
BCFA,
B524,
AAA0,
A324,
9AA2,
91C7,
8FDA,
926D,
96E8,
9BFF,
9E62,
9670,
9013,
91CF,
9BAC,
9FB8,
A1C6,
A1C3,
9FB9,
A428,
B24D,
B822,
AE71,
A33D,
9E7B,
9E5B,
9B8A,
98A5,
A0C5,
ACBA,
AD13,
9EFE,
990E,
99B4,
93A0,
8B09,
8FE9,
A32E,
B3E9,
BA8A,
BE59,
C295,
C50F,
C49C,
C6BD,
CE97,
D3D5,
D79F,
D8A4,
DAF1,
D6C3,
D67E,
D4B4,
CCCD,
BC23,
B98C,
BB7C,
BFA5,
C57D,
C443,
C1C6,
C0FD,
C4F7,
C696,
C2F2,
C55B,
C778,
C4EB,
C37B,
C783,
CAC5,
C6F2,
C007,
BCF9,
BE50,
BD65,
BF92,
C978,
D6E1,
E075,
E776,
EC8B,
ED68,
F121,
EEEA,
EE16,
F1C4,
F4CF,
F769,
F98F,
FD99,
03BD,
0A28,
0EC7,
132F,
1844,
18AD,
142F,
105E,
0E6D,
0608,
FBEC,
EFE3,
E325,
D7E7,
D0C7,
CA43,
C90F,
CE40,
D886,
E0FC,
E622,
EFA2,
FB5E,
0474,
0D50,
1A7F,
25B0,
25A3,
1DF0,
14A6,
0F9A,
09CD,
FF7B,
ED03,
DB78,
D207,
D77F,
E78D,
F26E,
F0E3,
EF38,
F9A8,
03CE,
09D6,
1476,
1CBA,
1DCE,
1F56,
259B,
233A,
16A9,
04DD,
FBD9,
F798,
F32C,
EB6C,
E510,
DC09,
D848,
D920,
DA74,
DD9E,
E367,
EA7D,
F0F7,
FCBE,
06CC,
0BDA,
10B9,
168F,
1831,
16C4,
1292,
11F9,
12EE,
0BED,
02C1,
F854,
F431,
F289,
EC1F,
E209,
D77B,
D063,
D230,
D7C1,
DABB,
D7A5,
CD79,
C4E4,
BF60,
BC51,
BEE5,
C59D,
CDB3,
D34D,
D6AE,
E01B,
F23F,
06FF,
1407,
1D0F,
20A4,
27C4,
2E22,
2FCC,
2ABE,
2433,
1EDF,
139C,
0235,
F3BC,
EC8D,
E643,
DE57,
D3E3,
D039,
D39A,
D9E3,
DB09,
DE45,
E20B,
E4D2,
E4FD,
E73A,
E920,
F05A,
F71C,
F5F4,
F289,
F1A5,
F41B,
F792,
F863,
F613,
F690,
F69D,
EFB3,
ED30,
EE59,
ED89,
EA4A,
E45B,
DF6C,
DFDE,
E488,
EDBE,
F188,
ED1D,
EF31,
F8C4,
0212,
072F,
0ADA,
0E9E,
1290,
179B,
1C89,
1E83,
20A4,
25AA,
2690,
257F,
20F7,
239C,
2D1A,
31C8,
2F92,
2BC6,
2ADE,
2ED1,
2F52,
29B8,
2ACB,
2E42,
2D10,
2BD3,
2E3D,
2FBA,
2BB2,
2899,
2762,
2547,
229E,
1EFC,
1A65,
1BF6,
2277,
26BD,
22CF,
1A16,
1389,
155E,
1CEF,
216D,
229C,
2364,
2340,
238A,
23ED,
25E5,
26EE,
2C02,
3080,
3337,
3896,
4391,
4CB8,
4F54,
4C52,
4AE6,
5123,
5A9F,
600B,
601B,
5E2E,
5CC5,
5D10,
6075,
611F,
5CB1,
54B3,
4AE1,
4757,
4987,
4EAD,
51BE,
53BD,
5488,
56B1,
6068,
6A75,
6F37,
73C4,
76D9,
726A,
6CA8,
647F,
5A1B,
4E30,
40AE,
3348,
29B6,
20E9,
188C,
14A3,
12E0,
125D,
1686,
223F,
30ED,
3F80,
4BB7,
5662,
5FBE,
6276,
6019,
5FBD,
62AC,
612B,
5D82,
58C7,
5210,
4D22,
4DCE,
50B0,
500E,
4BEA,
4989,
4880,
4422,
3F34,
3D30,
3CEB,
3C16,
39CC,
32C6,
2A7B,
23F3,
2017,
20DC,
2625,
285B,
29EE,
2F47,
35FF,
3C9D,
47E1,
4F64,
542D,
5BB7,
643F,
69E9,
6C4C,
6889,
616C,
5C0D,
57A7,
51CB,
4BB9,
45AF,
3D90,
334C,
2BAB,
2542,
202F,
1E63,
1EBB,
1E3B,
1C6A,
1A4E,
1A07,
1DD4,
2448,
2884,
2909,
29DD,
2BCB,
2E32,
3051,
33D1,
36FA,
3A1D,
3B40,
3C88,
42AD,
4CE9,
54A7,
5870,
5A0C,
5B0E,
5785,
5473,
5321,
5202,
4A3C,
42AF,
3B5D,
31A1,
286F,
21FE,
1EDF,
1AAA,
19F9,
1C5F,
200B,
2364,
2543,
23A5,
20FB,
2054,
2201,
243B,
278A,
29AC,
2A5C,
247F,
2059,
1DB0,
1F64,
237E,
269A,
2810,
2AE5,
2F04,
2ECF,
2AFD,
2902,
2C4F,
3040,
319E,
322D,
334D,
35E9,
3949,
3A28,
3889,
35B2,
349E,
3645,
3B50,
4004,
42DF,
4459,
45BC,
46CC,
4889,
4AB5,
4E93,
52CE,
57FC,
5C5E,
6056,
641A,
66BF,
6739,
6713,
681C,
69F6,
6961,
67E4,
65A6,
61F3,
5C92,
561C,
4F74,
4DA9,
4CFF,
482A,
42BE,
3EA7,
3C71,
3BE9,
3CA3,
3CEC,
3DE9,
3E75,
3DFC,
3CDA,
3C41,
3D0D,
42E6,
475C,
49A6,
4C6B,
4ED5,
4F06,
5209,
5274,
50D6,
51B1,
53B8,
5419,
55FA,
5714,
5834,
58B1,
5704,
5487,
51BC,
51C4,
5394,
5347,
518B,
52D6,
56A0,
5A5B,
5C0E,
5816,
53E6,
50FF,
5027,
52BE,
58E0,
5986,
554E,
5068,
4E0A,
4DB2,
4F59,
5130,
4D8B,
47EC,
46C1,
473F,
4541,
441A,
41B6,
3F50,
3E95,
3E43,
3D08,
3C1A,
3CAD,
3866,
3442,
31EE,
3276,
3644,
39FF,
3ADB,
3AF1,
3BD0,
3D54,
3BE7,
3A35,
3815,
3669,
350C,
3516,
3178,
2EF5,
2E54,
2DAD,
2FAC,
3555,
3781,
30D1,
25C1,
1905,
134D,
1AEC,
2501,
2488,
1959,
0EBE,
0953,
0D79,
1CC3,
2BC9,
31EA,
3107,
29BE,
1CAD,
100D,
091C,
05A5,
053F,
0F47,
1E1D,
2948,
2CF9,
291B,
20B6,
165B,
102E,
0D39,
09B0,
05B6,
066D,
05D3,
04C7,
04B0,
02A7,
FBE6,
F177,
EEB2,
F214,
F95B,
0193,
035E,
FFFA,
FEE2,
F819,
EEF2,
F04E,
F51A,
F82C,
FC37,
FFA3,
FF4C,
0238,
0658,
02CC,
FEF3,
01DA,
FE4E,
FCDB,
06B8,
0ADA,
0C19,
128B,
0DA1,
FEE5,
F8E7,
F7A9,
F48D,
FBE9,
FE2F,
F9BF,
F9B8,
F9DF,
F9E7,
01D6,
01DC,
F84D,
F449,
ECAE,
E352,
E2FA,
E236,
DB9E,
DD80,
DB6D,
D764,
DBA0,
E10E,
E197,
EAA9,
F01A,
F34E,
F418,
F1AD,
EFF8,
EDE9,
E976,
E771,
E884,
E41C,
E27C,
E246,
E2C9,
E640,
E8B0,
E756,
E602,
E331,
E3EE,
EA42,
F508,
FBB1,
FE83,
FE91,
FCD8,
FE99,
0639,
06C5,
0236,
FDCD,
F88A,
F98E,
FBF9,
FC4F,
F778,
F02A,
EA59,
E73B,
E983,
F172,
F86D,
F98C,
F9D2,
F982,
FE27,
066E,
113C,
0EA5,
0380,
F6C8,
EF11,
F1D4,
FB04,
FB9D,
F2FD,
E90C,
DF83,
DA6D,
DB81,
E3C0,
ECB8,
F3A8,
F2FA,
EDFC,
E7D7,
E336,
E1BC,
E220,
E471,
E920,
F2EC,
F71C,
F19C,
E7DC,
DE09,
D527,
CE96,
CD50,
CDA4,
CF1D,
D23E,
D64A,
D76F,
D8DE,
DA1D,
D6C2,
D3B4,
D2C0,
D87A,
E398,
EEEC,
F2F8,
EC50,
E042,
DACE,
DC5C,
DDAA,
DED7,
DDCE,
DA3F,
D72C,
D91F,
D980,
D4C8,
CA03,
BB91,
B156,
B78F,
CAD4,
D934,
D792,
C117,
ADC0,
B1E4,
C9A9,
EB9C,
FBB3,
E595,
AFB6,
89A5,
9341,
BE35,
EDDA,
0D7A,
058A,
D066,
99C0,
8A37,
9C76,
B99A,
DE4E,
FBD1,
F877,
D612,
AF5C,
A23A,
AB51,
BE44,
D809,
DEE0,
D8B0,
C47A,
B04E,
B111,
B999,
B9EA,
BB27,
BBE1,
B748,
BEF8,
C7A7,
CB3D,
C528,
BB3F,
B61D,
BA55,
BE88,
CAD5,
D4F1,
D5FF,
D66E,
D470,
C542,
BFE8,
C0CE,
C3F9,
C90D,
CE9D,
D257,
D1C0,
CAAA,
C067,
B4CF,
AE40,
AC39,
AC24,
ACCD,
B5AF,
C255,
D15D,
DCCB,
E045,
D914,
D10B,
D0AD,
D4C8,
D8CD,
D736,
CF59,
BF52,
AE29,
A1EF,
A070,
A7BC,
B4E9,
C1A2,
C3AF,
BFE4,
BF64,
C4F5,
CB73,
D276,
D8BE,
DA2E,
D9A5,
DC13,
E078,
E9BD,
F3CC,
F4D7,
EF3A,
E71B,
E38F,
E2C3,
E371,
E780,
E6A9,
DDA7,
D4D3,
CB79,
C58D,
C289,
BBA1,
B1B6,
AC91,
AF59,
BA60,
C417,
CC88,
D185,
D462,
D938,
E1B9,
EAB6,
F17A,
F7DC,
0003,
0355,
0012,
FCF6,
FA89,
F0B2,
E6A8,
D7DC,
CAE1,
C4C0,
C98E,
CD67,
C9F4,
C458,
C4B1,
CDBE,
D823,
E281,
F4B1,
0219,
070E,
0A4D,
049D,
FDA5,
FD36,
FEE5,
F68E,
E98F,
E650,
E1EC,
E352,
D916,
D921,
C509,
BBDF,
C58C,
C329,
C4BA,
C7D1,
D268,
DF9F,
E473,
E54B,
E868,
EFED,
FC25,
0979,
1644,
19E1,
1D1A,
1AB3,
1176,
0A08,
0630,
FDC2,
F558,
EC27,
E3BE,
D73E,
CB35,
BA51,
A9EB,
9FD8,
9DD4,
A09D,
A47E,
A727,
A79D,
AB9F,
B4BE,
BEC3,
CBDC,
D77B,
DD5F,
E574,
F51D,
03E8,
0DAF,
0F07,
08D7,
FE06,
E984,
D47B,
CBE3,
C790,
C1B5,
B851,
A64C,
9470,
8AE3,
84E2,
80AD,
807F,
80BB,
8064,
84FE,
921F,
A139,
AFBC,
B6CF,
B90E,
BCA7,
C133,
C945,
D437,
D85B,
D3D3,
CBB3,
C302,
B98A,
ADE7,
A616,
9DA4,
946B,
914D,
9247,
9532,
9949,
9AFF,
9392,
8E5B,
9180,
9C2B,
A10E,
A39A,
A497,
A3EE,
A958,
B7E2,
BE45,
B52E,
AA66,
A604,
A58B,
A194,
9DF6,
A5D7,
B172,
B112,
A296,
9B17,
9A34,
93E1,
8B7F,
901A,
A2BF,
B39A,
BB6B,
C01B,
C470,
C72B,
C784,
CA7E,
D2CF,
D8B3,
DD4E,
DF41,
E138,
DCD9,
DBE5,
D8DC,
CF51,
BE48,
BACC,
BC00,
BF03,
C367,
C172,
BE34,
BCE0,
BFF4,
C0DA,
BE01,
C211,
C658,
C583,
C518,
C9E6,
CDFD,
CB34,
C558,
C310,
C4E4,
C4E6,
C790,
D0E6,
DD63,
E68C,
ECE2,
F0B6,
F05A,
F282,
F048,
EFC0,
F2A7,
F492,
F61E,
F769,
FAA6,
0035,
0677,
0B73,
1049,
15A2,
16A3,
1336,
10D0,
1011,
08AD,
FED2,
F310,
E69E,
DBA8,
D47D,
CD6D,
CAF7,
CEDC,
D74D,
DD9C,
E181,
EA64,
F606,
FF69,
08B1,
164A,
2247,
238C,
1D29,
1562,
11CE,
0D59,
03AB,
F18A,
DFFA,
D6C5,
DC40,
EB2F,
F40A,
F08F,
EDC6,
F731,
008D,
0626,
1095,
18F7,
1A8D,
1CA8,
2273,
1F9E,
13CF,
03C7,
FB6B,
F768,
F3AB,
ED1A,
E742,
DE66,
DA24,
DA6A,
DBAB,
DF5C,
E60A,
EDAC,
F4A8,
0022,
090D,
0CC7,
10F0,
169A,
17FF,
15CF,
1145,
1069,
1084,
085D,
FD8D,
F2B7,
EECC,
ECEB,
E623,
DC47,
D296,
CCB5,
CF7B,
D5E6,
D9E4,
D802,
CF5F,
C845,
C440,
C24C,
C548,
CBDD,
D32F,
D7F6,
DAE9,
E379,
F449,
07EE,
147A,
1C77,
1F73,
2641,
2C82,
2DD5,
28E6,
22EC,
1DC3,
1279,
0128,
F2F1,
EC0F,
E606,
DDFC,
D3D4,
D05B,
D397,
D964,
DAAD,
DDCD,
E180,
E445,
E4C0,
E742,
E9A3,
F080,
F6CB,
F5B3,
F224,
F127,
F3E5,
F7BA,
F8CB,
F6E4,
F752,
F6D6,
F000,
ED7D,
EE79,
EDB1,
EAB7,
E535,
E082,
E0C8,
E531,
EDB4,
F119,
ED2D,
EFA3,
F94F,
028C,
07A5,
0B67,
0F39,
1335,
188E,
1DE5,
2021,
2231,
26E5,
280E,
26E7,
221C,
2439,
2D6B,
31F5,
2F3B,
2AF6,
2A13,
2DB6,
2DD0,
2872,
2938,
2BF8,
2A62,
28F6,
2B3F,
2D06,
29DF,
273E,
2602,
23C0,
20F6,
1D8B,
1970,
1AD8,
2103,
2540,
216A,
18D3,
12B1,
1469,
1B25,
1F4D,
20DE,
2222,
225A,
22A7,
22C1,
2430,
255E,
2AB5,
2F76,
3201,
36BA,
411A,
4A52,
4D31,
4A96,
498C,
4F97,
587B,
5D90,
5DD3,
5C5A,
5B53,
5BE5,
5F45,
5FFC,
5BA2,
53D0,
4A59,
4675,
47ED,
4C5F,
4EEC,
507D,
5107,
530A,
5C23,
658F,
69E1,
6E08,
711A,
6D6D,
6821,
6059,
568B,
4B42,
3E21,
3103,
278A,
1EB2,
163A,
1221,
102D,
0F6B,
13A9,
1F8B,
2E2E,
3CA6,
4936,
5476,
5E3F,
61A1,
6045,
6094,
634F,
616A,
5CEB,
5705,
4F72,
4A21,
4A69,
4C49,
49FE,
449A,
41A6,
4097,
3CD8,
38A7,
373A,
37B7,
37D6,
36A0,
3102,
29DF,
245B,
2173,
229C,
27E2,
2AAD,
2CC2,
31C8,
37BC,
3D8A,
4796,
4E94,
535F,
5AB2,
62CD,
681F,
6A1E,
6627,
5EF8,
597A,
54E0,
4ED4,
489A,
4268,
3A42,
3014,
2826,
2176,
1C78,
1AD7,
1B5A,
1B1F,
19EC,
18CB,
197A,
1DD8,
2495,
2927,
2A28,
2B4B,
2D6A,
2FE8,
31FF,
352D,
37FB,
3A84,
3B1B,
3BFA,
4185,
4AD1,
51CB,
5516,
5682,
5777,
543D,
50FE,
4F4E,
4DFC,
46E4,
400E,
3964,
301C,
2701,
20B1,
1D97,
198D,
18F0,
1B72,
1F0F,
226A,
2495,
235F,
211F,
20D1,
228D,
24B7,
27DA,
29C4,
2A36,
24DC,
20E8,
1E6D,
2004,
23B8,
2677,
27C8,
2A6C,
2E37,
2E0B,
2A94,
28EC,
2C0C,
2FAA,
30E5,
317D,
32C4,
3548,
3831,
38E1,
3780,
350D,
342A,
35D2,
3A88,
3EFB,
41D6,
437D,
44F8,
462C,
4802,
4A30,
4DC2,
51BA,
5693,
5ABB,
5E76,
61F5,
6454,
6499,
6443,
6523,
66AE,
65D8,
640D,
61A9,
5E0D,
58F6,
52D7,
4C8A,
4A95,
49AC,
450D,
3FFA,
3C41,
3A56,
3A15,
3B1E,
3BBF,
3CF5,
3DBB,
3D74,
3C70,
3BFA,
3CE1,
4250,
46A9,
490E,
4B95,
4D95,
4D80,
4FC0,
4FB8,
4E08,
4EA9,
5085,
5106,
52D0,
53DA,
54DA,
552E,
5397,
513A,
4EA3,
4EA4,
5053,
5028,
4ECC,
5031,
53BB,
56FE,
585A,
54D5,
511E,
4E96,
4DFB,
503B,
5553,
55B9,
51F9,
4D8B,
4B55,
4AE5,
4C1E,
4D84,
4A42,
4559,
4460,
44C5,
42D3,
417C,
3F2C,
3D07,
3C79,
3C40,
3B2D,
3A2B,
3A54,
3652,
3290,
3069,
30F9,
348A,
3827,
3936,
397A,
3A46,
3B92,
3A22,
386A,
3662,
34CD,
3368,
32FF,
2F11,
2C19,
2B46,
2B1E,
2DA5,
3337,
3503,
2E0F,
229E,
1612,
10E9,
18C6,
231B,
2336,
1898,
0DBD,
07B9,
0B8B,
1ACD,
2A94,
31F4,
31C7,
2A67,
1CFD,
1025,
094E,
065D,
06DC,
113C,
1FC6,
2A17,
2CFC,
28B6,
2016,
15FB,
1018,
0D29,
09D0,
0679,
0761,
06EA,
05D6,
0568,
030F,
FC21,
F1D5,
EF20,
F316,
FADB,
0303,
04B3,
011E,
FF6B,
F8B5,
F007,
F13B,
F5D2,
F8B4,
FCC9,
006D,
0016,
02AE,
0674,
02A9,
FE8C,
0116,
FDAA,
FCAF,
06E5,
0B47,
0C31,
1227,
0C7B,
FCF0,
F706,
F645,
F3BB,
FB9B,
FE0F,
F8C3,
F86D,
F8C0,
F849,
FFF6,
00B1,
F799,
F3B4,
ECF2,
E452,
E440,
E3C3,
DD95,
DECE,
DBFF,
D77B,
DB5F,
E0C9,
E224,
EB79,
F127,
F426,
F481,
F1C2,
F03D,
EEB8,
EAFE,
E9F6,
EB62,
E70E,
E55B,
E4ED,
E533,
E83B,
E9E9,
E800,
E671,
E377,
E42A,
EA49,
F405,
FA02,
FC73,
FC4A,
FAE7,
FD10,
0497,
05D6,
0238,
FE70,
F981,
FA19,
FC31,
FC2B,
F795,
F0C3,
EB16,
E869,
EB06,
F234,
F85F,
F8DD,
F869,
F82E,
FD0C,
0591,
106B,
0E90,
03E6,
F73E,
EF56,
F1CC,
FAB2,
FBEF,
F450,
EAB4,
E14F,
DC15,
DCD6,
E4D0,
EDFA,
F4CA,
F3F8,
EE41,
E724,
E1FB,
E0DB,
E215,
E4F9,
E9D8,
F2C8,
F5DF,
EFF6,
E667,
DD21,
D54D,
CFDC,
CEDF,
CF19,
D074,
D394,
D77C,
D8C0,
D9ED,
DAA5,
D790,
D53C,
D507,
DAFF,
E59B,
EFE4,
F30D,
EC07,
E030,
DAE8,
DC7E,
DE10,
DF41,
DE29,
DA89,
D760,
D89E,
D82E,
D31D,
C8FF,
BBEB,
B360,
BA51,
CD30,
DB09,
D8A2,
C208,
AEE2,
B35B,
CC30,
EED8,
FF45,
E8DE,
B2C7,
8CC5,
96C1,
C1AA,
F071,
0E51,
0461,
CF03,
9ABD,
8E17,
A113,
BCCB,
DE6A,
F8CC,
F47B,
D3EC,
B0F3,
A59A,
ADCA,
BF46,
D72A,
DE05,
D997,
C826,
B5A7,
B54A,
BBBD,
BB25,
BC33,
BD1D,
B9ED,
C17F,
C97C,
CD2D,
C7AD,
BD9B,
B821,
BB4B,
BEDA,
CADC,
D4C2,
D614,
D6F0,
D4D2,
C6C7,
C258,
C39C,
C720,
CCD2,
D272,
D654,
D648,
CF76,
C53C,
B9D1,
B246,
AEC6,
AD75,
ADB9,
B655,
C309,
D1D8,
DD18,
DFFC,
D89A,
D0B9,
D091,
D540,
D9E9,
D8A9,
D118,
C1D0,
B1AF,
A6E9,
A645,
AD79,
B9C9,
C52B,
C6DA,
C3B9,
C412,
C9E9,
D032,
D648,
DB2D,
DB6F,
DA69,
DC87,
E0F9,
E9EC,
F318,
F397,
EE19,
E657,
E2E3,
E248,
E349,
E765,
E731,
DF61,
D743,
CEB1,
C975,
C690,
BFE2,
B63D,
B0C1,
B2A0,
BC8E,
C5B7,
CDDA,
D27C,
D524,
D9B2,
E1B6,
EA3A,
F10A,
F779,
FF96,
0360,
0151,
FF27,
FD36,
F42A,
EA71,
DBE1,
CED7,
C855,
CC51,
CFA5,
CC7F,
C6E0,
C643,
CD59,
D681,
E02E,
F14A,
FDE6,
0280,
04FD,
0011,
FA20,
FAA3,
FCB8,
F5A7,
E9CD,
E72C,
E3B9,
E639,
DD83,
DF3B,
C94E,
C026,
CA16,
C7F6,
C99A,
CC04,
D593,
E162,
E681,
E72B,
E9C8,
F080,
FBE7,
0810,
1358,
165C,
1999,
17DF,
0FAF,
0885,
0468,
FC54,
F4D4,
ECA9,
E47E,
D822,
CC81,
BCE7,
AD91,
A3EF,
A20D,
A435,
A78B,
A9EA,
AA81,
AF08,
B8BD,
C2E9,
CF6E,
DA15,
DFB7,
E82C,
F7C3,
0673,
1029,
1162,
0B5B,
0057,
EBF2,
D73A,
CE4D,
C982,
C356,
B983,
A7D4,
964B,
8C50,
8581,
80B5,
8052,
811E,
81EA,
8780,
949D,
A3C4,
B26E,
BA33,
BD64,
C19E,
C697,
CF2C,
DA61,
DEDE,
DA9C,
D26B,
C8F5,
BE15,
B19F,
A9AD,
A17B,
9818,
93EA,
935F,
94C0,
97D4,
98DD,
9208,
8DF7,
9264,
9DA0,
A338,
A632,
A814,
A8AA,
AEDB,
BD88,
C469,
BC19,
B1EA,
ADF7,
AD2A,
A82F,
A3FC,
AB90,
B6BA,
B5BC,
A71F,
9E49,
9BFF,
957E,
8D53,
9195,
A360,
B40E,
BCD7,
C24D,
C6B0,
C997,
CA9D,
CE4A,
D6EA,
DD55,
E29C,
E564,
E704,
E297,
E10D,
DCEA,
D1F5,
C0DB,
BC99,
BD18,
BEFC,
C1F8,
BF6B,
BB8B,
B9BB,
BBE4,
BC13,
BA09,
BF95,
C5CF,
C69F,
C734,
CCB3,
D18B,
CFCA,
CAFD,
C97B,
CBC9,
CCB2,
CFD1,
D888,
E401,
ECA4,
F23F,
F4D9,
F35C,
F3F5,
F1BD,
F177,
F396,
F46D,
F4EF,
F556,
F7BC,
FCAC,
02B7,
0805,
0D36,
12B3,
1434,
11D4,
10D5,
114D,
0B05,
018F,
F63D,
EA41,
DFBA,
D8AA,
D141,
CDAA,
D046,
D6D8,
DB06,
DDA7,
E5CA,
F11D,
FA92,
0408,
11C0,
1E49,
20C5,
1BBA,
158A,
136F,
104F,
0761,
F5DF,
E49D,
DBD3,
E150,
EF10,
F5F0,
F0AC,
ECD4,
F51C,
FD8D,
029A,
0CA7,
1502,
1714,
19BB,
1F04,
1BCE,
10D7,
02A5,
FB01,
F757,
F459,
EF0C,
E9DC,
E153,
DC9D,
DC51,
DD76,
E190,
E8FD,
F104,
F85F,
0369,
0B1A,
0D74,
10CA,
162C,
174F,
1466,
0F93,
0E79,
0DBB,
04A0,
F875,
ED6A,
E9BC,
E7A3,
E098,
D71C,
CE66,
C9D3,
CD97,
D4C8,
D9B0,
D8F9,
D1F4,
CC61,
C9D6,
C8F9,
CC50,
D2A6,
D917,
DCFB,
DF6F,
E705,
F651,
0890,
1463,
1B34,
1D8C,
23F3,
2A09,
2B0A,
264A,
20EB,
1BF9,
10E0,
FFF8,
F23F,
EBC6,
E619,
DE1A,
D469,
D136,
D450,
D99E,
DB05,
DDF5,
E17F,
E42F,
E4EB,
E79B,
EA60,
F0C3,
F679,
F568,
F1BE,
F0AE,
F3AA,
F7CA,
F916,
F7A4,
F807,
F706,
F060,
EDF5,
EED4,
EE22,
EB73,
E664,
E200,
E228,
E64A,
EDFF,
F0F1,
ED89,
F053,
F9F3,
02F5,
07EA,
0BB6,
0F8E,
1386,
1912,
1EC0,
213B,
2335,
278C,
28F1,
27B8,
22CC,
2474,
2D45,
31A2,
2E7B,
29D8,
2905,
2C54,
2C13,
2708,
2781,
297F,
2786,
25EC,
2808,
2A0B,
27C5,
2598,
2452,
21EC,
1F0A,
1BDE,
1849,
1987,
1F54,
2379,
1FC3,
176F,
11D2,
136C,
1943,
1D0B,
1EF8,
20B7,
2151,
21A2,
2174,
2256,
23A7,
292B,
2E10,
3063,
3476,
3E22,
4744,
4A59,
482F,
478D,
4D53,
557D,
5A29,
5AA3,
59AD,
5918,
59F9,
5D41,
5DFE,
59CF,
5247,
4944,
4509,
45BE,
4971,
4B7C,
4CA2,
4CEB,
4EB8,
570C,
5FB2,
6382,
6738,
6A40,
6760,
629C,
5B52,
5245,
47CB,
3B3F,
2EA1,
256D,
1CB1,
144B,
1019,
0DFD,
0D0A,
114F,
1D1C,
2B6C,
3988,
4636,
51CE,
5BC9,
5FB0,
5F43,
602F,
62A4,
605F,
5B23,
543D,
4C02,
4677,
466B,
4754,
438A,
3D14,
39A4,
3895,
357C,
3209,
312D,
3262,
336B,
3342,
2F13,
292D,
24B4,
22B4,
243A,
2970,
2CC3,
2F4A,
33E7,
3900,
3DEC,
46A0,
4CFF,
51B9,
58B8,
604A,
6530,
66C7,
62AE,
5B8B,
5607,
5154,
4B3A,
44F7,
3EBB,
36B1,
2CBC,
249F,
1DCC,
18F4,
177D,
181F,
181E,
1787,
1758,
18ED,
1DBF,
24A4,
2974,
2AE9,
2C4B,
2E86,
310C,
330F,
35DF,
3849,
3A37,
3A50,
3ACF,
3FB6,
47F9,
4E19,
50E4,
5223,
5309,
5029,
4CD0,
4AD3,
4957,
4305,
3CFB,
3708,
2E4E,
2566,
1F44,
1C36,
1867,
17DE,
1A6B,
1DE4,
212D,
2393,
22CB,
20FF,
2108,
22CA,
24DD,
27C4,
296E,
29A4,
24E0,
2137,
1EF8,
206E,
23B7,
261A,
2744,
29AF,
2D17,
2CF3,
29E6,
2895,
2B74,
2EAB,
2FC1,
3066,
31CF,
342D,
3691,
3712,
35F4,
33F0,
3342,
34E3,
3933,
3D59,
4027,
41F0,
4382,
44DC,
46CA,
48F5,
4C31,
4FDC,
5454,
5838,
5BB0,
5EE6,
60F7,
6109,
608B,
613D,
6277,
616E,
5F67,
5CE9,
5970,
54B2,
4F06,
4936,
4724,
45FE,
41A6,
3CFB,
39A6,
3806,
37FF,
3945,
3A38,
3B9B,
3C8E,
3C76,
3B93,
3B40,
3C3A,
412B,
4557,
47CF,
4A14,
4BA6,
4B50,
4CCE,
4C5E,
4AA6,
4B11,
4CBC,
4D61,
4F16,
5012,
50F2,
511D,
4FA0,
4D6D,
4B14,
4B0B,
4C92,
4C87,
4B8C,
4CFE,
5033,
52F8,
5405,
50FC,
4DC4,
4B98,
4B2D,
4D09,
5112,
513D,
4E02,
4A1B,
480D,
477C,
4842,
4938,
4669,
424B,
4181,
41C6,
3FEB,
3E75,
3C48,
3A6B,
3A03,
39D9,
38ED,
37DD,
37A0,
33F2,
309E,
2EB0,
2F3D,
327F,
35EF,
372F,
379D,
384E,
3955,
37E1,
362A,
3446,
32CC,
315E,
307A,
2C41,
28DC,
27DF,
283E,
2B49,
30B6,
321A,
2AF6,
1F4A,
131B,
0E94,
1694,
2100,
21AB,
17BE,
0CC9,
0648,
09C0,
18C8,
2910,
3182,
31F7,
2A92,
1D02,
1027,
0980,
070C,
0859,
12E0,
20F2,
2A5E,
2C83,
27F4,
1F44,
1588,
0FF3,
0D05,
09DD,
0720,
0826,
07D4,
06C6,
060B,
0372,
FC6D,
F257,
EFAA,
F418,
FC3D,
0440,
05D7,
022A,
FFF1,
F971,
F15C,
F267,
F6B9,
F95B,
FD5D,
0126,
00D8,
0325,
0696,
0293,
FE2C,
0047,
FD0A,
FC8B,
06FC,
0B97,
0C26,
1180,
0B2D,
FB13,
F546,
F500,
F315,
FB46,
FDCD,
F7D1,
F737,
F7B2,
F6E0,
FE3B,
FF8C,
F6FC,
F33F,
ED59,
E592,
E5D2,
E59A,
DFDD,
E065,
DCE3,
D7FF,
DB8F,
E0E5,
E30A,
EC7C,
F24B,
F507,
F4F2,
F1E7,
F095,
EF9F,
ECA5,
EC8A,
EE3B,
EA0A,
E84F,
E7B6,
E7C9,
EA56,
EB3B,
E8CF,
E709,
E3F7,
E4A8,
EA80,
F319,
F853,
FA59,
FA03,
F8FE,
FB8B,
02E6,
04C5,
0217,
FF00,
FA7C,
FAB3,
FC7C,
FC1B,
F7D0,
F189,
EC15,
E9E9,
ECD4,
F332,
F876,
F847,
F719,
F6F3,
FBF6,
049D,
0F56,
0E2B,
0418,
F7A6,
EFA9,
F1D1,
FA56,
FC2E,
F59C,
EC6B,
E341,
DDFC,
DE7D,
E628,
EF65,
F5FB,
F4FB,
EEA1,
E6AF,
E11C,
E060,
E262,
E5C3,
EAB9,
F2B2,
F4B6,
EE86,
E54E,
DCB0,
D5F7,
D1AC,
D0F7,
D119,
D25B,
D573,
D92F,
DA91,
DB76,
DB94,
D8BB,
D71C,
D7A8,
DDC8,
E7B2,
F0C6,
F2FF,
EBB9,
E04A,
DB47,
DCDD,
DEA4,
DFD4,
DEB6,
DB1F,
D7F9,
D882,
D741,
D1E2,
C886,
BCFA,
B63D,
BDCD,
D003,
DD1B,
D9E6,
C378,
B0C6,
B587,
CF17,
F1F8,
0275,
EC09,
B667,
90E9,
9B1F,
C570,
F2D3,
0EC4,
032A,
CE4B,
9CD3,
92E4,
A642,
C05C,
DEC2,
F5F4,
F0D7,
D253,
B327,
A993,
B0E0,
C0DF,
D6C3,
DD9C,
DADB,
CC1A,
BB51,
B9ED,
BE6A,
BD14,
BE0D,
BF26,
BD4D,
C497,
CBBB,
CF69,
CA85,
C06B,
BAB6,
BCDE,
BFCC,
CB5D,
D4E8,
D662,
D785,
D542,
C883,
C505,
C6AD,
CA8C,
D0CA,
D66E,
DA6E,
DADE,
D45B,
CA50,
BF36,
B6D7,
B200,
AF85,
AF6E,
B7AA,
C434,
D28C,
DD6A,
DFAA,
D839,
D0A2,
D0BB,
D5FA,
DB3E,
DA5D,
D32C,
C4CC,
B5E1,
ACAD,
ACE7,
B3F5,
BF4B,
C941,
CAA1,
C839,
C95B,
CF4D,
D538,
DA49,
DDC3,
DCE7,
DB75,
DD3B,
E197,
EA06,
F22E,
F22D,
ECEB,
E5A0,
E24F,
E1E8,
E342,
E76A,
E7DF,
E157,
DA0C,
D259,
CDD5,
CB17,
C4C2,
BB8D,
B5D9,
B6D2,
BF89,
C7FE,
CFA7,
D3D6,
D634,
DA5F,
E1C9,
E9C4,
F08C,
F6EA,
FED5,
0305,
0223,
00E6,
FF72,
F749,
EDFD,
DFEA,
D319,
CC5B,
CF7C,
D251,
CF89,
C9FF,
C884,
CDB3,
D594,
DE85,
EE58,
F9F5,
FE1A,
FFCD,
FBAD,
F6D2,
F82F,
FA87,
F4BF,
EA31,
E834,
E5C0,
E937,
E21F,
E550,
CD73,
C464,
CE8D,
CCB7,
CE59,
D012,
D896,
E306,
E85E,
E8D7,
EAF0,
F0D4,
FB61,
065D,
1020,
128C,
15C2,
14A9,
0D7E,
069E,
024F,
FAA4,
F40F,
ECEE,
E50B,
D8E4,
CDC0,
BF7D,
B13E,
A81D,
A661,
A7E8,
AAAE,
ACB2,
AD54,
B251,
BC88,
C6C9,
D2A5,
DC40,
E186,
EA40,
F9BA,
0851,
11F8,
1313,
0D2E,
01F9,
EDBC,
D969,
D042,
CB1D,
C4AF,
BA78,
A92E,
9812,
8DC6,
8640,
80E0,
803D,
8181,
8352,
89C8,
96D2,
A5F5,
B4AD,
BD03,
C104,
C5C6,
CB1D,
D425,
DF95,
E46A,
E06D,
D82D,
CE00,
C1D7,
B4B0,
ACB7,
A4D3,
9B59,
9637,
9440,
942B,
9647,
96AA,
9065,
8D68,
9304,
9EB9,
A4F5,
A854,
AB05,
ACB3,
B389,
C24A,
C9AD,
C231,
B8A0,
B519,
B3FE,
AE15,
A963,
B0B9,
BB82,
B9FF,
AB56,
A14A,
9DB8,
9704,
8EF8,
92E0,
A3D9,
B449,
BDEC,
C41A,
C88C,
CB94,
CD28,
D16F,
DA50,
E137,
E713,
EA9C,
EBEC,
E784,
E579,
E058,
D417,
C2FA,
BE06,
BDDF,
BEB5,
C069,
BD5E,
B8F0,
B6B1,
B7F9,
B776,
B635,
BD20,
C522,
C77A,
C905,
CF2E,
D4C2,
D3FA,
D027,
CF61,
D228,
D3F1,
D785,
DFAE,
EA37,
F25A,
F744,
F8BB,
F631,
F54E,
F315,
F307,
F465,
F43E,
F3C2,
F342,
F4D3,
F92E,
FF0D,
04AD,
0A35,
0FC9,
11B6,
1051,
10AD,
1257,
0D2B,
041B,
F938,
EDAE,
E398,
DCB1,
D507,
D068,
D1CB,
D695,
D8C0,
DA2C,
E18E,
EC89,
F5F7,
FF7C,
0D3C,
1A3C,
1DD5,
1A10,
156F,
14BD,
12DC,
0AA6,
F9CC,
E8E9,
E099,
E626,
F2D9,
F7EA,
F0FC,
EC1E,
F347,
FACD,
FF4B,
08EC,
113B,
13C9,
16FB,
1BCB,
183E,
0E0D,
0189,
FA90,
F749,
F50B,
F0FD,
EC7F,
E451,
DF27,
DE49,
DF4C,
E3C1,
EBDD,
F43C,
FBEE,
0688,
0D0C,
0E08,
1082,
1594,
1677,
12DA,
0DC1,
0C6A,
0AD9,
00E1,
F37E,
E84D,
E4D5,
E27B,
DB34,
D219,
CA59,
C714,
CBDC,
D3D3,
D997,
D9FD,
D486,
D068,
CF46,
CF74,
D321,
D934,
DEC4,
E1C8,
E3B7,
EA57,
F82C,
0901,
140F,
19B3,
1B67,
216A,
275F,
2815,
2383,
1EB2,
19F3,
0F16,
FEAA,
F179,
EB6D,
E622,
DE36,
D503,
D21E,
D525,
DA05,
DB8A,
DE42,
E19B,
E431,
E523,
E7F2,
EB0D,
F0F1,
F60A,
F4F5,
F12E,
F00F,
F343,
F7AA,
F92F,
F833,
F892,
F70D,
F09C,
EE57,
EF2B,
EE99,
EC30,
E78A,
E374,
E38B,
E770,
EE5D,
F0DD,
EDF1,
F109,
FA9A,
0356,
081A,
0BEF,
0FD4,
13C5,
197F,
1F83,
2240,
2425,
2824,
29C1,
2875,
237B,
24C8,
2D43,
3178,
2DF4,
2900,
2840,
2B44,
2AB5,
2600,
262F,
276D,
250F,
2344,
252E,
2766,
25F3,
242D,
22D5,
2048,
1D4C,
1A5A,
1743,
1860,
1DDB,
21E6,
1E4C,
163D,
1127,
12A9,
17A8,
1B15,
1D5E,
1F9B,
209A,
20F2,
207B,
20D5,
224C,
27F7,
2CF4,
2F0A,
3289,
3B8A,
448F,
47D5,
461D,
45E3,
4B65,
52D6,
5718,
57CD,
575F,
5749,
587E,
5BA8,
5C69,
586D,
512F,
4898,
43FF,
43EE,
46E5,
487B,
4941,
4949,
4AD7,
5262,
5A3F,
5D8C,
60D4,
63D7,
61C4,
5D84,
56B8,
4E74,
44CC,
38D8,
2CC5,
23DE,
1B47,
12FE,
0EBC,
0C7C,
0B62,
0FAF,
1B56,
293B,
36F0,
43AC,
4F88,
599F,
5DF2,
5E5C,
5FD7,
6201,
5F57,
5968,
5199,
48D4,
4324,
42D0,
42D8,
3DB3,
3649,
3268,
315C,
2EE1,
2C20,
2BC9,
2DAD,
2F94,
3069,
2D9A,
28EB,
256E,
2443,
2620,
2B4C,
2F21,
3211,
3641,
3A81,
3E91,
45F2,
4BB0,
5057,
5702,
5E08,
6283,
63B6,
5F7F,
586F,
52EB,
4E28,
480E,
41CA,
3B8C,
33A4,
29E6,
219E,
1AB3,
1604,
14AE,
1565,
1596,
158E,
1646,
18AE,
1DE9,
24EB,
29F4,
2BD9,
2D6F,
2FBA,
323F,
342C,
369D,
38A4,
3A01,
39AB,
39D8,
3E24,
4565,
4AB1,
4D03,
4E1F,
4EF6,
4C6C,
4904,
46C5,
4522,
3F95,
3A51,
350A,
2CD6,
241E,
1E23,
1B1D,
178C,
1715,
19A5,
1CF3,
2021,
22B8,
225F,
210D,
2167,
232D,
2529,
27D3,
293D,
2939,
250B,
21B5,
1FB7,
210D,
23F4,
2604,
270D,
293E,
2C41,
2C24,
2982,
2882,
2B19,
2DE6,
2EDA,
2F91,
3118,
334B,
352B,
357D,
34A4,
3310,
3297,
342E,
381C,
3BF6,
3EB4,
409C,
4248,
43CC,
45D8,
4803,
4AEC,
4E4C,
5269,
560D,
594B,
5C3E,
5E03,
5DE7,
5D44,
5DC7,
5EB2,
5D81,
5B4A,
58B6,
555D,
50F7,
4BC1,
4678,
4451,
42EE,
3EDE,
3A96,
379C,
3642,
3669,
37DE,
391E,
3AA7,
3BBC,
3BD0,
3B0E,
3ADA,
3BE5,
4059,
4457,
46E1,
48E9,
4A12,
497D,
4A48,
4978,
47BF,
47F6,
4973,
4A41,
4BE9,
4CDC,
4D9D,
4DA0,
4C3D,
4A33,
4818,
4807,
4963,
4973,
48D5,
4A49,
4D23,
4F70,
503B,
4DAF,
4AEB,
490E,
48C3,
4A38,
4D43,
4D3B,
4A81,
4721,
4533,
4476,
44CD,
455B,
4302,
3FAD,
3F0D,
3F2D,
3D6E,
3BE6,
39E3,
384A,
37FE,
37DC,
3713,
35F6,
3556,
31FB,
2F15,
2D61,
2DE5,
30CF,
3414,
3587,
361A,
36AD,
3767,
35E9,
3435,
3278,
3119,
2F9C,
2E37,
29AA,
25D6,
24B4,
25A2,
2936,
2E81,
2F7E,
2825,
1C3F,
106C,
0C87,
14AB,
1F2C,
2060,
171F,
0C0F,
0517,
083C,
170F,
27D0,
313E,
3243,
2AD4,
1D20,
1047,
09CC,
07C5,
09CB,
146D,
220D,
2AAA,
2C27,
275C,
1EA5,
1546,
0FEF,
0CF7,
09F6,
07C1,
08D8,
08AB,
07A9,
06AD,
03DC,
FCBC,
F2CB,
F017,
F4F1,
FD72,
0555,
06DA,
031F,
0072,
FA35,
F2B9,
F39C,
F7AC,
FA09,
FDEC,
01D3,
0196,
03A9,
06D2,
0294,
FDD0,
FF75,
FC68,
FC67,
0716,
0BEF,
0C1E,
10D8,
09E4,
F947,
F38C,
F3B9,
F270,
FADD,
FD65,
F6D4,
F601,
F6A0,
F591,
FCA7,
FE6F,
F658,
F2C2,
EDA3,
E6B1,
E74D,
E757,
E1FE,
E1D3,
DDA1,
D869,
DBB2,
E0F9,
E3E1,
ED69,
F34F,
F5C6,
F543,
F1EA,
F0CB,
F062,
EE1F,
EEE0,
F0C7,
ECB8,
EAF8,
EA40,
EA2C,
EC3E,
EC5B,
E971,
E774,
E451,
E509,
EA9E,
F21F,
F697,
F831,
F7B7,
F713,
FA06,
013D,
03AC,
01DF,
FF7A,
FB64,
FB48,
FCCE,
FC13,
F809,
F245,
ED0C,
EB65,
EE9F,
F437,
F894,
F7B2,
F5C8,
F5B8,
FADE,
03A6,
0E37,
0DAA,
0424,
F7E3,
EFD0,
F1B2,
F9E3,
FC4F,
F6B7,
EDE6,
E4EC,
DFA2,
DFF8,
E765,
F0B8,
F710,
F5DA,
EEE2,
E625,
E035,
DFE0,
E2A2,
E673,
EB79,
F283,
F386,
ED1B,
E43A,
DC3D,
D68F,
D35B,
D2EB,
D2FA,
D42A,
D73B,
DAD1,
DC55,
DCEF,
DC68,
D9B8,
D8C1,
DA0F,
E054,
E984,
F15C,
F2AA,
EB28,
E026,
DB6E,
DD02,
DEF4,
E023,
DF06,
DB83,
D86D,
D846,
D631,
D082,
C7E0,
BDD6,
B8E2,
C10E,
D29E,
DEEB,
DADB,
C491,
B255,
B761,
D1AB,
F4C1,
0544,
EEC7,
B98C,
9485,
9EEE,
C8B1,
F4CE,
0F07,
01F7,
CD93,
9EA3,
9717,
AAC1,
C36B,
DEE9,
F337,
ED67,
D0B3,
B4F0,
ACF4,
B37C,
C234,
D64A,
DD32,
DBF8,
CF96,
C051,
BDFD,
C0B8,
BEC9,
BFC6,
C110,
C073,
C767,
CDAA,
D148,
CCF1,
C2CF,
BCEA,
BE26,
C080,
CBA6,
D4D5,
D65F,
D7AA,
D534,
C9B6,
C721,
C933,
CD7A,
D442,
D9F1,
DE14,
DEEF,
D8B1,
CED5,
C408,
BAE4,
B4CE,
B13C,
B0D4,
B8B6,
C50B,
D2E2,
DD53,
DEF0,
D777,
D030,
D092,
D66D,
DC51,
DBD1,
D4F9,
C771,
B9B2,
B205,
B31B,
BA0F,
C478,
CD16,
CE3A,
CC8B,
CE66,
D461,
D9DC,
DDE8,
E005,
DE1E,
DC4C,
DDBA,
E1EE,
E9CC,
F0F1,
F07C,
EB7B,
E4A6,
E175,
E144,
E2FE,
E741,
E861,
E31B,
DC9E,
D5C4,
D1ED,
CF56,
C95E,
C0A0,
BABF,
BADE,
C264,
CA20,
D145,
D4F7,
D6FE,
DABF,
E190,
E90E,
EFD1,
F618,
FDC9,
0255,
0293,
0236,
0135,
F9E9,
F105,
E37B,
D6FB,
D00D,
D25B,
D4C5,
D25E,
CCEE,
CAAC,
CE1C,
D4D1,
DD19,
EBAF,
F649,
F9EF,
FAD8,
F779,
F3AF,
F5CF,
F851,
F3B9,
EA6F,
E917,
E7A0,
EBF2,
E66D,
EAE4,
D16B,
C889,
D2E8,
D163,
D2F2,
D3F7,
DB6C,
E488,
EA0B,
EA4F,
EBE5,
F0EE,
FA99,
0469,
0CA8,
0E7B,
11A1,
111B,
0AEB,
0459,
FFEA,
F8B5,
F308,
ECF2,
E561,
D97C,
CEE7,
C203,
B4E2,
AC4F,
AABC,
ABA4,
ADD4,
AF6F,
B00A,
B56D,
C018,
CA5E,
D581,
DE00,
E2D2,
EBB9,
FB10,
0992,
1330,
142D,
0E63,
02FA,
EEEC,
DB0A,
D1C2,
CC5C,
C5B9,
BB28,
AA4D,
99B3,
8F2E,
8700,
810E,
8022,
81CA,
8485,
8BC4,
98B2,
A7C4,
B676,
BF40,
C3F1,
C924,
CECD,
D83C,
E3E3,
E911,
E559,
DD0A,
D22F,
C4D2,
B716,
AF2C,
A7A4,
9E23,
9824,
94D8,
935F,
948A,
944D,
8E90,
8C97,
934F,
9F6C,
A63E,
A9FC,
AD67,
B00B,
B768,
C631,
CE1C,
C77D,
BE8E,
BB71,
BA0B,
B344,
AE27,
B54F,
BFCC,
BDDB,
AF34,
A40C,
9F4F,
9860,
905E,
93EC,
A41E,
B445,
BEA8,
C582,
CA03,
CD21,
CF29,
D3F3,
DD0C,
E463,
EAC2,
EEFA,
F002,
EBAD,
E935,
E32E,
D5B8,
C4A2,
BF0D,
BE4D,
BE27,
BEAF,
BB3E,
B651,
B3AE,
B41C,
B2F1,
B270,
BAA5,
C44B,
C811,
CA89,
D157,
D7A3,
D7C4,
D4D8,
D4C4,
D804,
DAA9,
DEB2,
E65E,
F00C,
F7B7,
FBF8,
FC61,
F8DE,
F68D,
F452,
F473,
F518,
F405,
F295,
F12C,
F1EC,
F5B9,
FB75,
016C,
0747,
0CE4,
0F2B,
0EB2,
105E,
1338,
0F25,
0679,
FC00,
F0E4,
E73F,
E08E,
D8B9,
D325,
D35E,
D674,
D6B7,
D6FD,
DD9F,
E83A,
F18F,
FB08,
08BE,
1626,
1AC5,
1837,
151A,
15C5,
150F,
0D87,
FD5B,
ECE2,
E517,
EAC1,
F689,
F9F3,
F174,
EB97,
F1A5,
F840,
FC2B,
055E,
0DA2,
10AB,
1469,
18CC,
14EE,
0B70,
0073,
FA18,
F73D,
F5C2,
F2EF,
EF2B,
E75B,
E1B9,
E048,
E122,
E5E5,
EEA5,
F755,
FF55,
0984,
0EE4,
0E86,
101B,
14D8,
157D,
1130,
0BD4,
0A41,
07E1,
FD1D,
EEA0,
E354,
E009,
DD68,
D5E5,
CD2D,
C65C,
C463,
CA38,
D2F5,
D98D,
DB03,
D70C,
D454,
D487,
D5B6,
D9B9,
DF85,
E437,
E65E,
E7C5,
ED73,
F9DB,
0947,
1385,
17FD,
190C,
1EAF,
248C,
2501,
209C,
1C4B,
17B6,
0D1F,
FD3C,
F099,
EAFD,
E617,
DE46,
D597,
D307,
D609,
DA8B,
DC2D,
DEA8,
E1CB,
E442,
E561,
E846,
EBAB,
F10C,
F581,
F45B,
F076,
EF48,
F2B4,
F75B,
F918,
F896,
F8F1,
F6EB,
F0AE,
EE9D,
EF79,
EF11,
ECE9,
E8A1,
E4DA,
E4EE,
E89E,
EEC9,
F0D9,
EE61,
F1C4,
FB46,
03B2,
083B,
0C1B,
1013,
13FB,
19DF,
203A,
233C,
250E,
28B8,
2A8A,
292B,
2431,
253B,
2D6F,
3183,
2DAD,
2871,
27C7,
2A8A,
29B6,
255A,
2543,
25C4,
22FC,
20FB,
22B2,
2517,
2469,
22FE,
218C,
1ED4,
1BBC,
18FF,
1660,
1762,
1C98,
208A,
1D04,
153B,
10AF,
1220,
1655,
196D,
1C11,
1ECE,
2036,
2096,
1FD7,
1FB0,
214F,
2720,
2C28,
2DFE,
30F7,
395A,
423B,
45AE,
4466,
4494,
49D5,
508D,
5466,
555B,
5578,
55EB,
577A,
5A81,
5B44,
5782,
508E,
485A,
435A,
427E,
44C0,
45EC,
465B,
4622,
476B,
4E2A,
553A,
5804,
5AE4,
5DE9,
5CA0,
58E2,
5294,
4B1C,
424B,
36F0,
2B6D,
22DA,
1A6D,
1249,
0DFC,
0B9A,
0A63,
0EBB,
1A2B,
2793,
34D9,
419A,
4DAA,
57CD,
5C76,
5DA3,
5FA0,
6179,
5E66,
57C8,
4F25,
45ED,
4029,
3F9A,
3ED4,
3872,
302F,
2BE7,
2ADF,
28FA,
26DF,
2705,
2991,
2C4F,
2E15,
2C98,
2918,
268A,
2620,
2854,
2D7C,
31D0,
3521,
38E0,
3C48,
3F80,
4593,
4AB2,
4F44,
559B,
5C17,
6027,
60F8,
5CA8,
55AE,
502F,
4B65,
4555,
3F17,
38DD,
311C,
278E,
1F1B,
1825,
139D,
1261,
1324,
137E,
13FF,
1590,
18BD,
1E54,
256D,
2AAF,
2D01,
2EC2,
3112,
338F,
3562,
3776,
3919,
39EE,
393A,
3920,
3CD9,
4321,
479C,
497E,
4A7E,
4B45,
490B,
459C,
4326,
4163,
3C98,
3813,
336B,
2BB4,
2326,
1D4A,
1A4A,
16F9,
1694,
1920,
1C3C,
1F49,
220A,
2222,
214D,
21F6,
23BF,
25A5,
2811,
293C,
28FF,
2566,
2269,
20AF,
21E9,
2475,
263C,
2727,
291F,
2BBB,
2BA3,
296B,
28B9,
2AFF,
2D5D,
2E34,
2F01,
30A6,
32A9,
3404,
3428,
3396,
3275,
3231,
33BB,
374A,
3ADD,
3D88,
3F8A,
4154,
430A,
4538,
4767,
49FF,
4D19,
50DF,
5447,
5753,
5A0B,
5B85,
5B3F,
5A79,
5ACB,
5B6A,
5A1A,
57BC,
5514,
51D6,
4DC6,
490A,
444F,
4219,
407B,
3CB1,
38C8,
3622,
3508,
3551,
36E9,
3874,
3A1B,
3B48,
3B86,
3AE7,
3ACF,
3BE8,
3FE3,
43B2,
464F,
481F,
48E1,
4812,
4833,
470E,
4556,
455D,
46AF,
47AA,
494E,
4A3D,
4AE0,
4ABC,
496F,
4790,
45B1,
4596,
46C6,
46F0,
46A8,
4815,
4A8C,
4C68,
4CFE,
4AED,
4895,
46F9,
46BF,
47CA,
49E9,
49B6,
477B,
449E,
42CA,
41D7,
41C2,
41EF,
4010,
3D81,
3D06,
3CFD,
3B5E,
39D0,
37FE,
36A7,
366F,
364C,
359F,
3477,
3379,
306F,
2DF5,
2C7C,
2CEE,
2F7B,
3296,
343F,
34F6,
3566,
35CB,
343A,
328B,
30FB,
2FB7,
2E25,
2C37,
274D,
2306,
21C6,
2348,
276A,
2C9A,
2D2F,
259B,
1978,
0E01,
0ABC,
1309,
1DA1,
1F5B,
16BC,
0B8D,
0421,
06FB,
159F,
26D8,
3132,
32B7,
2B35,
1D5C,
1087,
0A34,
0888,
0B34,
15ED,
2322,
2B05,
2BEC,
26EF,
1E38,
1531,
100B,
0CFF,
0A1D,
085F,
097B,
0974,
0884,
0750,
044E,
FD0C,
F331,
F067,
F5A4,
FE7E,
064A,
07C2,
0402,
00F2,
FB01,
F41D,
F4DC,
F8AD,
FAC1,
FE79,
0279,
0254,
043E,
072D,
02AC,
FD78,
FE9D,
FBC2,
FC41,
0736,
0C50,
0C1C,
102F,
08A0,
F784,
F1D1,
F26C,
F1C7,
FA5E,
FCDA,
F5C7,
F4C5,
F587,
F456,
FB33,
FD58,
F5AD,
F238,
EDCE,
E7AC,
E8AF,
E8FA,
E3F8,
E315,
DE35,
D8B1,
DBC0,
E0FD,
E4A1,
EE3D,
F434,
F663,
F570,
F1C9,
F0DB,
F100,
EF6E,
F0F9,
F30B,
EF1D,
ED5A,
EC8C,
EC5C,
EDF3,
ED4A,
E9E6,
E7B1,
E483,
E54A,
EAA0,
F114,
F4CB,
F5F9,
F564,
F525,
F881,
FF9D,
028E,
0195,
FFDF,
FC3C,
FBD9,
FD25,
FC12,
F841,
F2F5,
EDF8,
ECDA,
F063,
F53F,
F8B7,
F716,
F472,
F477,
F9C0,
02AD,
0D12,
0D12,
040C,
F7F5,
EFC9,
F16B,
F956,
FC53,
F7A4,
EF25,
E64F,
E104,
E141,
E882,
F1F0,
F80C,
F698,
EF04,
E584,
DF40,
DF55,
E2D0,
E707,
EC18,
F23C,
F24E,
EBB0,
E324,
DBC0,
D70D,
D4E2,
D4B5,
D4B4,
D5DA,
D8E7,
DC5C,
DE05,
DE50,
DD19,
DA80,
DA26,
DC39,
E2A3,
EB11,
F1AC,
F20F,
EA54,
DFC3,
DB5A,
DCEA,
DEFF,
E02E,
DF17,
DBB3,
D8B7,
D7E3,
D4F6,
CEF1,
C6FF,
BE74,
BB44,
C40F,
D4FE,
E07A,
DB7E,
C54C,
B382,
B8DF,
D3EA,
F73B,
07BC,
F11E,
BC2F,
978B,
A227,
CB6C,
F669,
0F21,
00C3,
CCCD,
A01A,
9AA6,
AE90,
C5FA,
DEDA,
F08C,
EA1C,
CEFE,
B647,
AFBC,
B59D,
C33E,
D5B6,
DCBD,
DCE8,
D29F,
C4AD,
C17D,
C2A3,
C03B,
C151,
C2D0,
C355,
C9EA,
CF4A,
D2CB,
CEF4,
C4C6,
BEB8,
BF1D,
C0EE,
CBB0,
D482,
D60A,
D75F,
D4AA,
CA5F,
C8AB,
CB2E,
CFE9,
D73C,
DCFF,
E148,
E281,
DC7F,
D2D1,
C84A,
BE6B,
B72B,
B291,
B1E3,
B971,
C58A,
D2DD,
DCDA,
DDD4,
D655,
CF62,
D015,
D697,
DD21,
DD04,
D67F,
C9BD,
BD1F,
B6EE,
B8DE,
BFC3,
C94E,
D0A8,
D1A1,
D0AB,
D333,
D925,
DE25,
E12C,
E1F5,
DF14,
DCEE,
DE04,
E200,
E942,
EF65,
EE86,
E9CA,
E367,
E054,
E05B,
E27D,
E6E8,
E8B7,
E4AB,
DEFA,
D8F1,
D5BD,
D34B,
CDB5,
C575,
BF6C,
BEBC,
C517,
CC19,
D2AF,
D5DA,
D77F,
DACE,
E108,
E817,
EED9,
F504,
FC76,
0158,
02A6,
031D,
028C,
FC15,
F392,
E699,
DA7E,
D36B,
D4EF,
D6FE,
D4FE,
CFA7,
CCB5,
CE8B,
D42C,
DBDF,
E944,
F2DB,
F5FB,
F61A,
F371,
F0AF,
F37D,
F614,
F295,
EA87,
E9D3,
E957,
EE6B,
EA6F,
F000,
D53F,
CC9C,
D72C,
D601,
D76E,
D7BC,
DE21,
E5F0,
EB8E,
EB9C,
ECAD,
F0D7,
F998,
0239,
08F2,
0A2A,
0D36,
0D36,
07F8,
01B7,
FD36,
F685,
F1C1,
ECB9,
E583,
D9EE,
CFFA,
C481,
B887,
B092,
AF2B,
AF73,
B107,
B22D,
B2B0,
B86D,
C37B,
CDB8,
D810,
DF61,
E3A5,
ECA5,
FBD0,
0A43,
13DA,
14BA,
0F03,
0366,
EF8F,
DC2C,
D2D7,
CD49,
C680,
BB9F,
AB40,
9B3B,
9094,
87CE,
814B,
800E,
8206,
8596,
8D8A,
9A53,
A946,
B7DA,
C0FC,
C63F,
CBCD,
D1BC,
DB88,
E763,
ECED,
E978,
E118,
D598,
C71B,
B8E5,
B11F,
AA00,
A089,
99C3,
9539,
9269,
92A8,
91D0,
8C95,
8B93,
9358,
9FCC,
A728,
AB3F,
AF50,
B2C9,
BA90,
C956,
D1CF,
CC18,
C3CF,
C11B,
BF6D,
B7D6,
B261,
B96A,
C3AC,
C164,
B2D0,
A6A4,
A0D2,
99A2,
9199,
94CE,
A43E,
B412,
BF1D,
C697,
CB24,
CE4C,
D0AF,
D5EB,
DF31,
E6EC,
EDBE,
F295,
F358,
EF25,
EC51,
E57A,
D6E7,
C5E2,
BFBB,
BE6E,
BD5B,
BCD2,
B910,
B3B4,
B0B4,
B051,
AE84,
AEC2,
B82B,
C356,
C871,
CBCB,
D33C,
DA3C,
DB3A,
D921,
D9B6,
DD71,
E0EC,
E56B,
ECA8,
F58E,
FCC6,
0065,
FFD4,
FB68,
F7B9,
F57C,
F5C5,
F5B7,
F3C7,
F169,
EF16,
EF05,
F24E,
F7EE,
FE3F,
0466,
09FF,
0C8F,
0CF3,
0FE9,
13F3,
10F6,
08AD,
FE9A,
F3E8,
EAB8,
E44B,
DC5F,
D5E8,
D4FF,
D671,
D4E5,
D411,
D9F6,
E429,
ED4F,
F6A5,
0441,
1202,
1793,
162F,
148F,
168B,
16EF,
100E,
0093,
F093,
E956,
EF2B,
FA23,
FC08,
F20F,
EB39,
F02E,
F5DE,
F932,
01F4,
0A2E,
0DB5,
11FE,
15FE,
11D7,
08FB,
FF66,
F99C,
F736,
F682,
F4E6,
F1E4,
EA75,
E458,
E24E,
E2F7,
E7FF,
F159,
FA52,
0297,
0C5E,
10A3,
0EEC,
0F93,
13F5,
145F,
0F66,
09CB,
07FE,
04D2,
F950,
E9D6,
DE7A,
DB54,
D866,
D0A9,
C853,
C26F,
C1C1,
C8A9,
D22E,
D991,
DC0F,
D98B,
D82A,
D9A3,
DBCC,
E025,
E5A6,
E97A,
EAC9,
EBA2,
F061,
FB64,
0962,
12C7,
1611,
1679,
1BC1,
218F,
21CB,
1D91,
19B3,
1542,
0AF8,
FBAD,
EFA1,
EA77,
E5FA,
DE4B,
D624,
D3F3,
D6FD,
DB2F,
DCEE,
DF26,
E20F,
E464,
E5A9,
E89B,
EC3F,
F118,
F4E2,
F39F,
EF98,
EE5F,
F1FE,
F6E3,
F8D8,
F8D0,
F929,
F6A1,
F099,
EEC8,
EFBD,
EF8A,
EDA0,
E9AE,
E637,
E653,
E9D6,
EF44,
F0E5,
EEDD,
F288,
FBF8,
040D,
084F,
0C39,
104A,
142A,
1A32,
20E7,
2431,
25F0,
2948,
2B4A,
29D7,
24EA,
25C9,
2DC1,
31BA,
2D9D,
2822,
2791,
2A19,
290B,
250C,
24B1,
2476,
2142,
1F07,
2086,
2312,
231C,
2201,
206E,
1D87,
1A4F,
17C3,
1598,
1686,
1B84,
1F5C,
1BE3,
1462,
1062,
11CB,
1542,
180B,
1B0C,
1E4B,
201F,
2088,
1F82,
1EDE,
20A9,
269C,
2BA5,
2D37,
2FB7,
3784,
403A,
43D4,
42FD,
4390,
4893,
4E93,
5203,
5338,
53E4,
54EA,
56D6,
59B7,
5A7D,
56FC,
5051,
4878,
4309,
415E,
42EE,
43BC,
43DC,
4364,
445F,
4A4C,
508B,
52D3,
554F,
585B,
57DE,
549F,
4ED0,
482B,
4035,
3575,
2A8A,
2251,
1A13,
121D,
0DC9,
0B47,
09FE,
0E63,
198C,
2663,
332E,
3FEA,
4C22,
5643,
5B2E,
5D0B,
5F7F,
6100,
5D7D,
5636,
4CD1,
433D,
3D76,
3CB6,
3B31,
33B2,
2AAD,
2607,
2502,
23AE,
222F,
22CD,
25FC,
2989,
2C36,
2BFE,
29A8,
27FE,
2846,
2ACF,
2FFB,
34C9,
3874,
3BBD,
3E4D,
40B1,
4579,
49F7,
4E74,
5475,
5A67,
5E0B,
5E7C,
5A16,
5337,
4DC3,
48FC,
4300,
3CCE,
369E,
2F07,
25A5,
1D09,
1612,
11B2,
1089,
1150,
11CB,
12CD,
152E,
1911,
1EFA,
2622,
2B9E,
2E5E,
3041,
328C,
34FA,
36AF,
3864,
39A3,
39F9,
38F7,
389F,
3BCC,
4120,
44CC,
4645,
4730,
47E2,
45F3,
4286,
3FE5,
3E07,
39FD,
3631,
321C,
2ADB,
2275,
1CB0,
19B5,
16A6,
1652,
18D3,
1BB7,
1E9D,
2182,
220E,
21BC,
22B2,
247D,
2650,
287D,
2966,
28F2,
25EE,
2351,
21DF,
22FD,
2537,
26BD,
278C,
294B,
2B7C,
2B67,
2999,
2930,
2B1D,
2D09,
2DC5,
2EAF,
306E,
323B,
3312,
3309,
32C0,
3216,
3206,
3382,
36B5,
3A04,
3C98,
3EB1,
409D,
4289,
44DF,
4716,
495F,
4C34,
4FAA,
52D9,
55BB,
583B,
596B,
58FC,
5817,
5834,
5889,
5723,
54A6,
51EB,
4EC6,
4B09,
46CA,
42A8,
4069,
3E90,
3B0C,
377D,
3523,
3445,
34A6,
3659,
382A,
39E9,
3B24,
3B8C,
3B11,
3B15,
3C3B,
3FBE,
435E,
460D,
47A8,
4808,
4700,
4681,
450F,
435B,
4334,
445D,
458C,
4733,
4821,
48A6,
485B,
4721,
456D,
43CB,
43A7,
44A9,
44E8,
44F0,
464A,
4858,
49C9,
4A3A,
48A3,
46AE,
4546,
450E,
45AB,
46F0,
469A,
44DC,
427F,
40BE,
3F8C,
3F0F,
3EE4,
3D82,
3BB9,
3B5D,
3B27,
39AC,
3824,
368A,
3574,
3546,
351B,
3485,
3352,
31FA,
2F3F,
2D31,
2BF1,
2C4A,
2E74,
3167,
3349,
3421,
346A,
3470,
32C7,
3120,
2FC2,
2E98,
2CED,
2A70,
251E,
2060,
1F05,
2125,
25DB,
2AF5,
2B22,
234D,
16EA,
0BCE,
092C,
11A6,
1C55,
1E94,
1692,
0B3E,
0360,
05F4,
1470,
261F,
315A,
3350,
2BB4,
1DB2,
10E3,
0AB3,
0955,
0C97,
1760,
2432,
2B6A,
2BCB,
26A4,
1DF3,
1540,
1041,
0D19,
0A4F,
08FB,
0A12,
0A31,
095A,
07F7,
04C8,
FD61,
F38B,
F0A1,
F636,
FF68,
0721,
0893,
04D8,
0172,
FBD7,
F58D,
F62B,
F9BE,
FB85,
FF09,
031D,
0319,
04E8,
07A7,
02DB,
FD24,
FDC1,
FB18,
FC1B,
075B,
0CB8,
0C1D,
0F83,
075B,
F5C8,
F013,
F116,
F117,
F9CA,
FC2C,
F4AD,
F384,
F465,
F32B,
F9D8,
FC45,
F4FB,
F1A4,
EDDE,
E889,
E9FF,
EA8A,
E5D3,
E435,
DEA8,
D8DE,
DBBE,
E0F4,
E551,
EEFC,
F4FB,
F6E0,
F57C,
F183,
F0C9,
F17B,
F097,
F2DD,
F50E,
F13F,
EF7D,
EEA4,
EE60,
EF7A,
EE0E,
EA36,
E7C8,
E493,
E56F,
EA89,
EFF9,
F2EF,
F3B1,
F309,
F333,
F6FD,
FE04,
016C,
013A,
0032,
FD07,
FC69,
FD85,
FC1A,
F878,
F39A,
EEDC,
EE4D,
F225,
F64C,
F8DC,
F673,
F314,
F32F,
F89B,
01AE,
0BE4,
0C60,
03CF,
F7DD,
EF94,
F0FF,
F8B1,
FC3C,
F868,
F02E,
E770,
E227,
E25B,
E981,
F311,
F8F3,
F73A,
EF0A,
E4CD,
DE3F,
DEC2,
E2F0,
E784,
EC9C,
F1E3,
F111,
EA45,
E20D,
DB39,
D776,
D648,
D65B,
D650,
D772,
DA7C,
DDD4,
DFA5,
DF9D,
DDAC,
DB19,
DB54,
DE2F,
E4BE,
EC62,
F1BC,
F134,
E942,
DF27,
DB12,
DC9A,
DECB,
DFFC,
DEF1,
DBB8,
D8DF,
D75F,
D393,
CD31,
C5EA,
BEDD,
BD73,
C6DE,
D731,
E1D0,
DBD8,
C5B4,
B45B,
BA0F,
D5E3,
F970,
09E5,
F319,
BE62,
9A12,
A4DE,
CDB3,
F7AD,
0F12,
FF8E,
CBF9,
A146,
9DAA,
B1CB,
C81C,
DE9F,
EDF1,
E6EF,
CD38,
B73E,
B204,
B758,
C40B,
D50B,
DC40,
DDB4,
D545,
C87E,
C482,
C439,
C173,
C2B6,
C46D,
C600,
CC2F,
D0A6,
D400,
D09E,
C662,
C031,
BFCE,
C123,
CB85,
D3F9,
D56A,
D6AE,
D3AE,
CA8D,
C9B2,
CCAE,
D1E9,
D9C8,
DFA4,
E416,
E5A1,
DFD3,
D653,
CC0D,
C17F,
B925,
B392,
B2A9,
B9E9,
C5C0,
D288,
DC0A,
DC60,
D4E0,
CE45,
CF51,
D685,
DDBB,
DE02,
D7C9,
CBC0,
C039,
BB7B,
BE47,
C528,
CDDF,
D406,
D4E1,
D4A6,
D7CD,
DDA9,
E221,
E424,
E3A2,
DFD5,
DD64,
DE20,
E1D8,
E871,
ED92,
EC53,
E7DE,
E1EA,
DEF2,
DF34,
E1C4,
E667,
E8E7,
E60F,
E127,
DBEC,
D951,
D706,
D1D7,
CA1A,
C3F2,
C27C,
C7B0,
CDF2,
D3EE,
D688,
D7BF,
DA93,
E037,
E6E0,
EDA5,
F3B1,
FADC,
000E,
0261,
03A3,
037F,
FDD8,
F5B3,
E954,
DDB2,
D684,
D744,
D90A,
D774,
D239,
CEA8,
CF06,
D3A9,
DAD7,
E715,
EFA9,
F239,
F18E,
EF8E,
EDCE,
F138,
F3D1,
F156,
EA7E,
EA6F,
EAED,
F0AE,
EE31,
F4B3,
D8F4,
D0A0,
DB61,
DA99,
DBD6,
DB69,
E0BB,
E743,
ECED,
ECC3,
ED50,
F093,
F862,
FFD2,
04FF,
059A,
0882,
08FB,
04A6,
FEBB,
FA36,
F415,
F03C,
EC46,
E574,
DA3C,
D0FE,
C6FE,
BC35,
B4EE,
B3B6,
B35E,
B451,
B4F5,
B552,
BB5E,
C6BF,
D0E3,
DA5E,
E06B,
E40B,
ED0D,
FC06,
0A6C,
13FE,
14C1,
0F16,
0345,
EFAC,
DCD7,
D38C,
CDEE,
C70C,
BBEA,
AC14,
9CB8,
9204,
88B6,
81A4,
800A,
8243,
8693,
8F2C,
9BC8,
AA8C,
B8EB,
C247,
C7FE,
CDD1,
D3FB,
DE19,
EA26,
F00E,
ECDB,
E469,
D84B,
C8C1,
BA2A,
B29D,
ABF6,
A29A,
9B25,
9570,
9155,
90AA,
8F3B,
8A7B,
8A67,
932B,
9FEA,
A7C3,
AC2C,
B0D1,
B502,
BD17,
CBCD,
D4D9,
D016,
C878,
C62E,
C438,
BBDD,
B621,
BD1C,
C734,
C4AA,
B637,
A920,
A24E,
9AD8,
92B8,
9595,
A44A,
B3BD,
BF5B,
C766,
CBFB,
CF21,
D1C8,
D763,
E0CC,
E8E0,
F015,
F57A,
F5FD,
F1F8,
EEDA,
E74A,
D7AE,
C6C4,
C01A,
BE4B,
BC5B,
BADA,
B6DB,
B11D,
ADC7,
AC99,
AA33,
AB2D,
B5BB,
C24D,
C8A7,
CCD8,
D4E7,
DC98,
DE66,
DD11,
DE45,
E279,
E6C8,
EBBF,
F298,
FAC5,
018F,
0494,
0318,
FDD4,
F8D3,
F696,
F703,
F647,
F387,
F041,
ED00,
EC22,
EEED,
F478,
FB23,
0190,
0717,
09DE,
0B14,
0F4E,
1487,
12A0,
0AB9,
0108,
F6BF,
EE07,
E7EE,
DFFF,
D8B3,
D6B1,
D68C,
D346,
D165,
D68F,
E052,
E934,
F24E,
FFC3,
0DCC,
143D,
13F7,
13CE,
1711,
1881,
1240,
037F,
F405,
ED60,
F369,
FDAA,
FE28,
F2CB,
EB00,
EEDC,
F39D,
F658,
FEAA,
06DA,
0AE0,
0FB6,
135C,
0EF2,
06AB,
FE60,
F91F,
F736,
F74E,
F6EA,
F4B0,
EDA3,
E705,
E45D,
E4CC,
EA0E,
F3FA,
FD36,
05BA,
0F15,
1245,
0F34,
0EE6,
12E8,
1319,
0D7B,
07A3,
059F,
01AB,
F579,
E51D,
D9BD,
D6B6,
D372,
CB7B,
C38C,
BE93,
BF2F,
C730,
D17B,
D9A6,
DD23,
DC08,
DBF0,
DEA1,
E1C0,
E66F,
EB9F,
EE96,
EF11,
EF58,
F328,
FCC9,
0952,
11D3,
13EF,
13AD,
189B,
1E62,
1E6F,
1A5F,
16E8,
1292,
089E,
F9FB,
EE8E,
E9DC,
E5CA,
DE45,
D6AD,
D4E5,
D802,
DBF0,
DDCC,
DFBE,
E269,
E499,
E5FE,
E8F8,
ECCF,
F11B,
F42F,
F2C3,
EE9A,
ED56,
F126,
F644,
F870,
F8E3,
F93B,
F62E,
F05C,
EED9,
EFF8,
F002,
EE55,
EAB2,
E78E,
E7BE,
EB1A,
EFCE,
F102,
EF66,
F358,
FCB4,
0468,
0859,
0C4E,
107D,
1451,
1A7A,
218B,
2521,
26CB,
29D1,
2BFF,
2A78,
25A5,
266F,
2E35,
3219,
2DC0,
280D,
2797,
29EA,
28AB,
250B,
2470,
237B,
1FD8,
1D5E,
1EA2,
214D,
2204,
212E,
1F74,
1C5B,
1900,
16A1,
14E6,
15C9,
1A99,
1E55,
1AE2,
13AA,
103B,
11A3,
146B,
16EC,
1A4A,
1E0D,
204E,
20C2,
1F77,
1E5C,
2056,
2668,
2B65,
2CAF,
2EC1,
35FF,
3E81,
423C,
41D4,
42CD,
4791,
4CD8,
4FDE,
5156,
5293,
5433,
5681,
5937,
5A01,
56CB,
506A,
48E5,
4301,
4082,
4163,
41DC,
41B5,
40FD,
41A4,
46B9,
4C21,
4DE4,
5002,
531B,
536A,
50AA,
4B5C,
4593,
3E7D,
345D,
2A11,
223A,
1A31,
126E,
0E17,
0B79,
0A27,
0E9B,
196A,
259B,
31E1,
3E8D,
4AE2,
54F1,
5A0D,
5C89,
5F68,
608C,
5C91,
54A4,
4A91,
40B7,
3AFB,
3A15,
37E1,
2F5F,
25B2,
20B6,
1FB1,
1EEA,
1E01,
1F12,
22DF,
2736,
2ABF,
2BC3,
2A92,
29C2,
2AAE,
2D8C,
32C2,
3808,
3C06,
3ED3,
408A,
421A,
4598,
4975,
4DDA,
5383,
58E9,
5C21,
5C33,
57B9,
50FC,
4B99,
46DE,
4101,
3AE1,
34C2,
2D5A,
241F,
1B5C,
146F,
1039,
0F1C,
0FDD,
1075,
11F3,
151A,
19A3,
1FD3,
2705,
2CBE,
2FEE,
31EC,
3425,
367E,
3810,
3964,
3A40,
3A1F,
38DD,
3851,
3AF5,
3F57,
4237,
434B,
4426,
44C0,
4316,
3FB3,
3CF2,
3B00,
37B7,
349F,
3112,
2A41,
21FF,
1C4D,
1955,
168E,
164B,
18B9,
1B5F,
1E19,
211B,
2220,
2257,
239B,
2567,
2728,
2914,
29BB,
2910,
26A0,
246C,
2344,
2447,
2636,
2782,
2838,
29BD,
2B7F,
2B69,
2A05,
29DF,
2B6B,
2CE0,
2D86,
2E92,
306A,
31FB,
324B,
3218,
321B,
31EC,
3211,
337B,
3655,
3962,
3BDC,
3E09,
401D,
4245,
44C7,
4708,
4904,
4B95,
4EBE,
51B7,
5474,
56C2,
57A7,
5713,
560F,
55F3,
55FF,
548A,
51F5,
4F29,
4C1A,
48AD,
44F0,
4170,
3F30,
3D1D,
39E0,
36A8,
3493,
33ED,
345E,
3621,
3837,
3A07,
3B47,
3BD7,
3B84,
3BA3,
3CD4,
3FE2,
4354,
4612,
477B,
477C,
463B,
4527,
4370,
41C1,
416F,
4272,
43D9,
458B,
467B,
46E0,
466D,
4544,
43BB,
4257,
4228,
42FB,
434D,
439E,
44DA,
4674,
4782,
47DC,
46C1,
4525,
43E5,
43A0,
43CD,
4448,
43D7,
4294,
40B8,
3F02,
3D8A,
3CA8,
3C2C,
3B4A,
3A46,
3A04,
399D,
384B,
36D6,
357D,
34A5,
3478,
343E,
33B9,
327B,
30CE,
2E60,
2CBB,
2BB6,
2BED,
2DAD,
307B,
329A,
3391,
33AE,
334B,
3183,
2FE6,
2EC1,
2DB4,
2BEC,
28D8,
2314,
1DDA,
1C6A,
1F2F,
2480,
2989,
294D,
2131,
148C,
09CE,
07D1,
107C,
1B45,
1E07,
169D,
0B1E,
02CF,
0521,
137B,
25A1,
31B0,
3409,
2C4E,
1E20,
1157,
0B47,
0A29,
0DF4,
18CA,
253C,
2BD5,
2BBD,
2672,
1DCB,
156B,
108C,
0D41,
0A8B,
0995,
0AA0,
0AE3,
0A2D,
08A2,
054C,
FDB9,
F3DE,
F0C7,
F6AD,
0034,
07DF,
0951,
05A1,
01F5,
FCB9,
F70D,
F78D,
FAE4,
FC58,
FF9E,
03C3,
03E9,
05AA,
083F,
0321,
FCD3,
FCDE,
FA6B,
FBF6,
0787,
0D26,
0C1F,
0ED1,
0613,
F40F,
EE51,
EFB7,
F060,
F921,
FB5F,
F384,
F23D,
F33C,
F20C,
F893,
FB33,
F441,
F106,
EDD6,
E94E,
EB42,
EC0B,
E795,
E53A,
DEFF,
D8F5,
DBAF,
E0E2,
E5F3,
EFA8,
F5A7,
F73E,
F565,
F119,
F094,
F1D7,
F19C,
F491,
F6D6,
F327,
F169,
F08C,
F03C,
F0DA,
EEAB,
EA65,
E7BD,
E485,
E57E,
EA5B,
EECE,
F104,
F15A,
F0A5,
F13F,
F57A,
FC74,
0049,
00D2,
0077,
FDC7,
FCF9,
FDED,
FC2A,
F8AE,
F437,
EFBA,
EFC0,
F3E7,
F75E,
F902,
F5C6,
F1AA,
F1DE,
F76D,
00A6,
0AAA,
0B93,
036E,
F79C,
EF32,
F06D,
F7F4,
FC0B,
F904,
F106,
E853,
E30D,
E348,
EA65,
F41C,
F9C6,
F7C2,
EEF8,
E403,
DD35,
DE2A,
E306,
E7F1,
ED0C,
F17B,
EFD0,
E8DC,
E0F4,
DAAC,
D7CB,
D792,
D7E5,
D7D3,
D8F9,
DBFF,
DF3F,
E139,
E0D9,
DE22,
DB87,
DC51,
DFFB,
E6AF,
ED7F,
F191,
F01E,
E7F7,
DE56,
DA9B,
DC17,
DE5E,
DF93,
DE9B,
DB98,
D8EB,
D6BC,
D20B,
CB47,
C4A5,
BF18,
BF78,
C987,
D93F,
E2F5,
DBEF,
C5CF,
B4EA,
BAFD,
D79E,
FB69,
0BC7,
F4BF,
C030,
9C29,
A724,
CF92,
F8A1,
0EDB,
FE50,
CB19,
A230,
A036,
B487,
C9E0,
DE3C,
EB61,
E3DC,
CB62,
B7E4,
B3E0,
B8BD,
C4A4,
D44F,
DBBD,
DE61,
D798,
CBDA,
C720,
C588,
C27B,
C3FB,
C5EE,
C87E,
CE3F,
D1CC,
D4F3,
D1FB,
C7B1,
C162,
C045,
C127,
CB2C,
D33D,
D488,
D5A2,
D24A,
CA49,
CA44,
CDBF,
D384,
DBF0,
E1E9,
E687,
E85B,
E2BC,
D96B,
CF61,
C42D,
BACA,
B44D,
B333,
BA2A,
C5B7,
D1F1,
DAED,
DA9E,
D321,
CCE3,
CE50,
D640,
DE26,
DED5,
D8E2,
CD87,
C310,
BFC0,
C367,
CA4C,
D238,
D73B,
D805,
D885,
DC41,
E1F8,
E5DE,
E6DB,
E514,
E068,
DDB5,
DE18,
E17E,
E764,
EB80,
E9E6,
E5BC,
E032,
DD54,
DDD4,
E0DB,
E5C3,
E8F8,
E74E,
E330,
DEBF,
DCB5,
DA92,
D5D1,
CE9F,
C85E,
C627,
CA37,
CFB6,
D50A,
D708,
D7C4,
DA13,
DF20,
E56E,
EC37,
F220,
F8FF,
FE7A,
01C7,
03CC,
0413,
FF3A,
F771,
EBB6,
E0A1,
D962,
D967,
DAF2,
D9CA,
D4AD,
D090,
CF94,
D34B,
DA03,
E521,
ECAF,
EEA7,
ED31,
EBCF,
EB0A,
EEFE,
F188,
F000,
EA58,
EAF1,
EC68,
F2C1,
F1BB,
F906,
DC87,
D490,
DF82,
DF28,
E02A,
DEFF,
E339,
E881,
EE28,
EDC6,
EDD0,
F026,
F6FA,
FD35,
00D3,
00CE,
0387,
046B,
00F7,
FB62,
F6E7,
F163,
EE74,
EB93,
E52F,
DA60,
D1EA,
C970,
BFE6,
B95D,
B857,
B75D,
B7A8,
B7C0,
B7EC,
BE3C,
C9E2,
D3DE,
DC6A,
E11F,
E404,
ECF4,
FBB6,
0A15,
13A4,
144A,
0EA2,
029C,
EF48,
DD0A,
D3DD,
CE46,
C758,
BC01,
ACC0,
9E1F,
9372,
89A6,
8205,
8007,
8271,
8770,
90A1,
9D0B,
AB93,
B9A5,
C31F,
C92E,
CF31,
D58D,
DFF5,
EC34,
F27F,
EF8D,
E705,
DA4B,
C9C3,
BAE1,
B3A1,
AD7F,
A44D,
9C3F,
9573,
9014,
8E80,
8C7C,
8833,
8905,
92BF,
9FBD,
A80A,
ACC0,
B1E7,
B6B4,
BEFD,
CD9A,
D73F,
D37C,
CC8F,
CAAE,
C872,
BF5A,
B966,
C064,
CA63,
C7AE,
B96A,
AB7A,
A3BA,
9BF7,
93B2,
963B,
A43A,
B341,
BF60,
C7F1,
CC86,
CF9D,
D274,
D860,
E1E2,
EA44,
F1CD,
F7B2,
F7F8,
F42F,
F0D6,
E89F,
D80D,
C743,
C025,
BDDF,
BB1E,
B8BC,
B493,
AE7F,
AAD8,
A8E7,
A5F0,
A7A6,
B34C,
C12C,
C8AF,
CDAD,
D657,
DEB9,
E14B,
E0AA,
E275,
E722,
EC43,
F1B4,
F836,
FFB8,
061A,
0889,
0634,
0023,
F9DD,
F7A5,
F830,
F6CB,
F345,
EF1B,
EAE7,
E93E,
EB91,
F10E,
F814,
FEC2,
042A,
0717,
0915,
0E91,
14FA,
1426,
0CA0,
034D,
F969,
F12E,
EB79,
E39A,
DB84,
D86B,
D6B9,
D1CD,
CEEA,
D35C,
DCA9,
E534,
EDFD,
FB3D,
0985,
10C3,
1193,
12DC,
175F,
19CD,
1428,
0625,
F73A,
F135,
F77D,
011C,
004F,
F3A2,
EAE4,
EDA5,
F174,
F394,
FB77,
03A3,
082D,
0D90,
10E7,
0C3F,
047E,
FD63,
F8A2,
F73F,
F829,
F8FE,
F791,
F0E6,
E9C0,
E66E,
E69B,
EC0F,
F687,
0001,
08BE,
11AB,
13CB,
0F60,
0E12,
11B2,
11AC,
0B6E,
055F,
0326,
FE6C,
F194,
E06D,
D512,
D224,
CE83,
C651,
BEC9,
BABC,
BCA3,
C5C0,
D0D4,
D9C2,
DE3A,
DE7F,
DFA5,
E381,
E793,
EC9A,
F175,
F38D,
F337,
F2E8,
F5C9,
FE0C,
0918,
10AB,
1198,
10A8,
1540,
1B08,
1AF0,
170A,
13EB,
0FAA,
0610,
F821,
ED5D,
E926,
E581,
DE2C,
D72A,
D5D4,
D912,
DCC6,
DEBF,
E068,
E2D2,
E4DB,
E65D,
E95A,
ED5D,
F114,
F369,
F1C7,
ED7A,
EC2D,
F02B,
F580,
F7E4,
F8D3,
F926,
F591,
EFF4,
EECA,
F026,
F077,
EF05,
EBAC,
E8DE,
E92C,
EC66,
F064,
F12E,
EFFD,
F435,
FD7C,
04C6,
085B,
0C5C,
10AE,
1477,
1ABD,
222F,
2615,
27A7,
2A5B,
2CB1,
2B14,
2666,
2730,
2ED1,
32A6,
2E19,
2835,
27DA,
29FD,
2897,
255A,
2481,
22D2,
1EBC,
1C00,
1D06,
1FC9,
2121,
2087,
1EA1,
1B50,
17CF,
1598,
144A,
152A,
19D7,
1D76,
1A01,
1314,
1039,
11AB,
13D3,
1612,
19CE,
1E18,
20C8,
2147,
1FB9,
1E2C,
205A,
2688,
2B70,
2C6E,
2E1D,
34D0,
3D15,
40EB,
40F1,
424F,
46D6,
4B63,
4DFD,
4FB8,
5189,
53CB,
567E,
5906,
59D8,
56F4,
50DD,
49A4,
4345,
3FEB,
401F,
404E,
3FE7,
3EEF,
3F3A,
4371,
47FB,
4938,
4AFC,
4E2B,
4F48,
4D07,
483B,
4355,
3D26,
33AA,
2A04,
2293,
1AC2,
1337,
0EE1,
0C28,
0AD8,
0F5C,
19C2,
2538,
30EE,
3D84,
49EC,
53DF,
591C,
5C29,
5F69,
6027,
5BAD,
531A,
4869,
3E5E,
38BA,
37B7,
34E1,
2B76,
2136,
1BE9,
1AE3,
1AA4,
1A4C,
1BCE,
2038,
2554,
29B1,
2BE9,
2BD9,
2BD9,
2D5D,
3093,
35DB,
3B96,
3FE0,
422C,
4308,
43C4,
45F8,
4932,
4D7D,
52CD,
57A8,
5A70,
5A23,
559A,
4F02,
49B7,
4512,
3F5C,
3953,
334B,
2C16,
22FC,
1A12,
1338,
0F2E,
0E15,
0EC9,
0F78,
116E,
1553,
1A76,
20E1,
281A,
2E15,
31BB,
33CD,
35EA,
3825,
3990,
3A82,
3AF8,
3A6A,
38F6,
383D,
3A5B,
3DCE,
3FE0,
4095,
4164,
41E0,
4074,
3D24,
3A50,
3851,
35C8,
335E,
304F,
29E6,
21C7,
1C21,
192B,
16B0,
1681,
18D5,
1B35,
1DBE,
20DA,
225C,
2324,
24B6,
2685,
2836,
29E1,
2A43,
2961,
2785,
25C0,
24E4,
25CF,
2779,
2892,
2931,
2A79,
2BC9,
2BAF,
2AB3,
2ACC,
2BED,
2CE7,
2D7A,
2EAF,
309D,
31EC,
31B5,
3158,
31AD,
31FE,
3259,
33AF,
3632,
3901,
3B5D,
3D9A,
3FDB,
4246,
44F7,
4747,
48F7,
4B45,
4E24,
50EA,
5388,
55A9,
5641,
5589,
5466,
540C,
53D0,
5254,
4FAD,
4CCE,
49D1,
46B3,
437C,
40A9,
3E6F,
3C22,
392C,
3649,
3472,
3400,
347A,
3645,
389D,
3A78,
3BB5,
3C6D,
3C45,
3C80,
3DBB,
4057,
439A,
4668,
47A1,
4745,
45CD,
442A,
4234,
408D,
4011,
40EF,
4296,
445B,
454E,
4592,
44F5,
43D9,
427C,
4155,
411C,
41BE,
4221,
42B3,
43C4,
44E3,
4593,
45E7,
4547,
43FD,
42D7,
4276,
4230,
41F3,
416F,
40A6,
3F49,
3D99,
3BD1,
3A8E,
39CB,
396C,
392B,
38FE,
3862,
373F,
35E9,
34D8,
343C,
340A,
33B8,
3340,
31F7,
2FF6,
2DD3,
2C96,
2BCB,
2BD7,
2D27,
2FD2,
3233,
3348,
3333,
325D,
306E,
2EE0,
2DFA,
2D0C,
2B22,
2770,
212E,
1B72,
19F0,
1D66,
235A,
2857,
27B0,
1F45,
125D,
07FC,
06A7,
0F8B,
1A72,
1DB8,
16E0,
0B2F,
026C,
0480,
12C1,
2561,
323C,
34ED,
2D0A,
1EAA,
11E5,
0BF1,
0B07,
0F4E,
1A31,
2648,
2C4B,
2BC4,
2659,
1DBF,
15AF,
10E9,
0D77,
0AD0,
0A2E,
0B27,
0B90,
0AFF,
0956,
05DA,
FE17,
F429,
F0DC,
F70B,
00E7,
0888,
09FE,
0663,
027C,
FDA9,
F89D,
F904,
FC1F,
FD3C,
003A,
0471,
04C8,
0687,
08F9,
037E,
FC86,
FBF4,
F9B8,
FBD3,
07BC,
0D9B,
0C23,
0E1B,
04C6,
F254,
EC87,
EE4B,
EF9D,
F861,
FA70,
F24A,
F0ED,
F207,
F0F6,
F75E,
FA21,
F37D,
F05A,
EDB3,
E9FA,
EC76,
ED7F,
E941,
E622,
DF37,
D8F3,
DB8D,
E0C1,
E683,
F03E,
F636,
F77B,
F528,
F086,
F03A,
F210,
F27D,
F616,
F865,
F4D6,
F31E,
F245,
F1F0,
F212,
EF23,
EA73,
E78F,
E459,
E573,
EA16,
ED92,
EF06,
EEEF,
EE37,
EF45,
F3F6,
FAEC,
FF25,
005E,
00B0,
FE7E,
FD8C,
FE5F,
FC43,
F8E2,
F4CA,
F093,
F132,
F5A9,
F873,
F925,
F509,
F02F,
F080,
F633,
FF96,
0964,
0AAA,
02E7,
F72E,
EEA0,
EFB4,
F71E,
FBBF,
F97A,
F1AB,
E8F7,
E3B5,
E405,
EB29,
F510,
FA86,
F833,
EECD,
E323,
DC1C,
DD87,
E30F,
E84A,
ED66,
F105,
EE8B,
E770,
DFD4,
DA10,
D809,
D8BC,
D94F,
D93B,
DA69,
DD6D,
E098,
E2BC,
E1FF,
DE78,
DBC7,
DD1A,
E19A,
E875,
EE69,
F12D,
EECC,
E66F,
DD4E,
D9F2,
DB5F,
DDB5,
DEF0,
DE13,
DB53,
D8D9,
D5F7,
D056,
C926,
C325,
BF1F,
C14F,
CC07,
DB29,
E3E9,
DBBF,
C596,
B526,
BBA1,
D91C,
FD2A,
0D68,
F613,
C195,
9DC7,
A8F2,
D108,
F947,
0E7E,
FD09,
CA20,
A2CD,
A245,
B6C3,
CB46,
DDAE,
E8D7,
E0D6,
C972,
B835,
B550,
B9CA,
C506,
D37A,
DB2D,
DEEB,
D998,
CEC4,
C957,
C68A,
C34D,
C518,
C74D,
CACC,
D019,
D2B8,
D5A6,
D30C,
C8B2,
C249,
C07D,
C0F6,
CA9F,
D24B,
D360,
D435,
D079,
C991,
CA5D,
CE5E,
D4B9,
DDB2,
E3CF,
E89D,
EAB0,
E53D,
DC1B,
D247,
C673,
BC15,
B4BB,
B379,
BA2D,
C56D,
D114,
D985,
D890,
D118,
CB39,
CD0F,
D5C6,
DE63,
DF7D,
D9CA,
CF12,
C5A4,
C3BB,
C840,
CF32,
D65C,
DA46,
DB0B,
DC47,
E08E,
E616,
E961,
E957,
E64E,
E0CF,
DDE0,
DDEB,
E0F4,
E61A,
E930,
E740,
E362,
DE3E,
DB77,
DC38,
DFBE,
E4F9,
E8E9,
E867,
E512,
E16B,
DFEB,
DDF2,
D9A6,
D303,
CCAF,
C9BD,
CCAA,
D160,
D601,
D756,
D788,
D949,
DDC0,
E3BA,
EA8C,
F04F,
F6DB,
FC99,
00D8,
039A,
044C,
003F,
F8D3,
EDC5,
E34E,
DC07,
DB56,
DCB6,
DC00,
D704,
D269,
D02F,
D30B,
D95B,
E362,
E9E9,
EB41,
E8FC,
E82C,
E85D,
ECCB,
EF35,
EE90,
EA15,
EB5A,
EDC9,
F4A8,
F511,
FD02,
DE72,
D6D0,
E1C5,
E13E,
E24B,
E0E6,
E468,
E8AC,
EDE7,
ED51,
ECA6,
EE65,
F522,
FAB7,
FDBC,
FDDA,
00A3,
01B7,
FEF4,
FA03,
F5FD,
F105,
EE5A,
EBB8,
E5B9,
DB89,
D3EF,
CC43,
C2F9,
BC0A,
BA3A,
B85E,
B830,
B7FD,
B80E,
BE22,
C93B,
D289,
DA31,
DE13,
E0CF,
EA3D,
F9C1,
08F4,
133C,
1465,
0F0E,
0332,
F087,
DF5B,
D6DB,
D1A5,
CAC8,
BF13,
AFB2,
A0C2,
9520,
8A7A,
825C,
8008,
8239,
8711,
8FF3,
9B90,
A93A,
B6D9,
C0AB,
C770,
CE17,
D4C5,
DF79,
EC1E,
F309,
F0F3,
E8FE,
DC97,
CC48,
BDAD,
B67C,
B095,
A764,
9F1D,
979C,
90FF,
8E5F,
8BAD,
8757,
88A9,
92C1,
9F58,
A726,
ABA4,
B102,
B648,
BF10,
CE06,
D825,
D544,
CF3D,
CE0B,
CBF9,
C2BF,
BCC6,
C3FA,
CE2A,
CB7F,
BD3F,
AEB8,
A603,
9DB7,
9525,
971D,
A42A,
B27E,
BE93,
C742,
CBC1,
CEC9,
D19F,
D78D,
E139,
E9B4,
F1B3,
F82D,
F90A,
F619,
F30D,
EAAA,
D9ED,
C979,
C23C,
BFAA,
BC3A,
B96B,
B4CB,
AE20,
A9ED,
A75A,
A41A,
A644,
B295,
C117,
C905,
CDF1,
D65A,
DF00,
E23D,
E272,
E507,
EA00,
EF4B,
F4E5,
FB42,
0264,
08DF,
0B8D,
098D,
0318,
FC20,
F997,
F9B0,
F7B8,
F3D4,
EF36,
EAA5,
E89C,
EA62,
EF86,
F67B,
FD3C,
02AD,
0599,
07DA,
0DAC,
1467,
1433,
0D5A,
0460,
FA9B,
F2A7,
ED40,
E556,
DC81,
D86A,
D5D6,
D072,
CD77,
D1A9,
DA3B,
E1F3,
EA48,
F78B,
05FE,
0DFB,
0FC4,
121A,
177C,
1A7A,
1560,
082A,
F9D8,
F458,
FB11,
0465,
02FB,
F5C6,
EC89,
EE62,
F170,
F318,
FAB1,
02D3,
079A,
0D0D,
1016,
0B0D,
0381,
FD0B,
F886,
F727,
F860,
F951,
F76F,
F03E,
E8BD,
E525,
E585,
EB65,
F623,
FF4A,
07BA,
105D,
1250,
0DD3,
0C97,
108F,
10FB,
0AF7,
0538,
031F,
FDF5,
F0ED,
DFC2,
D4B4,
D204,
CE1B,
C55B,
BD77,
B978,
BBD0,
C54B,
D054,
D964,
DE29,
DF2C,
E115,
E58C,
EA0B,
EF1E,
F382,
F4E3,
F451,
F401,
F6D0,
FEA4,
0930,
105E,
10D3,
0FBC,
145A,
1A31,
1A12,
1691,
140B,
1022,
06B5,
F8CF,
EE23,
E9EB,
E654,
DF15,
D823,
D6A5,
D985,
DC94,
DE14,
DF98,
E1C2,
E357,
E47A,
E73B,
EB2A,
EEE1,
F14F,
EFFF,
EBF9,
EAC8,
EEC2,
F47A,
F754,
F8DD,
F997,
F639,
F107,
F032,
F190,
F1C7,
F0A4,
EDF0,
EBDB,
EC6D,
EF67,
F29E,
F2DA,
F1A9,
F5E8,
FF21,
063E,
09AC,
0D6F,
1181,
14F7,
1B08,
229A,
26A9,
2880,
2B66,
2DC7,
2BAB,
2696,
273D,
2F0B,
330D,
2E77,
2856,
279A,
2940,
2797,
248E,
23B0,
21E9,
1DE0,
1AD1,
1B25,
1D8D,
1F35,
1F1F,
1D9C,
1A7D,
1715,
14CA,
1364,
1419,
18E6,
1CC9,
19BB,
1383,
112F,
1247,
13B5,
15B6,
1991,
1E74,
21D2,
229A,
20CB,
1EAB,
208F,
269F,
2B73,
2C8E,
2E57,
34B9,
3C9D,
4042,
4041,
41C0,
465B,
4ACC,
4D5A,
4F45,
514A,
53B9,
568C,
58FC,
59CD,
5715,
5129,
49EE,
42E5,
3E99,
3E3B,
3E48,
3DD9,
3CAF,
3CBB,
4095,
448E,
456A,
4738,
4AF3,
4CD5,
4B18,
4673,
41E1,
3C03,
32C9,
2973,
223F,
1A9A,
134F,
0EFC,
0BF8,
0A3E,
0E53,
181A,
22FE,
2E7E,
3B4A,
47F9,
520C,
5774,
5ADC,
5E91,
5F92,
5B75,
532C,
4887,
3E8C,
3918,
37CD,
345B,
2A8B,
203A,
1AC0,
198F,
195C,
191D,
1AA6,
1F0D,
2432,
28A3,
2B30,
2B8B,
2C2E,
2DF2,
3109,
363F,
3C13,
404B,
425A,
42C7,
4319,
450A,
4847,
4C99,
51BF,
5664,
592F,
5903,
54C7,
4E6E,
4965,
44E8,
3F72,
39B4,
33A2,
2C14,
22AA,
1988,
12B2,
0EC4,
0D91,
0E38,
0ECB,
10A4,
148D,
199F,
1FF4,
2736,
2D93,
31C5,
3432,
366A,
38AC,
39FB,
3ABA,
3B1D,
3A85,
3925,
3856,
3A4E,
3D81,
3F52,
3FCC,
406E,
409E,
3F56,
3C6E,
39F5,
383A,
35EE,
336E,
3027,
29AA,
217A,
1C05,
191F,
168E,
1628,
182E,
1A08,
1C11,
1F06,
209A,
21E4,
240C,
262B,
27CD,
2953,
2982,
2894,
2756,
261D,
256E,
2643,
27DC,
28D4,
2985,
2AC5,
2BF7,
2C27,
2BBB,
2C12,
2D00,
2DA9,
2E09,
2F50,
3167,
32EC,
32C0,
326D,
3295,
32AD,
32C9,
33FA,
3672,
394C,
3B82,
3D7C,
3F97,
41CF,
4459,
469E,
4842,
4A9B,
4D58,
4FE0,
522D,
5418,
547B,
53E2,
5316,
52F7,
5287,
50B7,
4DA3,
4A87,
47E4,
456D,
42C6,
4035,
3DC7,
3B17,
37F1,
3539,
33C3,
33CC,
34AE,
368A,
3896,
3A24,
3B1C,
3BBC,
3BCA,
3C44,
3DCA,
4052,
4355,
45E4,
46F3,
4665,
44F4,
435C,
418A,
400E,
3FA5,
406E,
420C,
43D2,
44C3,
44E6,
441D,
4304,
41D9,
40E9,
4082,
40CD,
40F5,
4172,
425D,
4355,
4403,
44B2,
44AD,
43D2,
42D6,
4245,
416F,
40B0,
401F,
3F9F,
3E81,
3CDD,
3AF5,
3964,
3861,
380D,
3809,
3804,
379A,
36AE,
3592,
3482,
338E,
32EA,
325F,
31FC,
30F7,
2F1D,
2D2A,
2BF9,
2B1A,
2AEF,
2C03,
2EBC,
3159,
328C,
327A,
3183,
2F73,
2DFE,
2D60,
2C91,
2AA8,
26D5,
2075,
1AAF,
196A,
1D69,
23C0,
289D,
277D,
1EA8,
117D,
0752,
0680,
0F75,
1A3D,
1D98,
1700,
0B4D,
0289,
0486,
128F,
2531,
3264,
3559,
2D73,
1EF4,
11F4,
0BC6,
0ADD,
0F87,
1ADF,
272D,
2D14,
2C65,
26DD,
1E39,
1651,
1190,
0E0F,
0B63,
0AE5,
0BB9,
0BEA,
0B39,
097F,
0609,
FE98,
F501,
F178,
F73A,
008B,
07DF,
0964,
0625,
027D,
FE11,
F974,
F9C4,
FC9F,
FD88,
0078,
04E1,
0569,
0715,
097C,
0418,
FCD3,
FC07,
F9DD,
FC38,
0835,
0E14,
0C02,
0D83,
043F,
F1F3,
EC54,
EE39,
EF75,
F7F0,
F9DD,
F1A2,
F05B,
F1A6,
F075,
F68E,
F953,
F2B6,
EFB8,
ED7B,
EA13,
EC98,
EDD9,
E9D9,
E6CB,
E00F,
D9CB,
DC0B,
E0D5,
E689,
F018,
F634,
F7B7,
F576,
F0F0,
F0D3,
F2DA,
F34E,
F6F8,
F945,
F5D7,
F453,
F396,
F35B,
F337,
EFEC,
EAFE,
E81C,
E4DF,
E5D4,
E9F7,
ECCF,
EE18,
EE01,
ED6C,
EE9F,
F34D,
FA53,
FF05,
00CE,
01B8,
FFD5,
FEC0,
FF74,
FCE3,
F95F,
F58A,
F1AA,
F296,
F706,
F92A,
F965,
F50B,
F030,
F0AF,
F639,
FF40,
08C5,
0A0E,
0245,
F67C,
EDEB,
EEFB,
F65F,
FB47,
F97D,
F1F1,
E946,
E3C2,
E3C2,
EAF4,
F53C,
FB0C,
F8D3,
EF1B,
E310,
DBF1,
DD53,
E2CB,
E7FB,
ED59,
F0F8,
EE6E,
E740,
DFA7,
D9E0,
D829,
D92B,
D9E2,
D9DD,
DB2A,
DE15,
E115,
E33C,
E220,
DDFF,
DB20,
DCCE,
E1E5,
E8C8,
EE36,
F081,
EDC4,
E598,
DD56,
DACC,
DC88,
DEA9,
DF10,
DD78,
DACF,
D901,
D69C,
D100,
C9AA,
C363,
BF11,
C13F,
CBCC,
DAC9,
E3A5,
DB7D,
C584,
B584,
BBD8,
D8FD,
FCC5,
0CEE,
F5FE,
C23D,
9F55,
AA9F,
D203,
F98B,
0E5B,
FC79,
C9F4,
A3A0,
A39B,
B7C9,
CBDB,
DDB2,
E835,
DFE3,
C912,
B8B1,
B61C,
BA3A,
C55F,
D3A7,
DB99,
DFC0,
DAAA,
CFDF,
C9E8,
C6D3,
C3FB,
C675,
C909,
CCDD,
D187,
D34E,
D60C,
D389,
C952,
C2CE,
C0BE,
C132,
CAAD,
D1CC,
D265,
D2DC,
CF55,
C986,
CB42,
CFD8,
D692,
DF94,
E55D,
E9BE,
EBB9,
E699,
DE05,
D49B,
C8CD,
BE17,
B636,
B48D,
BAB5,
C5A5,
D143,
D97C,
D827,
D06B,
CA44,
CBD8,
D496,
DD7D,
DF28,
DA07,
CFF1,
C6DE,
C566,
CA51,
D150,
D841,
DBEB,
DCE4,
DEA1,
E340,
E888,
EB6B,
EAB0,
E6F9,
E144,
DE90,
DEB1,
E186,
E60F,
E86E,
E64A,
E2A4,
DDBA,
DAFD,
DBD1,
DF61,
E482,
E8DA,
E912,
E632,
E2C2,
E157,
DF80,
DB7B,
D50B,
CE96,
CB2D,
CD95,
D1E1,
D5FD,
D6B7,
D662,
D7D0,
DC38,
E23A,
E916,
EEB1,
F530,
FB41,
0024,
0351,
0455,
00D0,
F9B8,
EF19,
E543,
DE39,
DD2E,
DE71,
DDB7,
D884,
D3A3,
D0C3,
D2EA,
D8BD,
E20D,
E7BA,
E8A7,
E5F3,
E556,
E644,
EAEC,
ED1D,
ECC1,
E906,
EB00,
EDF5,
F572,
F646,
FE50,
DECC,
D76A,
E22C,
E0DD,
E243,
E12F,
E458,
E7D5,
EC3C,
EB71,
E9E3,
EB60,
F2E1,
F85B,
FBB9,
FCBF,
FFE2,
00F3,
FEBA,
FABA,
F784,
F301,
EFFF,
ECD2,
E733,
DDD5,
D720,
CF7E,
C573,
BCF5,
B965,
B66A,
B5F0,
B5AD,
B5B3,
BB06,
C4C2,
CCDA,
D3B1,
D750,
DA79,
E4FE,
F637,
0710,
12C4,
1505,
104C,
0509,
F373,
E3D4,
DC8C,
D805,
D14E,
C513,
B4DE,
A49F,
9716,
8B39,
82AC,
800D,
819C,
857C,
8D2D,
9761,
A390,
B0A1,
BB09,
C2DE,
CA97,
D1B5,
DCBA,
E9FD,
F1C6,
F126,
EA6D,
DF3D,
D053,
C284,
BB21,
B52F,
ABD6,
A3A7,
9BCA,
93FA,
9033,
8CB7,
87D3,
8945,
9326,
9EB8,
A51E,
A8E9,
AE3D,
B3DF,
BD77,
CD35,
D7A6,
D584,
D093,
D04C,
CED5,
C615,
C04A,
C7DD,
D279,
D002,
C192,
B2B0,
A8FD,
9FF3,
96F5,
981D,
A3F3,
B14D,
BCD7,
C546,
C9A3,
CCAA,
CF5C,
D500,
DEEA,
E74E,
EFEB,
F71A,
F965,
F7DF,
F5A2,
ED8B,
DD60,
CD6E,
C658,
C39C,
BF9B,
BCD0,
B774,
AFFA,
AAFC,
A7E1,
A494,
A6E6,
B386,
C210,
C9B6,
CDB8,
D4FF,
DD79,
E148,
E278,
E604,
EB1F,
EFF3,
F567,
FBC8,
02CB,
09DE,
0D95,
0D09,
068E,
FF76,
FC44,
FB5B,
F8ED,
F515,
F078,
EC27,
EA22,
EB3D,
EFB8,
F632,
FCE4,
0295,
056F,
0784,
0CCA,
1304,
12FD,
0D12,
0461,
FA76,
F28C,
ED58,
E53F,
DBAB,
D6A3,
D3C0,
CEFA,
CCC2,
D12C,
D8D1,
DF5B,
E733,
F4BC,
034E,
0C06,
0EB9,
11BA,
1799,
1AC4,
162C,
09C7,
FC07,
F6E0,
FE28,
0776,
060C,
F90A,
EFBC,
F0EA,
F376,
F4D0,
FC43,
0457,
0917,
0E1A,
10D5,
0B4F,
03B4,
FD5C,
F8C5,
F6E1,
F7DE,
F7D0,
F43E,
EBA7,
E3F8,
E072,
E16B,
E7E7,
F2A7,
FAEC,
0299,
0B1A,
0DC0,
0A7C,
0A72,
0F84,
110E,
0C21,
0734,
0593,
005A,
F3A0,
E32B,
D8AB,
D65E,
D244,
C8A1,
BFA6,
BAE5,
BCDC,
C5FA,
D02C,
D8BE,
DD1C,
DE33,
E05A,
E4D4,
E934,
EE04,
F1D7,
F2A7,
F258,
F285,
F60B,
FE56,
095D,
10BA,
117B,
10CF,
15D6,
1BCC,
1BC6,
18EC,
174C,
1409,
0A99,
FC0E,
F0EB,
EC3C,
E856,
E10F,
D9A0,
D75B,
D958,
DB53,
DBC9,
DD4C,
DF34,
E00A,
E058,
E29F,
E63A,
EA7F,
EDDA,
ED60,
EA08,
E91B,
ECE8,
F338,
F6BF,
F8F9,
FA86,
F82B,
F3A0,
F31D,
F447,
F400,
F346,
F18F,
F08E,
F180,
F41F,
F68A,
F61B,
F47E,
F883,
01B3,
08E5,
0C67,
0FA2,
130B,
15E5,
1B6C,
22D2,
26D6,
2945,
2CD6,
2F22,
2C28,
2628,
2684,
2EC0,
3321,
2EA8,
2843,
26B7,
2796,
258A,
2284,
21D9,
2097,
1D18,
19A9,
18E6,
1A91,
1C43,
1CF5,
1C60,
19DB,
16D4,
1443,
1250,
12B4,
17D7,
1C65,
1A2B,
150E,
132E,
1393,
1435,
15F9,
19AF,
1F33,
2375,
24C4,
22B8,
1FE7,
2104,
26B2,
2B74,
2D0E,
2F5A,
3599,
3D04,
4039,
3FBF,
411D,
4618,
4B05,
4DE9,
4FF5,
51D4,
53FD,
56AE,
591D,
59DC,
571C,
513A,
49B5,
41DF,
3C92,
3BC0,
3BD1,
3B8A,
3A40,
3A2E,
3E28,
41E6,
4292,
44D1,
4989,
4C22,
4AE3,
4607,
413E,
3B23,
31D0,
286E,
213C,
19AB,
129F,
0E4A,
0ACC,
0836,
0B5A,
1460,
1EEE,
2A9A,
37E6,
450A,
4F7C,
552B,
58D0,
5D17,
5F02,
5C1A,
54FA,
4B03,
4153,
3C1F,
3A5F,
364F,
2C8A,
229C,
1D1A,
1B9F,
1B09,
1A70,
1B98,
1F5E,
23D4,
2799,
29A6,
29B3,
2AC2,
2C6B,
2EE6,
33D4,
3961,
3D2E,
3F45,
3FAF,
4002,
42B3,
469C,
4B16,
5040,
5506,
584C,
58C7,
553F,
4F40,
4AA1,
4659,
4133,
3BED,
35B5,
2D55,
2339,
19D1,
12E7,
0F04,
0DA2,
0E41,
0E83,
0FAC,
12E9,
1746,
1D34,
2483,
2B59,
301D,
3322,
35AD,
3821,
3960,
3A15,
3AB3,
3A69,
3955,
3886,
3AB3,
3E47,
4060,
40C7,
4128,
40F0,
3FBC,
3D88,
3BD1,
3AA1,
380C,
34BC,
3092,
298E,
211E,
1BFE,
1933,
162A,
1548,
16CE,
17E2,
1924,
1BB8,
1CF4,
1EA7,
219F,
2457,
25E0,
275D,
276E,
26A4,
260E,
257C,
24D9,
2598,
274C,
2834,
2922,
2A99,
2C0C,
2CD3,
2D1B,
2DB6,
2EAD,
2F38,
2F49,
308F,
32E7,
351A,
3585,
3567,
34EC,
341C,
338B,
348A,
3740,
3A62,
3C64,
3DC4,
3F5F,
40EF,
42FB,
4516,
46E8,
498F,
4C4C,
4E87,
504D,
51F7,
5244,
520F,
5207,
5299,
5206,
4F9A,
4BC7,
4848,
4642,
44C2,
42B3,
3FFB,
3D23,
39ED,
3626,
3377,
3285,
3348,
34F2,
36F4,
382E,
3925,
39A1,
39EA,
3A33,
3B0A,
3D16,
3FE2,
4290,
4493,
457B,
44E3,
43B6,
42B9,
416B,
4042,
4027,
40E8,
4230,
43DD,
44C9,
44C9,
43D1,
42B9,
41C7,
410B,
4052,
401E,
3FC2,
3FD8,
40AB,
41D9,
42DF,
443C,
44E4,
4491,
43D1,
4303,
418A,
407F,
3FDF,
3F76,
3E56,
3CC5,
3AEC,
3918,
37E0,
3728,
36E7,
3721,
3747,
3687,
35AB,
3452,
3281,
3116,
3034,
2FEF,
2F78,
2E32,
2C53,
2AD9,
29A3,
2948,
2A5D,
2D4A,
300C,
314E,
3172,
30B4,
2E97,
2D53,
2D09,
2C59,
2A8A,
270E,
20F5,
1B9F,
1AE1,
1F41,
25B8,
2A69,
28C3,
1F61,
11E7,
07C5,
0752,
1039,
1AAE,
1DB7,
1710,
0B86,
0329,
052E,
12DD,
2505,
3216,
3534,
2D70,
1EF0,
1183,
0AD0,
09BA,
0EA2,
1AC7,
27CF,
2E13,
2D89,
27F0,
1F33,
174C,
1275,
0EF7,
0C29,
0BA2,
0C54,
0C07,
0B01,
0940,
05F0,
FF44,
F662,
F299,
F746,
FF42,
0611,
07AB,
0504,
0203,
FDEC,
F984,
F9BB,
FC52,
FD32,
005B,
0515,
05C0,
073A,
09A3,
04C6,
FD9D,
FCFC,
FAC6,
FD10,
08DB,
0E7D,
0BB1,
0D09,
0481,
F2EF,
EDBC,
EF87,
EFEE,
F7D0,
F9A6,
F186,
F080,
F21A,
F088,
F61A,
F8C2,
F1E3,
EF14,
ED2A,
E9A1,
EBAB,
ED1A,
E95F,
E727,
E164,
DB58,
DD0C,
E10C,
E604,
EF3F,
F5A4,
F7EB,
F649,
F259,
F26C,
F445,
F426,
F756,
F993,
F640,
F51D,
F495,
F496,
F460,
F119,
EC0C,
E95F,
E609,
E697,
EA0A,
ECA0,
EE57,
EEA0,
EE3F,
EF3C,
F36C,
FA9A,
FFE9,
022D,
039E,
01CF,
0087,
010D,
FDF0,
FA1A,
F678,
F304,
F3EB,
F7FE,
F97E,
F9BD,
F5C6,
F19F,
F259,
F773,
FFA4,
08D2,
09CA,
0191,
F58E,
ED1E,
EE49,
F5B7,
FAA8,
F914,
F1E4,
E951,
E348,
E28E,
E9C4,
F48E,
FB3C,
F983,
EFCE,
E3C1,
DCAE,
DD88,
E239,
E701,
ECDF,
F144,
EF6E,
E84F,
E079,
DA2B,
D836,
D8DC,
D999,
D9B1,
DB3B,
DDFF,
E0BD,
E2BB,
E13A,
DCAE,
D986,
DB59,
E0C3,
E797,
ECE9,
EF91,
ED04,
E566,
DE59,
DD15,
DF90,
E14B,
E004,
DCC4,
D9EC,
D93F,
D89B,
D418,
CCF1,
C578,
BEF2,
BF41,
C8CF,
D81B,
E23B,
DB51,
C5C1,
B61B,
BB9A,
D72A,
FA24,
0A65,
F4A7,
C253,
A0F8,
AC46,
D286,
F954,
0E47,
FC68,
CA65,
A4AB,
A464,
B7CE,
CBC2,
DE3C,
E93F,
E0BC,
CA18,
B965,
B674,
BA32,
C5BD,
D4BC,
DCCF,
E0B3,
DAC4,
CF46,
C8FD,
C683,
C48F,
C809,
CB19,
CEB8,
D295,
D396,
D631,
D37E,
C998,
C2F7,
C109,
C1D3,
CB49,
D1C2,
D1AE,
D1BF,
CF06,
CA4A,
CD0B,
D240,
D921,
E1A7,
E6A1,
E9F1,
EB7C,
E6D4,
DF2C,
D66B,
CB47,
C0D2,
B8B7,
B662,
BBB6,
C662,
D286,
DAE0,
D972,
D124,
CA08,
CAAD,
D2B0,
DB75,
DDD7,
D995,
D026,
C6C1,
C4C6,
C99A,
D09D,
D7D7,
DC14,
DD7A,
DF7A,
E446,
E94B,
EC04,
EAF1,
E719,
E1C6,
DFBE,
E06F,
E344,
E75A,
E953,
E716,
E38F,
DEB3,
DBEF,
DCA1,
DFC5,
E45A,
E8C7,
E949,
E681,
E2BB,
E0FA,
DF3E,
DB4C,
D4A6,
CDFD,
CA57,
CCD0,
D117,
D4E6,
D52A,
D462,
D5C6,
DAA4,
E108,
E7F9,
ED6F,
F425,
FA90,
FFCA,
031A,
0455,
0110,
FA3D,
EFC7,
E67E,
DFEE,
DEE2,
E015,
DEE3,
D924,
D428,
D12E,
D2BF,
D7FE,
E0F3,
E5F2,
E6B2,
E3F6,
E32C,
E498,
E940,
EB29,
EA8D,
E72A,
E9D9,
ECDB,
F50C,
F559,
FD05,
DF20,
D7FC,
E285,
E07C,
E237,
E178,
E442,
E6FD,
EA86,
E97F,
E712,
E844,
F074,
F5CA,
F977,
FB62,
FEDF,
FFF1,
FE44,
FB37,
F8C7,
F4BD,
F176,
EDD1,
E8A1,
E021,
DA51,
D2BE,
C7FB,
BDFD,
B8B3,
B49A,
B3C8,
B362,
B347,
B7CC,
C01C,
C6F1,
CCED,
D03E,
D3C6,
DF53,
F238,
04B3,
11C9,
1515,
10F6,
065F,
F5F2,
E7EB,
E1E6,
DE15,
D78B,
CADA,
B9E2,
A86C,
9916,
8C0B,
830B,
8012,
80ED,
83CF,
8A4B,
930D,
9DBA,
AA34,
B51A,
BDE0,
C693,
CE16,
D967,
E74F,
EFFC,
F0D0,
EB4E,
E14F,
D3C2,
C6C4,
BF3F,
B95A,
AFE8,
A7D4,
9F9B,
96A6,
91C3,
8D79,
8803,
8999,
9342,
9DCE,
A2D3,
A5EF,
AB33,
B124,
BB76,
CBF0,
D6B5,
D558,
D17A,
D218,
D13A,
C8FE,
C36C,
CB64,
D66C,
D42C,
C594,
B65F,
ABB4,
A1F0,
9887,
98D8,
A36F,
AFC5,
BABF,
C2EE,
C72D,
CA37,
CCC6,
D217,
DC3A,
E484,
EDBC,
F5A4,
F95F,
F946,
F7E0,
F024,
E08E,
D117,
CA1E,
C734,
C2AA,
BFFA,
B9F9,
B1C2,
ABFC,
A853,
A4F2,
A76C,
B463,
C2FA,
CA52,
CD65,
D388,
DBCE,
E026,
E243,
E6BA,
EBF7,
F05F,
F5B4,
FC18,
02F9,
0AA4,
0F60,
1042,
09C3,
0290,
FEB5,
FCCA,
F9F0,
F62D,
F199,
ED8A,
EB88,
EBF2,
EFC3,
F5C6,
FC6D,
0265,
053A,
0737,
0BFD,
11C3,
11ED,
0CE5,
046B,
FA50,
F275,
ED79,
E534,
DADC,
D4D3,
D18C,
CD56,
CBDA,
D07D,
D743,
DCB3,
E41B,
F1EF,
00A0,
0A15,
0DBC,
1169,
17BF,
1B19,
1708,
0B6F,
FE37,
F959,
0122,
0A69,
0901,
FC2E,
F2CB,
F355,
F569,
F67B,
FDC9,
05D5,
0A98,
0F2E,
11A2,
0BAE,
0409,
FDBE,
F901,
F693,
F755,
F64C,
F116,
E71D,
DF34,
DBA3,
DD16,
E41D,
EEDE,
F645,
FD39,
059B,
08F1,
06E8,
0819,
0E4D,
1100,
0D36,
091D,
07F9,
02C5,
F669,
E6B0,
DCBD,
DACF,
D67E,
CBF7,
C1EF,
BC7C,
BE1D,
C6E6,
D048,
D85F,
DC50,
DD67,
DFB6,
E41F,
E853,
ECDF,
F024,
F05D,
F039,
F0C1,
F4E5,
FD96,
0911,
109F,
11B6,
1181,
16FE,
1D20,
1D40,
1B16,
1A62,
17C9,
0E5D,
FF33,
F3A2,
EE89,
EA5A,
E30A,
DB1C,
D813,
D932,
DA1F,
D98E,
DB09,
DCAC,
DCC6,
DC3E,
DE0A,
E148,
E60B,
EA47,
EA91,
E7E1,
E73E,
EAE8,
F1D6,
F606,
F8EA,
FB4B,
F9FA,
F61F,
F5FD,
F707,
F64F,
F5FE,
F540,
F54C,
F69D,
F8E9,
FA99,
F98A,
F784,
FB4C,
0470,
0BB2,
0F45,
11FB,
14B8,
16F1,
1BE7,
2318,
2703,
29FA,
2E26,
3054,
2C86,
25B1,
25CD,
2E71,
3326,
2ECE,
2832,
25E0,
2602,
2396,
2092,
201C,
1F5B,
1C5E,
1893,
16C5,
17C1,
1984,
1AF4,
1B42,
1955,
16AE,
13E2,
1178,
1192,
170A,
1C44,
1ADE,
16D4,
156D,
1533,
151E,
16AF,
1A3B,
2054,
2574,
2746,
2502,
218E,
21E6,
2726,
2BC8,
2DD3,
308E,
36A4,
3D9B,
4063,
3F74,
40B3,
4609,
4B6B,
4EA5,
50DA,
5299,
5485,
5718,
5988,
5A32,
5762,
5183,
49BA,
411B,
3AD0,
398F,
39A9,
3989,
381F,
37EC,
3BFE,
3F84,
400F,
42C8,
487E,
4BCA,
4AFF,
45ED,
40F9,
3AB3,
3154,
27E4,
20A6,
191B,
1242,
0DE8,
09F0,
067C,
08AE,
10FB,
1B37,
270A,
34CF,
425B,
4D27,
5329,
5717,
5BF5,
5EC6,
5CFE,
56F8,
4DB3,
4459,
3F69,
3D3B,
388D,
2ED3,
254C,
1FC6,
1E08,
1D1D,
1C32,
1CF7,
201F,
23E4,
26F8,
2886,
2840,
29A9,
2B2A,
2CFD,
3197,
36D7,
3A36,
3C51,
3CB4,
3D07,
4074,
4505,
49A9,
4ED5,
53BD,
5783,
58AE,
55E6,
5052,
4C22,
480B,
4333,
3E67,
3817,
2EFD,
243F,
1A96,
1396,
0FBD,
0E2E,
0EC1,
0EAF,
0F2A,
11BA,
155E,
1AE1,
2235,
297F,
2EC8,
3252,
3528,
37CF,
38F9,
399D,
3A6A,
3A64,
399B,
38D1,
3B2D,
3F14,
416C,
41C7,
41FE,
416F,
4052,
3ECF,
3DDD,
3D34,
3A56,
363C,
3136,
29AD,
2101,
1C35,
197F,
1603,
14AA,
15AC,
15F8,
1675,
18AD,
1998,
1BAF,
1F6B,
22B4,
241C,
258A,
2582,
24DD,
24F0,
250A,
2476,
251A,
26E8,
27C2,
28F5,
2AAC,
2C68,
2DC3,
2EBC,
2F9C,
309E,
3110,
30DB,
322A,
34C9,
37A6,
389B,
38AF,
379D,
35F6,
34C2,
3592,
3882,
3BE1,
3DA0,
3E5F,
3F7B,
4066,
41F8,
43E7,
45DE,
48C6,
4B7C,
4D69,
4EA6,
5010,
504C,
507D,
5134,
526C,
51B4,
4EB2,
4A2C,
4651,
44E1,
444E,
42D9,
4006,
3CD3,
3921,
34BD,
321C,
31AB,
331D,
358A,
37BB,
3830,
3898,
389F,
3894,
3915,
3A42,
3CCB,
3FD5,
422B,
43A4,
4466,
43C1,
42D0,
426B,
41A3,
40CF,
4104,
41BF,
42B1,
4445,
452B,
4502,
43D9,
42C7,
4213,
4189,
4082,
3FCE,
3EEA,
3E98,
3F52,
40B8,
4218,
441E,
4567,
4592,
4504,
43F7,
41E3,
4098,
3FEB,
3F94,
3E70,
3CEA,
3B17,
38FF,
3799,
368C,
361D,
3699,
3742,
369A,
35EE,
3452,
31B9,
2F94,
2E5F,
2E32,
2E3D,
2D82,
2BB2,
29F1,
2872,
27F7,
2912,
2C2A,
2F01,
3041,
308D,
300A,
2DF0,
2CEF,
2D09,
2C79,
2AB4,
2780,
21A4,
1CB6,
1C82,
214C,
27F0,
2C80,
2A53,
2051,
1277,
0858,
084A,
1132,
1B6A,
1E2C,
1771,
0BFF,
03FB,
0602,
1355,
2501,
31E5,
351E,
2D76,
1EF6,
1129,
09FC,
08B0,
0DC0,
1A9B,
2854,
2EFB,
2EA4,
2908,
203D,
185A,
1360,
0FD3,
0CD5,
0C44,
0CE6,
0C3E,
0AFC,
093B,
0602,
0000,
F7BB,
F3AA,
F74F,
FE0F,
046C,
0619,
0402,
01A1,
FDD6,
F99C,
F9B5,
FC06,
FCE2,
004C,
0557,
061F,
075E,
09BC,
0557,
FE3D,
FDC8,
FB8E,
FDCE,
096A,
0ED3,
0B54,
0C84,
04BC,
F3E6,
EF1C,
F0CB,
F05E,
F79D,
F94F,
F14E,
F095,
F285,
F0A0,
F5AA,
F828,
F0FE,
EE55,
ECBB,
E920,
EAB8,
EC52,
E8D0,
E758,
E276,
DCA0,
DDD7,
E120,
E571,
EE5A,
F4FA,
F7F8,
F6ED,
F39B,
F3F0,
F5A4,
F4F6,
F7B0,
F9D4,
F693,
F5D2,
F58B,
F5CD,
F586,
F23E,
ED08,
EA80,
E70B,
E73B,
EA15,
EC7F,
EEAA,
EF41,
EF01,
EFC0,
F372,
FAD3,
00CC,
0395,
0590,
03D1,
0244,
0291,
FEE5,
FAC5,
F75F,
F45E,
F544,
F8F9,
F9D3,
FA0A,
F667,
F2E8,
F3DE,
F891,
FFFB,
08D6,
0975,
00C2,
F482,
EC2F,
ED77,
F4F6,
F9F5,
F892,
F1B5,
E932,
E2A6,
E136,
E86E,
F3B2,
FB34,
F9F8,
F04E,
E450,
DD53,
DDAB,
E197,
E5F5,
EC48,
F170,
F05C,
E95C,
E152,
DA7B,
D837,
D870,
D92B,
D962,
DB37,
DDE1,
E05E,
E22D,
E03A,
DB2F,
D7AC,
D998,
DF54,
E629,
EB69,
EE6B,
EC02,
E4E8,
DF0B,
DF14,
E265,
E3CE,
E0D7,
DBD4,
D8B4,
D92A,
DA63,
D718,
D030,
C779,
BEA4,
BD0D,
C59E,
D542,
E0B6,
DB14,
C5E3,
B681,
BB0E,
D4F9,
F732,
07AC,
F331,
C23B,
A25B,
ADA2,
D2AB,
F8B4,
0DD9,
FBFE,
CA7D,
A56D,
A4F2,
B7A4,
CB81,
DE8C,
E9FD,
E141,
CACE,
B9D9,
B6A4,
BA0E,
C5F9,
D59E,
DDB8,
E14D,
DA8B,
CE6E,
C7EC,
C614,
C4FC,
C970,
CD01,
D072,
D385,
D3BB,
D62A,
D33D,
C9A0,
C2DF,
C118,
C237,
CBA6,
D180,
D0CD,
D079,
CE82,
CAC8,
CE85,
D45B,
DB68,
E374,
E79B,
E9D1,
EAE6,
E6B1,
DFF4,
D7E3,
CD72,
C33F,
BAE7,
B7E5,
BC72,
C6E6,
D393,
DC0F,
DA8B,
D1A5,
C991,
C94A,
D09B,
D946,
DC60,
D8F5,
D029,
C670,
C3ED,
C8A6,
CFA6,
D72A,
DC00,
DDD8,
E01C,
E517,
E9E1,
EC72,
EB09,
E710,
E21D,
E0C5,
E20F,
E4E8,
E88E,
EA1D,
E7C1,
E455,
DF80,
DCAC,
DD3E,
DFFC,
E40B,
E891,
E957,
E6A0,
E287,
E074,
DED7,
DAF3,
D40F,
CD2D,
C943,
CBC4,
D005,
D38D,
D364,
D239,
D398,
D8EB,
DFB6,
E6C7,
EC20,
F306,
F9BB,
FF42,
02BD,
0434,
0128,
FA94,
F042,
E77E,
E165,
E05D,
E189,
DFE7,
D9A1,
D488,
D17B,
D27E,
D730,
DFC9,
E418,
E4AC,
E1EA,
E0EB,
E2CB,
E766,
E90C,
E835,
E52D,
E88C,
EB91,
F45E,
F437,
FB82,
DF7C,
D897,
E2DD,
E025,
E230,
E1CC,
E432,
E62D,
E8CA,
E782,
E437,
E515,
EDDD,
F302,
F6F3,
F9C0,
FD97,
FEA9,
FD8D,
FB76,
F9C4,
F639,
F2C0,
EEB7,
EA09,
E277,
DD93,
D616,
CAA9,
BF3B,
B841,
B307,
B1D1,
B135,
B0E6,
B48C,
BB5D,
C0DC,
C5F1,
C8E9,
CCBC,
D93F,
EDC0,
01CF,
103E,
1489,
1106,
0734,
F806,
EBA8,
E6F4,
E3E3,
DD91,
D07F,
BEDF,
AC4F,
9B48,
8D1C,
83A4,
8045,
805C,
8237,
8777,
8EBA,
97D5,
A3A8,
AEF2,
B889,
C21D,
C9F8,
D58D,
E419,
EDAD,
EFF7,
EBAA,
E2DC,
D6AC,
CA87,
C2F2,
BD31,
B3BB,
ABC8,
A338,
992F,
9339,
8E1D,
8814,
89CE,
933A,
9CBA,
A061,
A2D2,
A800,
AE2E,
B925,
CA4C,
D563,
D4D1,
D206,
D384,
D342,
CB98,
C64C,
CEAB,
DA1D,
D818,
C963,
B9E9,
AE4F,
A3D5,
9A01,
9975,
A2C1,
AE06,
B864,
C04F,
C471,
C781,
C9E8,
CEDD,
D930,
E15C,
EB29,
F3CB,
F8FC,
FA52,
F9CF,
F27E,
E387,
D48D,
CDAC,
CA91,
C584,
C303,
BC79,
B398,
AD0C,
A8D1,
A559,
A7F9,
B54B,
C3ED,
CAEF,
CD0F,
D207,
DA0D,
DEE5,
E1E2,
E736,
EC95,
F09B,
F5D1,
FC36,
02F1,
0B33,
10EF,
1337,
0CB9,
0576,
00ED,
FE02,
FAC6,
F723,
F29F,
EED6,
ECD5,
EC86,
EFAA,
F539,
FBD7,
021A,
04F8,
06EC,
0B3F,
109D,
1100,
0CD3,
0481,
FA33,
F269,
EDAD,
E542,
DA24,
D30C,
CF4A,
CB97,
CAD2,
CFAD,
D59C,
DA03,
E102,
EF23,
FDF0,
0821,
0CC5,
111D,
17E2,
1B70,
17ED,
0D20,
0069,
FBC9,
0405,
0D3F,
0BDC,
FF38,
F5BE,
F5A9,
F750,
F81C,
FF43,
074A,
0C14,
1040,
1276,
0C26,
0480,
FE32,
F93E,
F641,
F6C7,
F4C9,
EDFB,
E2A9,
DA7A,
D6C3,
D891,
E00D,
EAC7,
F153,
F792,
FFD7,
03D8,
030F,
0585,
0CE2,
10CB,
0E33,
0AF2,
0A52,
0537,
F94F,
EA5C,
E0F8,
DF67,
DADD,
CF74,
C46C,
BE57,
BFA9,
C823,
D0BA,
D856,
DBD0,
DCD8,
DF37,
E37B,
E773,
EBB7,
EE6F,
EE08,
EDF7,
EEB8,
F35F,
FC64,
0847,
1005,
117B,
11C9,
17CA,
1E23,
1E73,
1D04,
1D43,
1B5B,
11FE,
0242,
F652,
F0DC,
EC6C,
E510,
DCA6,
D8DD,
D920,
D907,
D772,
D8DE,
DA36,
D994,
D836,
D984,
DC59,
E18F,
E69C,
E79B,
E58D,
E53C,
E8CB,
F058,
F52E,
F8B3,
FBE9,
FBAC,
F88D,
F8DB,
F9D6,
F8B7,
F8D2,
F90D,
FA21,
FBCC,
FDCF,
FED5,
FD32,
FAC6,
FE4C,
075C,
0EA5,
1245,
1476,
1684,
1816,
1C74,
2362,
2723,
2A93,
2F47,
314D,
2CB6,
2522,
2508,
2E0B,
330A,
2ED8,
2811,
2505,
2474,
21AC,
1EAC,
1E6E,
1E2A,
1BA9,
1784,
14B6,
1512,
16ED,
1913,
1A37,
18E1,
169D,
13A3,
10D4,
10AB,
1673,
1C5D,
1BCC,
18D1,
17E4,
1722,
166C,
17D1,
1B2D,
21D1,
27C3,
2A15,
279E,
2393,
2329,
27EE,
2C63,
2ECF,
31E6,
37C8,
3E4C,
40AA,
3F48,
4068,
4614,
4BE1,
4F70,
51D3,
537A,
552E,
57A9,
5A1A,
5AAC,
57C4,
51E7,
49DF,
4080,
393B,
3790,
37B5,
37BE,
3635,
35DE,
39FE,
3D4C,
3DC5,
4100,
47B6,
4BAF,
4B53,
460C,
40FE,
3AA0,
3145,
27C6,
2071,
18E0,
122E,
0DCE,
095F,
050B,
0648,
0DE0,
17C9,
23B9,
31EB,
3FCF,
4AEB,
514A,
5590,
5B05,
5EB7,
5E00,
5906,
507E,
4788,
42E2,
404D,
3B04,
3159,
2841,
22BC,
20C1,
1F8F,
1E57,
1EBB,
2146,
2454,
26B1,
27C0,
271D,
28D0,
2A1B,
2B3D,
2F76,
345F,
374C,
3963,
39BD,
3A0E,
3E32,
4367,
4833,
4D5E,
5266,
56B3,
5897,
569D,
5185,
4DCB,
49E7,
455F,
4110,
3AB8,
3100,
25B3,
1BD0,
14BB,
10EB,
0F31,
0FB4,
0F4B,
0F19,
10FA,
13DF,
18EE,
203F,
27F7,
2DB6,
31B0,
34C9,
37A3,
38B2,
393C,
3A2D,
3A5F,
39E0,
391F,
3BA2,
3FCC,
425D,
42B4,
42D2,
41FE,
40FB,
402A,
3FFD,
3FDE,
3CB8,
37DB,
3200,
29F9,
2117,
1CA0,
19FB,
1611,
1447,
14C1,
1442,
13FB,
15DA,
167B,
18F2,
1D64,
2136,
2275,
23CD,
23B1,
2333,
23F1,
24BC,
2437,
24BB,
26A1,
2773,
28F0,
2AF1,
2CFB,
2EE7,
308D,
31B3,
32C0,
331F,
32AE,
3410,
36FB,
3A7E,
3BF2,
3C34,
3A97,
382B,
365C,
36FF,
3A26,
3DB4,
3F23,
3F39,
3FD3,
401D,
4138,
42F8,
4509,
4824,
4ACC,
4C68,
4D19,
4E42,
4E72,
4F0D,
507C,
524E,
516E,
4DDF,
48B3,
4483,
43A3,
43F4,
431D,
403E,
3CBC,
389A,
33A1,
3113,
3123,
3337,
3662,
38CB,
3885,
3865,
37FF,
37A4,
385B,
39D5,
3CD6,
4015,
420F,
42FF,
439D,
42E7,
422C,
425A,
421B,
419F,
4225,
42DD,
4377,
44F0,
45D0,
4577,
4419,
4313,
42A1,
424A,
40F7,
3FC2,
3E53,
3D97,
3E36,
3FD5,
4192,
443B,
461C,
46BA,
4655,
4507,
4262,
40E3,
4029,
3FE3,
3EB8,
3D37,
3B62,
3906,
3778,
3624,
3598,
3656,
3778,
36D3,
3649,
3470,
3121,
2E51,
2CCE,
2CB1,
2D35,
2CFB,
2B35,
2931,
2777,
26E9,
280F,
2B4A,
2E26,
2F53,
2FBA,
2F73,
2D6B,
2CC0,
2D51,
2CE4,
2B19,
281D,
2273,
1DEA,
1E43,
2382,
2A5D,
2ED5,
2C21,
216F,
1327,
0907,
0965,
125D,
1C67,
1EEF,
181E,
0CB6,
04FF,
06FE,
13F0,
2518,
31BF,
3505,
2D75,
1EFE,
10E2,
0944,
07BA,
0CD9,
1A52,
28AD,
2FBC,
2FA8,
2A17,
214B,
196E,
1447,
109D,
0D65,
0CC9,
0D6D,
0C8A,
0B25,
096A,
063E,
00D0,
F913,
F4B4,
F75C,
FCF3,
02EA,
04AA,
031E,
0159,
FDD3,
F9C2,
F9B8,
FBBE,
FC9B,
004D,
05A7,
0687,
0783,
09C6,
05C9,
FEB5,
FE69,
FC36,
FE73,
09DE,
0F11,
0AE4,
0BEF,
04ED,
F4DA,
F077,
F209,
F0C8,
F757,
F8D7,
F0FE,
F09C,
F2ED,
F0C3,
F543,
F789,
F00C,
ED81,
EC37,
E898,
E9C6,
EB88,
E838,
E768,
E352,
DDB4,
DE7B,
E11D,
E4D8,
ED6D,
F439,
F7E1,
F769,
F4BC,
F565,
F6FD,
F5C4,
F808,
FA0C,
F6D7,
F67C,
F67D,
F706,
F6AE,
F364,
EDFE,
EB8E,
E7F4,
E7CE,
EA23,
EC75,
EF18,
EFED,
EFBC,
F035,
F36A,
FB02,
01B1,
0508,
0790,
05DC,
03FB,
0400,
FFC3,
FB61,
F842,
F5BD,
F6A5,
F9FB,
FA29,
FA4F,
F6F0,
F411,
F543,
F998,
0042,
08CF,
090B,
FFD8,
F359,
EB26,
EC8B,
F41F,
F930,
F7FA,
F169,
E8F2,
E1E4,
DFC3,
E6FA,
F2AC,
FAF9,
FA37,
F0A4,
E4C8,
DDEA,
DDC4,
E0EF,
E4DD,
EB99,
F182,
F13D,
EA6F,
E23E,
DADC,
D83B,
D7F5,
D8A6,
D8FF,
DB2D,
DDC6,
E003,
E19B,
DF2A,
D990,
D5A0,
D798,
DDA4,
E483,
E9BB,
ED11,
EAC1,
E425,
DF79,
E0D9,
E516,
E640,
E193,
DAAE,
D72D,
D8CC,
DC00,
DA11,
D37C,
C97B,
BE3F,
BAB5,
C247,
D246,
DF1C,
DAD1,
C600,
B6D1,
BA4E,
D279,
F3F0,
04BD,
F19F,
C20C,
A3A1,
AED6,
D284,
F7AE,
0D0E,
FB3D,
CA4E,
A606,
A566,
B762,
CB2A,
DEB2,
EA78,
E182,
CB49,
BA25,
B6C5,
B9E3,
C628,
D65B,
DE64,
E19E,
DA0F,
CD67,
C6C7,
C59A,
C55A,
CAC3,
CED9,
D221,
D469,
D3CD,
D608,
D2D8,
C97E,
C29E,
C102,
C274,
CBD7,
D119,
CFD4,
CF1B,
CDDB,
CB14,
CFC2,
D639,
DD78,
E508,
E853,
E968,
E9FF,
E637,
E069,
D914,
CF60,
C573,
BCE0,
B933,
BD00,
C744,
D47C,
DD19,
DB80,
D202,
C8F5,
C7C6,
CE6A,
D6FF,
DAD2,
D838,
D00D,
C602,
C2F3,
C789,
CE81,
D649,
DBBD,
DE0B,
E092,
E5BE,
EA52,
ECBF,
EB00,
E6E7,
E254,
E1B0,
E39A,
E67D,
E9B4,
EAD4,
E852,
E4FD,
E02D,
DD43,
DDB4,
E010,
E39E,
E83F,
E944,
E699,
E230,
DFD1,
DE56,
DA7B,
D355,
CC36,
C803,
CA82,
CEBB,
D1FE,
D175,
CFF4,
D153,
D719,
DE4F,
E585,
EAC6,
F1D3,
F8C2,
FE8D,
0239,
03EF,
0117,
FABD,
F08E,
E84D,
E2AB,
E1AB,
E2DB,
E0CF,
DA05,
D4D0,
D1B8,
D234,
D65E,
DE99,
E234,
E29B,
DFD7,
DE99,
E0E2,
E565,
E6CA,
E5BE,
E314,
E71D,
EA19,
F36A,
F2E1,
F9C4,
DFDF,
D93E,
E335,
DFDA,
E22F,
E22A,
E426,
E563,
E707,
E579,
E152,
E1D1,
EB19,
EFFE,
F428,
F7D2,
FC04,
FD17,
FC90,
FB71,
FA76,
F772,
F3D9,
EF83,
EB69,
E4D5,
E0E4,
D989,
CD81,
C0B4,
B813,
B1B9,
B012,
AF2D,
AE94,
B14B,
B68B,
BA9F,
BEC0,
C151,
C55B,
D2C0,
E8C9,
FE60,
0E1A,
135B,
1076,
0782,
F9AE,
EF09,
EBB3,
E96E,
E362,
D608,
C3D9,
B050,
9DB3,
8E72,
847E,
80AC,
8001,
80BA,
84B7,
8A6C,
91E5,
9D01,
A893,
B2DC,
BD38,
C55C,
D12A,
E05A,
EAD8,
EE99,
EB81,
E3E5,
D912,
CDD0,
C63B,
C0B8,
B751,
AF85,
A6A4,
9B9B,
949C,
8EAB,
880A,
89EB,
9313,
9B81,
9DCC,
9F96,
A4A7,
AB02,
B688,
C84B,
D3B3,
D3F2,
D23B,
D496,
D4F2,
CDEA,
C8F2,
D1BA,
DD91,
DBCD,
CD08,
BD59,
B0D7,
A5AC,
9B6C,
99FC,
A1F0,
AC14,
B5CB,
BD6C,
C171,
C487,
C6C2,
CB4F,
D5CB,
DDD4,
E831,
F18E,
F83A,
FB04,
FB6E,
F49A,
E64E,
D7D6,
D109,
CDB9,
C831,
C5F2,
BEF6,
B580,
AE32,
A963,
A5D0,
A893,
B641,
C4EE,
CB91,
CCBA,
D082,
D83C,
DD89,
E15B,
E77E,
ECFF,
F0A8,
F5C2,
FC22,
02B4,
0B8C,
1243,
15EB,
0F72,
0827,
02F1,
FF03,
FB70,
F7F5,
F389,
F00A,
EE07,
ECF9,
EF6D,
F489,
FB22,
01B2,
04A3,
069F,
0A8D,
0F8F,
1034,
0CDC,
04A8,
FA22,
F26F,
EDFA,
E56E,
D987,
D152,
CCFF,
C9C1,
C9AF,
CEBE,
D3DC,
D746,
DDE6,
EC54,
FB38,
0628,
0BCF,
10D3,
17FF,
1BC4,
18D8,
0EDA,
02A0,
FE30,
06CE,
0FF7,
0E9C,
0228,
F896,
F7E8,
F929,
F9B1,
00AB,
08B0,
0D88,
114E,
134E,
0CB6,
0517,
FEBA,
F97E,
F5EC,
F637,
F348,
EAF0,
DE4B,
D5CB,
D1D3,
D3DB,
DBB5,
E660,
EC12,
F1A2,
F9C9,
FE74,
FEED,
02B0,
0B3C,
106A,
0F16,
0CB3,
0C9F,
07B1,
FC53,
EE2F,
E55D,
E428,
DF65,
D31C,
C723,
C07B,
C187,
C9B4,
D186,
D8A7,
DBA3,
DC89,
DEE2,
E2ED,
E69A,
EA8F,
ECB9,
EBAA,
EB92,
EC6C,
F17A,
FAC0,
06FD,
0EE9,
10C5,
11A2,
1832,
1ECE,
1F5A,
1EB0,
1FE9,
1EBB,
157D,
053D,
F8FC,
F335,
EE8B,
E724,
DE41,
D9BE,
D929,
D811,
D57A,
D6CD,
D7D7,
D679,
D444,
D510,
D771,
DD0B,
E2DE,
E483,
E310,
E317,
E691,
EEC1,
F439,
F857,
FC62,
FD41,
FAEC,
FBB7,
FCB5,
FB3C,
FBC7,
FCF7,
FF0E,
010F,
02D1,
033E,
0116,
FE48,
0186,
0A7B,
11C2,
156B,
1715,
186F,
1955,
1D14,
23B0,
2737,
2B0F,
3038,
320C,
2CB5,
2476,
2432,
2D8B,
32CA,
2EC2,
27DD,
2424,
22E8,
1FCB,
1CD0,
1CCC,
1D04,
1AF6,
167A,
12BA,
1285,
1480,
1752,
1941,
1880,
16A2,
1387,
1067,
1000,
1614,
1CAE,
1CF5,
1B04,
1A95,
1961,
1820,
1962,
1C89,
23AB,
2A64,
2D31,
2A8B,
25F7,
24CF,
290D,
2D46,
3002,
3361,
3903,
3F13,
4108,
3F36,
4037,
4632,
4C62,
5046,
52DB,
546E,
55F2,
5859,
5ACD,
5B43,
583C,
525E,
4A21,
400A,
37CF,
35BD,
35F2,
3623,
347C,
33FF,
3822,
3B38,
3BAE,
3F73,
4728,
4BCD,
4BD9,
4663,
4149,
3AE9,
31A3,
2815,
209C,
18F9,
1265,
0DFB,
0918,
03E1,
0427,
0B0B,
149E,
20A2,
2F33,
3D5D,
48BF,
4F86,
5431,
5A40,
5ECE,
5F16,
5B1D,
535A,
4AD8,
4685,
4392,
3DB3,
341A,
2B7A,
25FD,
23CA,
225D,
20DF,
20E1,
22D0,
2526,
26C4,
2750,
2649,
2833,
293E,
29A4,
2D6D,
31F7,
346B,
3678,
36C4,
3710,
3BE5,
41BB,
46AE,
4BD4,
50FA,
55D4,
587B,
575D,
52D3,
4F98,
4BE9,
47B4,
43E6,
3D9A,
335E,
2798,
1D83,
1657,
1290,
10AC,
111B,
1057,
0F7A,
10AB,
12CA,
175E,
1EA3,
26C0,
2CE6,
313D,
3490,
379C,
388A,
38EF,
39F5,
3A55,
3A1C,
3966,
3C0A,
4068,
432A,
4385,
439D,
4292,
41AE,
418F,
422C,
4296,
3F2C,
3995,
32F0,
2A71,
215F,
1D3D,
1AA6,
1654,
141F,
140C,
12C1,
11B9,
1342,
139E,
166F,
1B8A,
1FDB,
20E9,
2228,
21FA,
21A8,
2310,
2491,
241D,
247D,
2679,
2745,
2913,
2B66,
2DC3,
303C,
328B,
33F8,
3513,
3565,
34C2,
3640,
397C,
3DA3,
3F8B,
3FF8,
3DDC,
3ABB,
385A,
38D3,
3C2C,
3FDB,
40EB,
404E,
4066,
4010,
40B7,
4244,
4464,
47A5,
4A37,
4B7E,
4BA2,
4C89,
4CB0,
4DB8,
4FD8,
5239,
512F,
4D19,
4754,
42D6,
4281,
43AF,
437A,
409D,
3CDB,
3854,
32CD,
3058,
30E7,
3394,
3779,
3A21,
392B,
388B,
37C0,
3719,
3803,
39C5,
3D34,
40A0,
423D,
42A6,
431F,
4254,
41C8,
4286,
42D0,
42AD,
4386,
443E,
447F,
45DB,
46B3,
4625,
448E,
4397,
436B,
4346,
41AA,
3FF4,
3DF8,
3CCE,
3D52,
3F29,
4146,
448E,
46FC,
4804,
47C0,
462F,
4303,
415C,
4097,
405D,
3F2A,
3DA7,
3BC9,
3929,
377B,
35EF,
3552,
3656,
37E5,
3732,
36BD,
34AB,
30B8,
2D4B,
2B7E,
2B6C,
2C5E,
2C9B,
2ADC,
2898,
26AE,
261B,
2753,
2AA9,
2D79,
2E82,
2EF7,
2EEC,
2D05,
2CC6,
2DDE,
2D99,
2BB9,
28E2,
2360,
1F38,
2024,
25E4,
2D00,
316A,
2E2C,
22BB,
13F7,
09D3,
0AA4,
13B9,
1DA7,
2000,
1919,
0DAD,
0635,
0823,
14AA,
2545,
31A3,
34E7,
2D6D,
1F06,
10AC,
08A9,
06D7,
0BEE,
19EA,
28DB,
3058,
3094,
2B1C,
225C,
1A87,
1528,
1153,
0DD9,
0D34,
0DEA,
0CEA,
0B7C,
09CD,
06A3,
01B5,
FA6F,
F5BA,
F76F,
FBF1,
018C,
035B,
0258,
012D,
FDE8,
F9FC,
F9C9,
FB7F,
FC5E,
005D,
0607,
06FB,
07A9,
09C1,
061B,
FF02,
FEDF,
FCBC,
FEFD,
0A35,
0F35,
0A60,
0B45,
050E,
F5C7,
F1CB,
F33E,
F12C,
F6FE,
F83F,
F096,
F098,
F351,
F0F0,
F4E5,
F6E6,
EF10,
EC9B,
EB9F,
E80A,
E8D7,
EABF,
E799,
E75B,
E3FE,
DE99,
DEFC,
E105,
E438,
EC78,
F361,
F7A8,
F7C1,
F5C0,
F6CA,
F84F,
F691,
F862,
FA3F,
F710,
F71C,
F76F,
F844,
F7DD,
F48F,
EEF5,
EC8F,
E8CB,
E857,
EA37,
EC84,
EFA3,
F0A7,
F076,
F0A1,
F354,
FB2A,
0299,
0686,
09A1,
07F4,
05AE,
055C,
008B,
FBEF,
F922,
F721,
F80F,
FB04,
FA81,
FA8A,
F761,
F518,
F68A,
FA89,
007F,
08BC,
088D,
FED0,
F215,
EA03,
EB87,
F334,
F85A,
F74E,
F103,
E892,
E103,
DE36,
E567,
F17C,
FA8A,
FA41,
F0D1,
E528,
DE73,
DDD3,
E03E,
E3B8,
EAD4,
F17A,
F212,
EB89,
E33E,
DB51,
D844,
D76E,
D810,
D88C,
DB1E,
DDB2,
DFAB,
E106,
DE0C,
D7D1,
D363,
D55A,
DBB3,
E2A7,
E7DE,
EB82,
E940,
E31F,
DFA4,
E268,
E7A8,
E8A3,
E238,
D950,
D552,
D81F,
DD72,
DD07,
D6DC,
CB84,
BDC5,
B83B,
BEC8,
CF22,
DD6B,
DA8B,
C61A,
B712,
B960,
CFAC,
F05D,
0195,
EFF2,
C1C8,
A4D2,
AFE8,
D214,
F644,
0BE6,
FA26,
C9DA,
A67B,
A5C4,
B70B,
CAC0,
DEB1,
EAB4,
E182,
CB8E,
BA4D,
B6D8,
B9B4,
C64C,
D6F8,
DED6,
E1A9,
D952,
CC35,
C58F,
C519,
C5AC,
CC09,
D0A8,
D3CB,
D548,
D3D2,
D5CD,
D250,
C935,
C237,
C0C8,
C28B,
CBDD,
D090,
CEC5,
CDA9,
CD13,
CB31,
D0C6,
D7DF,
DF51,
E662,
E8CB,
E8B4,
E8C6,
E568,
E08B,
D9FD,
D113,
C772,
BEA6,
BA4F,
BD64,
C780,
D542,
DDFF,
DC57,
D240,
C83A,
C626,
CC23,
D4A5,
D930,
D762,
CFD8,
C57C,
C1DE,
C64A,
CD32,
D53B,
DB4F,
DE17,
E0DE,
E63B,
EA9E,
ECE9,
EAD6,
E69D,
E26C,
E27D,
E510,
E800,
EAC9,
EB77,
E8CB,
E588,
E0BA,
DDB5,
DE07,
E004,
E315,
E7D1,
E910,
E66C,
E1B7,
DF12,
DDB9,
D9E4,
D275,
CB19,
C697,
C90B,
CD39,
D03B,
CF5C,
CD95,
CEF9,
D530,
DCD1,
E434,
E960,
F08B,
F7A3,
FDA9,
018E,
0385,
00DB,
FAB5,
F0AB,
E8EC,
E3C3,
E2CF,
E40B,
E19A,
DA50,
D501,
D1E5,
D1E2,
D589,
DD60,
E044,
E07F,
DDBC,
DC35,
DEDC,
E33B,
E462,
E326,
E0DE,
E588,
E871,
F22B,
F154,
F7C5,
E088,
DA3F,
E3C3,
DFDB,
E26E,
E2CB,
E454,
E4D5,
E572,
E39A,
DEA1,
DEB7,
E851,
ECE1,
F12E,
F5A8,
FA2B,
FB3E,
FB4E,
FB2A,
FAE1,
F86F,
F4D1,
F04D,
ECE1,
E76A,
E479,
DD5A,
D0DF,
C2E4,
B8B7,
B14B,
AF2B,
ADED,
ACF7,
AEAC,
B23E,
B4D0,
B7E6,
B9FF,
BE22,
CC35,
E382,
FA63,
0B3C,
115F,
0F23,
0738,
FAEE,
F222,
F03A,
EED1,
E925,
DBBA,
C93F,
B503,
A111,
90E7,
8687,
823D,
809C,
8052,
8300,
8710,
8CCA,
9709,
A2B2,
AD7A,
B870,
C0BE,
CCA2,
DC52,
E7A9,
ECD7,
EAF9,
E49C,
DB3A,
D0F8,
C985,
C460,
BB2F,
B3A0,
AA87,
9EA8,
96BB,
8FFD,
88CE,
8AD1,
939D,
9AE5,
9BD6,
9CFB,
A1DD,
A84A,
B431,
C65D,
D1FE,
D313,
D272,
D5A2,
D6A1,
D057,
CBCA,
D4E8,
E10C,
DF8F,
D0E5,
C12D,
B3E8,
A823,
9D8B,
9B32,
A1B3,
AA96,
B389,
BACC,
BEA9,
C1BC,
C3C3,
C7D7,
D25F,
DA32,
E506,
EF0C,
F729,
FB62,
FCC2,
F68A,
E910,
DB3C,
D48D,
D10C,
CB1B,
C932,
C1ED,
B808,
B00E,
AAB2,
A708,
A9E6,
B7D6,
C66D,
CCA0,
CCCF,
CF5C,
D6AE,
DC5B,
E0ED,
E7C5,
ED5B,
F0A9,
F59D,
FBE6,
0240,
0B9C,
133A,
1830,
11CE,
0A91,
04B7,
FFD1,
FBF7,
F8B3,
F46C,
F142,
EF3D,
ED6B,
EF29,
F3CD,
FA54,
0125,
0431,
0641,
09D0,
0E7E,
0F6E,
0CED,
04DB,
FA2E,
F2A4,
EE85,
E5EF,
D957,
D006,
CB14,
C842,
C8DD,
CE11,
D259,
D4CD,
DB09,
E9AA,
F885,
041E,
0AC5,
1068,
17E5,
1BDF,
1998,
107D,
04D2,
008D,
096E,
126F,
1122,
04F7,
FB5B,
FA1B,
FAFC,
FB41,
01FB,
09EF,
0ED1,
1230,
1402,
0D43,
05C5,
FF58,
F9CD,
F5A9,
F5BA,
F1E8,
E826,
DA4F,
D183,
CD36,
CF54,
D762,
E1E0,
E6B1,
EB8E,
F387,
F8CB,
FA88,
FF98,
0947,
0FBC,
0FBE,
0E45,
0EC4,
0A21,
FF74,
F242,
EA14,
E93E,
E44A,
D741,
CA7F,
C360,
C42A,
CC01,
D305,
D99F,
DC10,
DCC4,
DEFE,
E2B4,
E5FE,
E996,
EB2D,
E970,
E936,
EA07,
EF55,
F8B5,
0524,
0D2D,
0F70,
10E4,
1804,
1EE1,
1FB1,
1FD7,
220D,
21A4,
18A7,
0814,
FBA7,
F5A8,
F0D5,
E973,
E02D,
DAFE,
D998,
D78E,
D3FF,
D52E,
D5E2,
D3CE,
D0C5,
D10A,
D2E8,
D8CE,
DF4F,
E187,
E0AB,
E10C,
E473,
ED36,
F340,
F7E7,
FCBD,
FEBC,
FD41,
FE98,
FFA7,
FDE3,
FEDE,
00FF,
040D,
065F,
07E6,
07CB,
0531,
020C,
04F8,
0DB6,
14E3,
1889,
19A7,
1A48,
1A7D,
1D92,
23BF,
26F2,
2B19,
309B,
3230,
2C2E,
2369,
2303,
2C96,
3204,
2E31,
2747,
22F4,
211C,
1DB7,
1ACC,
1B05,
1BB2,
1A14,
154C,
10B0,
0FFB,
121C,
158B,
1834,
1807,
1695,
136B,
1012,
0F74,
15C3,
1D02,
1E20,
1D36,
1D48,
1BBB,
1A0A,
1B2F,
1E18,
259C,
2D01,
303E,
2D73,
286D,
268F,
2A34,
2E1C,
3110,
3499,
39E5,
3F75,
40FE,
3EC1,
3FA4,
45DB,
4C57,
5087,
534C,
54CD,
5624,
5879,
5AEC,
5B43,
581D,
5248,
49EE,
3F3C,
3623,
33B2,
33F7,
344F,
3291,
31EA,
35FF,
38DA,
395A,
3DA6,
464B,
4B90,
4BFF,
4669,
4160,
3B20,
3210,
2886,
20EC,
1936,
12C1,
0E54,
090B,
02FA,
0247,
086A,
1192,
1D8A,
2C4E,
3A90,
4617,
4D43,
5257,
58F7,
5E50,
5F85,
5C86,
55A0,
4DB2,
49C1,
467F,
401D,
36AE,
2E9F,
293A,
26D9,
2540,
2386,
2327,
2479,
2610,
26E6,
26ED,
257A,
2785,
2844,
27E7,
2B2B,
2F42,
3133,
332B,
3365,
33A7,
391E,
3F83,
4490,
49A3,
4EDC,
543F,
57AB,
5778,
5396,
50EB,
4D7A,
49A4,
4665,
4041,
35B4,
29A0,
1F75,
1841,
1487,
127F,
12D5,
11B4,
1030,
10AF,
1201,
1609,
1D2C,
2596,
2C05,
309D,
341A,
374F,
3815,
3848,
3952,
39D2,
39DA,
3933,
3BEC,
4067,
434E,
43B2,
43D4,
42A5,
41E5,
4276,
43DE,
44D3,
4132,
3AF7,
33A0,
2AC2,
219A,
1DD4,
1B4E,
16A2,
140D,
136C,
1157,
0F93,
10C7,
10E1,
1401,
19AB,
1E6A,
1F41,
2060,
2024,
1FFF,
220E,
2444,
23E3,
241C,
2627,
26EF,
2910,
2BB7,
2E66,
3162,
3451,
3603,
372B,
3775,
36AD,
384E,
3BD9,
4097,
42E7,
437B,
40F0,
3D31,
3A4C,
3A9C,
3E1B,
41D6,
4279,
4124,
40B6,
3FC5,
3FFA,
414D,
436F,
46C1,
492E,
4A1B,
49AF,
4A51,
4A72,
4BE6,
4EAD,
518C,
5056,
4BCA,
4582,
40C7,
40F9,
42F9,
436C,
40A3,
3CB7,
37E0,
31DF,
2F8E,
309A,
33D1,
3860,
3B4A,
39B2,
389C,
3776,
368A,
37A2,
39A2,
3D72,
40FC,
4235,
421B,
426F,
418C,
412B,
426F,
4340,
4379,
44A3,
455B,
4545,
467D,
4749,
4682,
44B1,
43CF,
43EA,
43F7,
4219,
3FE7,
3D5F,
3BC9,
3C2E,
3E38,
40B1,
448D,
4779,
48DE,
48B6,
46E5,
4344,
4184,
40B6,
4086,
3F4A,
3DC3,
3BD8,
38FC,
3737,
3584,
34E6,
362E,
381C,
374D,
36E2,
349F,
3022,
2C2E,
2A20,
2A12,
2B65,
2C0E,
2A54,
27D7,
25CE,
2543,
2691,
29F4,
2CA6,
2D77,
2DEA,
2E1B,
2C68,
2CA9,
2E5A,
2E41,
2C41,
2981,
2423,
205D,
21E2,
2825,
2F80,
33DC,
301A,
23F1,
14C1,
0AA9,
0BF0,
151E,
1EEF,
2122,
1A32,
0ECC,
0792,
095E,
1559,
253F,
312F,
345F,
2D08,
1ED5,
1069,
081A,
05FB,
0AE7,
1932,
288D,
306F,
3109,
2BC2,
2328,
1B6D,
15D6,
11D2,
0E16,
0D6A,
0E42,
0D46,
0BE8,
0A4E,
0724,
02AD,
FBD7,
F6D3,
F79D,
FB12,
004F,
022A,
01AF,
011E,
FE1F,
FA5B,
F9F7,
FB53,
FC33,
007D,
066C,
076F,
07C6,
099E,
0640,
FF25,
FF28,
FD22,
FF68,
0A59,
0F20,
09B4,
0A70,
0512,
F6BB,
F32D,
F47D,
F1A1,
F6A1,
F795,
F033,
F0A5,
F3C9,
F146,
F4A9,
F655,
EE2F,
EBCC,
EB1E,
E7A8,
E81B,
EA22,
E725,
E764,
E4B2,
DF90,
DF9C,
E115,
E3C7,
EBA1,
F28E,
F760,
F804,
F6BA,
F830,
F9A6,
F76C,
F8CB,
FA79,
F752,
F7C6,
F86F,
F993,
F920,
F5D7,
F010,
EDAC,
E9C1,
E907,
EA7F,
ECD1,
F06A,
F18E,
F14E,
F122,
F34E,
FB54,
037D,
0803,
0BAE,
0A08,
0752,
069A,
013E,
FC77,
FA09,
F898,
F98D,
FC1A,
FAE4,
FAC3,
F7C7,
F610,
F7C1,
FB6C,
00AF,
088C,
07E9,
FDAE,
F0D2,
E8F4,
EA94,
F24F,
F785,
F6A0,
F09F,
E840,
E03F,
DCD0,
E3EC,
F041,
F9F6,
FA24,
F0F5,
E5A5,
DF2D,
DE18,
DFC3,
E2C0,
EA22,
F175,
F2F5,
ECD0,
E487,
DC20,
D8A0,
D72E,
D7B8,
D858,
DB54,
DDE5,
DF96,
E0A9,
DD23,
D643,
D151,
D337,
D9CC,
E0CF,
E600,
E9E3,
E7A9,
E20B,
DFCA,
E3F8,
EA47,
EB21,
E2FA,
D800,
D371,
D76D,
DEF6,
E038,
DA99,
CDF7,
BDB8,
B62B,
BBA2,
CC38,
DBE7,
DA87,
C6A3,
B7D3,
B8CE,
CCF5,
EC9C,
FE37,
EE49,
C1E9,
A69D,
B174,
D1B8,
F48B,
0A4C,
F8C6,
C987,
A779,
A6BB,
B72C,
CAAB,
DEC9,
EADA,
E17D,
CC00,
BAD5,
B767,
BA07,
C6D4,
D7C2,
DF51,
E1AB,
D8A1,
CB3F,
C4B7,
C503,
C666,
CDA5,
D2C8,
D5C6,
D674,
D420,
D5CD,
D202,
C931,
C222,
C0E4,
C2F2,
CC1E,
D041,
CE04,
CC87,
CC90,
CB86,
D1EC,
D997,
E12F,
E7B0,
E92D,
E7E4,
E76A,
E478,
E095,
DAE4,
D2E1,
C9A2,
C0B3,
BBBD,
BE1F,
C807,
D638,
DF02,
DD52,
D2B7,
C7D0,
C4E3,
CA34,
D296,
D7CD,
D6C7,
CFE9,
C554,
C12C,
C55E,
CC22,
D456,
DB00,
DE3D,
E13D,
E6C0,
EAEE,
ED16,
EAB5,
E666,
E29D,
E362,
E69E,
E99A,
EBF2,
EC29,
E953,
E626,
E162,
DE42,
DE78,
E016,
E2A9,
E776,
E8E6,
E64A,
E158,
DE75,
DD43,
D974,
D1C8,
CA3B,
C570,
C7CA,
CBE3,
CEA1,
CD7B,
CB7F,
CCEC,
D384,
DB85,
E30A,
E819,
EF49,
F66D,
FC9E,
00B8,
02EE,
0072,
FA86,
F0B5,
E984,
E4E1,
E3FF,
E54B,
E27F,
DACA,
D56B,
D258,
D1DF,
D504,
DC62,
DE88,
DE95,
DBDA,
DA06,
DCFC,
E122,
E20B,
E0A7,
DEC7,
E401,
E6C7,
F0BC,
EFAC,
F596,
E149,
DB65,
E463,
DFFE,
E2C4,
E387,
E498,
E461,
E3EF,
E1CA,
DC05,
DBAA,
E573,
E99D,
EDFC,
F33A,
F806,
F91B,
F9C1,
FA95,
FAF5,
F91C,
F58F,
F0F9,
EE4F,
EA05,
E81E,
E14B,
D47B,
C574,
B9D4,
B15E,
AEBD,
AD13,
ABAF,
AC56,
AE2B,
AF29,
B12A,
B2BB,
B6DC,
C577,
DDD8,
F5DD,
07B9,
0EAE,
0D21,
065B,
FBB5,
F4D0,
F45C,
F3D9,
EEA1,
E14D,
CEB3,
B9F4,
A4DD,
93E4,
891C,
8451,
81C2,
805F,
81BB,
841D,
880A,
9155,
9CF2,
A810,
B380,
BBE3,
C7C6,
D7E5,
E40B,
EAA0,
E9F8,
E4DC,
DCED,
D3B6,
CC79,
C7CC,
BEEC,
B7A4,
AE62,
A1CE,
9907,
9180,
89C6,
8BE8,
944E,
9A68,
9A06,
9A8D,
9F37,
A5A1,
B1CC,
C443,
D012,
D1FF,
D273,
D671,
D815,
D29C,
CE88,
D7F7,
E459,
E329,
D4B1,
C50C,
B717,
AAC5,
9FDC,
9C96,
A197,
A92B,
B14A,
B823,
BBD0,
BEDA,
C0A7,
C439,
CEBE,
D654,
E18F,
EC37,
F5C0,
FB65,
FDC0,
F838,
EBA4,
DE84,
D7F6,
D443,
CDF4,
CC70,
C501,
BACB,
B233,
AC4E,
A88E,
AB81,
B9A8,
C81D,
CDD9,
CD10,
CE61,
D53A,
DB36,
E075,
E7EF,
ED96,
F08D,
F556,
FB80,
019C,
0B73,
13EB,
1A1D,
13DB,
0CB8,
0640,
0066,
FC53,
F94F,
F535,
F262,
F05A,
EDC1,
EEC7,
F2F4,
F968,
0076,
03A4,
05D7,
0915,
0D7D,
0EC5,
0D18,
0524,
FA55,
F2FC,
EF3B,
E6A5,
D965,
CEF5,
C950,
C6DC,
C81B,
CD6C,
D0E0,
D26A,
D846,
E710,
F5D8,
0210,
09B6,
0FEF,
17AF,
1BE1,
1A49,
1215,
06FB,
02D7,
0BE3,
14B3,
1378,
079D,
FDFB,
FC30,
FCB9,
FCBA,
032A,
0B08,
0FF9,
12F5,
14A5,
0DDC,
068E,
0008,
FA23,
F56F,
F547,
F09F,
E58D,
D699,
CD7C,
C8C3,
CAD1,
D2F3,
DD34,
E127,
E556,
ED1B,
F2EE,
F5EA,
FC44,
0712,
0ED5,
103C,
0FB3,
10CA,
0C8A,
02A5,
F670,
EEEA,
EE74,
E956,
DB9F,
CE2F,
C6AE,
C73B,
CEBD,
D4F9,
DB09,
DCEB,
DD5F,
DF64,
E2AF,
E586,
E8B8,
E9B8,
E747,
E6D3,
E777,
ECE3,
F643,
02CA,
0AE4,
0D91,
0FA2,
1758,
1E7E,
1F9B,
2096,
23CB,
242F,
1B8C,
0AC4,
FE42,
F81E,
F32E,
EBD6,
E239,
DC6C,
DA3E,
D74F,
D2D1,
D3D3,
D42D,
D167,
CD90,
CD4B,
CE9C,
D4BC,
DBD9,
DE92,
DE42,
DF00,
E25A,
EBA8,
F23A,
F75C,
FCF7,
0017,
FF80,
016D,
029D,
009E,
0209,
0515,
090F,
0BAB,
0CFF,
0C72,
097A,
0608,
089C,
1112,
1818,
1BB2,
1C44,
1C29,
1BAF,
1E13,
23BE,
268A,
2AE8,
30AB,
31F7,
2B5A,
2229,
21AB,
2B69,
30F8,
2D60,
2682,
21A8,
1F43,
1BA0,
18CA,
1942,
1A60,
1929,
141A,
0EB7,
0D97,
0FE5,
13E3,
1735,
1798,
1693,
136C,
0FEF,
0F1E,
159F,
1D7E,
1F71,
1F84,
2017,
1E4C,
1C46,
1D57,
1FFD,
27CE,
2FCB,
336D,
3084,
2B1D,
2892,
2B97,
2F20,
3236,
35CF,
3AB7,
3FC1,
40DD,
3E39,
3EFF,
4566,
4C1F,
5096,
538D,
54FE,
562E,
5876,
5AE9,
5B1D,
57D5,
520C,
49A4,
3E6A,
3481,
31B8,
3210,
328D,
30B8,
2FE8,
33E2,
3681,
3717,
3BEE,
4579,
4B57,
4C26,
467C,
4198,
3B91,
32CC,
294D,
218A,
19B8,
135B,
0EED,
0945,
025F,
00B2,
0615,
0EC9,
1AA1,
297E,
37BA,
4354,
4AE8,
5070,
579B,
5DB3,
5FBF,
5DAC,
57AD,
5068,
4CE4,
4962,
4289,
3950,
31DE,
2C9B,
2A13,
2859,
266C,
25AF,
266A,
2742,
274B,
26CA,
24E3,
26FB,
2765,
2642,
28F3,
2C8A,
2DF1,
2FCB,
2FEE,
3023,
362E,
3D16,
4237,
472F,
4C77,
5263,
569A,
575B,
5434,
5222,
4EF7,
4B86,
48DC,
42F8,
383F,
2BFC,
21CA,
1A92,
16E5,
14BA,
14F2,
1374,
1150,
111E,
119F,
1514,
1C07,
24AE,
2B51,
3011,
33AC,
3705,
379B,
3790,
388F,
3920,
3962,
38CA,
3B8F,
4016,
4318,
438D,
43C8,
4283,
41EB,
432B,
455C,
46DD,
430F,
3C45,
344E,
2B22,
21F0,
1E89,
1C11,
1719,
142D,
12FE,
1023,
0DAD,
0E8D,
0E6A,
11CE,
17F3,
1D13,
1DAD,
1EA9,
1E64,
1E6C,
211D,
2407,
23BC,
23CA,
25E1,
26A8,
291C,
2C1C,
2F1D,
3291,
3617,
380D,
3944,
398D,
38AC,
3A76,
3E52,
439F,
464C,
4705,
4419,
3FD1,
3C75,
3C9E,
403C,
43F3,
441B,
420C,
4117,
3F8F,
3F57,
406B,
4281,
45D4,
4814,
48A2,
47A8,
4803,
4821,
49FE,
4D5F,
50AF,
4F4D,
4A54,
439B,
3EB0,
3F62,
422B,
4346,
40A1,
3C9C,
3786,
311B,
2EF4,
307A,
342D,
395C,
3C8C,
3A60,
38DF,
376A,
3641,
3784,
39BA,
3DDE,
417C,
424F,
41B7,
41E7,
40EA,
40AC,
426E,
43C0,
4454,
45CF,
4688,
461C,
472F,
47EB,
46E4,
44D8,
440D,
4470,
44AC,
4292,
3FE9,
3CD7,
3AD5,
3B19,
3D53,
4026,
448B,
47E8,
499F,
498B,
477E,
4378,
41AC,
40D7,
40AD,
3F69,
3DD8,
3BDD,
38C8,
36F5,
3529,
3498,
3625,
3866,
376D,
36FF,
3491,
2FA0,
2B38,
28EF,
28DF,
2A87,
2B8F,
29D7,
2726,
250A,
2494,
25FD,
2965,
2BEA,
2C72,
2CD3,
2D3D,
2BCE,
2CA4,
2EFE,
2F17,
2CE9,
2A2C,
24E6,
217E,
23A0,
2A6F,
3211,
3665,
321F,
253B,
159E,
0B95,
0D53,
16A4,
2064,
227E,
1B8A,
1022,
091A,
0AB6,
1615,
2536,
30A4,
33B2,
2C81,
1E93,
102E,
07A5,
0531,
09D7,
184D,
27FB,
3041,
3144,
2C3B,
23D8,
1C3D,
166A,
122E,
0E2E,
0D7E,
0E87,
0DAB,
0C76,
0AF9,
07C8,
03B7,
FD45,
F7F1,
F7DD,
FA55,
FF3A,
011D,
0127,
0130,
FE7A,
FADD,
FA40,
FB38,
FC16,
00AC,
06DE,
07ED,
07E5,
0969,
0640,
FF1A,
FF3F,
FD60,
FFB1,
0A56,
0EE5,
08EC,
097D,
04FB,
F7A2,
F482,
F5AE,
F210,
F633,
F6CF,
EFC2,
F0AD,
F443,
F1AF,
F482,
F5CC,
ED56,
EB00,
EA9B,
E753,
E778,
E99B,
E6C1,
E765,
E54B,
E071,
E031,
E128,
E365,
EAD2,
F1B3,
F700,
F829,
F799,
F984,
FAF2,
F848,
F939,
FAB4,
F793,
F86E,
F972,
FAE8,
FA6D,
F72B,
F13A,
EECE,
EABD,
E9C2,
EAE0,
ED45,
F156,
F28D,
F231,
F1A9,
F34A,
FB7C,
0461,
0984,
0DC0,
0C1D,
08EB,
07BE,
01D9,
FCF1,
FAEC,
FA12,
FB11,
FD34,
FB47,
FAF1,
F815,
F6E6,
F8D7,
FC39,
00D2,
084A,
072C,
FC75,
EF82,
E7E1,
E99D,
F164,
F6AA,
F5E8,
F02D,
E7DE,
DF73,
DB6C,
E26C,
EEED,
F937,
F9D9,
F0FB,
E619,
DFE9,
DE64,
DF54,
E1D1,
E96A,
F15F,
F3CF,
EE24,
E5EF,
DD16,
D91B,
D703,
D76E,
D832,
DB9E,
DE34,
DF98,
E05D,
DC46,
D4B9,
CF39,
D0FF,
D7C6,
DEDA,
E408,
E81C,
E5E3,
E0C7,
DFC2,
E560,
ECCD,
ED95,
E3B0,
D68C,
D153,
D67F,
E058,
E36E,
DE77,
D08B,
BDC1,
B42E,
B887,
C94C,
DA65,
DA95,
C74F,
B8B5,
B844,
CA1E,
E8A4,
FAAC,
EC95,
C21F,
A88A,
B313,
D138,
F27C,
0855,
F719,
C913,
A88B,
A7D5,
B768,
CAA7,
DED3,
EAD2,
E150,
CC5D,
BB62,
B812,
BA81,
C774,
D885,
DFAA,
E17E,
D7D0,
CA44,
C3F7,
C50B,
C73B,
CF56,
D4FB,
D7D7,
D7B6,
D480,
D5D2,
D1B5,
C92C,
C210,
C105,
C359,
CC55,
CFF2,
CD55,
CB7C,
CC14,
CBD0,
D2F3,
DB27,
E2E1,
E8CD,
E959,
E6DB,
E5D1,
E345,
E05C,
DB94,
D484,
CBB3,
C2AB,
BD22,
BED9,
C890,
D724,
DFF4,
DE41,
D32F,
C775,
C3BB,
C866,
D0A3,
D67F,
D636,
D006,
C542,
C092,
C483,
CB17,
D36B,
DAA3,
DE52,
E184,
E728,
EB24,
ED29,
EA82,
E61F,
E2BF,
E435,
E81A,
EB24,
ED0D,
ECCC,
E9CA,
E6B1,
E1F8,
DEBE,
DED9,
E01E,
E235,
E710,
E8AB,
E615,
E0ED,
DDD2,
DCC7,
D8FB,
D113,
C95C,
C447,
C67E,
CA7D,
CCF7,
CB98,
C978,
CAF5,
D1E6,
DA40,
E1E6,
E6D6,
EDFC,
F51A,
FB68,
FFBC,
0230,
FFDD,
FA28,
F097,
E9F6,
E5DC,
E511,
E673,
E353,
DB3E,
D5D4,
D2D4,
D1EF,
D496,
DB73,
DCDD,
DCBA,
DA0C,
D7E4,
DB1B,
DEFA,
DFAA,
DE22,
DCAB,
E265,
E4FD,
EF0B,
EDD8,
F32F,
E205,
DC8E,
E4FA,
E026,
E315,
E441,
E4D6,
E3EC,
E266,
DFEC,
D95E,
D889,
E266,
E61D,
EA80,
F079,
F58C,
F6A3,
F7DF,
F9A6,
FAA8,
F96C,
F603,
F173,
EF9B,
EC8C,
EBB4,
E53A,
D828,
C82D,
BB2A,
B1AD,
AE7E,
AC58,
AA73,
AA01,
AA0E,
A96A,
AA4A,
AB47,
AF4C,
BE52,
D7AC,
F0C0,
0391,
0B51,
0A79,
04EE,
FBFB,
F6FE,
F802,
F86F,
F3BD,
E69C,
D403,
BEE0,
A8BE,
9700,
8BCB,
8674,
82EA,
806C,
8077,
8124,
833B,
8B86,
96FB,
A255,
AE26,
B68F,
C266,
D2EF,
DFE5,
E7DD,
E868,
E489,
DE06,
D5DC,
CEE4,
CAC4,
C245,
BB47,
B1E5,
A4B3,
9B20,
92CC,
8A84,
8CC3,
94BE,
99AB,
9800,
97EE,
9C5C,
A2B6,
AF10,
C1C6,
CDC6,
D08E,
D211,
D6DB,
D92D,
D490,
D101,
DAC2,
E762,
E681,
D846,
C8BF,
BA23,
AD44,
A205,
9DCB,
A146,
A783,
AEC9,
B530,
B8A9,
BBA4,
BD31,
C03B,
CAB9,
D215,
DDB3,
E8FF,
F3F5,
FB06,
FE62,
F998,
EDF5,
E18D,
DB1F,
D735,
D08D,
CF7B,
C7FA,
BD86,
B458,
ADED,
AA13,
AD19,
BB76,
C9CA,
CF0D,
CD50,
CD66,
D3BC,
D9FC,
DFDC,
E7EA,
EDA1,
F049,
F4E6,
FAEC,
00CD,
0B1F,
146A,
1BCC,
15AE,
0EA8,
078F,
00C7,
FC82,
F9C0,
F5D7,
F35B,
F14D,
EDE7,
EE35,
F1F2,
F855,
FFA1,
02FC,
0562,
0861,
0C99,
0E48,
0D6B,
058A,
FA95,
F36E,
F00D,
E77C,
D993,
CDF6,
C787,
C55D,
C739,
CCA1,
CF45,
CFF1,
D577,
E46D,
F326,
0001,
08AA,
0F75,
1772,
1BE3,
1B02,
13B2,
091E,
050E,
0E36,
16D5,
15AD,
0A1F,
006F,
FE1F,
FE59,
FE15,
0435,
0C00,
1107,
13AB,
1547,
0E8B,
0776,
00CD,
FA7D,
F534,
F4D5,
EF63,
E311,
D30A,
C98C,
C44B,
C627,
CE43,
D83F,
DB5C,
DEE6,
E678,
ECD5,
F10C,
F8B3,
04A4,
0DC2,
109C,
1109,
12C0,
0EF3,
05E3,
FAA9,
F3C9,
F3B3,
EE6C,
E00F,
D203,
CA2C,
CA84,
D1B6,
D736,
DCC2,
DE14,
DE3A,
DFF9,
E2C9,
E51E,
E7E2,
E84A,
E51C,
E453,
E4AB,
EA17,
F363,
FFF4,
081B,
0B32,
0DE8,
1642,
1DBE,
1F31,
2107,
253F,
2679,
1E40,
0D54,
00C8,
FA8B,
F586,
EE36,
E449,
DDE4,
DAF9,
D732,
D1CC,
D297,
D294,
CF20,
CA7C,
C9AA,
CA66,
D0B3,
D862,
DB8D,
DBBC,
DCDA,
E02F,
EA09,
F11E,
F6B3,
FD0D,
0152,
01A7,
043A,
059B,
036C,
0549,
093B,
0E18,
10FA,
1225,
113C,
0DF9,
0A40,
0C77,
149E,
1B76,
1F00,
1F04,
1E2C,
1D03,
1EB6,
23D1,
2624,
2AA7,
3098,
3191,
2A63,
20D8,
2049,
2A2A,
2FD5,
2C7A,
25B1,
205F,
1D79,
19A2,
16E5,
17A0,
1929,
184E,
12FA,
0CE1,
0B69,
0DEE,
1274,
1660,
174B,
16B6,
139E,
100E,
0F10,
15BD,
1E3E,
2105,
220A,
231E,
212E,
1EEE,
1FF4,
2256,
2A68,
32EB,
36EB,
33E7,
2E2D,
2AFF,
2D61,
3080,
33A4,
3736,
3BAF,
4033,
40E1,
3DD9,
3E82,
4513,
4C02,
50BE,
53E7,
554B,
565B,
589E,
5B14,
5B24,
57B4,
51F5,
4987,
3DCF,
331C,
2FFD,
3069,
310A,
2F21,
2E24,
31FC,
3461,
351B,
3A81,
44F1,
4B69,
4C95,
46DE,
4230,
3C76,
3409,
2A93,
2297,
1A99,
1444,
0FD2,
09CF,
0214,
FF6E,
0410,
0C51,
1802,
26EB,
350F,
40B5,
48BB,
4EC5,
567D,
5D4A,
601B,
5EE3,
59CE,
533F,
5030,
4C78,
4532,
3C33,
3564,
3048,
2D9B,
2BCB,
29B2,
289B,
28C4,
28DE,
2817,
270C,
24A7,
26BA,
26CA,
24DC,
26EF,
29FE,
2AD5,
2C88,
2C8F,
2CB3,
3349,
3AAE,
3FE0,
44BB,
4A11,
508C,
5596,
5755,
54F8,
5389,
50A7,
4DA0,
4B8F,
45FD,
3B34,
2ED6,
24A3,
1D63,
19BF,
1772,
1787,
15A9,
12EB,
120A,
11B8,
1497,
1B55,
242F,
2AF6,
2FCC,
337A,
36F2,
3751,
36FD,
37DE,
3872,
38E6,
385C,
3B27,
3FAD,
42C4,
434F,
43B0,
4264,
41F7,
43E4,
46DF,
48EF,
44FF,
3DB5,
352C,
2BB8,
2283,
1F77,
1D0D,
17CF,
1494,
12D7,
0F3B,
0C19,
0CA8,
0C4B,
0FEB,
167D,
1BF5,
1C50,
1D27,
1CDB,
1D12,
2060,
23FE,
23CB,
23AB,
25CC,
2697,
2962,
2CBF,
3012,
33F7,
380D,
3A49,
3B93,
3BE1,
3AF1,
3CEE,
411F,
46F7,
49FB,
4AD6,
4795,
42D6,
3F0D,
3F11,
42C8,
466E,
4612,
4342,
41C6,
3FAB,
3F08,
3FDB,
41DC,
4522,
472B,
4757,
45CF,
45E2,
4600,
4845,
4C37,
4FEA,
4E5A,
48FC,
41DD,
3CCA,
3DF7,
4180,
4346,
40D2,
3CC1,
3778,
30AD,
2EB5,
30B4,
34D9,
3AA1,
3E1D,
3B6C,
398A,
37D1,
3671,
37DD,
3A44,
3EB4,
425E,
42CC,
41BD,
41C9,
40AE,
408C,
42C2,
4490,
457E,
4748,
4805,
4746,
4830,
48D9,
478F,
4542,
448E,
4539,
45A1,
434F,
4032,
3C97,
3A28,
3A48,
3CB0,
3FDD,
44C5,
4888,
4A87,
4A81,
483B,
43DC,
4210,
4135,
410E,
3FC0,
3E21,
3C0F,
38C3,
36EA,
3512,
3499,
366D,
38F7,
37C6,
374C,
34B6,
2F61,
2A93,
2816,
27FE,
29EE,
2B4A,
298D,
26AA,
2486,
242F,
25BA,
2923,
2B6F,
2B9E,
2BDF,
2C7E,
2B60,
2CDF,
2FF4,
3045,
2DDB,
2B09,
25C8,
22B7,
257E,
2CEA,
34E2,
3937,
346B,
26BB,
16A3,
0CA1,
0EDA,
185E,
2223,
2433,
1D3B,
11C0,
0AD6,
0C35,
16F0,
2549,
302F,
3313,
2C03,
1E5F,
100C,
0751,
047D,
08C8,
1752,
2749,
2FFC,
3173,
2CB2,
248C,
1D0F,
16F6,
1277,
0E2F,
0D80,
0EC8,
0E27,
0D31,
0BD6,
0897,
04D9,
FEB7,
F90F,
F82A,
F9B9,
FE4A,
0035,
00C4,
0166,
FEFA,
FB81,
FAA2,
FB2D,
FC06,
00EC,
0764,
087E,
080F,
092F,
061F,
FEDF,
FF21,
FD70,
FFD4,
0A32,
0E8F,
080F,
0874,
04C8,
F86C,
F5B9,
F6C3,
F26A,
F5AA,
F5E6,
EF33,
F0A3,
F4B3,
F21E,
F466,
F545,
EC79,
EA25,
EA07,
E6F6,
E6D8,
E917,
E658,
E74C,
E5B5,
E120,
E0A1,
E122,
E2F5,
E9F7,
F0C3,
F682,
F82C,
F857,
FAC1,
FC2E,
F91C,
F9A6,
FAEC,
F7CF,
F90F,
FA73,
FC3C,
FBBD,
F886,
F269,
EFE9,
EBAE,
EA79,
EB49,
EDCD,
F259,
F398,
F316,
F22B,
F340,
FBA1,
0549,
0B12,
0FE2,
0E40,
0A81,
08D0,
025F,
FD5A,
FBC4,
FB86,
FC92,
FE4A,
FBA6,
FB0D,
F842,
F78F,
F9C4,
FCEA,
00E9,
07FD,
065B,
FB20,
EE18,
E6B3,
E88E,
F068,
F5C4,
F520,
EFA0,
E757,
DE81,
D9E9,
E0CD,
ED73,
F84A,
F95E,
F0D7,
E66B,
E085,
DE95,
DED2,
E0D0,
E897,
F12C,
F495,
EF73,
E75B,
DE12,
D991,
D6C8,
D70F,
D7F6,
DBDA,
DE7C,
DF93,
E002,
DB54,
D30D,
CCEF,
CE8A,
D57F,
DCA9,
E1D9,
E616,
E3D4,
DF36,
DF6B,
E687,
EF28,
EFEA,
E43B,
D4C9,
CEC6,
D528,
E175,
E68C,
E255,
D313,
BDA5,
B1FD,
B533,
C629,
D8C1,
DA91,
C7E9,
B978,
B780,
C6F9,
E461,
F6F2,
EAC3,
C230,
AA48,
B47F,
D06B,
F00F,
060D,
F51A,
C849,
A95E,
A8C0,
B77A,
CA84,
DEB1,
EA8A,
E0DF,
CC75,
BBB2,
B893,
BADE,
C7F6,
D919,
DFC4,
E107,
D6BA,
C915,
C316,
C4FB,
C7F8,
D0ED,
D71A,
D9D8,
D8E9,
D4CB,
D5B8,
D13E,
C8F3,
C1C6,
C0ED,
C384,
CC52,
CF76,
CC8A,
CA59,
CB70,
CBDF,
D3B0,
DC6C,
E44A,
E9A0,
E93A,
E584,
E3E2,
E1B6,
DFC2,
DBE7,
D5D1,
CD70,
C453,
BE3C,
BF54,
C8E5,
D7DF,
E0B5,
DF06,
D37E,
C6F8,
C27B,
C68B,
CEA9,
D524,
D58E,
D005,
C513,
BFDB,
C385,
C9E6,
D254,
DA1A,
DE38,
E198,
E75C,
EB2B,
ED12,
EA26,
E5B1,
E2B5,
E4D6,
E967,
EC84,
EE03,
ED48,
EA17,
E70C,
E25F,
DF08,
DF0C,
DFFC,
E1A0,
E687,
E847,
E5B3,
E059,
DD0A,
DC22,
D852,
D02A,
C846,
C2E6,
C4F2,
C8D5,
CB10,
C983,
C74E,
C8E3,
D02C,
D8E0,
E0AB,
E57D,
EC90,
F39C,
FA04,
FE97,
014A,
FF18,
F991,
F040,
EA2B,
E699,
E5EC,
E768,
E3F7,
DB88,
D612,
D32A,
D1E5,
D417,
DA71,
DB21,
DACE,
D82B,
D5A9,
D916,
DCA6,
DD1F,
DB76,
DA69,
E096,
E2FA,
ED06,
EBC4,
F080,
E340,
DE5E,
E603,
E0E6,
E3E5,
E575,
E58B,
E3FB,
E165,
DE9F,
D76A,
D617,
DFBF,
E2E5,
E72A,
EDB5,
F2F2,
F407,
F5CE,
F87A,
FA0D,
F975,
F651,
F1F7,
F108,
EF4C,
EF8A,
E994,
DC92,
CC0B,
BDF5,
B3A4,
AFEE,
AD46,
AAD8,
A94C,
A78B,
A53F,
A4F3,
A54B,
A907,
B814,
D1CD,
EB62,
FEBE,
0719,
0701,
02DB,
FBCB,
F8CA,
FB3F,
FCA0,
F898,
EC07,
D9E6,
C4E1,
AE3B,
9C1A,
90A7,
8AD2,
8655,
82CA,
818A,
8080,
80B6,
87CF,
92CF,
9E13,
A9F7,
B231,
BDB7,
CE54,
DBDB,
E50A,
E6BD,
E424,
DF23,
D827,
D1A1,
CE34,
C64D,
BFBD,
B66E,
A8F7,
9ED5,
95DB,
8D28,
8F77,
96E0,
9A8E,
97AE,
970E,
9B28,
A146,
AD83,
C012,
CC0C,
CFA1,
D226,
D7A2,
DA9B,
D6FC,
D40A,
DDF1,
EA92,
EA06,
DC54,
CD40,
BE4C,
B11D,
A5B8,
A09B,
A27D,
A746,
AD8B,
B35B,
B689,
B95F,
BAA1,
BD14,
C756,
CE59,
DA1D,
E5D9,
F205,
FA5C,
FEAC,
FAC2,
F04E,
E4DC,
DEAB,
DA99,
D3BD,
D32A,
CBD1,
C166,
B7D8,
B108,
AD25,
B02C,
BE7A,
CC6B,
D11E,
CE7E,
CD60,
D30C,
D964,
DFBB,
E82A,
EDD6,
F02A,
F485,
FA47,
FFD6,
0A70,
145B,
1CB8,
16DD,
1017,
0881,
00F0,
FC95,
FA23,
F67C,
F462,
F253,
EE2E,
EDC6,
F108,
F73E,
FEA6,
0229,
04C5,
078B,
0B98,
0DB6,
0DA7,
05F6,
FB0B,
F438,
F148,
E8E7,
DA96,
CDF9,
C6C9,
C4E0,
C747,
CCA6,
CE73,
CE4B,
D36A,
E24A,
F0B4,
FDF8,
0779,
0EB1,
16BF,
1B61,
1B40,
14F0,
0B08,
0711,
101C,
1862,
1754,
0C43,
02AD,
FFE7,
FFD9,
FF51,
04FF,
0C96,
11A2,
13EF,
1580,
0F08,
0856,
019E,
FAF3,
F52E,
F49C,
EE87,
E145,
D082,
C6C2,
C0F8,
C277,
CA4C,
D3CD,
D611,
D8F1,
E02D,
E6EF,
EC47,
F512,
01EF,
0C46,
108F,
11F4,
1446,
110F,
0906,
FEF3,
F8D5,
F91E,
F3CB,
E517,
D6C1,
CEC7,
CEEE,
D5B9,
DA74,
DF69,
E025,
DFF4,
E154,
E38E,
E54A,
E78D,
E759,
E377,
E243,
E22D,
E762,
F05C,
FCAC,
04B3,
0825,
0B77,
1459,
1C16,
1DDF,
2088,
25B0,
27C2,
202A,
0F7B,
032D,
FD00,
F804,
F0DF,
E6D5,
E002,
DC73,
D7F6,
D1CC,
D254,
D1F2,
CDE7,
C891,
C732,
C750,
CDA3,
D5B3,
D930,
D9D0,
DB47,
DE91,
E8C7,
F037,
F61B,
FD10,
0262,
03AB,
06E0,
087A,
0634,
087A,
0D36,
12D4,
15E9,
16F0,
15C6,
125B,
0E77,
1045,
17EE,
1E72,
21D7,
214C,
1FBE,
1DF0,
1EEC,
2352,
2511,
2990,
2F7F,
3019,
2886,
1EE0,
1E4A,
2819,
2DBF,
2AB1,
2425,
1E84,
1B3D,
174D,
14BB,
15B8,
179F,
1716,
1197,
0AF9,
0946,
0C00,
10EF,
1551,
16B9,
1694,
13A9,
1026,
0F04,
15BA,
1EB3,
223D,
2421,
25AF,
23BC,
2167,
2268,
247C,
2C9B,
356B,
39AA,
369E,
30B9,
2D04,
2EB8,
3157,
3465,
37C8,
3BB6,
3F9F,
3FDB,
3C7E,
3D09,
43A0,
4A9B,
4F83,
52D1,
5424,
5515,
5750,
59C2,
59AC,
5620,
5086,
4840,
3C4C,
310B,
2DA9,
2E27,
2EE5,
2CF2,
2BCD,
2F68,
318C,
3272,
3851,
4371,
4A65,
4BE6,
4645,
41F3,
3CB3,
34D1,
2B8D,
2372,
1B5A,
151C,
10B9,
0A7B,
0211,
FE7F,
0252,
09F9,
1545,
23E6,
31A1,
3D11,
456D,
4BE9,
5408,
5B62,
5ED4,
5E68,
5A54,
54A7,
5220,
4E52,
46CC,
3E34,
382A,
3353,
3092,
2EBC,
2C89,
2B22,
2AC2,
2A22,
288F,
26FB,
241B,
260D,
25C0,
2312,
2474,
26E6,
2725,
28A0,
2885,
2893,
2F8B,
3742,
3C6A,
410E,
4658,
4D47,
5312,
55CC,
544F,
5392,
510D,
4E82,
4D17,
4800,
3D76,
314C,
274B,
2024,
1C94,
1A30,
1A1D,
17E7,
14A3,
131B,
11FB,
1435,
1A9A,
2375,
2A2E,
2EF0,
3296,
3618,
3638,
358F,
363E,
36C3,
375A,
36DF,
399C,
3E00,
4117,
41BB,
424C,
410C,
40CE,
435B,
4712,
49A8,
45B4,
3E1E,
353D,
2BB8,
22AF,
200A,
1DB4,
1853,
14E2,
12A4,
0E5D,
0AA9,
0AE7,
0A56,
0E19,
14E8,
1A93,
1AAF,
1B5D,
1B0F,
1B73,
1F47,
2385,
236B,
231D,
253C,
260B,
2920,
2CCC,
3062,
349C,
3925,
3B9E,
3CF8,
3D51,
3C62,
3E8E,
4303,
4947,
4C8C,
4D85,
4A0B,
44FC,
40E3,
40C6,
447F,
47F6,
470F,
438B,
418F,
3EF0,
3DEB,
3E76,
404D,
436A,
452C,
44F5,
42E8,
42B2,
42CF,
456E,
49D2,
4DCB,
4C13,
4670,
3F19,
39FE,
3B9A,
3FC8,
4230,
4003,
3C08,
36B2,
2FB3,
2DF9,
3063,
34DD,
3B1A,
3ED4,
3BBB,
398E,
37A5,
361D,
37A9,
3A2F,
3ECF,
426B,
4274,
40FB,
40E5,
3FAD,
3FA2,
4235,
4470,
45AF,
47BD,
487C,
4772,
482D,
48BD,
4730,
44AA,
4411,
44FD,
458A,
4310,
3F92,
3B82,
38B2,
38AC,
3B34,
3EA9,
43F4,
4800,
4A35,
4A37,
47C6,
4332,
4179,
409D,
4078,
3F24,
3D7B,
3B56,
37E8,
3616,
3448,
33F5,
3607,
38C4,
3757,
36C9,
341B,
2E8A,
297D,
26DE,
26B9,
28DB,
2A76,
28B7,
25B3,
2399,
236D,
2517,
286F,
2A6F,
2A34,
2A45,
2B11,
2A55,
2C87,
305A,
30E7,
2E40,
2B4E,
2616,
2360,
26C4,
2EBA,
36F3,
3B3E,
3600,
27BA,
1764,
0D90,
103B,
19D6,
2388,
2595,
1EB8,
1350,
0C8E,
0D9A,
177B,
24CB,
2EF3,
3195,
2AC5,
1DAB,
0FBA,
06FD,
03CE,
0795,
15D7,
25C4,
2EC3,
30B0,
2C54,
2496,
1D57,
170B,
1255,
0DDA,
0D33,
0EC1,
0E76,
0DD7,
0CA9,
0965,
05F9,
002F,
FA4D,
F8AC,
F95C,
FD89,
FF75,
0083,
01BC,
FFA7,
FC5F,
FB39,
FB4B,
FC16,
0135,
07D8,
08FB,
0823,
08C7,
05C3,
FE79,
FED0,
FD5D,
FFCE,
09BD,
0DDA,
06FA,
072D,
0460,
F934,
F6F8,
F7DD,
F2E8,
F536,
F50A,
EED6,
F0CE,
F54A,
F2D0,
F48B,
F4F5,
EBF6,
E9A7,
E9C9,
E708,
E6B4,
E904,
E665,
E78E,
E66C,
E232,
E17F,
E195,
E301,
E979,
F00B,
F617,
F834,
F917,
FBF8,
FD64,
FA04,
FA2E,
FB3B,
F82E,
F9CB,
FB88,
FD9F,
FD22,
FA07,
F3DB,
F14A,
ECF6,
EB90,
EC1A,
EEBD,
F3AE,
F4E8,
F438,
F2EB,
F370,
FBD9,
0619,
0C74,
11C5,
1027,
0BE1,
09A4,
02C4,
FDBD,
FCA1,
FD03,
FE1A,
FF61,
FC10,
FB2C,
F86E,
F82F,
FAA0,
FD8D,
00F0,
0781,
055C,
F9CC,
ECEB,
E5E8,
E7DA,
EFA7,
F505,
F47D,
EF47,
E720,
DE08,
D8FF,
DFA7,
EC30,
F758,
F8D5,
F0D2,
E710,
E191,
DF45,
DED7,
E051,
E81A,
F11F,
F576,
F103,
E938,
DFAE,
DAB3,
D73F,
D75B,
D861,
DCAE,
DF57,
E01B,
E02D,
DAFA,
D215,
CB6B,
CCCA,
D3C4,
DAEA,
E006,
E44F,
E206,
DDF6,
DF61,
E7E0,
F19F,
F264,
E51A,
D381,
CCB3,
D42F,
E2D6,
E9FC,
E6B0,
D659,
BE98,
B10A,
B30A,
C3E5,
D7B3,
DB27,
C974,
BB63,
B7D8,
C49A,
E064,
F341,
E93D,
C33E,
AD64,
B718,
D034,
ED97,
0362,
F303,
C82F,
AB86,
AB11,
B8B4,
CB3C,
DF01,
EA67,
E0BF,
CD38,
BD00,
BA31,
BC5E,
C95C,
DA33,
E035,
E0DB,
D624,
C8B4,
C333,
C5E6,
C9A1,
D344,
D9DE,
DC76,
DAC1,
D5CA,
D644,
D17C,
C988,
C269,
C1C3,
C48B,
CD05,
CFB4,
CC98,
CA1E,
CB9D,
CCA6,
D4F0,
DE07,
E5E5,
EA8E,
E939,
E45E,
E229,
E05D,
DF5E,
DC82,
D785,
CFBC,
C6BB,
C03C,
C0BE,
CA08,
D920,
E1D7,
E038,
D475,
C768,
C24C,
C5BC,
CD98,
D48C,
D599,
D0C7,
C5DC,
C037,
C387,
C993,
D1F0,
DA18,
DE8D,
E205,
E7CC,
EB63,
ED26,
EA08,
E597,
E306,
E5C0,
EAE7,
EE0C,
EF20,
EDF0,
EA9C,
E7AA,
E31D,
DFB8,
DFA9,
E047,
E178,
E654,
E82B,
E5A0,
E033,
DCC1,
DBFC,
D832,
CFEE,
C803,
C26E,
C43F,
C7F2,
C9E7,
C842,
C611,
C7BF,
CF3B,
D821,
DFEF,
E48E,
EB62,
F233,
F892,
FD54,
0039,
FE29,
F8E2,
EFFA,
EA87,
E78D,
E703,
E897,
E4EB,
DC4F,
D6E6,
D428,
D294,
D451,
DA0B,
DA05,
D984,
D6F8,
D422,
D7AA,
DAD1,
DB15,
D957,
D8B5,
DF29,
E148,
EB0A,
E9D3,
EDD8,
E4D4,
E0A1,
E75B,
E21B,
E512,
E6FD,
E698,
E473,
E0E0,
DDD5,
D61E,
D450,
DD82,
E006,
E40D,
EAFE,
F04A,
F159,
F39C,
F712,
F924,
F930,
F66C,
F26F,
F273,
F212,
F361,
EE0F,
E164,
D0B2,
C1DF,
B6EE,
B2BB,
AF90,
AC97,
A9FC,
A67C,
A294,
A120,
A0C8,
A416,
B2CD,
CC5C,
E5F0,
F975,
0240,
02E9,
003E,
FB25,
FA15,
FDE2,
0031,
FCF1,
F13C,
DFF7,
CB7F,
B4CC,
A29D,
9716,
90D3,
8B75,
86F5,
847F,
81D2,
8031,
85FB,
9046,
9B30,
A6E1,
AEC0,
B9BD,
CA25,
D803,
E234,
E4F8,
E3A1,
E01E,
DA60,
D46E,
D1CA,
CAA4,
C499,
BB8B,
AE1F,
A3AA,
9A31,
9136,
9389,
9A45,
9CB1,
98BE,
979F,
9B55,
A117,
ACF5,
BF0A,
CAD1,
CF1E,
D28D,
D89D,
DC35,
D9A6,
D761,
E147,
EDB7,
ED82,
E093,
D233,
C32D,
B5E5,
AA84,
A499,
A4E5,
A830,
AD5E,
B27E,
B54D,
B7ED,
B8DA,
BAB1,
C48E,
CB24,
D6DB,
E2D7,
EFFD,
F96C,
FE9A,
FBA3,
F285,
E836,
E257,
DE2B,
D73C,
D72C,
D02F,
C608,
BC4E,
B53C,
B15D,
B456,
C25A,
CFB6,
D3D0,
D066,
CE27,
D30F,
D95A,
DFFF,
E89D,
EE28,
F02A,
F431,
F997,
FEC3,
097D,
13D4,
1CF1,
1774,
1107,
0914,
00E3,
FC88,
FA6D,
F716,
F560,
F354,
EE82,
ED6C,
F033,
F628,
FD8C,
0132,
0407,
06A0,
0A8B,
0D1D,
0DD6,
066A,
FBAF,
F548,
F2D3,
EAC3,
DC46,
CED7,
C6F2,
C53C,
C817,
CD54,
CE4B,
CD60,
D211,
E0A4,
EE91,
FC07,
0636,
0DB6,
15AF,
1A77,
1B18,
15D2,
0CAB,
08CE,
118D,
195D,
186E,
0DF9,
049A,
0171,
0124,
005C,
0581,
0CC9,
11CF,
13CB,
155B,
0F58,
0929,
0273,
FB7D,
F555,
F497,
EE0A,
E027,
CEF9,
C511,
BEC0,
BFBE,
C715,
CFF2,
D166,
D3A1,
DA6F,
E171,
E7C4,
F184,
FF15,
0A7B,
1022,
1276,
155B,
12D1,
0BED,
0316,
FDC7,
FE6C,
F926,
EA61,
DC0D,
D41C,
D418,
DA6E,
DE67,
E2BF,
E2EA,
E25C,
E34D,
E4DF,
E5F4,
E7AB,
E6DE,
E256,
E0A6,
E006,
E4D6,
ED4B,
F91A,
00DD,
0496,
0876,
11C4,
19AE,
1BCE,
1F3A,
2537,
2819,
214C,
112A,
0554,
FF5B,
FA82,
F3A2,
E9AC,
E292,
DE7E,
D971,
D2AB,
D2E7,
D22A,
CDA4,
C7BA,
C5D5,
C554,
CB88,
D3CE,
D77E,
D87B,
DA41,
DD7C,
E7E1,
EF88,
F598,
FD01,
0341,
0575,
0947,
0B1F,
08D9,
0B7A,
10E1,
1718,
1A50,
1B39,
19EB,
167C,
1286,
13E3,
1AEE,
2103,
2431,
231E,
20E5,
1E85,
1ECD,
2267,
237E,
27D3,
2D98,
2DCC,
25FE,
1C73,
1BDE,
256D,
2AF3,
283E,
2210,
1C49,
18BF,
14D2,
1278,
13B3,
15E9,
15A5,
1013,
0921,
0752,
0A3F,
0F76,
142B,
15FC,
1645,
139D,
1045,
0F07,
15A7,
1EF1,
2328,
25CE,
27CA,
25F4,
23AF,
24B1,
2672,
2E70,
3755,
3BB8,
38B3,
32C7,
2EAA,
2FB3,
31C5,
349C,
37AF,
3AFE,
3E3F,
3E0A,
3A6B,
3AD7,
4154,
4838,
4D35,
509B,
51DA,
52AE,
54E1,
574A,
570F,
5372,
4E10,
461A,
3A24,
2E8F,
2AFA,
2B87,
2C5D,
2A68,
2921,
2C6C,
2E4A,
2F62,
35A2,
413E,
4890,
4A5F,
44F3,
411A,
3C79,
3545,
2C54,
242B,
1C07,
15EA,
11A3,
0B48,
0257,
FDF0,
00EE,
07E2,
1299,
20AF,
2DBD,
38C5,
415A,
4837,
509B,
5856,
5C44,
5C8C,
5981,
54CE,
52DD,
4F14,
477A,
3F6C,
3A3C,
35C0,
32F9,
312D,
2EEF,
2D44,
2C6A,
2B1E,
28CB,
26B8,
2362,
251D,
2475,
2117,
21C0,
2388,
232E,
2464,
2424,
2416,
2B47,
3327,
382E,
3C89,
41B2,
48FA,
4F6F,
5317,
5287,
5281,
5066,
4E61,
4D9F,
4924,
3F1D,
3366,
29C4,
22CB,
1F57,
1CE5,
1CA7,
1A25,
1672,
1454,
1272,
1404,
19F4,
22A4,
2927,
2DB0,
3136,
34AC,
3489,
3384,
33EE,
3453,
34FE,
348F,
372E,
3B55,
3E5A,
3F18,
3FDE,
3EBA,
3EAF,
41C8,
4626,
4937,
455D,
3DAF,
34AB,
2B45,
2290,
2054,
1E1A,
18B3,
1525,
1277,
0DA4,
097A,
096C,
08AC,
0C7A,
135A,
1918,
18F6,
197A,
192E,
19BB,
1DFB,
22BF,
22C0,
2247,
2459,
252B,
287E,
2C69,
302E,
34A0,
3980,
3C2B,
3D94,
3DFC,
3D1C,
3F74,
441C,
4AAC,
4E1F,
4F2F,
4B98,
4660,
4216,
41DA,
4580,
48B2,
4741,
431B,
40AA,
3D99,
3C3E,
3C7E,
3E1D,
40F9,
4267,
41CF,
3F4C,
3ED0,
3EEB,
41D1,
4687,
4AA7,
48D0,
4308,
3BA3,
369C,
3896,
3D4B,
4047,
3E73,
3AA9,
3567,
2E5D,
2CEA,
2FB1,
3462,
3AEF,
3EDB,
3B79,
3917,
3712,
3573,
3717,
39AD,
3E5F,
41D9,
4183,
3FB0,
3F7B,
3E2A,
3E2E,
4108,
4398,
451E,
4763,
4822,
46D7,
475F,
47D1,
4606,
4350,
42D0,
43F5,
449E,
4209,
3E41,
39D2,
36B0,
3684,
391D,
3CC7,
4255,
468E,
48E4,
48EA,
465E,
41B7,
4020,
3F4B,
3F24,
3DCF,
3C1F,
39ED,
366E,
34B2,
32FF,
32DC,
3523,
37FD,
3655,
35AD,
32F4,
2D4D,
2825,
2575,
253F,
277D,
2943,
2782,
246B,
226A,
2270,
2439,
2771,
2917,
286B,
283C,
292B,
28DB,
2BC4,
3051,
311B,
2E38,
2B19,
25E9,
238C,
2783,
2FF1,
3858,
3C91,
36F8,
284B,
17ED,
0E64,
1173,
1B11,
24A0,
26B1,
2009,
14CE,
0E37,
0EE1,
17C1,
23DE,
2D24,
2F76,
28FB,
1C9B,
0F48,
06B2,
032E,
0652,
1403,
23A0,
2CCC,
2F2D,
2B4A,
2413,
1D29,
16BC,
11DA,
0D40,
0CAA,
0E80,
0EA0,
0E6A,
0D70,
0A2E,
0710,
01A1,
FB9A,
F958,
F93F,
FCFD,
FEE1,
0065,
022E,
007B,
FD6F,
FBFE,
FB8F,
FC41,
0185,
083C,
0965,
0826,
0840,
0534,
FDEB,
FE4E,
FD21,
FF9E,
0903,
0CD9,
05BE,
05BD,
03C7,
F9E8,
F824,
F8E6,
F378,
F4D3,
F43D,
EEA2,
F11E,
F5F9,
F3B3,
F4E8,
F4D7,
EBC6,
E97A,
E9D5,
E774,
E6FB,
E952,
E6D7,
E819,
E75A,
E384,
E2AE,
E266,
E371,
E94B,
EF88,
F5BF,
F83C,
F9CB,
FD18,
FE82,
FAEF,
FAC6,
FB99,
F8A8,
FA94,
FCA3,
FEFD,
FE8A,
FB98,
F577,
F2D7,
EE7B,
ECEF,
ED3D,
EFFB,
F53A,
F664,
F583,
F3D9,
F3D1,
FC20,
06D0,
0DA6,
1361,
11CB,
0D05,
0A3A,
0306,
FE14,
FD75,
FE73,
FF92,
0066,
FC7C,
FB45,
F890,
F8B6,
FB5D,
FE17,
00E8,
06E1,
043F,
F882,
EBFA,
E573,
E778,
EF20,
F472,
F401,
EF1A,
E72A,
DDF5,
D899,
DEF1,
EB27,
F668,
F842,
F0E0,
E7ED,
E2E5,
E04E,
DF46,
E040,
E7E5,
F12F,
F65F,
F2B3,
EB5A,
E1B9,
DC56,
D843,
D82E,
D94E,
DDF3,
E09E,
E10D,
E0BF,
DB1E,
D1B9,
CA97,
CBAB,
D289,
D991,
DE8B,
E2C4,
E075,
DCFA,
DF8A,
E94C,
F40B,
F4D9,
E629,
D29C,
CB04,
D379,
E44E,
ED85,
EB41,
DA14,
C058,
B11C,
B1E4,
C265,
D726,
DC2F,
CBB1,
BE28,
B910,
C2F1,
DCC5,
EFBA,
E802,
C50A,
B175,
BA84,
D072,
EB27,
0078,
F0E5,
C89C,
AEA4,
AE66,
BACD,
CC9B,
DFA7,
EA5F,
E0DD,
CE76,
BF06,
BC9E,
BEB6,
CB68,
DBA6,
E0E2,
E0E4,
D5F6,
C8FA,
C419,
C78E,
CBF5,
D61C,
DD08,
DF76,
DD0B,
D751,
D74F,
D245,
CAB9,
C3BC,
C347,
C630,
CE3B,
D081,
CD57,
CAA4,
CC70,
CDF5,
D683,
DFC9,
E78A,
EB7C,
E945,
E363,
E0A3,
DF31,
DF1A,
DD41,
D969,
D254,
C996,
C2D5,
C2D2,
CBBF,
DABB,
E332,
E1AE,
D5E6,
C893,
C300,
C5D6,
CD59,
D49F,
D636,
D21F,
C769,
C172,
C45A,
C9FA,
D220,
DA83,
DF34,
E2B0,
E860,
EBB7,
ED55,
EA17,
E5BB,
E396,
E6CE,
EC70,
EF96,
F044,
EEA9,
EB3D,
E86A,
E40F,
E0AB,
E08F,
E0E2,
E1A6,
E664,
E845,
E5C9,
E062,
DCDE,
DC38,
D87C,
D03A,
C866,
C2B5,
C43F,
C7B3,
C961,
C7B4,
C59F,
C768,
CEF8,
D7EC,
DF9F,
E3FA,
EA6E,
F0E2,
F71E,
FBFE,
FF08,
FD1A,
F81B,
EFBA,
EAF3,
E897,
E835,
E9DD,
E60B,
DD6C,
D823,
D59D,
D3CD,
D51E,
DA26,
D978,
D8C9,
D65C,
D33C,
D6C5,
D974,
D986,
D7BC,
D782,
DE12,
DFE1,
E91C,
E808,
EB46,
E65F,
E2E9,
E8AE,
E361,
E641,
E882,
E7A6,
E4FE,
E07C,
DD2D,
D505,
D2BD,
DB59,
DD34,
E0EC,
E82B,
ED79,
EE82,
F132,
F55F,
F7DF,
F888,
F632,
F2AB,
F3A7,
F49B,
F6F4,
F254,
E61E,
D572,
C60D,
BA96,
B5E6,
B234,
AEAB,
AB0B,
A5E0,
A068,
9DD1,
9CC6,
9F8A,
ADC0,
C6E7,
E045,
F3CB,
FCF3,
FE5D,
FD2F,
F9FF,
FAC5,
FFD3,
030B,
009D,
F5E7,
E5A7,
D1EA,
BB5E,
A93E,
9DAB,
96FB,
90C5,
8B62,
87CD,
8395,
8031,
84AA,
8E25,
9895,
A3F7,
AB69,
B5C9,
C5E3,
D403,
DF1A,
E2DB,
E2B2,
E099,
DC0C,
D6B9,
D4E7,
CE8E,
C90B,
C04C,
B313,
A869,
9E7F,
9547,
9795,
9DA4,
9EDE,
99F2,
9864,
9BB4,
A10C,
AC73,
BDF6,
C981,
CE79,
D2BE,
D955,
DD8A,
DC0C,
DA79,
E456,
F08A,
F0A9,
E48C,
D6F0,
C7F2,
BAA0,
AF48,
A89A,
A75F,
A936,
AD50,
B1B9,
B420,
B67C,
B712,
B852,
C1C3,
C7F1,
D38B,
DFB9,
EDBF,
F82D,
FE2A,
FC29,
F466,
EB3E,
E5B6,
E171,
DA7B,
DAED,
D466,
CA9D,
C0D0,
B98B,
B5B3,
B898,
C644,
D304,
D68B,
D26E,
CF24,
D340,
D96C,
E04A,
E901,
EE67,
F01E,
F3CD,
F8CF,
FD9E,
086C,
1319,
1CD4,
17BA,
11A8,
0963,
00A8,
FC57,
FA8D,
F784,
F62E,
F421,
EEAC,
ECF4,
EF48,
F4F9,
FC50,
001E,
0334,
05B5,
0995,
0CA8,
0E1D,
06F7,
FC74,
F679,
F47B,
ECC5,
DE2D,
CFF8,
C759,
C5C1,
C900,
CE10,
CE3B,
CC9F,
D0EB,
DF27,
EC96,
FA31,
04FC,
0CB3,
148A,
197B,
1AD9,
1692,
0E21,
0A54,
12B4,
1A0D,
193D,
0F61,
0636,
02B7,
0234,
012F,
05C3,
0CBA,
11BC,
1377,
1517,
0FA3,
0A01,
034C,
FC09,
F589,
F4A4,
EDBB,
DF60,
CDE7,
C3D4,
BCF1,
BD52,
C40E,
CC3E,
CCF6,
CE9A,
D4F8,
DC29,
E35E,
EDFA,
FC29,
088F,
0F8A,
12C5,
1639,
1465,
0EA4,
06FC,
0272,
036E,
FE40,
EF84,
E152,
D97B,
D955,
DF3D,
E28A,
E64F,
E5F2,
E505,
E580,
E665,
E6CE,
E7F5,
E691,
E168,
DF2C,
DDEC,
E239,
EA14,
F54B,
FCBE,
00B2,
0517,
0ECE,
16E9,
1960,
1D84,
2446,
27F4,
2203,
128B,
073E,
0189,
FCDF,
F646,
EC74,
E529,
E0A5,
DB24,
D3D9,
D3C4,
D2B1,
CDC0,
C754,
C4EE,
C3D0,
C9D7,
D23D,
D60D,
D753,
D960,
DC93,
E719,
EEE7,
F512,
FCDB,
03F4,
070D,
0B7B,
0D99,
0B62,
0E58,
1454,
1B0C,
1E5E,
1F33,
1DD9,
1A7D,
1684,
1773,
1DD8,
2378,
266A,
24D5,
21FB,
1F17,
1EB7,
217D,
21E3,
25F9,
2B7D,
2B46,
2351,
19F8,
1969,
22AA,
2809,
25AD,
1FE7,
1A11,
165B,
1280,
1064,
11DE,
1456,
1447,
0EA8,
0781,
05AF,
08D5,
0E45,
1333,
155C,
160D,
13B7,
1098,
0F45,
15C4,
1F53,
2426,
2775,
29D4,
2835,
261B,
2726,
2899,
3062,
3941,
3DB6,
3ABE,
34DD,
306F,
30D7,
325B,
34E6,
3792,
3A3E,
3CDA,
3C36,
385A,
38A9,
3F01,
45C2,
4ACD,
4E45,
4F6F,
502C,
525E,
54C0,
5463,
50B6,
4B90,
43F5,
3814,
2C42,
2883,
291D,
2A06,
2812,
26A9,
299E,
2B3C,
2C8B,
3325,
3F28,
46D0,
48E8,
43BF,
406E,
3C7A,
35FD,
2D62,
2527,
1CEF,
16E8,
12BF,
0C52,
02E9,
FDBB,
FFED,
062E,
1047,
1DBB,
2A07,
3498,
3D60,
449F,
4D3B,
5543,
598F,
5A70,
5864,
54B1,
5356,
4FA5,
480B,
408D,
3C38,
381E,
3556,
339C,
315C,
2F77,
2E33,
2C49,
2942,
26B5,
22EA,
245C,
235D,
1F5E,
1F4D,
2069,
1F78,
2062,
1FF6,
1FC8,
271D,
2F15,
33F3,
3802,
3D07,
449F,
4BB5,
5043,
50A0,
5153,
4FA8,
4E2B,
4E0F,
4A3C,
40D6,
35AE,
2C73,
25AC,
224E,
1FD0,
1F64,
1C9B,
188B,
15E2,
134B,
143C,
19B5,
2229,
2861,
2C9D,
2FF6,
3357,
32EB,
3184,
319A,
31CF,
3280,
3218,
3491,
3870,
3B5A,
3C35,
3D35,
3C36,
3C60,
3FF9,
44F0,
4878,
44C9,
3D21,
3418,
2AE2,
228B,
20B1,
1E92,
1935,
1599,
1289,
0D3E,
08B2,
085C,
0771,
0B3D,
1219,
17D8,
1780,
17DC,
1794,
1847,
1CE3,
221B,
2239,
2196,
2398,
2470,
27F8,
2C1B,
3006,
34A0,
39C5,
3C9F,
3E19,
3E95,
3DCF,
4053,
452A,
4BF7,
4F8F,
50B5,
4D12,
47C8,
435E,
4306,
4690,
4972,
4779,
42BD,
3FDE,
3C69,
3ABF,
3AB5,
3C12,
3EA1,
3FB7,
3EC1,
3BD4,
3B12,
3B2C,
3E4C,
433F,
4775,
4583,
3FA4,
3843,
335C,
35A9,
3AD2,
3E58,
3CE5,
3959,
343D,
2D3D,
2C14,
2F2D,
3407,
3AD1,
3EEB,
3B56,
38CF,
36BE,
3514,
36CB,
396A,
3E22,
4170,
40C1,
3EA5,
3E52,
3CE8,
3CF6,
4003,
42DA,
449C,
470E,
47CD,
464A,
46A0,
46F1,
44E9,
4204,
419B,
42EE,
43AB,
4102,
3CFD,
383D,
34D2,
3480,
3721,
3AF8,
40B5,
450A,
4775,
477C,
44DE,
4038,
3ECF,
3E02,
3DD8,
3C82,
3ACB,
388C,
3504,
3366,
31D8,
31EC,
3463,
374E,
356B,
34A4,
31E6,
2C3C,
270B,
2454,
2409,
2654,
2833,
266E,
2348,
2168,
21A5,
238E,
26A5,
27EB,
26C6,
264C,
2753,
2775,
2B1C,
3065,
3171,
2E4C,
2AED,
25B3,
23A4,
282B,
3114,
39B1,
3DDD,
37EF,
28E2,
1881,
0F42,
12AE,
1C54,
25CE,
27F2,
2181,
166E,
0FF0,
102C,
1808,
22F4,
2B57,
2D53,
272D,
1B8C,
0EE7,
0685,
02AB,
051C,
1220,
215A,
2AB0,
2D86,
2A20,
2373,
1CDE,
164F,
1141,
0C8F,
0C11,
0E36,
0ECE,
0F0E,
0E4A,
0B0B,
082A,
0308,
FCE3,
FA17,
F94C,
FC9D,
FE77,
006D,
02C0,
0175,
FEA3,
FCE1,
FBEA,
FC7B,
01DB,
08A4,
09D6,
0833,
07B7,
0489,
FD34,
FD9A,
FCB7,
FF43,
0825,
0BB9,
0474,
043D,
0309,
FA6C,
F91B,
F9BE,
F3EE,
F460,
F363,
EE65,
F165,
F69C,
F499,
F556,
F4CC,
EBAD,
E95F,
E9EA,
E7EE,
E75F,
E9BD,
E760,
E8A5,
E832,
E4C1,
E3D0,
E339,
E3EC,
E92B,
EF0D,
F560,
F832,
FA5F,
FE12,
FF7D,
FBC7,
FB5A,
FBFA,
F925,
FB58,
FDB3,
004A,
FFE6,
FD24,
F716,
F462,
F002,
EE56,
EE71,
F14B,
F6CF,
F7E5,
F6D2,
F4CD,
F43F,
FC6B,
077D,
0EC9,
14E5,
1356,
0E0E,
0AAE,
032F,
FE57,
FE34,
FFC6,
00ED,
0153,
FCDA,
FB49,
F892,
F90C,
FBE7,
FE7F,
00D4,
0636,
0318,
F737,
EB11,
E50A,
E722,
EEA6,
F3EC,
F38E,
EEEB,
E72B,
DDE3,
D847,
DE4E,
EA22,
F568,
F795,
F0D7,
E8B3,
E420,
E14A,
DFBA,
E03E,
E7B2,
F12E,
F72C,
F44E,
ED71,
E3C9,
DE01,
D956,
D90E,
DA41,
DF37,
E1E7,
E203,
E156,
DB4F,
D171,
C9DA,
CA9D,
D14F,
D837,
DD0E,
E128,
DED0,
DBE3,
DF87,
EA7E,
F639,
F719,
E712,
D198,
C924,
D285,
E582,
F0D5,
EFA9,
DDB9,
C21C,
B147,
B0DD,
C0F9,
D6A1,
DD35,
CDF2,
C0EF,
BA4D,
C155,
D934,
EC46,
E6D1,
C6D8,
B578,
BDE0,
D09B,
E897,
FD6E,
EEA8,
C8EA,
B1B0,
B1B7,
BCE7,
CE00,
E040,
EA35,
E0DE,
CF94,
C0F3,
BEFD,
C10E,
CD6D,
DCFC,
E16B,
E0C9,
D5B4,
C93F,
C50D,
C93F,
CE4A,
D8E5,
E01C,
E264,
DF4E,
D8DC,
D857,
D30E,
CBDC,
C503,
C4B8,
C7BA,
CF59,
D14B,
CE29,
CB49,
CD4A,
CF2D,
D7E2,
E148,
E8E6,
EC27,
E91D,
E249,
DF02,
DDDE,
DE99,
DDB8,
DAFD,
D49E,
CC2F,
C541,
C4CC,
CD62,
DC34,
E468,
E305,
D74A,
C9CF,
C3E0,
C62E,
CD58,
D4DD,
D6E9,
D37E,
C905,
C2CA,
C54A,
CA7B,
D260,
DAEB,
DFC9,
E33D,
E8CD,
EBEA,
ED66,
EA10,
E5CC,
E409,
E7AD,
EDBC,
F0E3,
F135,
EF38,
EBB5,
E900,
E4DA,
E17D,
E15A,
E16D,
E1D0,
E66A,
E84D,
E5E0,
E088,
DCF6,
DC69,
D8B6,
D07E,
C8C7,
C302,
C441,
C774,
C8DD,
C737,
C54C,
C736,
CED2,
D7C9,
DF5C,
E370,
E977,
EF86,
F596,
FA93,
FDBC,
FBE9,
F72B,
EF51,
EB2F,
E96A,
E932,
EAEF,
E6FF,
DE6D,
D948,
D6FD,
D500,
D5F2,
DA4D,
D908,
D82E,
D5DD,
D276,
D5F1,
D824,
D80A,
D636,
D65C,
DCF0,
DE6E,
E707,
E625,
E89B,
E7C4,
E518,
E9E3,
E499,
E756,
E9E8,
E89C,
E57D,
E017,
DC83,
D3F3,
D130,
D921,
DA4F,
DDAC,
E525,
EA6D,
EB6F,
EE82,
F354,
F636,
F775,
F598,
F29C,
F492,
F6D8,
FA37,
F651,
EAA3,
DA1A,
CA40,
BE51,
B922,
B4E0,
B0BF,
AC23,
A55C,
9E5C,
9AA6,
98E1,
9B04,
A89B,
C137,
DA45,
EDB8,
F732,
F95E,
F9AD,
F857,
FAD6,
0112,
0531,
039F,
F9FE,
EADC,
D7F0,
C1A4,
AF9F,
A3F9,
9CD8,
95CC,
8F94,
8AF5,
8545,
8030,
835B,
8BF8,
95DD,
A0DE,
A7D9,
B195,
C158,
CFB4,
DBA0,
E04E,
E142,
E07B,
DD0E,
D85E,
D764,
D1DC,
CCDB,
C474,
B785,
ACB7,
A261,
98ED,
9B34,
A099,
A0B0,
9AE0,
98F0,
9BDE,
A0C7,
ABAA,
BC95,
C7E8,
CD83,
D28F,
D9A5,
DE7C,
DE10,
DD30,
E707,
F302,
F373,
E828,
DB53,
CC65,
BF09,
B3B7,
AC47,
A992,
AA05,
AD10,
B0BC,
B2B3,
B4C3,
B4FD,
B5AF,
BEB7,
C488,
D002,
DC61,
EB3A,
F698,
FD5D,
FC51,
F5E5,
EDE3,
E8B0,
E450,
DD57,
DE49,
D848,
CEEE,
C51C,
BDAC,
B9DA,
BCAA,
C9FB,
D625,
D927,
D468,
D024,
D374,
D975,
E07D,
E942,
EE84,
EFF9,
F350,
F7EE,
FC68,
074C,
1245,
1C85,
17CF,
1212,
097D,
0043,
FBFE,
FA7F,
F7BF,
F6C1,
F4AF,
EE9B,
EC49,
EE35,
F3A5,
FAEE,
FEEA,
024B,
04CB,
08BB,
0C5D,
0E89,
07A3,
FD54,
F7C2,
F637,
EED9,
E027,
D12C,
C7C4,
C636,
C9CD,
CEAC,
CE12,
CBD3,
CFC4,
DDB0,
EAAE,
F86E,
03CC,
0BB2,
1366,
1886,
1AA0,
1746,
0F78,
0BAD,
13A7,
1A90,
19DD,
108C,
0789,
03B9,
0308,
01C6,
05CA,
0C76,
117B,
1305,
14C8,
0FF6,
0AE5,
042C,
FC95,
F5C0,
F4BA,
ED88,
DECD,
CD17,
C2CD,
BB47,
BAF1,
C0FE,
C880,
C88F,
C9AD,
CF9E,
D6F6,
DEFC,
EA64,
F929,
068E,
0ED6,
12F4,
16F6,
15DE,
1138,
0AA9,
06D8,
0829,
0314,
F46D,
E66B,
DEB7,
DE75,
E3FE,
E6B8,
E9F9,
E91F,
E7D1,
E7CF,
E804,
E7BF,
E853,
E65B,
E091,
DDB7,
DBC1,
DF73,
E6A8,
F13B,
F857,
FC80,
0164,
0B89,
13E0,
16B2,
1B86,
2305,
277F,
2272,
13B1,
08F3,
038B,
FF14,
F8C1,
EF18,
E7A9,
E2C7,
DCE6,
D527,
D4BB,
D356,
CE08,
C725,
C43E,
C286,
C858,
D0D6,
D4B6,
D632,
D880,
DBB6,
E658,
EE47,
F484,
FCA0,
0482,
087E,
0D8A,
0FF7,
0DDA,
1120,
17A3,
1ECC,
2232,
22FD,
21AD,
1E78,
1A86,
1B09,
20C8,
25F5,
28AA,
2695,
2323,
1FC8,
1ECB,
20B9,
2065,
242B,
295D,
28B9,
20A8,
178A,
1705,
1FF5,
252B,
2326,
1DCB,
17F9,
1429,
106B,
0E90,
1049,
12FE,
1314,
0D69,
0622,
0463,
07CB,
0D6A,
127E,
14F2,
1605,
140A,
1130,
0FCC,
1628,
1FF6,
255C,
293E,
2BF9,
2AA5,
28CE,
29EB,
2B15,
329F,
3B65,
3FE0,
3CF5,
372B,
327D,
3254,
334A,
3577,
37AB,
39B3,
3BAE,
3A9A,
3685,
36B9,
3CE7,
4381,
4898,
4C1F,
4D35,
4DE0,
5018,
5279,
51FB,
4E3E,
4953,
4217,
3655,
2A51,
266B,
270F,
2806,
2613,
248A,
2728,
2889,
2A16,
3107,
3D6B,
456A,
47CC,
42EE,
402E,
3CF1,
372C,
2EE2,
2689,
1E2B,
182A,
141C,
0DA3,
03C8,
FDDC,
FF4B,
04DF,
0E5A,
1B27,
26A8,
30BE,
39BC,
4161,
4A32,
527A,
5710,
5871,
5756,
54A4,
53DF,
5051,
48C6,
41D7,
3E59,
3AA4,
37DD,
3639,
33FC,
31E5,
3046,
2DCC,
2A1B,
2716,
22D2,
23EF,
229D,
1E07,
1D3C,
1DAC,
1C25,
1CBC,
1C1F,
1BCC,
2337,
2B3E,
2FF0,
33B3,
3894,
407D,
4833,
4DA0,
4EEC,
505B,
4F23,
4E30,
4EB5,
4B94,
42E3,
3855,
2F82,
28E6,
2597,
230C,
226F,
1F61,
1AFF,
17D7,
1496,
14EE,
19F2,
2222,
2804,
2BE6,
2F07,
324A,
3193,
2FC2,
2F75,
2F6C,
3014,
2FAD,
31FC,
358D,
3856,
394E,
3A8D,
39BC,
3A1B,
3E2B,
43B4,
47B1,
443E,
3CB2,
33B6,
2AB9,
22C2,
2141,
1F3B,
19F2,
1653,
12EC,
0D39,
0859,
07C0,
06AD,
0A6E,
1136,
16EE,
1666,
169E,
165C,
1732,
1C1D,
21BF,
21F8,
212F,
231F,
23FF,
27B9,
2C0F,
301A,
34CF,
3A2F,
3D37,
3EC5,
3F5C,
3EB6,
416A,
466E,
4D72,
512B,
5268,
4EC5,
4979,
44FB,
448B,
47F2,
4A7F,
47FF,
42B4,
3F6D,
3B9A,
39A9,
3954,
3A69,
3CA3,
3D5D,
3C0B,
38BC,
37B7,
37CC,
3B1D,
403D,
447C,
4272,
3C86,
3534,
3073,
330A,
3899,
3CA1,
3B96,
3851,
3364,
2C7E,
2B9F,
2F06,
33FE,
3AFA,
3F41,
3B8B,
38ED,
36DD,
3531,
36FA,
399D,
3E52,
4170,
4071,
3E15,
3DA7,
3C25,
3C37,
3F6A,
4279,
446F,
4707,
47C5,
4611,
4635,
4662,
441E,
4109,
40B1,
422A,
42F3,
403A,
3C00,
36F6,
3349,
32D1,
3576,
3971,
3F52,
43B8,
462F,
4633,
438C,
3EF6,
3DC0,
3D00,
3CD1,
3B7A,
39BA,
376C,
33E2,
3266,
3106,
3155,
33FB,
36EF,
34D0,
33E8,
3125,
2B83,
2656,
239D,
233C,
2586,
2771,
25A2,
226E,
20B3,
212A,
2337,
262E,
2715,
2570,
249E,
25B3,
264A,
2AB6,
30C3,
3216,
2EA9,
2AF3,
259A,
23CB,
28E4,
3255,
3B36,
3F5F,
391C,
29A9,
193A,
103A,
13FF,
1DBE,
2739,
297C,
2342,
1845,
11C8,
118A,
1866,
2230,
29B8,
2B5D,
2585,
1A9C,
0EA5,
067C,
0245,
03F9,
1042,
1F17,
289C,
2BEA,
2901,
22DC,
1C93,
15DB,
109D,
0BD9,
0B79,
0DF3,
0F10,
0FD0,
0F44,
0C03,
0951,
046A,
FE27,
FAE4,
F97B,
FC62,
FE33,
0096,
0373,
0295,
FFFC,
FDE2,
FC5A,
FCBE,
0237,
0917,
0A58,
0855,
0736,
03C9,
FC55,
FCB3,
FC1B,
FEBD,
072B,
0A86,
0320,
02AF,
0228,
FAB7,
F9D2,
FA5C,
F43B,
F3D3,
F270,
EE0D,
F193,
F72A,
F577,
F5CB,
F4C9,
EB99,
E940,
E9F3,
E85D,
E7C8,
EA2F,
E7EA,
E920,
E8E4,
E5D0,
E4CF,
E3F3,
E457,
E902,
EE8B,
F4F3,
F811,
FAD1,
FEE4,
0051,
FC87,
FBE4,
FC59,
F9A3,
FC15,
FEB7,
0189,
0136,
FEA6,
F8AF,
F5E3,
F180,
EFB7,
EFA4,
F29E,
F862,
F962,
F81C,
F5BF,
F4B2,
FCBB,
082A,
0FEC,
1666,
14DD,
0F0D,
0B0F,
0344,
FE86,
FEDB,
00FA,
022A,
0227,
FD24,
FB31,
F86B,
F92A,
FC3C,
FEC6,
00B5,
0586,
01EA,
F5E1,
EA1B,
E491,
E6C1,
EE28,
F369,
F318,
EEA9,
E70D,
DDB1,
D7E2,
DD9F,
E910,
F450,
F6CA,
F0AA,
E94B,
E526,
E218,
E010,
E02A,
E768,
F10F,
F7D3,
F5C4,
EF67,
E5BE,
DF90,
DA50,
D9D1,
DB14,
E057,
E311,
E2DB,
E1CE,
DB66,
D10F,
C8FF,
C96A,
CFEA,
D6B3,
DB6B,
DF5E,
DCF7,
DA8E,
DF3A,
EB65,
F824,
F91B,
E7BD,
D043,
C6DC,
D123,
E655,
F3DE,
F3D8,
E125,
C3A4,
B138,
AFA0,
BF5D,
D5F7,
DE14,
D002,
C377,
BB4A,
BF88,
D58D,
E8D2,
E591,
C86F,
B921,
C0ED,
D083,
E5D6,
FA44,
EC3E,
C8E3,
B45D,
B4B3,
BEBD,
CF37,
E0AF,
E9D7,
E0A7,
D063,
C287,
C108,
C325,
CF36,
DE12,
E1B4,
E06D,
D538,
C94E,
C5D2,
CAC0,
D06D,
DB79,
E2F9,
E521,
E16B,
DA43,
D937,
D3A8,
CCC0,
C601,
C5DA,
C8EF,
D02C,
D1E3,
CEDD,
CBD8,
CDFB,
D021,
D8E9,
E268,
E9E5,
EC7E,
E8AE,
E0F5,
DD28,
DC42,
DDBA,
DDC6,
DC1D,
D66F,
CE53,
C745,
C672,
CEC0,
DD69,
E55F,
E420,
D87A,
CAE7,
C4B0,
C68A,
CD64,
D51D,
D788,
D4B6,
CA7C,
C402,
C61F,
CAE3,
D285,
DB2E,
E02C,
E392,
E8FE,
EBE6,
ED45,
E9DD,
E5B0,
E444,
E842,
EEB5,
F1E1,
F1E1,
EF88,
EBEF,
E953,
E563,
E20F,
E1ED,
E1C8,
E1D7,
E64E,
E82D,
E5CB,
E086,
DCE7,
DC6A,
D8B8,
D089,
C8F1,
C319,
C40B,
C6FE,
C826,
C690,
C4D9,
C6EE,
CE97,
D791,
DF03,
E2D2,
E866,
EE0F,
F3F3,
F90E,
FC52,
FA93,
F609,
EEB1,
EB25,
E9EF,
E9E3,
EBB5,
E7AF,
DF31,
DA2D,
D81E,
D600,
D6A2,
DA58,
D88C,
D788,
D54F,
D1A0,
D504,
D6BA,
D677,
D49B,
D518,
DB9E,
DCCB,
E4B1,
E410,
E5C1,
E902,
E72F,
EAFC,
E5C4,
E851,
EB2F,
E978,
E5EF,
DFB1,
DBD7,
D2E7,
CFA8,
D6D8,
D752,
DA47,
E1E8,
E720,
E81B,
EB85,
F0EC,
F425,
F5F6,
F49B,
F23D,
F532,
F8C9,
FD2C,
FA0C,
EEF8,
DEB1,
CE7F,
C224,
BC73,
B79B,
B2DA,
AD4B,
A4F2,
9C70,
979C,
9514,
9680,
A358,
BB45,
D3E6,
E733,
F0F6,
F3E9,
F5B5,
F62B,
FA49,
01A2,
06A5,
05FA,
FD87,
EF9E,
DD99,
C7A7,
B5C6,
AA0A,
A272,
9A94,
9391,
8DFA,
86E6,
8030,
820D,
89BC,
9304,
9D95,
A412,
AD1D,
BC81,
CB13,
D7C5,
DD52,
DF55,
DFCC,
DD71,
D967,
D94A,
D498,
D015,
C80B,
BB81,
B09F,
A5E0,
9C32,
9E6C,
A32E,
A22F,
9B8C,
9945,
9BD4,
A048,
AA9B,
BAE8,
C607,
CC3C,
D201,
D993,
DF11,
DFB8,
DF91,
E965,
F52A,
F5EA,
EB72,
DF67,
D093,
C32D,
B7DB,
AFAE,
AB88,
AAA0,
AC9F,
AF8A,
B105,
B2BC,
B297,
B2C4,
BB66,
C0E6,
CC3D,
D8CD,
E86C,
F4AE,
FC32,
FC1C,
F708,
F02D,
EB50,
E6D2,
DFDA,
E148,
DBDF,
D303,
C93B,
C1AA,
BDDC,
C094,
CD87,
D921,
DBA9,
D65A,
D12C,
D3AC,
D976,
E09E,
E966,
EE86,
EFC0,
F2BE,
F6F4,
FB24,
061E,
115B,
1C09,
17B9,
124C,
0968,
FFBB,
FB82,
FA43,
F7C7,
F71B,
F4FF,
EE4D,
EB68,
ECF6,
F227,
F95E,
FD8F,
0145,
03DB,
07F6,
0C39,
0F19,
0870,
FE54,
F926,
F809,
F104,
E23B,
D276,
C838,
C69F,
CA83,
CF2C,
CDD4,
CAFB,
CE9A,
DC3A,
E8D2,
F6B9,
02A4,
0AB2,
123F,
1796,
1A6B,
17F0,
10B3,
0CDD,
1468,
1AE9,
1A51,
117C,
0896,
0479,
03A0,
0222,
0594,
0BF7,
1107,
1272,
1468,
104F,
0BD4,
0511,
FD20,
F5FB,
F4D8,
ED70,
DE6D,
CC87,
C1F9,
B9C0,
B89B,
BDE5,
C4B6,
C42F,
C4D2,
CA5A,
D1D3,
DA99,
E6BF,
F614,
0475,
0E07,
1306,
1795,
173F,
13AD,
0E22,
0AFE,
0CA2,
07AA,
F923,
EB5E,
E3D5,
E37D,
E8B3,
EAF2,
EDBD,
EC71,
EAC1,
EA3F,
E9C3,
E8CB,
E8C9,
E63B,
DFD0,
DC46,
D985,
DC85,
E309,
ECEC,
F3A9,
F7FA,
FD5B,
07F1,
108E,
13C2,
193D,
2172,
26B9,
229A,
149D,
0A76,
0565,
0124,
FB16,
F19F,
EA16,
E4E6,
DEB7,
D694,
D5CE,
D41A,
CE7D,
C72D,
C3C4,
C173,
C709,
CF96,
D379,
D51A,
D7A3,
DAE6,
E5A1,
EDAA,
F3F1,
FC53,
04F1,
09CB,
0F79,
123D,
1047,
13D7,
1AD3,
225E,
25D6,
269F,
256C,
2272,
1E91,
1EAA,
23C3,
287F,
2AF5,
2862,
245E,
2098,
1F08,
2019,
1F02,
2267,
2739,
2625,
1DFF,
1528,
14AD,
1D48,
2254,
20A4,
1BB9,
15FC,
1224,
0E8E,
0CFB,
0EF5,
11DD,
120B,
0C53,
0501,
036B,
071E,
0CE4,
120D,
14BD,
162C,
1498,
120D,
109C,
16D2,
20DB,
26CA,
2B2C,
2E3A,
2D45,
2BC9,
2CFF,
2DE6,
3527,
3DC2,
4236,
3F5C,
39B1,
34D6,
3428,
3492,
364F,
37FB,
395D,
3ABA,
3935,
34E7,
3500,
3B01,
4171,
4690,
4A25,
4B26,
4BC4,
4E08,
506F,
4FD3,
4C06,
4755,
407D,
34E3,
28B7,
24AB,
2557,
2657,
2465,
22BE,
2500,
262B,
27FA,
2F41,
3BFF,
4457,
4705,
427D,
4058,
3DDB,
38D1,
30D2,
2850,
1FBB,
19B2,
15BD,
0F3B,
04F4,
FE50,
FF03,
03F0,
0CCD,
18EA,
2398,
2D2D,
3663,
3E72,
4775,
4FF2,
54BF,
5688,
5653,
54A3,
5474,
5117,
49A9,
4348,
409F,
3D54,
3A90,
3906,
36D1,
348E,
32A2,
2FA6,
2B53,
27D9,
2318,
23D4,
2234,
1D10,
1B8C,
1B4E,
1930,
196B,
1897,
1819,
1F8F,
279B,
2C1F,
2F96,
3454,
3C8B,
44E0,
4B29,
4D66,
4F94,
4ED7,
4E70,
4F94,
4D2C,
4544,
3B5E,
32F2,
2C7C,
2934,
269A,
25C9,
2278,
1DCF,
1A2F,
164F,
1617,
1AA7,
228C,
280D,
2B87,
2E68,
3184,
307C,
2E38,
2D7A,
2D25,
2DB5,
2D48,
2F67,
32A4,
3547,
365D,
37DD,
3741,
37D7,
3C57,
426D,
46DF,
43B8,
3C5F,
3383,
2ACA,
2334,
2204,
2015,
1AEA,
1752,
13A1,
0D94,
0870,
0796,
065E,
0A0A,
10B1,
1659,
15A9,
15C0,
1586,
167C,
1BA9,
21A9,
21FF,
2113,
22EF,
23DA,
27C1,
2C43,
3066,
352D,
3ABC,
3DF2,
3F98,
404E,
3FD2,
42B5,
47E6,
4F1B,
52F4,
5448,
50B1,
4B71,
46EB,
4664,
49A5,
4BD5,
48D0,
42FE,
3F52,
3B2A,
38F6,
3857,
391E,
3AF9,
3B54,
39A9,
35FF,
34B7,
34C4,
383B,
3D79,
41B7,
3F98,
39A7,
326F,
2DDA,
30B2,
369B,
3B20,
3A80,
378C,
32D9,
2C1A,
2B89,
2F37,
3447,
3B69,
3FDA,
3C15,
396C,
3768,
35C6,
379F,
3A44,
3EEE,
41D7,
408E,
3DFF,
3D77,
3BDC,
3BEF,
3F3A,
4273,
4494,
4749,
4807,
4628,
461A,
4622,
43A1,
405B,
400F,
41A5,
4271,
3FA9,
3B42,
35F8,
320F,
3171,
3415,
382D,
3E24,
4290,
450A,
450A,
4262,
3DEB,
3CF0,
3C40,
3C0A,
3AB3,
38E9,
368C,
3306,
31B1,
3085,
3115,
33E7,
36DE,
3486,
337A,
30B4,
2B22,
2603,
234E,
22D3,
2512,
26FD,
251E,
21DD,
2049,
20FB,
2330,
2609,
2690,
2464,
232E,
2447,
2556,
2A8F,
3168,
3306,
2F4D,
2B29,
259B,
2401,
29AE,
33B5,
3CEA,
4117,
3A80,
2AA0,
1A18,
114F,
1569,
1F51,
28E0,
2B52,
254C,
1A55,
13C2,
12FE,
18DB,
218F,
2845,
2990,
2401,
19C9,
0E82,
0695,
01FC,
02E6,
0E69,
1CD5,
2690,
2A58,
27ED,
224C,
1C47,
1562,
0FEE,
0B1E,
0AE4,
0DB9,
0F64,
10AE,
105C,
0D17,
0A88,
05CB,
FF6C,
FBC4,
F9CC,
FC48,
FE10,
00DF,
0447,
03DE,
017E,
FF03,
FCDF,
FD0C,
0298,
0993,
0AEC,
088B,
06BF,
02F3,
FB4B,
FB97,
FB4B,
FE0B,
0613,
093E,
01BD,
0110,
0120,
FAC6,
FA48,
FAC0,
F45F,
F329,
F165,
ED9B,
F1AB,
F7A3,
F64B,
F647,
F4CE,
EB8B,
E91E,
E9F0,
E8C4,
E838,
EAA9,
E878,
E98D,
E977,
E6BC,
E5B1,
E499,
E4B2,
E8CF,
EE04,
F47A,
F7DC,
FB23,
FF90,
0103,
FD30,
FC67,
FCB8,
FA22,
FCCC,
FFB3,
02BC,
0280,
0023,
FA48,
F760,
F2FA,
F115,
F0DA,
F3F4,
F9F3,
FADE,
F967,
F6B4,
F52E,
FD12,
08D9,
1112,
17E9,
1663,
1005,
0B5E,
0347,
FEA3,
FF6B,
0212,
034B,
02E1,
FD5A,
FAFC,
F81B,
F912,
FC5D,
FEED,
008C,
04CF,
00B3,
F47E,
E916,
E40A,
E656,
EDA8,
F2EB,
F2A1,
EE58,
E6D0,
DD61,
D76C,
DCE4,
E7F2,
F323,
F5E3,
F05B,
E9B8,
E5F9,
E2BA,
E049,
E004,
E708,
F0D1,
F854,
F718,
F13D,
E799,
E106,
DB33,
DA79,
DBC7,
E153,
E419,
E393,
E228,
DB64,
D091,
C806,
C814,
CE59,
D504,
D99F,
DD62,
DAE7,
D8FD,
DEA6,
EC06,
F9D1,
FAE4,
E82B,
CE9B,
C425,
CF51,
E6CB,
F6A7,
F7D9,
E461,
C4F3,
B0EE,
AE28,
BD8E,
D525,
DECB,
D1E6,
C5C8,
BC0A,
BD89,
D1CB,
E558,
E43F,
C9D3,
BC7C,
C3B3,
D02E,
E2E3,
F6F8,
E9A6,
C88B,
B6B3,
B762,
C056,
D046,
E0F8,
E948,
E03C,
D0E9,
C3C6,
C2C4,
C4FE,
D0C6,
DEEB,
E1BF,
DFD3,
D481,
C926,
C669,
CC12,
D263,
DDDD,
E5A8,
E7B3,
E365,
DB8B,
D9F0,
D418,
CD65,
C6B9,
C6AE,
C9D2,
D0B8,
D24D,
CF77,
CC55,
CE85,
D0D5,
D99B,
E32E,
EA8C,
EC86,
E7FA,
DF68,
DB14,
DA60,
DC80,
DD6D,
DCCC,
D7CC,
D008,
C8EA,
C7CA,
CFDC,
DE5D,
E61A,
E503,
D97A,
CBDE,
C575,
C6EF,
CD80,
D561,
D818,
D5CE,
CBD1,
C521,
C6DD,
CB39,
D294,
DB4F,
E060,
E3B0,
E8F4,
EBAD,
ECF2,
E97E,
E566,
E444,
E88C,
EF5A,
F28E,
F246,
EF96,
EBE7,
E960,
E5A9,
E265,
E249,
E1F6,
E1BD,
E60F,
E7E5,
E58B,
E05C,
DCB0,
DC3B,
D884,
D05E,
C8E5,
C2FD,
C3A1,
C652,
C73D,
C5BE,
C447,
C691,
CE47,
D743,
DE93,
E21D,
E738,
EC78,
F230,
F76B,
FAC8,
F914,
F4B4,
EDD6,
EAD7,
EA2A,
EA49,
EC30,
E819,
DFB7,
DAD4,
D8FF,
D6CC,
D72B,
DA44,
D803,
D6D4,
D4AF,
D0BA,
D3FD,
D533,
D4CA,
D2E4,
D3B1,
DA17,
DAF6,
E219,
E1C2,
E2AF,
EA25,
E93F,
EC04,
E6F0,
E941,
EC63,
EA49,
E663,
DF5C,
DB3C,
D1F9,
CE40,
D494,
D456,
D6D3,
DE83,
E39E,
E48F,
E844,
EE2D,
F1B1,
F40D,
F33D,
F193,
F58B,
FA71,
FFD4,
FD8A,
F32B,
E34D,
D2EA,
C637,
C006,
BA93,
B52E,
AEB8,
A4DF,
9AE3,
94F3,
91A2,
923C,
9E2E,
B536,
CD3D,
E043,
EA43,
EE00,
F149,
F37E,
F921,
0181,
0764,
07AC,
0085,
F3F9,
E2FF,
CD8B,
BBE3,
B013,
A805,
9F5C,
979E,
9125,
88C4,
807D,
810C,
87B8,
904F,
9A5B,
A049,
A894,
B783,
C63C,
D39E,
D9FC,
DD00,
DEA5,
DD50,
D9F2,
DAB5,
D6E1,
D2DA,
CB3B,
BF35,
B457,
A93A,
9F59,
A181,
A59F,
A396,
9C33,
99A0,
9BD2,
9FC9,
A97B,
B918,
C3FF,
CAC2,
D130,
D937,
DF61,
E11E,
E1B3,
EB85,
F70F,
F81D,
EE80,
E348,
D4A1,
C73A,
BBEC,
B306,
AD7A,
AB41,
AC34,
AE51,
AF43,
B093,
B00A,
AFBB,
B7F6,
BD2F,
C859,
D512,
E562,
F275,
FAAC,
FB8D,
F7D5,
F22A,
EDA7,
E90C,
E21C,
E402,
DF46,
D6FE,
CD55,
C5B0,
C1E8,
C485,
D10C,
DC14,
DE2D,
D863,
D25A,
D405,
D988,
E0C1,
E97F,
EE7B,
EF80,
F220,
F5E8,
F9D5,
04E2,
1055,
1B54,
176F,
124E,
0922,
FF0F,
FAE6,
F9DE,
F7A0,
F741,
F516,
EDCE,
EA5C,
EB93,
F082,
F79F,
FC09,
001B,
02DC,
073B,
0C30,
0FC1,
095A,
FF76,
FAAC,
F9F9,
F351,
E47C,
D3F5,
C8D8,
C723,
CB49,
CFB3,
CDA0,
CA38,
CD8A,
DAD7,
E70F,
F514,
017F,
09A8,
1109,
169C,
1A29,
1882,
11C8,
0DDE,
14EE,
1B09,
1A8B,
1228,
0957,
04F2,
03F6,
023E,
051A,
0B34,
1052,
11AD,
13E8,
10A0,
0CC3,
05F9,
FDAE,
F641,
F508,
ED82,
DE54,
CC56,
C17F,
B887,
B67B,
BAEC,
C105,
BFF8,
C02C,
C54A,
CCD7,
D64A,
E318,
F2EE,
023F,
0D13,
12ED,
1808,
187A,
15F5,
115F,
0EE1,
10D4,
0C01,
FDAC,
F039,
E8E7,
E87F,
ED6B,
EF46,
F1A7,
EFF4,
EDE5,
ECDF,
EBB0,
EA04,
E967,
E643,
DF39,
DAF1,
D752,
D989,
DF49,
E868,
EEB9,
F326,
F8F9,
03FF,
0CE8,
107F,
1698,
1F76,
258A,
2266,
1544,
0BC2,
0714,
0312,
FD4A,
F412,
EC81,
E714,
E0AD,
D839,
D715,
D518,
CF3C,
C78F,
C3A5,
C0BE,
C60F,
CE9C,
D275,
D427,
D6E4,
DA3C,
E506,
ED20,
F365,
FBFB,
0541,
0AF4,
1144,
1465,
12A1,
1675,
1DD9,
25B1,
2935,
2A03,
2902,
2658,
2295,
2245,
26B3,
2B00,
2D32,
2A25,
2596,
2173,
1F5B,
1F8A,
1DA8,
2099,
24F9,
2371,
1B45,
12C0,
1252,
1A8E,
1F6D,
1E13,
199F,
140D,
1041,
0CE0,
0B9A,
0DD6,
10EB,
1121,
0B5F,
041B,
02C6,
06CA,
0CAE,
11D7,
14B2,
1677,
1556,
1326,
11AC,
17B6,
21EF,
285B,
2D26,
307E,
2FFB,
2EF1,
3047,
30F1,
37DB,
4033,
4492,
41C9,
3C4A,
3756,
3635,
3614,
374F,
3861,
391C,
39D9,
37E0,
335D,
335B,
3927,
3F66,
448A,
4827,
4912,
49A5,
4BFB,
4E6B,
4DB5,
49DB,
4569,
3EFD,
339B,
2758,
232B,
23DB,
24DD,
22EC,
2128,
230D,
2404,
2618,
2DAF,
3ABA,
436A,
4666,
4243,
40C3,
3F12,
3AC7,
3314,
2A64,
218D,
1B72,
1797,
1114,
066B,
FF18,
FF13,
0359,
0B93,
16F3,
20BD,
29C5,
332D,
3BA5,
44D0,
4D73,
5263,
547F,
5523,
5477,
54E0,
51C2,
4A83,
44B8,
42E3,
400B,
3D4E,
3BE0,
39B9,
3751,
3528,
31B8,
2CD0,
28E5,
23A8,
23F5,
220D,
1C6A,
1A2C,
193E,
1688,
165F,
154D,
149F,
1C0E,
2412,
2860,
2B88,
3020,
38A0,
418F,
48AC,
4BDC,
4ECD,
4E93,
4EBB,
507B,
4ED7,
47D0,
3EA4,
36A6,
3054,
2D0C,
2A63,
295A,
25CB,
20E7,
1CDA,
1867,
17A6,
1BC4,
2350,
2862,
2B67,
2DFB,
30E5,
2F87,
2CCA,
2B8D,
2ADD,
2B44,
2AC8,
2CB2,
2F93,
3208,
333B,
34FE,
349E,
356D,
3A53,
40EC,
45D3,
430B,
3C01,
335F,
2AF8,
23CC,
22E4,
210D,
1C0D,
188A,
149E,
0E4C,
08F3,
07DB,
067E,
0A0B,
1081,
160C,
153C,
1538,
1508,
161A,
1B7B,
21C8,
223A,
212F,
22F5,
23EB,
27F7,
2C9D,
30CD,
3596,
3B49,
3EAA,
406C,
4145,
40F9,
440A,
4963,
50C0,
54B5,
5621,
52A4,
4D81,
4901,
4866,
4B77,
4D45,
49C1,
4373,
3F68,
3AF3,
3883,
3799,
380A,
397D,
3975,
3774,
337A,
31F0,
31F1,
357E,
3AC9,
3EF7,
3CC9,
36E2,
2FD2,
2B70,
2E80,
34B5,
39AD,
397E,
36E4,
3278,
2BF4,
2BB3,
2FA2,
34BE,
3BF8,
408E,
3CCB,
3A26,
383C,
36AE,
3897,
3B3A,
3FCE,
427B,
40F1,
3E3B,
3D9A,
3BE9,
3BF9,
3F4D,
42A1,
44E2,
47A9,
4863,
4662,
4622,
4603,
4347,
3FD2,
3F8C,
4132,
41F6,
3F25,
3A9A,
351D,
3101,
303E,
32D9,
3703,
3CFF,
4165,
43D9,
43D4,
4135,
3CEF,
3C35,
3B9A,
3B5E,
3A07,
3835,
35CB,
3251,
3128,
3037,
310B,
3405,
36F8,
346E,
333D,
3076,
2B00,
25FB,
2351,
22BA,
24E2,
26BE,
24CB,
2180,
2015,
2103,
2360,
261E,
2644,
238D,
21E7,
22F7,
247F,
2A8A,
3233,
3422,
3019,
2B75,
259F,
242F,
2A71,
3515,
3EA9,
42E0,
3BF6,
2BAD,
1B0E,
1277,
16E1,
20FB,
2AAE,
2D58,
2788,
1C90,
15D3,
147D,
1959,
20FD,
26E3,
27D3,
228A,
1903,
0E76,
06CB,
01CE,
01E3,
0C8A,
1A82,
2473,
28B5,
26CB,
21AF,
1BEB,
14D6,
0F2C,
0A5A,
0A50,
0D83,
0FC3,
119D,
1186,
0E3F,
0BC8,
072C,
00B5,
FCB9,
FA41,
FC4E,
FE0C,
0145,
0539,
0550,
032C,
0049,
FD7E,
FD65,
02FA,
0A12,
0B8B,
08D1,
064E,
0206,
FA1B,
FA48,
FA48,
FD2B,
04D8,
07D7,
0049,
FF5D,
FFEC,
FA99,
FA7D,
FAEB,
F45E,
F26A,
F04A,
ED1C,
F1B4,
F80C,
F71D,
F6CE,
F4E1,
EB8F,
E909,
E9F3,
E931,
E8BE,
EB3D,
E91B,
EA00,
E9FE,
E79A,
E68D,
E540,
E510,
E8A2,
ED82,
F400,
F79D,
FB5C,
0018,
0190,
FDC4,
FCE4,
FD1C,
FAAC,
FD84,
00A7,
03E4,
03C2,
019F,
FBE7,
F8E3,
F47F,
F280,
F21F,
F555,
FB85,
FC5E,
FAB9,
F7B5,
F5BF,
FD75,
0988,
1233,
1960,
17DD,
10EF,
0B97,
0338,
FEB0,
FFE7,
030C,
044B,
037D,
FD79,
FAAA,
F7A6,
F8C5,
FC4D,
FEF4,
0059,
040E,
FF72,
F314,
E80F,
E386,
E5F2,
ED33,
F27A,
F233,
EE02,
E688,
DD0B,
D6FF,
DC37,
E6D9,
F1EA,
F4E8,
EFF5,
EA06,
E6A8,
E342,
E078,
DFDF,
E6A1,
F07D,
F8B3,
F84C,
F2FB,
E96B,
E276,
DC19,
DB1F,
DC71,
E23C,
E50F,
E43A,
E272,
DB5D,
D015,
C710,
C6BC,
CCBA,
D342,
D7BF,
DB46,
D8B8,
D746,
DDE1,
EC70,
FB48,
FC79,
E869,
CCBB,
C122,
CD2B,
E6F1,
F939,
FBB5,
E781,
C630,
B097,
ACA5,
BBAF,
D444,
DF6D,
D3BB,
C808,
BCBA,
BB80,
CE07,
E1E4,
E2EA,
CB27,
BFB8,
C65F,
CFBD,
DFD0,
F390,
E6EF,
C808,
B8E5,
B9F8,
C1DB,
D14A,
E131,
E89B,
DFB4,
D145,
C4D8,
C456,
C6BD,
D23B,
DF9B,
E1A1,
DF0F,
D3AB,
C8EA,
C6F5,
CD57,
D44B,
E02C,
E83C,
EA2F,
E552,
DCCC,
DA9C,
D479,
CDEB,
C74E,
C757,
CA83,
D11B,
D2A7,
D016,
CCE1,
CF09,
D168,
DA13,
E3AC,
EAE8,
EC4C,
E712,
DDB9,
D8DF,
D84E,
DB01,
DCC2,
DD21,
D8D0,
D16F,
CA54,
C8F9,
D0D8,
DF26,
E6AB,
E5BF,
DA64,
CCD8,
C655,
C783,
CDCF,
D5C6,
D8B6,
D6E2,
CD2A,
C64E,
C7AC,
CB9F,
D2AD,
DB68,
E07C,
E3AA,
E8BD,
EB4A,
EC78,
E8FE,
E4FC,
E419,
E897,
EFB3,
F2EF,
F267,
EF6A,
EBA7,
E934,
E5BB,
E28F,
E281,
E209,
E193,
E5BE,
E786,
E532,
E01E,
DC68,
DBF1,
D831,
D01B,
C8C6,
C2D6,
C32A,
C597,
C644,
C4E5,
C3B7,
C640,
CE03,
D6FA,
DE21,
E160,
E5F8,
EACC,
F054,
F5AC,
F91D,
F770,
F331,
ECCD,
EA50,
EA25,
EA70,
EC6B,
E84D,
E014,
DB52,
D9B9,
D77D,
D7A6,
DA28,
D784,
D62A,
D415,
CFDE,
D2F4,
D3A9,
D31B,
D12C,
D240,
D870,
D901,
DF4E,
DF4A,
DF73,
EB2C,
EB4A,
ECFC,
E820,
EA27,
ED83,
EB0F,
E6DA,
DF1B,
DAB9,
D133,
CD03,
D261,
D164,
D35A,
DAFF,
DFEC,
E0D1,
E4C1,
EB18,
EEDB,
F1BB,
F17E,
F09B,
F599,
FBCB,
022B,
00C6,
F73A,
E7F0,
D785,
CA93,
C3E4,
BDD3,
B7CA,
B079,
A534,
99C9,
92C2,
8E9F,
8E4F,
9931,
AF1B,
C656,
D8F1,
E31E,
E7A9,
EC6D,
F050,
F75C,
00AB,
0767,
08AF,
02F5,
F7EC,
E81F,
D353,
C1FC,
B61D,
AD98,
A430,
9BC9,
9484,
8AF0,
812E,
806C,
8602,
8DD2,
9743,
9C95,
A40C,
B270,
C13D,
CF38,
D657,
DA4D,
DD10,
DCB5,
DA09,
DBAF,
D8BF,
D532,
CE0C,
C2AC,
B7E8,
AC7A,
A273,
A481,
A7FD,
A4F4,
9CE5,
9A11,
9BE9,
9F5B,
A858,
B733,
C1DB,
C91F,
D025,
D899,
DF71,
E248,
E39F,
ED6D,
F8B7,
FA0F,
F158,
E6FE,
D896,
CB3B,
BFF6,
B660,
AF78,
ABF8,
ABDF,
AD23,
AD7C,
AE54,
AD62,
ACA2,
B474,
B96E,
C461,
D138,
E221,
EFEF,
F8CA,
FAA1,
F84D,
F3DC,
EFBB,
EB04,
E425,
E67C,
E281,
DAE4,
D171,
C9C8,
C60A,
C888,
D492,
DF03,
E0B8,
DA89,
D3B9,
D487,
D9B4,
E0EE,
E995,
EE6A,
EF3F,
F17C,
F4D0,
F881,
039A,
0F35,
1A66,
16F4,
121B,
08AC,
FE46,
FA2E,
F950,
F74C,
F733,
F4F5,
ED1E,
E927,
EA0D,
EEB5,
F5AF,
FA53,
FEC8,
01C8,
0684,
0C3A,
107C,
0A5D,
00BA,
FC57,
FC09,
F5C4,
E6F0,
D5B1,
C9B1,
C7CD,
CC2A,
D04E,
CD83,
C992,
CC9D,
D98D,
E566,
F381,
005A,
0893,
0FC1,
1594,
19D7,
18F6,
12B4,
0EAD,
1535,
1AEB,
1A85,
128C,
09CB,
0521,
0407,
0216,
0458,
0A26,
0F54,
10B0,
1342,
10E3,
0DAE,
06E1,
FE3E,
F695,
F54B,
EDC0,
DE89,
CC8C,
C168,
B7AC,
B4A2,
B823,
BD7D,
BBFB,
BBCA,
C07A,
C810,
D21B,
DF79,
EFBC,
FFF1,
0BF9,
12A9,
184A,
1989,
180C,
145C,
127B,
14BB,
1013,
0204,
F4F9,
EDE9,
ED76,
F222,
F3B0,
F5B3,
F3A7,
F13B,
EFB1,
EDD2,
EB70,
EA33,
E678,
DED4,
D9C1,
D534,
D68A,
DB76,
E3BA,
E990,
EE0B,
F443,
FFB5,
08EC,
0CEA,
1393,
1D0C,
23EA,
21D0,
15A2,
0CD3,
0895,
04DB,
FF5D,
F672,
EEEA,
E954,
E2C9,
DA1C,
D895,
D656,
D04F,
C855,
C3EB,
C071,
C574,
CDF4,
D1B3,
D365,
D64D,
D9C3,
E490,
ECAF,
F2E6,
FB9D,
0574,
0BF9,
12E9,
166A,
14E6,
18F6,
20AD,
28C0,
2C49,
2D23,
2C65,
2A1F,
2688,
25D0,
2990,
2D6F,
2F5C,
2BD7,
26C6,
2255,
1FC0,
1F07,
1C53,
1EBE,
229A,
209B,
1876,
1053,
0FF1,
17C3,
1C70,
1B6D,
177B,
1229,
0E7C,
0B5F,
0A6E,
0CEE,
1027,
1058,
0A8F,
0372,
0273,
06D1,
0CC7,
11DD,
14CF,
16E3,
1641,
1478,
12FB,
18D0,
232C,
2A07,
2F25,
32BC,
32BD,
323A,
33B6,
3429,
3AAD,
42AB,
46E5,
4430,
3EE7,
39F1,
386E,
37C6,
386C,
38D5,
38E7,
3905,
3695,
31DF,
31C0,
3750,
3D59,
427B,
461A,
46EB,
4775,
49E1,
4C5F,
4B95,
47B2,
4384,
3D8F,
3277,
2630,
21E5,
2293,
2392,
21A2,
1FC4,
2147,
220D,
2468,
2C47,
398F,
4295,
45E3,
4234,
4164,
4089,
3D02,
359E,
2CBD,
239B,
1D66,
19A6,
132A,
082C,
0032,
FF7A,
0319,
0AAA,
153C,
1E12,
2681,
3010,
38ED,
4234,
4AEF,
4FEE,
5245,
53B6,
5411,
5512,
5241,
4B47,
4617,
4518,
42BB,
400A,
3EBB,
3CA6,
3A22,
37CB,
33F7,
2E88,
2A33,
247A,
244C,
2225,
1C10,
191B,
177B,
1430,
1399,
1241,
115C,
18B1,
209F,
24B1,
2787,
2BF4,
34B4,
3E36,
461D,
4A40,
4DF7,
4E4A,
4F06,
515F,
5086,
4A7A,
421A,
3A90,
3462,
3114,
2E5A,
2D17,
2950,
243D,
1FCE,
1AD5,
1997,
1D41,
2468,
28FC,
2B7E,
2DB9,
3063,
2EAC,
2B71,
29A6,
288D,
28BA,
2827,
29D6,
2C54,
2E92,
2FE0,
31E3,
31C6,
32CF,
3812,
3F24,
447D,
422B,
3B8E,
3340,
2B3D,
2483,
23DC,
221D,
1D56,
19F5,
15E2,
0F5E,
09E2,
0890,
0710,
0A72,
10A5,
1607,
1522,
1507,
14E2,
160D,
1B91,
2218,
22A7,
2180,
232E,
2430,
2858,
2D14,
3145,
3603,
3BCA,
3F55,
4135,
4235,
421F,
455B,
4AD5,
524F,
565D,
57E4,
548F,
4F9A,
4B2E,
4A81,
4D5A,
4EBF,
4AC2,
4407,
3FA4,
3AEB,
3844,
370F,
3724,
3826,
37B9,
3566,
3125,
2F5B,
2F4B,
32DF,
3822,
3C34,
39FD,
342E,
2D56,
2931,
2C6F,
32E0,
383F,
3886,
3650,
3237,
2C03,
2C16,
303E,
355D,
3C9C,
4150,
3DA3,
3B0F,
394D,
37DF,
39D6,
3C73,
40E6,
4351,
418E,
3EBE,
3E07,
3C41,
3C4C,
3F9A,
42F7,
454C,
4818,
48CC,
46B1,
4640,
45F8,
4306,
3F64,
3F1B,
40C5,
4177,
3E9E,
39FB,
3458,
3015,
2F2E,
31B8,
35E7,
3BD6,
4027,
428D,
4282,
3FF8,
3BF4,
3B83,
3B02,
3AC0,
396B,
3794,
3522,
31BD,
30C5,
3015,
312E,
344C,
3733,
3482,
332F,
306A,
2B18,
2638,
239E,
22EA,
24F0,
26B2,
24A8,
2154,
2012,
213B,
23C1,
2664,
262B,
22E6,
20C4,
21BE,
23BF,
2A9D,
3317,
355C,
3104,
2BCF,
259E,
244E,
2B23,
366C,
4067,
44AC,
3D74,
2CC9,
1C18,
13B3,
1866,
22B9,
2C99,
2F87,
29F0,
1EF1,
17F9,
1605,
19DD,
2075,
258D,
2621,
211C,
1848,
0E7D,
071D,
01B9,
00EE,
0AA5,
181C,
2240,
26FD,
2595,
2101,
1B7B,
1435,
0E56,
098E,
09BD,
0D4F,
102A,
129A,
12BF,
0F78,
0D12,
088E,
0206,
FDC6,
FADB,
FC72,
FE25,
01C6,
0647,
06EA,
0509,
01B6,
FE38,
FDC8,
0359,
0A8D,
0C31,
0928,
05E3,
0103,
F8C6,
F8C7,
F913,
FC1D,
0376,
0650,
FEC2,
FD90,
FE87,
FA2D,
FA70,
FADB,
F438,
F196,
EF23,
EC93,
F1B2,
F868,
F7EC,
F763,
F506,
EBAA,
E905,
E9FE,
E9A8,
E960,
EBED,
E9DB,
EA7F,
EA82,
E874,
E76A,
E5EF,
E577,
E87D,
ED0B,
F389,
F757,
FB80,
007D,
01F7,
FE41,
FD5B,
FD86,
FB41,
FE3E,
0199,
0500,
04FC,
0317,
FD8E,
FA6F,
F613,
F3FC,
F374,
F6C1,
FD18,
FDE2,
FC15,
F8C8,
F669,
FDE9,
0A36,
134D,
1AC7,
1947,
11CA,
0BBA,
0318,
FEAD,
004C,
03E7,
0529,
03F8,
FD81,
FA3A,
F70B,
F847,
FC0B,
FEDC,
001B,
0341,
FE23,
F1A4,
E70A,
E309,
E59C,
ECCF,
F21C,
F1D3,
EDAE,
E639,
DCB5,
D6A5,
DB9F,
E5CC,
F0AA,
F3DD,
EF7B,
EA3B,
E738,
E3B4,
E0A1,
DFC1,
E636,
F016,
F8F0,
F960,
F4A1,
EB33,
E3E5,
DD05,
DBC7,
DD17,
E314,
E5F3,
E4D2,
E2AF,
DB56,
CFA2,
C62A,
C56E,
CB16,
D174,
D5D2,
D913,
D670,
D573,
DCF3,
ECAA,
FC8B,
FDDD,
E87B,
CAAB,
BDD9,
CAB6,
E6CC,
FB95,
FF6E,
EA8B,
C763,
B03F,
AB21,
B9C9,
D358,
DFFF,
D586,
CA40,
BD67,
B97B,
CA49,
DE7A,
E195,
CC76,
C2E3,
C8FD,
CF3B,
DCA7,
F012,
E420,
C765,
BB00,
BC7F,
C356,
D24E,
E162,
E7D6,
DF16,
D181,
C5C6,
C5C5,
C86A,
D399,
E027,
E15F,
DE29,
D2BE,
C8A2,
C77E,
CE96,
D62C,
E26A,
EAB9,
EC95,
E734,
DE0B,
DB41,
D4D3,
CE5C,
C7C9,
C7DD,
CB0B,
D15C,
D2F8,
D0C3,
CD87,
CF93,
D1E4,
DA58,
E3E9,
EB01,
EBD5,
E5FD,
DBF0,
D692,
D615,
D944,
DBCB,
DD22,
D982,
D291,
CB8D,
CA09,
D1BA,
DFCB,
E714,
E659,
DB3E,
CDDF,
C75D,
C851,
CE5A,
D657,
D968,
D7FB,
CE8F,
C796,
C897,
CC24,
D2DC,
DB83,
E086,
E387,
E85E,
EABE,
EBD9,
E85F,
E474,
E3C5,
E864,
EFBE,
F302,
F243,
EF01,
EB2D,
E8CE,
E59B,
E293,
E29A,
E207,
E160,
E560,
E712,
E4C5,
DFD3,
DC14,
DB92,
D7C6,
CFCA,
C8A0,
C2B1,
C2B4,
C4D9,
C547,
C40D,
C333,
C605,
CDD1,
D6BC,
DDB0,
E0A0,
E4A9,
E90D,
EE61,
F3D2,
F751,
F5A5,
F181,
EB95,
E994,
E9E3,
EA5A,
EC65,
E84A,
E04C,
DBAE,
DA50,
D815,
D815,
DA08,
D714,
D591,
D389,
CF15,
D1F1,
D223,
D172,
CF77,
D0CA,
D6AD,
D6F3,
DC54,
DCAA,
DC10,
EC18,
ED50,
EDE7,
E957,
EB05,
EE91,
EBCC,
E759,
DEF7,
DA59,
D0A2,
CC02,
D04E,
CE8F,
CFED,
D768,
DC16,
DCEA,
E105,
E7B3,
EBA9,
EF02,
EF5E,
EF56,
F559,
FCD1,
042A,
03BB,
FB20,
EC99,
DC55,
CF40,
C819,
C16D,
BAC1,
B2A7,
A60F,
9945,
912D,
8C32,
8AE0,
9485,
A910,
BF46,
D14C,
DB96,
E0F1,
E729,
ECA8,
F4FC,
FF20,
06AA,
08FB,
04CE,
FB71,
ECF9,
D902,
C817,
BC30,
B33C,
A923,
A027,
9831,
8D88,
8265,
8053,
84BE,
8BB2,
9472,
9918,
9FA7,
AD62,
BC2D,
CAA5,
D272,
D74E,
DB1D,
DBB0,
D9BB,
DC44,
DA3D,
D728,
D08A,
C5F3,
BB66,
AFB8,
A599,
A787,
AA5F,
A665,
9DBC,
9AB3,
9C33,
9F18,
A74E,
B550,
BFAF,
C763,
CEEC,
D7C3,
DF4C,
E33D,
E55C,
EF23,
FA26,
FBC4,
F3FC,
EA8E,
DC7F,
CF3F,
C40C,
B9D2,
B19C,
ACE0,
ABBA,
AC16,
ABC6,
AC15,
AAB5,
A991,
B0F7,
B5BB,
C06A,
CD52,
DEB5,
ED22,
F68F,
F95A,
F872,
F547,
F190,
ECBF,
E5FC,
E8BB,
E597,
DEBC,
D59B,
CDFF,
CA4F,
CCA9,
D823,
E1F5,
E354,
DCD9,
D555,
D53F,
DA03,
E12F,
E9B0,
EE5C,
EF06,
F0D9,
F3B0,
F72C,
024B,
0DFA,
193D,
1646,
11B1,
0808,
FD63,
F95D,
F89C,
F6CD,
F6F3,
F49E,
EC42,
E7CF,
E869,
ECC2,
F38D,
F86A,
FD46,
009A,
05C9,
0C4E,
1142,
0B77,
0221,
FE25,
FE39,
F85D,
E99E,
D7B7,
CAD2,
C8B1,
CD39,
D10E,
CD8E,
C91D,
CBE0,
D866,
E3DF,
F202,
FF37,
0770,
0E65,
147A,
196C,
1945,
1372,
0F46,
1538,
1A8B,
1A38,
12A3,
09EC,
0501,
03CC,
01A7,
034A,
08C9,
0E07,
0F73,
126B,
110F,
0E8D,
07C2,
FECF,
F6F8,
F5A5,
EE30,
DF15,
CD38,
C1C8,
B745,
B32A,
B5A5,
BA38,
B854,
B7C7,
BC05,
C396,
CE1F,
DBF0,
EC88,
FD8A,
0AB5,
1233,
1855,
1A63,
19E5,
170C,
15C3,
184C,
13D5,
0626,
F999,
F2D5,
F25E,
F6D2,
F82A,
F9DC,
F785,
F4C2,
F2B6,
F02B,
ED16,
EB34,
E6E3,
DEAD,
D8C5,
D33E,
D39C,
D7A3,
DEF6,
E43F,
E8B4,
EF43,
FB15,
049B,
0901,
102B,
1A2F,
21D1,
20CC,
15AE,
0DA3,
09E4,
067B,
014A,
F8C0,
F154,
EBA7,
E511,
DC42,
DA58,
D7DF,
D1C2,
C990,
C4A8,
C0A1,
C54A,
CDAE,
D146,
D2E4,
D5EC,
D989,
E44B,
EC62,
F27E,
FB3F,
058C,
0CD8,
1463,
1847,
170D,
1B4E,
2345,
2B7B,
2F03,
2FED,
2F83,
2DB5,
2A5A,
293D,
2C4B,
2FBD,
3161,
2D69,
27E0,
2332,
202E,
1E89,
1AFF,
1CD0,
2016,
1DA0,
1592,
0DDE,
0D88,
14E1,
195A,
18AF,
1547,
104F,
0CD6,
0A0A,
0976,
0C3A,
0F8F,
0FAD,
09E2,
0306,
0275,
0730,
0D2E,
121B,
1512,
176C,
1754,
15FD,
1482,
1A1A,
2489,
2BC3,
311B,
34E4,
3579,
3590,
3736,
3779,
3D88,
4514,
4916,
4678,
4172,
3C91,
3AC0,
3996,
3997,
3947,
38B0,
382E,
3545,
3060,
3023,
356C,
3B39,
4054,
43EB,
44A1,
4523,
47A7,
4A38,
495E,
457A,
4198,
3C25,
316B,
2534,
20D0,
2178,
226A,
207C,
1E86,
1FA5,
203D,
22DD,
2AFA,
386D,
41C6,
4568,
423D,
4227,
422B,
3F6C,
385C,
2F4B,
25D9,
1F83,
1BE2,
1578,
0A33,
01A0,
0035,
032F,
0A10,
13C1,
1B92,
2358,
2D01,
3638,
3F8D,
484D,
4D4A,
4FC5,
51F5,
5356,
54EE,
5279,
4BDA,
474D,
4726,
4550,
42AE,
4180,
3F81,
3CE9,
3A76,
3651,
306C,
2BB5,
2585,
24D3,
2275,
1C01,
1856,
1606,
1225,
1117,
0F73,
0E52,
1579,
1D40,
210B,
238B,
27C8,
30BD,
3AC6,
436B,
487F,
4CFE,
4DE7,
4F3B,
5227,
5223,
4D28,
45A8,
3E9A,
3893,
3538,
326D,
30ED,
2CF4,
27C1,
22FC,
1D8D,
1BDC,
1F14,
25C6,
29CF,
2BC0,
2D97,
2FF3,
2DDE,
2A20,
27BE,
262E,
260E,
255C,
26C7,
28DC,
2ADB,
2C3E,
2E7F,
2EAA,
2FF0,
3584,
3D02,
42C9,
4103,
3AF3,
3318,
2B8D,
254E,
24DF,
233B,
1EBC,
1B8D,
1765,
10CA,
0B3D,
09B4,
0811,
0B3E,
111C,
1647,
1557,
152C,
1513,
1653,
1BE8,
2293,
233E,
2202,
2394,
24A2,
28D9,
2D9C,
31BF,
3662,
3C30,
3FE0,
41E0,
4309,
432E,
468F,
4C22,
53AA,
57CF,
5972,
5655,
519F,
4D57,
4C9A,
4F31,
5029,
4BBE,
44A7,
3FF4,
3B03,
382C,
36AC,
365E,
36E7,
3610,
3371,
2EF8,
2CEF,
2CC8,
3050,
3576,
395D,
3727,
3181,
2AF4,
2714,
2A75,
3110,
36C8,
3787,
35BE,
3208,
2C3B,
2CA5,
30FD,
3613,
3D45,
420B,
3E86,
3C14,
3A85,
3944,
3B48,
3DDB,
4220,
4443,
4253,
3F74,
3EA9,
3CD4,
3CD9,
4011,
4365,
45BF,
4882,
492B,
4700,
465F,
45ED,
42CA,
3F00,
3EAD,
404A,
40DE,
3E01,
3951,
3399,
2F3D,
2E34,
30A3,
34CA,
3A95,
3EC2,
4112,
4102,
3E9A,
3AEB,
3AC7,
3A68,
3A21,
38D0,
36F8,
3483,
313F,
307C,
3012,
3170,
34AB,
3781,
34B7,
3346,
3085,
2B61,
26B0,
242C,
235C,
2534,
26CF,
24AC,
2152,
2039,
2199,
2446,
26D1,
263C,
2268,
1FC0,
2094,
230C,
2ABA,
3403,
36A0,
31FE,
2C27,
258F,
2455,
2BB8,
37A7,
4211,
4667,
3EE7,
2DE6,
1D2D,
14FC,
19F0,
2481,
2E96,
31CF,
2C75,
216D,
1A2A,
178E,
1A5E,
1FEE,
243C,
2471,
1FB1,
1792,
0E94,
0789,
01BF,
000B,
08BB,
15A0,
1FF2,
2527,
2444,
2039,
1AEF,
137C,
0D69,
08BA,
092D,
0D1D,
1094,
139C,
13FD,
10B9,
0E60,
09EE,
035E,
FEED,
FB9A,
FCB2,
FE57,
025F,
076D,
08AA,
0711,
034B,
FF0D,
FE34,
03B2,
0B01,
0CDB,
098C,
057E,
FFEE,
F74F,
F715,
F7AD,
FAE2,
01EF,
04A5,
FD25,
FBAC,
FCF1,
F980,
FA1F,
FA8F,
F3F0,
F0B3,
EDF8,
EC07,
F1A8,
F8B8,
F8BA,
F806,
F540,
EBE3,
E91B,
EA1B,
EA32,
EA25,
ECC3,
EABE,
EB16,
EB0F,
E954,
E854,
E6B1,
E5EE,
E869,
ECA8,
F31C,
F711,
FB90,
00BE,
0236,
FEA6,
FDCC,
FDF7,
FBE6,
FEFD,
0285,
060F,
062C,
048B,
FF3E,
FC08,
F7BB,
F58D,
F4DE,
F838,
FEA7,
FF68,
FD7D,
F9EF,
F734,
FE71,
0AE2,
1458,
1C15,
1A9A,
1291,
0BC4,
02E7,
FE9D,
009D,
04A0,
05E0,
044C,
FD6F,
F9AC,
F64C,
F798,
FB98,
FEA5,
FFD3,
0266,
FCC9,
F033,
E60F,
E29E,
E55D,
EC82,
F1D6,
F186,
ED63,
E5EE,
DC6D,
D66D,
DB2B,
E4D7,
EF6B,
F2C9,
EEF4,
EA5B,
E7B0,
E418,
E0CD,
DFB3,
E5D1,
EFA0,
F90A,
FA51,
F62B,
ECF4,
E557,
DE02,
DC7A,
DDBE,
E3DE,
E6C8,
E55C,
E2E5,
DB58,
CF46,
C564,
C43D,
C97E,
CFA9,
D3E4,
D6D4,
D41E,
D391,
DBE7,
ECB9,
FD9B,
FF0D,
E868,
C87A,
BA60,
C804,
E661,
FDB9,
0300,
ED82,
C89C,
AFFB,
A9B2,
B7EF,
D26C,
E085,
D752,
CC7E,
BE23,
B790,
C6A4,
DB27,
E048,
CDCD,
C60C,
CB9C,
CEBA,
D978,
EC86,
E145,
C6B5,
BD19,
BF0C,
C4D9,
D35D,
E195,
E703,
DE70,
D1AB,
C69E,
C71F,
CA0F,
D4EC,
E097,
E104,
DD2D,
D1C9,
C85D,
C814,
CFDB,
D810,
E49E,
ED22,
EEEB,
E913,
DF53,
DBE9,
D531,
CEC4,
C838,
C84D,
CB75,
D187,
D34D,
D18D,
CE56,
D030,
D257,
DA76,
E3ED,
EADB,
EB29,
E4C6,
DA1D,
D43D,
D3C5,
D756,
DA95,
DCD7,
D9EB,
D37A,
CCA6,
CB0C,
D290,
E054,
E75E,
E6D7,
DC12,
CF02,
C89E,
C96A,
CF32,
D721,
DA3D,
D924,
D00F,
C908,
C9B2,
CCD9,
D332,
DBAD,
E088,
E34E,
E7DC,
EA11,
EB18,
E7A7,
E3D3,
E34D,
E7F6,
EF7A,
F2C5,
F1D9,
EE5B,
EA7D,
E832,
E54F,
E277,
E29B,
E1F7,
E12C,
E4FB,
E693,
E44D,
DF84,
DBBF,
DB29,
D74F,
CF78,
C884,
C2A2,
C254,
C42B,
C459,
C349,
C2CA,
C5EE,
CDC3,
D695,
DD4A,
DFE3,
E352,
E742,
EC5C,
F1DF,
F564,
F3B6,
EFA7,
EA36,
E8A6,
E969,
EA08,
EC20,
E814,
E064,
DBEF,
DACC,
D89D,
D880,
D9EB,
D6BE,
D513,
D314,
CE6D,
D103,
D0B0,
CFDC,
CDD5,
CF5C,
D4D8,
D4D6,
D93A,
D9EC,
D890,
ECD0,
EF3D,
EEB1,
EA7C,
EBC6,
EF78,
EC6C,
E7C6,
DED2,
D9F9,
D01E,
CB11,
CE35,
CBAF,
CC67,
D3A0,
D7FE,
D8BD,
DCF4,
E3E9,
E809,
EBD3,
ECCD,
EDAF,
F4BB,
FD79,
05CE,
0666,
FED5,
F131,
E137,
D412,
CC72,
C527,
BDD5,
B500,
A724,
9902,
8FD7,
89FA,
878D,
8FD1,
A2D1,
B7DA,
C92F,
D38D,
D9BE,
E169,
E874,
F1F5,
FCD8,
052C,
0892,
060E,
FE7C,
F174,
DE6D,
CDFA,
C209,
B8A3,
ADE2,
A45E,
9BCD,
9027,
83B4,
8051,
8382,
898E,
918F,
957E,
9B15,
A818,
B6D6,
C5B9,
CE2B,
D3E3,
D8B2,
DA25,
D8EA,
DC54,
DB39,
D896,
D28B,
C8D7,
BE90,
B2AB,
A87C,
AA45,
AC7D,
A799,
9E61,
9B2A,
9C59,
9EAD,
A60E,
B32E,
BD44,
C55C,
CD5A,
D692,
DED4,
E3E3,
E6D2,
F09A,
FB58,
FD3B,
F665,
EDE5,
E03A,
D31B,
C7FB,
BD20,
B3A3,
ADB2,
AB7E,
AAE4,
A9D9,
A98D,
A7B9,
A63E,
AD3C,
B1D9,
BC41,
C936,
DB02,
EA00,
F3F1,
F7AF,
F839,
F65F,
F319,
EE2F,
E78B,
EAAB,
E870,
E268,
D9AA,
D22A,
CE88,
D0BC,
DB9A,
E4CE,
E5E8,
DF33,
D708,
D609,
DA56,
E16B,
E9C0,
EE44,
EEC8,
F02E,
F282,
F5D2,
00F9,
0CB6,
17F4,
157D,
1123,
0741,
FC69,
F871,
F7BD,
F619,
F678,
F406,
EB28,
E63E,
E68F,
EA96,
F12A,
F643,
FB8B,
FF4C,
050A,
0C74,
121D,
0CAF,
03AC,
0014,
0086,
FB14,
EC70,
D9E3,
CC10,
C9A1,
CE4C,
D1CD,
CD9A,
C8AB,
CB29,
D741,
E262,
F08B,
FE12,
0646,
0D00,
1360,
1900,
1985,
1410,
0FB5,
1508,
19FE,
19BB,
127B,
09C1,
0494,
0345,
00EC,
01F0,
0720,
0C73,
0DFF,
1170,
112F,
0F66,
08A2,
FF60,
F762,
F60D,
EEC5,
DFDC,
CE2E,
C26A,
B716,
B1D7,
B339,
B700,
B4C9,
B3E8,
B7B5,
BF3B,
CA33,
D865,
E946,
FB0D,
0953,
119B,
183D,
1B1C,
1B95,
1982,
18C8,
1B96,
1755,
0A0E,
FE08,
F797,
F722,
FB6A,
FCA5,
FE15,
FB81,
F86C,
F5E0,
F2AD,
EEE7,
EC5B,
E76F,
DEA8,
D7E0,
D14F,
D0A1,
D3B4,
DA05,
DEB4,
E314,
E9F0,
F620,
FFFD,
04CF,
0C71,
16F4,
1F5C,
1F77,
1579,
0E3E,
0B07,
07F4,
0313,
FAF2,
F3AF,
EDFA,
E768,
DE8A,
DC3A,
D98D,
D36D,
CB10,
C5A7,
C116,
C562,
CDA1,
D107,
D280,
D5A1,
D971,
E423,
EC2D,
F226,
FAE1,
0592,
0D9F,
15C4,
1A0F,
192A,
1D97,
25BD,
2E07,
318B,
3289,
3281,
313E,
2E28,
2CA8,
2F06,
3213,
336E,
2F03,
2908,
242A,
20BF,
1E2C,
19C5,
1AED,
1D8D,
1A9E,
12AE,
0B6F,
0B23,
11FE,
1641,
15F1,
131A,
0E8E,
0B5B,
08EE,
08BF,
0BCA,
0F36,
0F33,
0965,
02DD,
02D0,
07F2,
0DF4,
12A7,
158F,
1827,
18A5,
17CA,
1655,
1BAD,
2626,
2DB5,
3333,
3723,
385A,
391F,
3AF3,
3B0C,
40A0,
47A6,
4B65,
48DC,
441F,
3F68,
3D5D,
3BB5,
3B01,
39EC,
38AD,
378B,
3421,
2F0D,
2EB0,
33AD,
393D,
3E4F,
41DA,
4271,
42EB,
458C,
4835,
4752,
4373,
3FE0,
3AF7,
30A3,
2489,
200B,
20A7,
2185,
1F95,
1D89,
1E42,
1EAF,
2195,
29EA,
3782,
4134,
4532,
429A,
4344,
442F,
4239,
3B7D,
3236,
2867,
21E6,
1E64,
1811,
0C8A,
0361,
0147,
039C,
09CE,
1297,
1958,
206D,
2A28,
33B4,
3D11,
45CC,
4ABA,
4D46,
5027,
528E,
54BC,
52AE,
4C7C,
4895,
4947,
4802,
4573,
4464,
427E,
3FD8,
3D58,
38F2,
32A6,
2D92,
26EA,
25AA,
231D,
1C56,
17F9,
14F6,
107F,
0EEF,
0CF6,
0B92,
127C,
1A12,
1D92,
1FB8,
23C3,
2CE7,
3776,
40D3,
46D8,
4C24,
4DB0,
4FA1,
531E,
53F4,
501B,
4989,
42F6,
3D12,
39A2,
36C1,
3502,
30D9,
2B90,
267D,
20A5,
1E8A,
2153,
2789,
2AFE,
2C56,
2DBD,
2FBE,
2D47,
2900,
25F9,
23E4,
2364,
2287,
23AB,
2552,
2708,
287D,
2AF9,
2B71,
2CF6,
32D6,
3ABB,
40F0,
3FCB,
3A64,
3312,
2C0C,
264E,
260F,
2485,
2059,
1D68,
1940,
129F,
0D11,
0B51,
098D,
0C7A,
11F8,
16E2,
15F3,
15BF,
15B4,
1705,
1C9C,
235A,
2420,
22D4,
2448,
2562,
29A1,
2E5E,
3266,
36E5,
3CAF,
4083,
42A7,
43FA,
445F,
47E1,
4D87,
5517,
5955,
5B19,
583E,
53D4,
4FBB,
4EEF,
513D,
51C5,
4CF4,
458F,
4091,
3B6F,
386A,
36A0,
35E9,
35F1,
34AF,
31C7,
2D20,
2AD8,
2A93,
2DFD,
32F4,
36A8,
3479,
2F0B,
28D3,
253F,
28BA,
2F73,
357A,
36B2,
355E,
3213,
2CC1,
2D86,
3209,
3710,
3E27,
42F8,
3FAB,
3D65,
3C17,
3B0E,
3D20,
3FA7,
43B5,
458C,
4378,
4096,
3FB7,
3DD7,
3DD6,
40EB,
4427,
4679,
4924,
49BF,
478A,
46BB,
461E,
42CE,
3EDD,
3E76,
3FF8,
4062,
3D82,
38CC,
330C,
2EA2,
2D79,
2FC6,
33D7,
396E,
3D6B,
3F9D,
3F8B,
3D50,
3A04,
3A33,
39FC,
39B2,
3868,
3694,
3420,
3104,
3079,
3058,
31FC,
3550,
3813,
353E,
33B4,
30F8,
2C04,
2787,
251B,
2430,
25D0,
273B,
24FC,
219B,
20A8,
223B,
250E,
2786,
269A,
2233,
1EF9,
1F97,
2283,
2B05,
351F,
381C,
332F,
2CA5,
2591,
2462,
2C56,
38F6,
43DF,
484D,
4083,
2F2A,
1E68,
1666,
1B97,
2673,
30CC,
3459,
2F3C,
2422,
1C7F,
192F,
1AF7,
1F86,
2310,
22E6,
1E66,
16F8,
0EC8,
0815,
01E1,
FF3B,
06D6,
1323,
1DA5,
2354,
22F9,
1F75,
1A62,
12BC,
0C75,
07E9,
08AB,
0CFC,
110F,
14B3,
1550,
1212,
0FBF,
0B57,
04C3,
002A,
FC78,
FD08,
FEA0,
030F,
08AF,
0A96,
094D,
050A,
FFFC,
FEA7,
0404,
0B71,
0D90,
0A07,
0525,
FEC4,
F5B2,
F52B,
F60E,
F975,
0042,
02DA,
FB71,
F9AA,
FB25,
F889,
F981,
F9FF,
F378,
EFB2,
ECBB,
EB68,
F18B,
F8F5,
F97F,
F8B0,
F584,
EC29,
E938,
EA36,
EABA,
EAFA,
EDAE,
EBB7,
EBB5,
EB97,
EA2D,
E93A,
E771,
E661,
E852,
EC47,
F2B0,
F6C6,
FB8D,
00DC,
024D,
FEF0,
FE35,
FE6F,
FC98,
FFC0,
0371,
0716,
0756,
05FE,
00F4,
FDAA,
F972,
F72B,
F651,
F9B1,
002E,
00EE,
FEEE,
FB28,
F81B,
FF0F,
0B96,
1569,
1D63,
1BEC,
1355,
0BC2,
02AA,
FE7E,
00DA,
053A,
0673,
047C,
FD3E,
F8F7,
F561,
F6B1,
FAF1,
FE4F,
FF7F,
017F,
FB61,
EEB3,
E507,
E22B,
E520,
EC3F,
F19E,
F144,
ED12,
E591,
DC16,
D634,
DABE,
E3E6,
EE23,
F1A3,
EE53,
EA54,
E7F9,
E455,
E0DF,
DF97,
E559,
EF0B,
F8F7,
FB16,
F78E,
EE99,
E6B3,
DEEF,
DD17,
DE46,
E47E,
E771,
E5BD,
E2F6,
DB40,
CED5,
C48B,
C2F5,
C7C2,
CDB5,
D1CF,
D466,
D19E,
D17D,
DAA0,
EC8E,
FE76,
0008,
E819,
C5F7,
B67A,
C4E1,
E599,
FFA3,
066F,
F056,
C9A9,
AF83,
A80B,
B5E1,
D158,
E0E1,
D8F9,
CE93,
BEB4,
B580,
C2E9,
D7CB,
DEE8,
CEFF,
C903,
CE11,
CE11,
D624,
E8DF,
DE47,
C5CA,
BEF5,
C165,
C630,
D451,
E1B2,
E60F,
DDA7,
D19C,
C730,
C82F,
CB7C,
D60A,
E0CD,
E073,
DBFB,
D0A3,
C7EB,
C884,
D0FA,
D9D4,
E6B0,
EF67,
F11E,
EAD7,
E084,
DC74,
D56E,
CEF6,
C869,
C875,
CB92,
D173,
D381,
D24B,
CF24,
D0B8,
D29A,
DA4A,
E3A0,
EA66,
EA38,
E358,
D822,
D1BE,
D139,
D516,
D8FE,
DC21,
D9EB,
D402,
CD71,
CBD2,
D333,
E0A4,
E771,
E720,
DCC0,
D017,
C9E7,
CAA0,
D02E,
D802,
DB15,
DA3D,
D181,
CA77,
CACE,
CD94,
D38A,
DBC8,
E067,
E2E8,
E723,
E92C,
EA23,
E6BE,
E2FF,
E295,
E735,
EED5,
F228,
F116,
ED64,
E97D,
E746,
E4BD,
E221,
E26B,
E1BE,
E0DB,
E478,
E5F2,
E3B2,
DF16,
DB48,
DA95,
D6AA,
CEFE,
C843,
C275,
C1D7,
C35D,
C346,
C262,
C246,
C5C9,
CDAC,
D663,
DCCF,
DF0E,
E1D8,
E554,
EA32,
EFC5,
F34C,
F197,
ED94,
E89A,
E772,
E89F,
E965,
EB86,
E794,
E03E,
DBF4,
DB0A,
D8EF,
D8C1,
D9AE,
D65C,
D48B,
D291,
CDBA,
D000,
CF27,
CE2F,
CC17,
CDC9,
D2CA,
D286,
D5DD,
D6EC,
D4D1,
ED4C,
F10D,
EF54,
EB89,
EC64,
F031,
ECE8,
E81B,
DEA4,
D992,
CF9E,
CA26,
CC0D,
C8B8,
C8BB,
CF99,
D396,
D43A,
D880,
DFAB,
E3EE,
E822,
E9BD,
EB9B,
F3B6,
FDBD,
0714,
08C8,
0256,
F5B7,
E629,
D904,
D0EB,
C8FC,
C101,
B77A,
A867,
98F0,
8EAE,
87E2,
843F,
8AFD,
9C42,
AFF9,
C084,
CAF0,
D1FF,
DB1C,
E3A5,
EE3B,
F9CB,
02E7,
076E,
06B1,
0109,
F58B,
E38E,
D39D,
C79F,
BDC2,
B260,
A860,
9F46,
92B8,
8505,
804E,
8236,
874E,
8E84,
91B0,
9640,
A27A,
B122,
C065,
C973,
D000,
D5C5,
D80F,
D790,
DBDB,
DBAD,
D976,
D405,
CB4F,
C15D,
B547,
AB11,
ACAE,
AE4A,
A883,
9EC1,
9B63,
9C45,
9E05,
A485,
B0BA,
BA87,
C2F9,
CB60,
D4F9,
DE00,
E434,
E7FE,
F1D1,
FC50,
FE75,
F895,
F105,
E3C9,
D6CD,
CBC1,
C046,
B584,
AE63,
AB1C,
A97A,
A79F,
A6A4,
A454,
A290,
A92E,
ADB2,
B7D2,
C4D4,
D6FB,
E67E,
F0E9,
F599,
F7A0,
F724,
F455,
EF50,
E8CF,
EC49,
EB0A,
E5E7,
DDA0,
D645,
D2B3,
D4BF,
DEF6,
E78E,
E873,
E197,
D8D0,
D6DE,
DAA6,
E19D,
E9C3,
EE22,
EE84,
EF78,
F143,
F471,
FFA7,
0B6C,
1692,
14A1,
1078,
065A,
FB59,
F769,
F6AE,
F52E,
F5BD,
F327,
E9C8,
E469,
E475,
E824,
EE79,
F3D3,
F98E,
FDD4,
043F,
0CA6,
130F,
0E09,
055D,
022B,
02F5,
FDEE,
EF68,
DC33,
CD64,
CA96,
CF60,
D28A,
CD9F,
C832,
CA6D,
D612,
E0E6,
EF16,
FCE9,
0514,
0B95,
1249,
1896,
19BA,
1494,
0FFD,
14AA,
1949,
1912,
1216,
094A,
03D5,
026C,
FFE3,
0043,
0525,
0A91,
0C50,
104E,
1141,
103A,
0981,
FFF0,
F7D3,
F682,
EF7B,
E0D9,
CF67,
C345,
B714,
B09A,
B0D2,
B3C9,
B14E,
B01F,
B37A,
BAF1,
C64B,
D4CE,
E5F1,
F878,
07D2,
10E5,
1807,
1BBA,
1D20,
1BC4,
1B92,
1EA3,
1A98,
0DC1,
0248,
FC2C,
FBBD,
FFE8,
011F,
025D,
FF9C,
FC39,
F931,
F55B,
F0E3,
EDA6,
E81B,
DEC1,
D70B,
CF60,
CD91,
CFA2,
D4DF,
D8E5,
DD21,
E43F,
F0CB,
FB08,
004F,
0860,
135B,
1C8D,
1DD2,
1507,
0EA5,
0C00,
0949,
04B9,
FD0B,
F5FB,
F04A,
E9CC,
E0EE,
DE36,
DB5C,
D549,
CCCF,
C6E0,
C1C8,
C5B1,
CDC4,
D0F1,
D232,
D567,
D978,
E418,
EC10,
F1E1,
FA88,
058A,
0E55,
1715,
1BCB,
1B45,
1FD8,
2820,
3070,
33ED,
3503,
3569,
34C2,
3200,
301D,
31CB,
347C,
358F,
30B0,
2A47,
2543,
217D,
1DF5,
18AA,
1919,
1B05,
1798,
0FCD,
0908,
08C3,
0F18,
1327,
1333,
10F5,
0CEA,
0A0E,
080B,
084A,
0BA3,
0F21,
0EF1,
091D,
02FB,
0388,
091C,
0F1E,
1389,
164E,
191D,
1A3D,
19E6,
187F,
1D94,
280F,
2FE9,
357B,
3987,
3B6E,
3CF3,
3EFA,
3EF1,
4401,
4A73,
4DE0,
4B6A,
46FB,
4281,
4051,
3E32,
3CB9,
3AD2,
38EA,
3726,
3335,
2DED,
2D6C,
3219,
376F,
3C77,
3FF0,
4065,
40D9,
439A,
4663,
457E,
41A7,
3E6A,
3A10,
302D,
2436,
1F9D,
2026,
20E8,
1EF3,
1CD1,
1D22,
1D66,
2092,
291E,
36D5,
40E8,
454E,
4358,
44CB,
46A3,
4578,
3F0F,
358C,
2B52,
249B,
2138,
1AFF,
0F38,
057B,
02B0,
0463,
09E7,
11C0,
1768,
1DC4,
278A,
3166,
3AC4,
4374,
4848,
4AD3,
4E57,
51C5,
5489,
52ED,
4D38,
49FC,
4B8B,
4AE2,
4869,
4778,
45AA,
42FB,
407D,
3BE6,
3541,
2FD6,
28B6,
26DD,
242A,
1D1C,
180C,
1454,
0F44,
0D26,
0ACD,
091E,
0FBF,
171B,
1A49,
1C13,
1FE9,
293A,
344C,
3E5F,
4557,
4B78,
4DB4,
5049,
5454,
560C,
5368,
4DCD,
47B6,
41F1,
3E61,
3B65,
3962,
350C,
2FB4,
2A59,
2423,
21AA,
2409,
29BA,
2C93,
2D49,
2E37,
2FCF,
2CEE,
2818,
245E,
21B4,
20C1,
1FAD,
2084,
21B8,
231D,
249F,
2752,
281C,
29E5,
300D,
3853,
3EFA,
3E8C,
39EA,
3339,
2CC5,
278C,
2774,
2606,
2238,
1F92,
1B7B,
14E9,
0F66,
0D70,
0B8A,
0E30,
1342,
17E2,
1700,
16CA,
16CF,
182F,
1DBC,
247A,
255A,
2403,
2558,
267F,
2ABB,
2F65,
3347,
3797,
3D55,
414D,
4398,
4518,
45BE,
495C,
4F12,
56A5,
5AFE,
5CE8,
5A5D,
5649,
526B,
5191,
538D,
53A3,
4E75,
46CE,
418B,
3C3D,
390C,
36F5,
35D0,
354E,
339E,
3070,
2BA4,
291F,
28B2,
2BED,
30A4,
341A,
31FC,
2CD3,
26FE,
23BA,
2748,
2E13,
345F,
3612,
3538,
3264,
2DA0,
2EC5,
3370,
3862,
3F51,
4423,
411D,
3F10,
3E0D,
3D48,
3F6B,
41E5,
45B4,
473C,
450D,
4232,
413F,
3F59,
3F52,
4238,
454D,
4789,
4A0E,
4A94,
485D,
4762,
4699,
4321,
3F0A,
3E84,
3FDB,
400E,
3D29,
3874,
32B8,
2E4C,
2D06,
2F28,
3315,
3866,
3C28,
3E38,
3E26,
3C22,
394A,
39D0,
39CA,
397F,
383E,
3671,
3406,
311A,
30CA,
30F3,
32DD,
3646,
38F5,
3626,
348B,
31D4,
2D11,
28C7,
2676,
256E,
26D1,
2803,
25A4,
2239,
2168,
2329,
2622,
288C,
274D,
2251,
1E76,
1ECE,
222B,
2B84,
3674,
39D8,
34A2,
2D50,
25AC,
247C,
2D05,
3A66,
45E0,
4A6D,
4258,
30A3,
1FD2,
17FA,
1D67,
289C,
334A,
3735,
3252,
271C,
1F01,
1AF0,
1BAF,
1F46,
2212,
2188,
1D41,
167D,
0F1D,
08C4,
0220,
FE7E,
04F6,
10A8,
1B5F,
218A,
21BA,
1EBD,
19D9,
11FC,
0B7C,
071D,
083D,
0CF0,
11A2,
15E4,
16BD,
1386,
1134,
0CCE,
0639,
0184,
FD74,
FD71,
FEFA,
03D4,
0A0F,
0CB3,
0BC3,
06FA,
0106,
FF20,
044E,
0BDE,
0E54,
0A9A,
04D8,
FD87,
F3E8,
F304,
F42F,
F7D0,
FE6C,
00EA,
F99E,
F786,
F91C,
F741,
F891,
F928,
F2CA,
EE8E,
EB68,
EAB4,
F159,
F91F,
FA3A,
F95E,
F5D2,
EC79,
E959,
EA4E,
EB40,
EBE0,
EEAF,
ECC4,
EC5D,
EC1B,
EB00,
EA1F,
E830,
E6CC,
E834,
EBE8,
F246,
F676,
FB76,
00D8,
023D,
FF1F,
FE94,
FEEE,
FD5B,
008B,
045F,
081A,
087E,
0773,
02B7,
FF5A,
FB3B,
F8D9,
F7D0,
FB2B,
01AF,
0277,
006C,
FC77,
F922,
FFC7,
0C59,
1684,
1EB7,
1D45,
141E,
0BB7,
0263,
FE53,
0103,
05B6,
06E0,
0483,
FCE9,
F817,
F443,
F58D,
FA11,
FDD6,
FF1F,
008A,
F9E5,
ED1F,
E3EA,
E1AB,
E4E0,
EC04,
F174,
F10B,
ECBA,
E51E,
DBA9,
D5F6,
DA53,
E2F6,
ECCE,
F068,
ED94,
EA21,
E80F,
E465,
E0D3,
DF69,
E4C9,
EE51,
F8B4,
FBAA,
F8C5,
F01F,
E7F5,
DFC8,
DD98,
DEA6,
E4E9,
E7E4,
E5EC,
E2D9,
DB05,
CE44,
C393,
C189,
C5D5,
CB8A,
CF86,
D1BD,
CEE4,
CF2B,
D915,
EC26,
FF1F,
00D1,
E789,
C313,
B210,
C13D,
E46C,
0153,
09BF,
F308,
CA81,
AEC5,
A616,
B38B,
D00D,
E10C,
DA73,
D078,
BF10,
B33B,
BF05,
D457,
DD6A,
D006,
CBC1,
D056,
CD37,
D2A2,
E514,
DB1D,
C498,
C08D,
C382,
C752,
D524,
E1B5,
E4F7,
DCB5,
D14D,
C76F,
C8E8,
CCA5,
D6EA,
E0C1,
DFA6,
DA8D,
CF41,
C73E,
C8C2,
D1EC,
DB72,
E89C,
F184,
F32E,
EC7F,
E19B,
DCDB,
D582,
CEE9,
C84E,
C847,
CB55,
D115,
D38A,
D2F6,
CFEB,
D124,
D2A5,
D9CF,
E2FB,
E99D,
E8FE,
E1AD,
D5F8,
CF0A,
CE67,
D279,
D6FC,
DAF7,
D978,
D423,
CDE7,
CC54,
D39A,
E0B5,
E748,
E731,
DD43,
D115,
CB31,
CBED,
D149,
D8F6,
DBEC,
DB41,
D2DE,
CBDC,
CBE5,
CE4F,
D3E0,
DBCF,
E01F,
E24F,
E62C,
E809,
E8F1,
E59B,
E1EB,
E191,
E616,
EDC5,
F120,
EFEF,
EC10,
E823,
E600,
E3DA,
E188,
E200,
E156,
E068,
E3D2,
E528,
E2ED,
DE80,
DAA9,
D9CD,
D5CD,
CE52,
C7D3,
C222,
C133,
C264,
C204,
C14B,
C197,
C589,
CD82,
D61D,
DC39,
DE15,
E032,
E338,
E7DB,
ED7B,
F0FF,
EF3F,
EB40,
E6B8,
E5EE,
E77C,
E866,
EA8D,
E6BE,
DFD2,
DBB3,
DAFF,
D900,
D8CD,
D948,
D5E5,
D3ED,
D1F3,
CCF3,
CEDE,
CD7C,
CC5E,
CA31,
CC05,
D076,
CFF3,
D232,
D39A,
D0C0,
ED86,
F2BF,
EFCD,
EC7E,
ECDD,
F0BA,
ED3C,
E855,
DE6A,
D924,
CF24,
C945,
C9D5,
C5AB,
C4E7,
CB4F,
CED7,
CF5A,
D39E,
DAEF,
DF50,
E3E5,
E623,
E90E,
F240,
FD95,
07F5,
0ADD,
05A8,
FA30,
EB30,
DE20,
D58C,
CCF5,
C44E,
BA20,
A9E3,
9918,
8DBA,
85F0,
80F9,
8608,
955F,
A797,
B73A,
C1AD,
C9A3,
D432,
DE2D,
E9C2,
F5ED,
FFCE,
0584,
06AD,
0317,
F93E,
E867,
D905,
CCF4,
C29E,
B6A2,
AC33,
A2A2,
9543,
865F,
8050,
80DD,
84F5,
8B53,
8DAE,
9123,
9C82,
AB0B,
BA9F,
C443,
CBA2,
D255,
D56E,
D5AC,
DAD8,
DB99,
D9C7,
D4FB,
CD5E,
C3D1,
B794,
AD5F,
AECC,
AFCD,
A927,
9EE0,
9B5D,
9BF9,
9D21,
A2B3,
ADF2,
B774,
C034,
C8F7,
D2F3,
DCCC,
E42C,
E8E0,
F2CC,
FD11,
FF78,
FA8F,
F3F3,
E731,
DA60,
CF69,
C34F,
B748,
AEFA,
AA98,
A7D9,
A516,
A355,
A07F,
9E82,
A4C6,
A943,
B31A,
C027,
D298,
E294,
ED6C,
F30F,
F6A2,
F795,
F546,
F025,
E9CC,
ED99,
ED6A,
E93F,
E184,
DA5C,
D6D9,
D8BC,
E23F,
EA3B,
EAFC,
E40D,
DAB3,
D7C3,
DAF5,
E1C6,
E9BC,
EDF8,
EE3E,
EEBA,
EFF3,
F30B,
FE53,
0A1E,
1515,
13B4,
0FB2,
0555,
FA35,
F645,
F56F,
F408,
F4C0,
F1FD,
E81E,
E24B,
E212,
E562,
EB70,
F10C,
F743,
FC28,
0360,
0CDF,
1415,
0F85,
0739,
046B,
058A,
00EF,
F28D,
DEAE,
CED7,
CB99,
D07D,
D34B,
CDA6,
C7B6,
C9AE,
D4D9,
DF67,
ED9F,
FBB8,
03D7,
0A22,
1133,
182D,
19E5,
14FD,
101E,
141A,
1869,
1839,
1170,
0883,
02BE,
0139,
FE7F,
FE3D,
02CE,
0858,
0A5C,
0EFC,
113F,
1105,
0A5B,
007D,
F84B,
F707,
F057,
E211,
D0E9,
C460,
B746,
AF7A,
AE74,
B096,
ADE5,
AC6D,
AF53,
B6B7,
C268,
D12D,
E287,
F5C7,
062F,
100D,
17AF,
1C3A,
1E86,
1DD1,
1E23,
2174,
1D9F,
113E,
0657,
0091,
0030,
044A,
059C,
06B8,
03D8,
002C,
FCAC,
F83A,
F312,
EF1B,
E8E9,
DEFD,
D64A,
CD75,
CA6E,
CB6D,
CF82,
D2D0,
D6D4,
DE29,
EB0F,
F5B4,
FB79,
03F0,
0F5B,
1959,
1BD6,
1451,
0ED5,
0CCF,
0A78,
063C,
FF0B,
F83A,
F29A,
EC3D,
E371,
E04F,
DD4F,
D75E,
CED4,
C859,
C2BB,
C63E,
CE1E,
D107,
D200,
D541,
D9A3,
E42F,
EC11,
F1B5,
FA38,
0578,
0EFC,
1859,
1D7E,
1D62,
2214,
2A71,
32B7,
362B,
375B,
383C,
3844,
35E0,
339D,
349C,
36FB,
37C6,
3271,
2B9D,
2680,
2266,
1DE3,
17AD,
1752,
1878,
148B,
0CEA,
06A4,
0663,
0C2B,
1006,
1072,
0ED6,
0B62,
08EF,
0763,
081C,
0BC7,
0F55,
0EEB,
090C,
0363,
04A2,
0AB4,
10B6,
14C7,
1754,
1A52,
1C21,
1C5A,
1B05,
1FD5,
2A49,
3265,
37F8,
3C14,
3EB8,
410F,
434D,
4329,
47AF,
4D7B,
5088,
4E24,
4A06,
45DD,
43A0,
410F,
3EC1,
3BFA,
396A,
3701,
3281,
2D00,
2C58,
30AF,
35CC,
3AC9,
3E2A,
3E7B,
3EE6,
41CB,
44BB,
43DC,
4015,
3D36,
3973,
3009,
243D,
1F88,
1FF8,
2092,
1E93,
1C5B,
1C42,
1C5F,
1FD0,
288E,
3662,
40E0,
45B9,
4478,
46BD,
498A,
492D,
4317,
3951,
2E9F,
27A8,
2466,
1E4A,
1246,
07F3,
0474,
0586,
0A5E,
113E,
15C2,
1B5C,
2521,
2F46,
389D,
413C,
45EF,
4866,
4C7E,
50F5,
544E,
5330,
4E09,
4B7F,
4DEF,
4DF1,
4B92,
4ABD,
4907,
4654,
43E7,
3F31,
3842,
3286,
2AEF,
2873,
25A1,
1E59,
1896,
1426,
0E79,
0BBE,
08FA,
06F8,
0D41,
145B,
1730,
1899,
1C35,
25AE,
3145,
3C08,
43F8,
4AF5,
4DF2,
5134,
55CB,
586D,
5711,
5278,
4CDE,
4734,
4378,
405A,
3E0F,
398F,
342F,
2E92,
280A,
253E,
2737,
2C5C,
2E91,
2E9C,
2F05,
3026,
2CD4,
2767,
22ED,
1F9D,
1E20,
1CC8,
1D4C,
1E07,
1F12,
2098,
237E,
24A1,
26B3,
2D1F,
35C4,
3CDF,
3D41,
3983,
338A,
2DB9,
290D,
2912,
27C0,
245D,
220E,
1E1F,
17B1,
1245,
101A,
0E11,
1066,
1501,
194F,
1886,
1856,
186D,
19DA,
1F4D,
25F9,
26F1,
2595,
26C9,
27FE,
2C2E,
30B4,
3461,
3879,
3E23,
423E,
44B4,
4662,
474B,
4AFF,
50BF,
584D,
5CC6,
5EDD,
5CB0,
58FC,
5564,
547E,
5621,
55C0,
5041,
4866,
42E3,
3D6F,
3A14,
37AF,
3613,
34FF,
32DE,
2F6E,
2A87,
27C4,
2725,
2A1D,
2E81,
31B0,
2FAB,
2AD8,
2575,
2286,
261D,
2CEF,
3375,
35A5,
354B,
32FA,
2EDB,
3065,
3533,
3A0B,
40C5,
458D,
42DC,
4113,
4069,
3FF5,
422B,
4498,
481E,
4953,
4713,
4449,
4344,
415D,
4152,
43FC,
46DA,
48F0,
4B3E,
4BAA,
4978,
4852,
475D,
43C2,
3F88,
3ED7,
3FEF,
3FDD,
3CF1,
3844,
329B,
2E3A,
2CD7,
2EC6,
3282,
3779,
3AF3,
3CDB,
3CCC,
3B0E,
38B8,
399B,
39CE,
3986,
3852,
3692,
3436,
3184,
3170,
31E6,
3414,
378E,
3A29,
3774,
35D1,
331F,
2E8C,
2A76,
283F,
271D,
283B,
292B,
26AA,
2333,
227D,
2466,
2784,
29E6,
2858,
22C4,
1E3A,
1E37,
2202,
2C36,
3802,
3BD4,
3657,
2E29,
25DE,
24A4,
2DC6,
3BF7,
4816,
4CC9,
4465,
3250,
216D,
19BE,
1F64,
2B02,
3615,
3A66,
35BD,
2A5E,
21B5,
1CD6,
1C89,
1F2D,
2141,
2054,
1C42,
1623,
0F96,
0997,
027D,
FDD3,
031A,
0E2B,
191A,
1FC5,
2085,
1E0E,
1954,
113A,
0A7D,
0659,
07E3,
0CFC,
124D,
1730,
1844,
1517,
12C3,
0E59,
07C4,
02FC,
FE91,
FDEC,
FF65,
04AD,
0B8E,
0F04,
0E78,
0920,
0231,
FF9D,
048B,
0C43,
0F26,
0B46,
0499,
FC34,
F1F1,
F09A,
F20B,
F5EF,
FC65,
FECF,
F7A8,
F537,
F6CE,
F5A1,
F749,
F805,
F1E5,
ED46,
E9FF,
E9EA,
F111,
F937,
FAED,
FA12,
F62A,
ECD5,
E980,
EA65,
EBC5,
ECD9,
EFCB,
EDEC,
ED16,
ECA2,
EBD4,
EB08,
E8F3,
E733,
E811,
EB8C,
F1E0,
F625,
FB4F,
00B1,
0201,
FF2E,
FEEA,
FF78,
FE33,
0163,
0553,
091B,
09A6,
08EB,
0489,
011B,
FD1C,
FA9D,
F95C,
FCA7,
0327,
0404,
01FB,
FDE0,
FA51,
009F,
0D2C,
17AC,
2014,
1EA7,
14EC,
0BA6,
0214,
FE1C,
0119,
0612,
0726,
045E,
FC6C,
F705,
F2EF,
F428,
F8F7,
FD3A,
FEB1,
FF85,
F853,
EB71,
E2B7,
E11D,
E4A1,
EBD4,
F15A,
F0DD,
EC5D,
E497,
DB2A,
D5B6,
D9EE,
E20A,
EB6D,
EF18,
ECB5,
E9C1,
E7F1,
E44A,
E0A7,
DF28,
E420,
ED71,
F83C,
FC0A,
F9CE,
F185,
E91E,
E08E,
DDFA,
DEDC,
E51B,
E81D,
E5E3,
E28B,
DAA5,
CD91,
C27B,
BFF7,
C3B4,
C924,
CD04,
CED5,
CBED,
CC99,
D746,
EB81,
FF94,
0167,
E6B7,
BFC8,
AD1B,
BD0F,
E2D5,
02CD,
0CF6,
F59C,
CB25,
ADBE,
A3CE,
B0E9,
CE89,
E103,
DBC3,
D230,
BF38,
B0BE,
BAF3,
D0C7,
DBC9,
D0E4,
CE50,
D273,
CC2F,
CEED,
E121,
D7C3,
C321,
C1E6,
C56B,
C844,
D5D9,
E1A0,
E3BC,
DB9D,
D0BE,
C75D,
C94B,
CD89,
D78B,
E071,
DE99,
D8DE,
CDA1,
C656,
C8D0,
D2B2,
DCEF,
EA66,
F37E,
F51D,
EE0C,
E29B,
DD20,
D56D,
CE9B,
C7E7,
C7C0,
CABC,
D06C,
D36B,
D392,
D0AF,
D179,
D27A,
D901,
E1FB,
E87E,
E779,
DFC5,
D39F,
CC21,
CB4C,
CF7A,
D48A,
D956,
D891,
D3DB,
CE0A,
CC94,
D3C8,
E086,
E6E1,
E706,
DD99,
D201,
CC82,
CD55,
D28A,
DA03,
DCC7,
DC35,
D42C,
CD3C,
CCFD,
CF12,
D43A,
DBC6,
DFAF,
E181,
E4F4,
E6A3,
E77E,
E439,
E092,
E03A,
E491,
EC40,
EFA5,
EE5B,
EA56,
E665,
E457,
E2A1,
E0AA,
E15B,
E0BD,
DFD0,
E306,
E436,
E1FE,
DDC4,
D9E2,
D8D1,
D4B9,
CD77,
C739,
C1AC,
C06D,
C143,
C092,
C002,
C0BD,
C52D,
CD49,
D5C4,
DB84,
DCF5,
DE59,
E0E9,
E54F,
EAF9,
EE75,
ECA7,
E8A3,
E48A,
E413,
E5FA,
E702,
E92A,
E58B,
DF1A,
DB2B,
DAA8,
D8CC,
D89F,
D8B4,
D558,
D338,
D13A,
CC18,
CD9C,
CBAE,
CA67,
C81E,
CA0C,
CDD6,
CD19,
CE30,
CFEC,
CC54,
EDC5,
F482,
F05A,
EDA4,
ED7C,
F14B,
EDB3,
E8D3,
DEB0,
D952,
CF81,
C95A,
C87D,
C389,
C1F2,
C7AC,
CA9C,
CAF4,
CF14,
D65B,
DAC0,
DF99,
E26F,
E669,
F08E,
FD02,
0847,
0C6D,
08A4,
FEA3,
F096,
E3E6,
DAFD,
D1DE,
C8B1,
BE13,
AD04,
9B32,
8EE5,
862F,
8001,
8304,
8FFC,
A03E,
AE99,
B8E0,
C1A3,
CD72,
D8A4,
E4EC,
F16A,
FBDF,
02B6,
05DE,
0489,
FC98,
ED47,
DEBF,
D2CD,
C828,
BBCF,
B129,
A760,
9983,
89C0,
8271,
8196,
8494,
89F4,
8B68,
8DA3,
97E5,
A608,
B59B,
BFA6,
C7B1,
CF2F,
D2FE,
D3F9,
D9EA,
DB96,
DA28,
D61E,
CFD1,
C6E2,
BABB,
B0BF,
B1F2,
B257,
AAF4,
A054,
9CBF,
9D1A,
9DA3,
A225,
AC35,
B542,
BE1D,
C708,
D13D,
DBCB,
E43F,
E9D5,
F3BE,
FDA5,
0041,
FC67,
F6DA,
EAD3,
DE6A,
D3B9,
C737,
BA22,
B0CD,
AB5E,
A779,
A3C3,
A12C,
9DD5,
9BB8,
A191,
A604,
AF6A,
BC49,
CEA5,
DEC4,
E9CE,
F04A,
F565,
F7D3,
F616,
F0EF,
EADC,
EEE4,
EFD8,
ECCA,
E5CE,
DF04,
DBA1,
DD50,
E5E9,
ED29,
EDD7,
E707,
DD4A,
D95F,
DBDE,
E266,
EA0A,
EE16,
EE43,
EE40,
EEDB,
F1DB,
FD0C,
08A6,
132D,
1269,
0E92,
0420,
F91B,
F534,
F42F,
F2DB,
F3AF,
F0C3,
E690,
E065,
DFE7,
E2C2,
E867,
EE2E,
F4CB,
FA54,
0259,
0CE0,
14D3,
10DD,
091B,
06BE,
0827,
040C,
F60F,
E1DC,
D136,
CD88,
D26E,
D4D3,
CE86,
C82B,
C9D6,
D450,
DE73,
EC77,
FA93,
0282,
087F,
0FD9,
1761,
1996,
14F0,
0FD1,
1305,
16F8,
16CA,
1040,
0745,
0142,
FFA4,
FCC8,
FBE1,
0010,
05A3,
07F5,
0D39,
10DC,
1177,
0AFF,
0104,
F8E8,
F7BE,
F199,
E401,
D378,
C6B6,
B8E4,
AFD3,
AD83,
AEC6,
ABF9,
AA41,
ACA6,
B3D5,
BF9E,
CE54,
DF93,
F330,
0454,
0ED1,
16D2,
1C22,
1F3E,
1F25,
1FF3,
2372,
1FE1,
142E,
0A0A,
04B2,
0466,
086E,
09F1,
0AF8,
0816,
0438,
0054,
FB64,
F5A7,
F0FF,
EA3B,
DFE9,
D654,
CC6F,
C82B,
C805,
CACF,
CD45,
D0EF,
D84E,
E552,
F039,
F66A,
FF1B,
0ABB,
155E,
190F,
1301,
0E8D,
0D38,
0B52,
077C,
00EF,
FA86,
F519,
EF07,
E685,
E304,
DFF3,
DA50,
D1EA,
CAFB,
C4F3,
C7FE,
CF82,
D214,
D2AF,
D5E7,
DA9A,
E4E4,
EC8B,
F1E6,
FA10,
0549,
0F57,
1927,
1EA8,
1F00,
23B7,
2BF6,
3402,
3759,
38A0,
3A01,
3AC6,
38D8,
363F,
3690,
38A0,
3923,
336E,
2C50,
273A,
22E7,
1D79,
166F,
153C,
158B,
112B,
09DB,
0430,
03EF,
0909,
0CA2,
0D70,
0C87,
09CD,
07DE,
06DC,
0816,
0C09,
0F95,
0EE6,
0913,
040A,
060C,
0C8E,
1275,
160D,
1841,
1B55,
1DD7,
1EA9,
1D74,
21E9,
2C20,
3450,
39B8,
3DC6,
4126,
4453,
46C0,
468A,
4A6F,
4F70,
5203,
4FB6,
4BFD,
484B,
4622,
4333,
400B,
3C67,
393D,
3639,
3133,
2B8D,
2ABA,
2EA5,
3377,
3854,
3B89,
3BAF,
3C0F,
3F0E,
4222,
4155,
3DB6,
3B47,
3833,
2F71,
240A,
1F4B,
1F97,
1FFC,
1DF6,
1BB1,
1B2D,
1B25,
1EC8,
2791,
3541,
4007,
454B,
44D6,
47E9,
4BA5,
4C16,
466E,
3C8C,
3184,
2A61,
274E,
216D,
1560,
0AA4,
067E,
06EC,
0B09,
10CC,
1413,
18CA,
2259,
2C92,
35B2,
3E14,
428B,
44D2,
495F,
4EC8,
52A6,
5213,
4DA1,
4BD7,
4F22,
4FDD,
4DA6,
4CEC,
4B55,
48AD,
466B,
41BD,
3AB4,
34C8,
2CDE,
29C1,
26E6,
1F8F,
1934,
141E,
0DEA,
0A92,
0762,
050D,
0AD8,
1188,
13F1,
14EE,
183D,
21B0,
2D98,
38DB,
41A0,
4962,
4D23,
510C,
5617,
599B,
599C,
5622,
511A,
4B9F,
47BC,
4482,
41F5,
3D60,
3816,
3256,
2BA5,
289D,
2A2E,
2EAA,
302E,
2F88,
2F62,
2FF8,
2C3C,
264A,
2119,
1D20,
1B0A,
1967,
1990,
19CB,
1A6D,
1BEA,
1EF0,
206A,
22C3,
2955,
322F,
39A2,
3AE8,
383B,
332C,
2E26,
2A1F,
2A38,
2909,
2629,
2449,
20A8,
1A8F,
1560,
1309,
10E5,
12D7,
16E0,
1AC0,
1A20,
1A00,
1A2A,
1B9D,
20D1,
2738,
2842,
26ED,
27FA,
2937,
2D3E,
317C,
34D6,
389C,
3E12,
423F,
44D7,
46AB,
47D3,
4B86,
5131,
5894,
5D1E,
5F60,
5DA6,
5A6D,
5736,
5647,
5781,
56AC,
5100,
4923,
437F,
3E02,
3A8C,
37E1,
35D0,
3428,
319D,
2DFD,
291B,
2626,
254F,
27E1,
2BCD,
2E9E,
2CC6,
286F,
23A1,
2119,
24A3,
2B51,
31E8,
3489,
34B6,
32FC,
2FA9,
3198,
3670,
3B15,
416D,
460C,
43C7,
4257,
4213,
41FD,
4441,
4697,
49BC,
4A96,
485B,
45B6,
44A4,
42CC,
42BF,
4516,
47A2,
4979,
4B73,
4BBC,
49A0,
4857,
473C,
4394,
3F4A,
3E65,
3F28,
3EC3,
3BDA,
374E,
31DD,
2DAA,
2C34,
2DDE,
3148,
35BB,
38D2,
3A85,
3A7F,
391A,
375F,
389E,
3914,
38D5,
37B7,
3613,
33D8,
3173,
319D,
325D,
34C3,
3839,
3AB8,
3841,
36A9,
3407,
2FB4,
2BE0,
29CA,
2894,
2964,
2A09,
276E,
23F8,
2357,
2558,
288A,
2AE0,
2912,
22FC,
1DC9,
1D59,
217B,
2C5D,
38D3,
3D0B,
3762,
2E69,
2588,
243F,
2DD3,
3CA7,
494B,
4E16,
4585,
3359,
22AA,
1B41,
2108,
2CED,
3845,
3CF0,
3891,
2D32,
2409,
1E64,
1D0E,
1EBD,
2015,
1EC9,
1AF5,
158E,
0FEF,
0A65,
02EF,
FD48,
013B,
0B77,
1672,
1D84,
1ED5,
1CEF,
186C,
1033,
0951,
0586,
0783,
0CEB,
12C3,
1833,
197C,
1668,
1418,
0FB8,
0943,
0483,
FFCF,
FE7C,
FFDD,
0583,
0CF5,
1144,
1129,
0B51,
036E,
001D,
04A4,
0C68,
0FBF,
0BDB,
0453,
FAE0,
F00B,
EE31,
EFE1,
F3FE,
FA41,
FC8E,
F5B4,
F2EF,
F465,
F3D4,
F5CE,
F6B8,
F102,
EC2A,
E8E3,
E96C,
F0F5,
F959,
FBA9,
FAE2,
F6B6,
ED8E,
EA0E,
EAD8,
EC9F,
EE37,
F146,
EF7C,
EE31,
ED81,
ED01,
EC51,
EA1E,
E7FE,
E84E,
EB8C,
F1BD,
F600,
FB2D,
0063,
0190,
FF21,
FF39,
000E,
FF28,
0242,
0636,
09F3,
0AA1,
0A3D,
0652,
02EA,
FF20,
FC89,
FB10,
FE2E,
0483,
057D,
038E,
FF6C,
FBC1,
0198,
0DD8,
187A,
20EE,
1F8D,
1567,
0B5D,
01B5,
FDE3,
0118,
0634,
0723,
03F7,
FBD4,
F5E9,
F19C,
F2B7,
F7BF,
FC87,
FE3D,
FE71,
F6CC,
EA05,
E1EC,
E105,
E4D9,
EC07,
F192,
F0FE,
EC50,
E472,
DB38,
D62A,
DA36,
E1A5,
EA5D,
EDFE,
EC0C,
E994,
E807,
E479,
E0E2,
DF5F,
E3D4,
ECB8,
F7AD,
FC40,
FAB9,
F301,
EA8A,
E1C2,
DECB,
DF6E,
E580,
E879,
E60A,
E285,
DABD,
CD93,
C249,
BF53,
C260,
C76F,
CB25,
CC85,
C99D,
CAA8,
D5E2,
EAF6,
FFD8,
01C2,
E60E,
BD2D,
A903,
B97C,
E151,
03FD,
0FD5,
F838,
CC72,
ADCB,
A2BB,
AF4D,
CD9F,
E147,
DD7B,
D477,
C03C,
AF5F,
B7E0,
CDE7,
DAA1,
D25E,
D17A,
D523,
CBD6,
CBE1,
DD91,
D4ED,
C26C,
C406,
C812,
C9EE,
D721,
E1F4,
E2DA,
DAFB,
D0BB,
C7E7,
CA3A,
CEF9,
D893,
E05F,
DDDD,
D799,
CC9C,
C628,
C995,
D408,
DED9,
EC63,
F582,
F713,
EFC6,
E3FB,
DDD4,
D5E2,
CEDC,
C820,
C7CB,
CAA6,
D041,
D3DE,
D4D9,
D237,
D27B,
D2DA,
D888,
E121,
E76F,
E616,
DE31,
D1DC,
C9E7,
C8CE,
CCEF,
D266,
D7E3,
D7DE,
D3E6,
CEAC,
CD6C,
D475,
E09B,
E6A5,
E707,
DE53,
D39A,
CEAF,
CFAD,
D4AE,
DBC9,
DE3A,
DDAD,
D622,
CF6D,
CEED,
D0AB,
D553,
DC48,
DFA3,
E102,
E3F0,
E566,
E630,
E30D,
DF78,
DF16,
E318,
EA98,
EDF7,
ECA1,
E88E,
E4AC,
E2BF,
E18C,
E00A,
E0FA,
E076,
DF9C,
E290,
E392,
E167,
DD72,
D994,
D849,
D429,
CD46,
C767,
C220,
C097,
C108,
C002,
BF99,
C0C2,
C5AF,
CDD6,
D60C,
DB4C,
DC44,
DCDF,
DEEC,
E302,
E89A,
EBFA,
EA22,
E623,
E285,
E258,
E484,
E5A0,
E7BB,
E469,
DE9F,
DAF3,
DAA1,
D8F4,
D8DB,
D897,
D567,
D32B,
D12C,
CC05,
CD12,
CA9E,
C931,
C6CE,
C8C3,
CBC3,
CAD3,
CAB5,
CCB3,
C86F,
EDF6,
F637,
F0EA,
EEE1,
EE2F,
F1D2,
EE3A,
E980,
DF62,
DA08,
D099,
CA49,
C7F9,
C24E,
BFDF,
C4BC,
C6F8,
C71B,
CAF7,
D209,
D65C,
DB59,
DEB6,
E3B4,
EEA3,
FC02,
0803,
0D69,
0B2B,
02DC,
F616,
EA09,
E0EF,
D76E,
CDDF,
C30C,
B182,
9EF9,
91ED,
8864,
80C0,
81D7,
8C1E,
9A0E,
A6D5,
B0C2,
BA32,
C708,
D32D,
DFDC,
EC67,
F73E,
FF20,
0448,
054C,
FF6C,
F1EB,
E479,
D8CD,
CE03,
C18A,
B6E5,
AD1F,
9F16,
8ECA,
865F,
841B,
85F3,
8A3D,
8ABF,
8BAE,
94A2,
A220,
B16B,
BBAD,
C43E,
CC5F,
D0C8,
D276,
D90B,
DB93,
DA82,
D74C,
D278,
CA53,
BE7A,
B4E8,
B5D9,
B5AA,
ADAF,
A2E0,
9F49,
9F6A,
9F55,
A2B2,
AB6C,
B3E2,
BCA6,
C589,
CFD0,
DAF1,
E459,
EAC6,
F499,
FE08,
00CC,
FE08,
F997,
EE7F,
E2B1,
D871,
CBBE,
BDD5,
B3A7,
AD3E,
A832,
A384,
A010,
9C3E,
9A1C,
9F81,
A3ED,
ACC3,
B941,
CB30,
DB27,
E627,
ED5C,
F3EF,
F7D6,
F6B8,
F19F,
EBE9,
F014,
F235,
F059,
EA46,
E3FD,
E0C8,
E23C,
E9C3,
F031,
F0DE,
EA5A,
E06A,
DB8F,
DD45,
E366,
EA9F,
EE73,
EE8C,
EE0A,
EE01,
F0E7,
FBDF,
071B,
10FA,
10DA,
0D31,
02CD,
F818,
F43E,
F2F6,
F1AD,
F291,
EF7D,
E521,
DEB9,
DDF9,
E04D,
E56B,
EB46,
F233,
F862,
012E,
0CA9,
1546,
1208,
0AF3,
090D,
0AB4,
0725,
F9C6,
E58D,
D453,
D038,
D50C,
D6FF,
D025,
C974,
CAC9,
D466,
DE01,
EB9D,
F981,
0124,
06C4,
0E52,
1646,
18DF,
1479,
0F22,
117E,
1510,
14DF,
0E98,
05A1,
FF6D,
FDB6,
FAC8,
F944,
FD03,
028D,
0535,
0B18,
101D,
1190,
0B69,
017B,
F9A0,
F89D,
F32C,
E685,
D6E5,
CA14,
BBBB,
B17F,
ADE8,
AE49,
AB79,
A98D,
AB69,
B247,
BDEF,
CC4F,
DD27,
F0C9,
0259,
0D48,
1584,
1B80,
1F4F,
1FC0,
20FF,
2498,
2154,
1678,
0D36,
085D,
082B,
0C22,
0DED,
0EF1,
0C29,
0830,
0402,
FEB4,
F881,
F338,
EBFA,
E16D,
D717,
CC43,
C6C8,
C578,
C6E2,
C86D,
CB9E,
D2DC,
DFC4,
EAC9,
F154,
FA13,
05B1,
10CE,
15A6,
112D,
0DD7,
0D3E,
0BD0,
086E,
02A5,
FCC2,
F7A7,
F201,
E9F8,
E629,
E31A,
DDEF,
D5DC,
CE8F,
C83A,
CAC3,
D1CA,
D3F7,
D424,
D742,
DC44,
E627,
ED75,
F270,
FA15,
0507,
0F6D,
1986,
1F4E,
201F,
24C1,
2CB5,
345C,
3789,
38E0,
3ABE,
3C48,
3ADF,
3801,
37AA,
3975,
39B3,
33B6,
2C6E,
277D,
230B,
1CC9,
1509,
12F9,
1267,
0DA7,
06C4,
01C9,
0185,
05DB,
0927,
0A55,
0A26,
0841,
06EC,
0680,
083F,
0C6F,
0FEA,
0EF0,
0938,
04EF,
07BC,
0E9F,
1456,
175D,
1919,
1C2D,
1F60,
20CE,
1FC3,
23CD,
2D98,
35B1,
3AC8,
3EAC,
42BE,
46BC,
494F,
4910,
4C46,
5061,
5266,
5034,
4CED,
49D2,
47DD,
44A7,
40AC,
3C33,
3883,
34F2,
2F75,
29BB,
28BC,
2C28,
30A4,
3550,
3847,
3840,
3893,
3BA0,
3ED2,
3E26,
3AC3,
38D3,
367D,
2E86,
23B2,
1EF9,
1F1A,
1F3C,
1D2F,
1AE6,
19FB,
19CF,
1D93,
2640,
3397,
3E84,
442B,
4491,
4866,
4CFF,
4E38,
4911,
3F37,
33FA,
2CBF,
29E8,
2459,
1873,
0D77,
08B9,
088C,
0BE7,
107C,
1279,
163B,
1F62,
297A,
3237,
3A3B,
3E61,
4061,
453D,
4B7C,
4FC7,
4FC7,
4C27,
4B23,
4F3C,
50B7,
4EB4,
4E14,
4C9E,
4A0E,
4810,
438E,
3C9B,
36A0,
2E86,
2AD2,
2802,
20C6,
19F1,
144D,
0DA9,
09B7,
061E,
0379,
08A6,
0ECF,
10BE,
1148,
143B,
1D7D,
2986,
3515,
3E88,
46F5,
4B76,
4FFA,
5560,
59B8,
5B1A,
58CC,
5464,
4F27,
4B20,
47CE,
4506,
4072,
3B57,
3591,
2EDD,
2BB3,
2CE0,
30A1,
316E,
301B,
2F62,
2F60,
2B44,
24E2,
1F08,
1A6B,
17AF,
15BC,
1586,
1540,
156E,
16D2,
19E5,
1BB3,
1E4E,
24EB,
2DD3,
357F,
37B8,
363C,
323D,
2E1E,
2ACF,
2AF1,
29E9,
279F,
263E,
230F,
1D76,
18A2,
162A,
13F4,
1578,
18D8,
1C35,
1BCD,
1BC7,
1C07,
1D77,
224C,
2843,
2957,
2813,
28F6,
2A36,
2DFA,
31CF,
34BD,
381E,
3D46,
4172,
4424,
4614,
4773,
4B0F,
5087,
579F,
5C2D,
5E99,
5D61,
5AB6,
57F3,
5702,
57C7,
5684,
50D1,
4921,
437A,
3E10,
3A8E,
37A8,
3526,
32ED,
3002,
2C46,
2786,
246F,
2358,
2567,
28BB,
2B1E,
2983,
25C8,
21AD,
1F97,
22FD,
2962,
2FE3,
32E5,
3399,
3283,
301C,
326C,
3737,
3B94,
4166,
45BC,
43F5,
42EC,
4317,
436B,
45B7,
47F0,
4AA0,
4B1B,
48FA,
468D,
4573,
43B7,
43AB,
459E,
47C1,
4942,
4AD0,
4AEE,
48F7,
4793,
4659,
42BB,
3E76,
3D54,
3DAB,
3CEA,
3A0B,
35B5,
309F,
2CB8,
2B38,
2C8F,
2F8B,
3357,
35F6,
376C,
3774,
3679,
3567,
36FF,
37BE,
378F,
368F,
3515,
330E,
3104,
316A,
326D,
34FC,
385D,
3ABA,
38A4,
372B,
34A4,
309A,
2D0D,
2B1C,
29DB,
2A57,
2AAC,
2802,
2495,
2402,
2607,
293E,
2B85,
2989,
230C,
1D39,
1C4B,
20AB,
2C0C,
38FA,
3D8C,
37D2,
2E24,
24C0,
2362,
2D44,
3C8C,
4995,
4E6E,
45CE,
33CE,
238F,
1C86,
2255,
2E62,
39E0,
3ED6,
3ACD,
2F8F,
25F6,
1F9D,
1D49,
1E0B,
1EAE,
1D08,
1976,
14D1,
102E,
0B2A,
0373,
FCE4,
FF70,
08B0,
1390,
1AED,
1CCB,
1B7A,
173A,
0EFD,
080B,
04B1,
0725,
0CC9,
130A,
18EC,
1A63,
1774,
1530,
10E5,
0AAC,
060A,
011E,
FF18,
005A,
064A,
0E39,
1362,
13C4,
0D7C,
04B3,
009B,
0496,
0C4C,
1020,
0C56,
040D,
F996,
EE44,
EBDB,
EDBC,
F20B,
F812,
FA3C,
F3CD,
F0BC,
F1F0,
F1E5,
F429,
F548,
F022,
EB3D,
E815,
E935,
F0FF,
F983,
FC65,
FBC3,
F76B,
EE94,
EAF2,
EB98,
EDBD,
EFE3,
F30C,
F15E,
EF9D,
EEAB,
EE75,
EDE7,
EB9D,
E91D,
E8E0,
EBE0,
F1DA,
F607,
FB11,
FFF5,
00EE,
FEF5,
FF7F,
00AC,
0032,
0321,
0703,
0A9D,
0B6A,
0B60,
0804,
04B3,
0131,
FE8B,
FCD6,
FFAE,
05B4,
06D5,
0519,
010D,
FD65,
02AC,
0E60,
18F3,
214D,
1FFE,
1596,
0AE9,
014E,
FDAC,
0101,
061D,
06D8,
0351,
FB20,
F4C4,
F04F,
F141,
F674,
FBC2,
FDC4,
FD59,
F55B,
E8DC,
E180,
E156,
E579,
EC94,
F214,
F168,
EC8C,
E4A6,
DBC2,
D73D,
DB17,
E1C1,
E9A0,
ED1F,
EB95,
E990,
E843,
E4E3,
E170,
DFFB,
E3DA,
EC23,
F705,
FC43,
FB78,
F47B,
EC1D,
E348,
DFEE,
E043,
E600,
E8E2,
E64E,
E2B5,
DB36,
CE2D,
C2DF,
BF80,
C1C8,
C65E,
C9E2,
CACB,
C7F2,
C952,
D4E5,
EA82,
FFE7,
01E0,
E588,
BB3C,
A5C9,
B684,
DFE0,
04DA,
1245,
FABC,
CE42,
AEC0,
A2B8,
AE9E,
CD3C,
E1C3,
DF78,
D71F,
C1F2,
AF02,
B5C6,
CBBC,
D9E8,
D44D,
D50A,
D836,
CC19,
C984,
DA79,
D2A3,
C265,
C6BB,
CB41,
CC26,
D8DA,
E2A2,
E24E,
DAC8,
D12C,
C8ED,
CB8E,
D0C9,
D9E1,
E07B,
DD65,
D6B5,
CC20,
C698,
CAEE,
D5CB,
E10D,
EE74,
F773,
F8F3,
F190,
E59F,
DEDF,
D6C6,
CF90,
C8D8,
C84B,
CAF6,
D07C,
D4CA,
D6AA,
D45F,
D40A,
D3AC,
D853,
E067,
E66F,
E4D9,
DCF2,
D0AF,
C85C,
C6EF,
CAD9,
D08F,
D699,
D752,
D42E,
CFB1,
CEBB,
D586,
E0E3,
E689,
E725,
DF58,
D5B9,
D18B,
D2C4,
D78C,
DE25,
E028,
DF8A,
D896,
D23F,
D18A,
D2F6,
D70D,
DD40,
DFEB,
E0C6,
E31A,
E450,
E507,
E210,
DE91,
DE19,
E1A8,
E8CD,
EC1A,
EAC3,
E6B9,
E2F8,
E133,
E095,
DF9E,
E0D1,
E074,
DFBE,
E266,
E335,
E11E,
DD7F,
D9B1,
D827,
D40D,
CDA9,
C842,
C35C,
C194,
C19B,
C03A,
BFF2,
C184,
C6E9,
CF0D,
D6DE,
DB80,
DBF4,
DBBD,
DD43,
E0FB,
E666,
E999,
E7BC,
E3C9,
E0AC,
E0BC,
E319,
E43B,
E63B,
E34E,
DE52,
DAFA,
DAD4,
D960,
D965,
D8DB,
D5FC,
D3AD,
D1B1,
CCA4,
CD2D,
CA3E,
C8AB,
C633,
C81D,
CA35,
C91F,
C7CA,
C9F3,
C51B,
EDCF,
F7AB,
F13C,
EFEA,
EEA9,
F212,
EE86,
E9FF,
DFFC,
DAB0,
D1B4,
CB46,
C77B,
C11B,
BDCC,
C1B4,
C329,
C30E,
C697,
CD64,
D1A0,
D6B4,
DA8E,
E090,
EC45,
FA87,
0746,
0DFB,
0D55,
06CA,
FB67,
F011,
E6CA,
DCE7,
D2FE,
C807,
B61A,
A2EB,
9522,
8ABF,
81B9,
80AC,
8827,
93AA,
9ECA,
A857,
B274,
C03F,
CD3C,
DA35,
E6B6,
F1E3,
FACE,
0201,
056A,
01A3,
F5FF,
E9A5,
DE3B,
D34E,
C6C4,
BC2F,
B282,
A46C,
93B2,
8A35,
868B,
8740,
8A74,
89FE,
899A,
9137,
9E0B,
ACFF,
B770,
C07F,
C937,
CE2C,
D086,
D7B1,
DB09,
DA48,
D7E6,
D496,
CD45,
C1C7,
B8AB,
B959,
B89E,
B013,
A514,
A17B,
A16E,
A0BE,
A2F5,
AA5C,
B23A,
BAD8,
C3A1,
CDFB,
D9B5,
E40E,
EB5D,
F52C,
FE31,
011A,
FF62,
FC02,
F1DD,
E6B0,
DCE6,
D008,
C155,
B658,
AEF7,
A8B5,
A2FF,
9E9B,
9A4A,
9838,
9D37,
A1AE,
A9FB,
B61A,
C788,
D745,
E229,
EA0D,
F21B,
F77F,
F705,
F1FB,
ECA6,
F0E9,
F43F,
F39E,
EE82,
E8C3,
E5BB,
E6F5,
ED64,
F307,
F3CA,
EDA4,
E38B,
DDBC,
DE9D,
E455,
EB2A,
EECB,
EED8,
EDD7,
ED26,
EFFF,
FAC4,
05A2,
0ECC,
0F55,
0BCA,
0173,
F716,
F33E,
F19C,
F04F,
F138,
EDF5,
E373,
DCD1,
DBCE,
DD94,
E225,
E812,
EF4F,
F638,
FFE4,
0C63,
15B6,
1341,
0CDF,
0B6C,
0D4A,
0A42,
FD81,
E948,
D779,
D2E9,
D7AB,
D92F,
D1C7,
CABD,
CBBC,
D477,
DD91,
EAC9,
F871,
FFCA,
0516,
0CDE,
1537,
1821,
13E9,
0E4F,
0FD2,
130C,
12D2,
0CB8,
03B4,
FD44,
FB71,
F875,
F65A,
F9AA,
FF2E,
0239,
08CB,
0F40,
118C,
0BBD,
01E5,
FA55,
F981,
F4D6,
E92D,
DA80,
CD9B,
BEBC,
B34E,
AE6D,
ADF3,
AB2E,
A90F,
AA66,
B0F4,
BC70,
CA6B,
DAD3,
EE6C,
0054,
0BAC,
1420,
1ABF,
1F2F,
201A,
21C0,
256D,
226E,
1861,
0FF5,
0B94,
0B83,
0F79,
11A8,
12BD,
1021,
0C18,
07AA,
020F,
FB74,
F589,
EDD0,
E30D,
D7F6,
CC35,
C57D,
C2FE,
C302,
C397,
C63E,
CD4C,
DA0F,
E536,
EC21,
F4E2,
0073,
0C05,
1200,
0F20,
0CEC,
0D11,
0C1C,
092F,
042C,
FED4,
FA13,
F4E2,
ED62,
E948,
E644,
E1A2,
D9F0,
D243,
CBA9,
CDB3,
D43A,
D5FF,
D5B1,
D8B0,
DE13,
E793,
EE87,
F322,
FA37,
04CB,
0F7C,
19D6,
1FE3,
2133,
25BA,
2D56,
348C,
378C,
38F1,
3B4C,
3DA1,
3CC7,
39A6,
38B5,
3A4F,
3A4F,
340C,
2C9F,
27DD,
2354,
1C44,
13D3,
10E0,
0F66,
0A48,
03D5,
FF85,
FF39,
02C8,
05CA,
075A,
07EA,
06E9,
0639,
066A,
08B6,
0D29,
1092,
0F43,
09A1,
061F,
09C7,
1113,
169E,
190B,
1A3A,
1D41,
2128,
2338,
225F,
2601,
2F57,
374D,
3C02,
3FAD,
4470,
4944,
4BFB,
4BBC,
4E47,
5178,
52E7,
50CB,
4DF0,
4B7A,
49D4,
4664,
4191,
3C45,
3818,
33FF,
2E06,
2835,
2704,
29F0,
2E1C,
3297,
354C,
3518,
355A,
3876,
3BCE,
3B4B,
382D,
36C2,
352A,
2DFF,
23C0,
1F0C,
1EFA,
1ECE,
1CB2,
1A62,
1911,
18C4,
1CA3,
252F,
322B,
3D48,
435D,
44A9,
493F,
4EB0,
50A9,
4C02,
422E,
36B6,
2F60,
2CC5,
2788,
1BCA,
108E,
0B3A,
0A7A,
0D22,
108C,
1146,
1413,
1CC5,
26AA,
2EFE,
36A0,
3A76,
3C22,
4139,
483F,
4CF0,
4D85,
4AC0,
4A7F,
4F64,
51A9,
4FDE,
4F51,
4DF8,
4B85,
49D7,
4596,
3ECF,
38D1,
3090,
2C44,
2989,
2275,
1B2E,
1500,
0DEF,
095C,
0550,
0256,
06DD,
0C7C,
0DED,
0E01,
1093,
199F,
25C3,
3196,
3BB0,
44C6,
4A14,
4F36,
54ED,
5A14,
5CD9,
5BB2,
57E3,
52DE,
4EA8,
4B34,
4832,
43A2,
3EB9,
38F3,
324C,
2F0F,
2FE1,
32E8,
3302,
3106,
2FB8,
2F14,
2A95,
23C3,
1D3D,
17F2,
1480,
1230,
1199,
10D1,
1084,
11C4,
14DB,
16FF,
19E2,
2088,
2977,
315C,
3495,
345D,
317D,
2E50,
2BBA,
2BDC,
2AFB,
294C,
2873,
25CB,
20C6,
1C56,
19C0,
1778,
188A,
1B40,
1E15,
1DEE,
1E0D,
1E65,
1FD2,
243C,
29AD,
2AC7,
299B,
2A53,
2B96,
2F0D,
3269,
34DE,
37D7,
3CAC,
40D6,
43A2,
45A8,
4739,
4AB3,
4FF4,
56BB,
5B52,
5DEE,
5D42,
5B27,
58E0,
57EF,
583A,
568D,
50E4,
4975,
43D4,
3E85,
3AF7,
37D6,
34E1,
3215,
2ECD,
2AFB,
2669,
2332,
21D1,
2349,
25F6,
27E6,
2693,
2383,
2027,
1E83,
21BD,
27CD,
2E27,
3182,
32BE,
3252,
30E6,
339B,
3856,
3C67,
41A6,
45A5,
4463,
43C8,
4469,
4531,
478A,
49A6,
4BDB,
4BF9,
49FD,
47D0,
46AE,
4517,
4510,
4698,
4846,
4962,
4A71,
4A5D,
4891,
4718,
45C2,
4238,
3DFB,
3C90,
3C6A,
3B41,
3869,
344D,
2F9E,
2C13,
2A8E,
2B89,
2E0A,
311D,
3338,
3470,
348E,
3405,
33A6,
3596,
36A7,
368E,
35B0,
3468,
329E,
30F5,
3194,
32D4,
3585,
38CB,
3B0C,
3973,
3828,
35BC,
31F3,
2EA2,
2CD0,
2B87,
2BB0,
2BB5,
28FC,
2596,
2503,
2701,
2A37,
2C77,
2A56,
2379,
1CFF,
1B80,
2012,
2BEA,
3948,
3E37,
3874,
2E09,
2415,
2299,
2CC7,
3C8B,
4A09,
4EF6,
4644,
346F,
249D,
1DF1,
23C9,
300A,
3BB9,
40FC,
3D42,
321C,
2804,
20F3,
1DAD,
1D90,
1D8A,
1B89,
1831,
143F,
1090,
0C0D,
0414,
FC9C,
FDC0,
0608,
10CC,
1874,
1AE3,
1A23,
161D,
0DD9,
06D4,
03F2,
06EB,
0CC8,
1368,
19B8,
1B56,
188F,
1655,
121C,
0C1F,
079F,
027B,
FFB5,
00D8,
0713,
0F86,
1599,
1682,
0FC7,
0608,
0111,
046F,
0C19,
107F,
0CE2,
03D6,
F847,
EC63,
E958,
EB65,
EFEC,
F5C3,
F7CE,
F1D0,
EE70,
EF49,
EFA9,
F236,
F396,
EF0F,
EA37,
E744,
E8F4,
F0F9,
F99C,
FD10,
FC9E,
F825,
EF9F,
EBD9,
EC55,
EED5,
F19B,
F4E4,
F353,
F119,
EFDA,
EFEB,
EF80,
ED1E,
EA34,
E96B,
EC3B,
F203,
F615,
FAED,
FF67,
0022,
FEA6,
FFB5,
0153,
014E,
040A,
07D2,
0B41,
0C28,
0C78,
09B4,
0681,
034C,
0091,
FE98,
011A,
06C7,
081D,
06A3,
02BF,
FF2D,
03E1,
0EF8,
1974,
21AC,
2071,
15CC,
0A77,
00E8,
FD71,
00DB,
05E5,
0660,
0279,
FA42,
F372,
EED5,
EF97,
F4F8,
FAE0,
FD42,
FC37,
F3DF,
E7A6,
E101,
E199,
E61C,
ED31,
F2AA,
F1E2,
ECC8,
E4CB,
DC3E,
D850,
DC04,
E1ED,
E8E8,
EC39,
EB07,
E961,
E84D,
E520,
E1DD,
E081,
E3C6,
EB67,
F623,
FC02,
FBF1,
F5BB,
ED83,
E4A9,
E0E2,
E0DA,
E630,
E8F8,
E648,
E2A8,
DB80,
CE9E,
C352,
BF8A,
C102,
C51B,
C875,
C8E9,
C623,
C7D2,
D3B3,
E9D7,
FFC3,
01C7,
E4C6,
B8FE,
A22D,
B325,
DE13,
0572,
147F,
FD09,
CFCD,
AF64,
A265,
ADAD,
CCA3,
E201,
E133,
D97E,
C365,
AE78,
B399,
C98A,
D911,
D601,
D84C,
DB06,
CC32,
C718,
D75B,
D049,
C226,
C920,
CE23,
CE1D,
DA67,
E337,
E1AD,
DA79,
D161,
C99A,
CC79,
D23C,
DADC,
E04B,
DCB2,
D59C,
CB6E,
C6CA,
CC0B,
D752,
E309,
F04B,
F927,
FA99,
F329,
E71A,
DFBD,
D778,
CFFC,
C93A,
C868,
CAE3,
D069,
D586,
D85F,
D676,
D579,
D444,
D7D0,
DF58,
E526,
E365,
DB90,
CF6D,
C6B8,
C4E3,
C87E,
CE5F,
D4E5,
D65A,
D40F,
D05E,
CFC2,
D654,
E0E6,
E62D,
E702,
E024,
D7B3,
D454,
D5DD,
DA7B,
E08A,
E20C,
E149,
DAE7,
D4F8,
D417,
D53B,
D8C5,
DE26,
E00D,
E05C,
E20B,
E2FD,
E3A2,
E0D6,
DD62,
DCC7,
DFD3,
E68F,
E9C9,
E878,
E47E,
E0E0,
DF45,
DF48,
DEEB,
E06B,
E03F,
DFBA,
E218,
E2B4,
E0B2,
DD67,
D9A8,
D7D8,
D3C3,
CDE3,
C8F6,
C478,
C275,
C20E,
C04A,
C019,
C212,
C7FD,
D02C,
D799,
DB94,
DB7D,
DA6F,
DB72,
DECC,
E406,
E708,
E524,
E137,
DE92,
DED0,
E14E,
E26D,
E44B,
E1D1,
DDB2,
DAB1,
DAB1,
D979,
D9A5,
D8E9,
D671,
D414,
D218,
CD2E,
CD2C,
C9C4,
C809,
C573,
C748,
C86D,
C736,
C4AC,
C6ED,
C18A,
ED61,
F8E6,
F15D,
F0CE,
EEFE,
F217,
EEAA,
EA68,
E0A2,
DB77,
D30A,
CC91,
C74C,
C03F,
BC0B,
BEDF,
BF7A,
BF18,
C238,
C8A8,
CCC5,
D1D9,
D620,
DD1F,
E985,
F891,
0602,
0E0F,
0F11,
0A63,
008D,
F610,
ECAB,
E277,
D846,
CD4A,
BB2A,
A77A,
9909,
8DD0,
8363,
8020,
84A9,
8D94,
96EA,
A005,
AAC2,
B960,
C70D,
D422,
E074,
EBDC,
F5C4,
FF03,
04D9,
033A,
F98D,
EE5D,
E33F,
D840,
CBC3,
C15B,
B7E9,
A9F6,
98FE,
8E83,
8979,
8910,
8B29,
89B6,
87F7,
8E2B,
9A3E,
A8BB,
B347,
BCC3,
C5FF,
CB6D,
CE68,
D611,
DA28,
D9A9,
D820,
D664,
CFF9,
C4F0,
BC64,
BCCD,
BB90,
B288,
A763,
A3CB,
A399,
A253,
A362,
A96B,
B0A8,
B902,
C196,
CBF5,
D842,
E37E,
EBB0,
F587,
FE23,
012D,
0078,
FE22,
F502,
EA8B,
E146,
D457,
C4F4,
B940,
B0ED,
A96E,
A2A4,
9D45,
9874,
9688,
9B2A,
9FBA,
A77C,
B32B,
C3F0,
D34D,
DDF7,
E675,
EFF8,
F6DB,
F70B,
F217,
ED2A,
F179,
F60B,
F6AE,
F29D,
ED78,
EAA0,
EB9F,
F0E7,
F5BE,
F6AB,
F0FD,
E6D1,
E011,
E00F,
E552,
EBC2,
EF35,
EF3B,
EDBE,
EC64,
EF36,
F9C3,
0435,
0C93,
0DCA,
0A53,
0012,
F626,
F248,
F033,
EED6,
EFB6,
EC3D,
E1A8,
DAD8,
D98F,
DABE,
DEB3,
E4A7,
EC2C,
F3DB,
FE72,
0BF7,
1604,
146E,
0ECD,
0DCC,
0FD8,
0D57,
0145,
ED2A,
DADD,
D5D7,
DA80,
DB96,
D3AB,
CC4D,
CCF1,
D4B7,
DD4D,
EA10,
F768,
FE72,
036D,
0B6E,
141C,
1742,
1329,
0D47,
0DEC,
10D3,
108A,
0A92,
017A,
FAC9,
F8D4,
F5D3,
F32A,
F608,
FB7F,
FEFA,
0641,
0E2B,
1151,
0BE8,
023B,
FB0C,
FA72,
F6A3,
EC15,
DE75,
D18C,
C239,
B5A2,
AF7A,
AE2B,
AB81,
A935,
AA06,
B03F,
BB77,
C8ED,
D8C7,
EC2E,
FE45,
09F1,
128C,
19BE,
1EB9,
200C,
2210,
25C5,
2305,
19CA,
1231,
0E45,
0E5B,
125B,
150A,
1644,
13E7,
0FDD,
0B43,
0574,
FE86,
F7FF,
EFD3,
E4EE,
D925,
CC86,
C495,
C0E6,
BF7B,
BF0F,
C118,
C7DD,
D461,
DF9E,
E6E6,
EF94,
FAFF,
06F3,
0E05,
0CC6,
0BBA,
0CA3,
0C29,
09B2,
057F,
00BE,
FC64,
F7B6,
F0D7,
EC7B,
E98E,
E58F,
DE56,
D650,
CF82,
D10C,
D707,
D85F,
D78C,
DA63,
E033,
E949,
EFDB,
F412,
FA81,
0494,
0F76,
19FD,
2044,
2216,
2676,
2DA5,
3456,
3723,
388E,
3B61,
3E85,
3E41,
3AE9,
396A,
3AE6,
3AB1,
3432,
2CAD,
2827,
2396,
1BC4,
12B3,
0EDC,
0C76,
0702,
0108,
FD63,
FD0A,
FFCC,
0284,
0477,
05CB,
05BD,
05BE,
0695,
0972,
0E28,
117B,
0FD2,
0A45,
0795,
0C22,
13D7,
1934,
1AFC,
1B85,
1E6E,
230B,
25BF,
2523,
285B,
3126,
38E3,
3D1F,
407E,
45EB,
4B90,
4E64,
4E2E,
5011,
5252,
5321,
5115,
4EA6,
4CE7,
4BAA,
4812,
426B,
3C53,
37B7,
3322,
2CB1,
26C9,
2561,
27C8,
2BA5,
2FED,
3258,
31F4,
3224,
354A,
38CB,
387E,
35B2,
34D3,
33FD,
2DA6,
240A,
1F5E,
1F12,
1E8C,
1C59,
1A04,
1850,
17E2,
1BD2,
242E,
30BD,
3C05,
428C,
44CA,
4A19,
5055,
5304,
4EE2,
4522,
3978,
320B,
2FB1,
2ACC,
1F45,
13D8,
0DF3,
0CAA,
0EA9,
10EB,
1067,
123C,
1A5C,
23F2,
2BC6,
32FC,
367F,
37C9,
3D01,
44BA,
49C0,
4AEA,
490D,
498F,
4F38,
524F,
50C1,
5043,
4F05,
4CB2,
4B64,
477F,
4102,
3B18,
32C2,
2DE4,
2B4A,
2474,
1CCD,
1622,
0EAF,
0976,
04F4,
01A3,
0578,
0A81,
0B6E,
0B07,
0D31,
15F3,
2220,
2E21,
38CE,
4282,
48A1,
4E5E,
5458,
5A42,
5E67,
5E64,
5B2A,
565F,
51F2,
4E58,
4B1B,
4698,
41EB,
3C33,
35B0,
3271,
32F2,
353C,
34A9,
320B,
3029,
2EDA,
29FB,
22C2,
1B97,
1599,
1163,
0EAF,
0DB5,
0C6C,
0B9A,
0CA9,
0FB6,
1230,
155C,
1C02,
24E9,
2CFA,
313E,
325F,
30B1,
2E83,
2CAD,
2CC5,
2C0D,
2AFF,
2AB6,
28AF,
2459,
205C,
1DAE,
1B57,
1BF2,
1DF9,
203C,
2062,
20AF,
2123,
228B,
2679,
2B47,
2C61,
2B55,
2BE2,
2D27,
3042,
330D,
34FB,
3785,
3BFE,
401E,
42FF,
4514,
46CD,
4A17,
4F12,
557A,
5A19,
5CEA,
5CD3,
5B4F,
598E,
589F,
586A,
565A,
50D6,
49C5,
443B,
3F14,
3B7F,
3828,
34C1,
3165,
2DC4,
29E7,
2595,
2246,
2092,
215D,
2350,
24C4,
23C5,
2176,
1EE8,
1DB9,
20BC,
2663,
2C7E,
3025,
31E4,
3229,
31CD,
34E8,
3988,
3D46,
41DF,
4572,
44BB,
4496,
45B4,
46F7,
495F,
4B5E,
4D0E,
4CD0,
4B09,
4925,
47FE,
4696,
4698,
47AC,
48D9,
497E,
49FA,
49AC,
4814,
468C,
4521,
41B9,
3D8F,
3BCF,
3B1B,
397F,
36AD,
32D2,
2E9F,
2B84,
2A00,
2A97,
2C88,
2ECD,
3059,
3150,
3189,
3180,
31DA,
341F,
3589,
358D,
34D8,
33CE,
324D,
310E,
31E0,
3356,
361B,
393D,
3B67,
3A6A,
3961,
3713,
3386,
3066,
2EAD,
2D62,
2D3B,
2CF0,
2A2F,
26D0,
2632,
2818,
2B43,
2D7E,
2B49,
2419,
1CF8,
1AD7,
1F8A,
2BC0,
3976,
3EBE,
3901,
2DDD,
235C,
21BB,
2C24,
3C5A,
4A4D,
4F4C,
4693,
34FB,
25A8,
1F62,
253B,
31AE,
3D8A,
4312,
3FA5,
349F,
2A05,
2241,
1E18,
1D2A,
1C85,
1A2D,
1706,
13BF,
1100,
0D00,
04CD,
FC77,
FC31,
0375,
0E11,
15FC,
18FA,
18C9,
14FF,
0CB9,
05A4,
0348,
06CC,
0CDA,
13C9,
1A77,
1C36,
199B,
176B,
1348,
0D90,
0939,
03DF,
004F,
0150,
07D1,
10C6,
17CC,
1947,
1220,
0766,
017E,
0426,
0BBE,
10C6,
0D6E,
03A8,
F6FA,
EA81,
E6C3,
E8F3,
EDB3,
F361,
F54B,
EFC9,
EC1E,
EC81,
ED33,
F007,
F1B2,
EDDD,
E931,
E68E,
E8C7,
F0F7,
F9AF,
FDAE,
FD78,
F8EC,
F0C5,
ECDC,
ED29,
EFFD,
F370,
F6DD,
F56D,
F2BA,
F126,
F179,
F136,
EEBB,
EB5F,
EA0E,
ECB7,
F24A,
F639,
FAC8,
FEBC,
FF2C,
FE35,
FFDE,
0201,
027E,
04FB,
089C,
0BD1,
0CCD,
0D77,
0B56,
084D,
056D,
029D,
0059,
0273,
07B2,
094A,
0828,
0481,
011E,
0538,
0F90,
19DE,
21E4,
20BE,
15EF,
09FD,
0086,
FD36,
00A5,
0586,
05B4,
016C,
F93C,
F1FF,
ED40,
EDCC,
F358,
F9E7,
FCB9,
FB10,
F264,
E67D,
E095,
E1F4,
E6E1,
EDF5,
F367,
F27F,
ED1D,
E504,
DCD9,
D997,
DD2B,
E24F,
E851,
EB65,
EA7C,
E923,
E843,
E553,
E24D,
E116,
E3BA,
EA9C,
F50F,
FB7D,
FC27,
F6CE,
EED2,
E608,
E1CB,
E154,
E62C,
E8D3,
E612,
E280,
DBC5,
CF21,
C3E9,
BFBC,
C059,
C3EC,
C71F,
C721,
C478,
C66D,
D282,
E912,
FF6C,
0178,
E3EB,
B6CC,
9EA2,
AFBE,
DC12,
05BF,
166C,
FF23,
D151,
B018,
A230,
ACDD,
CC12,
E225,
E2D3,
DBC5,
C4E1,
AE22,
B1B2,
C78E,
D848,
D7AF,
DB73,
DDC3,
CC63,
C4E1,
D468,
CE17,
C1FD,
CB7C,
D0F6,
D013,
DBF9,
E3D9,
E11F,
DA3E,
D196,
CA31,
CD3A,
D388,
DBAE,
DFF4,
DBEE,
D480,
CAC4,
C705,
CD2D,
D8D1,
E4F3,
F1FC,
FAA5,
FC0B,
F4A1,
E88B,
E097,
D82A,
D059,
C989,
C866,
CAAC,
D040,
D647,
DA28,
D8B1,
D6FE,
D4D9,
D72F,
DE1F,
E3B7,
E1E1,
DA3A,
CE57,
C544,
C2F3,
C623,
CC14,
D2FE,
D52A,
D3C2,
D0F1,
D0BE,
D715,
E0CC,
E5AF,
E6BA,
E0DE,
D9B8,
D73F,
D92C,
DDA8,
E320,
E40F,
E30F,
DD43,
D7CC,
D6CA,
D7B1,
DAAF,
DF27,
E031,
DFE9,
E0E8,
E190,
E220,
DF7F,
DC11,
DB45,
DDBD,
E3FA,
E71B,
E5D7,
E1F8,
DE84,
DD19,
DDC8,
DE1A,
DFED,
DFFD,
DFB8,
E1CC,
E233,
E049,
DD57,
D9A9,
D78E,
D383,
CE34,
C9C9,
C5C1,
C38A,
C2B2,
C082,
C05B,
C2B4,
C92D,
D16F,
D870,
DBB3,
DB0A,
D91F,
D99F,
DC9A,
E197,
E45E,
E275,
DE8D,
DC5B,
DCB9,
DF45,
E055,
E206,
E011,
DCE5,
DA44,
DA64,
D969,
D9C6,
D8EE,
D6F8,
D492,
D298,
CDE2,
CD4F,
C973,
C78D,
C4D6,
C68A,
C6AC,
C55D,
C1A5,
C3E3,
BE06,
ECA5,
F9DD,
F147,
F182,
EF26,
F1DB,
EE9D,
EAB2,
E14B,
DC53,
D493,
CE22,
C764,
BFB4,
BA97,
BC3C,
BBE7,
BB34,
BDD8,
C3D6,
C7CC,
CCCC,
D16D,
D95D,
E660,
F61F,
0437,
0DA6,
105C,
0D9F,
057E,
FBF7,
F283,
E80B,
DDA5,
D2C2,
C09D,
AC92,
9D8B,
9180,
85AA,
8020,
8197,
87C5,
8F33,
97CB,
A31A,
B26B,
C09E,
CDA6,
D9A7,
E52F,
F005,
FB4E,
0397,
0428,
FC88,
F292,
E7C7,
DCC4,
D075,
C654,
BD3C,
AF99,
9E92,
932F,
8CD0,
8B4E,
8C4B,
89D7,
86B6,
8B73,
96B0,
A49A,
AF2F,
B909,
C2B7,
C88D,
CC1E,
D42B,
D8EF,
D8A3,
D7F4,
D7D8,
D264,
C7EB,
C007,
C02A,
BE75,
B4FF,
A9B9,
A623,
A5D8,
A403,
A3E8,
A88F,
AF20,
B71A,
BF5D,
C9B7,
D68E,
E2A1,
EBBC,
F5A6,
FDDF,
0104,
0149,
FFF4,
F7E6,
EE37,
E58A,
D8A0,
C8A7,
BC50,
B313,
AA4F,
A266,
9C00,
96AF,
94FF,
994E,
9E06,
A53E,
B06F,
C065,
CF3F,
D990,
E296,
ED87,
F5E8,
F6C9,
F1F3,
ED75,
F1C2,
F796,
F985,
F68F,
F213,
EF6E,
F030,
F444,
F851,
F97F,
F461,
EA32,
E283,
E190,
E655,
EC63,
EFAE,
EFB4,
EDBE,
EBB9,
EE8A,
F8DD,
02D7,
0A56,
0C3F,
08D3,
FEB1,
F549,
F15E,
EEBE,
ED41,
EE0C,
EA58,
DFBE,
D8CA,
D73A,
D7C5,
DB13,
E102,
E8C6,
F146,
FCD2,
0B61,
162E,
158C,
10BB,
102B,
125B,
105D,
050B,
F129,
DE72,
D8F7,
DD85,
DE31,
D5CB,
CE1C,
CE5E,
D51F,
DD2D,
E970,
F666,
FD1F,
01CF,
0A07,
12F9,
1646,
123D,
0C0E,
0BD2,
0E6D,
0E0F,
082B,
FEF8,
F7FF,
F5E2,
F2E4,
EFB6,
F21E,
F783,
FB77,
037B,
0CDF,
10DD,
0BE9,
027C,
FBC0,
FB6A,
F88E,
EF33,
E2B8,
D5D7,
C625,
B86D,
B106,
AEE9,
AC68,
A9F2,
AA40,
B020,
BAFE,
C7D3,
D705,
EA15,
FC31,
081D,
10D1,
1884,
1DF3,
1F9F,
21F9,
25A8,
2320,
1AB3,
13E3,
1067,
10A7,
14BE,
1808,
197C,
1774,
1377,
0EC2,
08DA,
01AE,
FA94,
F1FC,
E709,
DA9C,
CD32,
C40F,
BF2E,
BC4F,
BAD9,
BC30,
C294,
CEBF,
DA08,
E1AC,
EA32,
F55E,
01A4,
09C0,
0A25,
0A48,
0BF7,
0BF7,
09FA,
069F,
027E,
FE93,
FA74,
F44C,
EFB8,
ECEC,
E9A7,
E2FE,
DAA5,
D3B2,
D4C0,
DA25,
DB0D,
D9AA,
DC54,
E29F,
EB49,
F172,
F541,
FAF8,
046A,
0F61,
1A00,
2078,
22CF,
26FD,
2DAB,
33C6,
3659,
37C3,
3B04,
3EF8,
3F53,
3BCC,
39CF,
3B42,
3AE2,
3430,
2CA0,
2862,
23D2,
1B4D,
11AF,
0CF3,
099F,
03DE,
FE65,
FB69,
FAFD,
FCED,
FF5D,
01B1,
03CD,
04C1,
057E,
0700,
0A76,
0F6F,
12AA,
10A1,
0B28,
0952,
0ECD,
16EB,
1C19,
1D33,
1D01,
1FB8,
250B,
2866,
2810,
2ADF,
330C,
3A7B,
3E28,
412A,
4735,
4DA4,
508F,
5069,
51A9,
52F7,
531F,
511F,
4F17,
4E1F,
4D65,
49B8,
4342,
3C68,
376D,
3266,
2B82,
2584,
23E0,
25BB,
294E,
2D5E,
2F78,
2EE3,
2EFF,
322A,
35D8,
35CC,
335E,
3313,
3304,
2D85,
2496,
1FF5,
1F69,
1E7A,
1C29,
19CD,
17B8,
172D,
1B20,
2340,
2F52,
3AC1,
41C1,
44FA,
4AF9,
51F2,
554D,
51B4,
4814,
3C43,
34C4,
32AF,
2E27,
22E3,
174F,
10DF,
0F19,
107D,
119C,
0FE2,
10BE,
1834,
2159,
289C,
2F5D,
328D,
3369,
38A8,
40FD,
4648,
4805,
4719,
485A,
4EC0,
52B1,
5168,
50F1,
4FCA,
4D9D,
4CBD,
494E,
433A,
3D79,
3523,
2FB9,
2D4C,
26C8,
1ED1,
17B8,
0FEC,
0A0D,
050F,
0166,
047D,
08EA,
094D,
0867,
0A20,
1287,
1EAB,
2AC4,
35F0,
4038,
472C,
4D81,
53AE,
5A50,
5FCE,
60E9,
5E3E,
59AD,
5501,
5138,
4DC5,
4957,
44EC,
3F4F,
3905,
35D6,
3610,
379C,
3664,
332F,
30BB,
2EBB,
297C,
21E7,
1A1F,
136C,
0E64,
0B43,
09E4,
081B,
06BE,
078E,
0A83,
0D50,
10CA,
176A,
203A,
286B,
2DC1,
304D,
2FE2,
2EC0,
2DAE,
2DB4,
2D24,
2CBD,
2D0D,
2BBE,
282F,
24B2,
21F0,
1F8F,
1FB2,
2105,
22AF,
232B,
23B1,
2444,
25A6,
2908,
2D19,
2E2B,
2D46,
2DA9,
2EEE,
319F,
33C5,
351E,
3734,
3B49,
3F5A,
424B,
4464,
463A,
4945,
4DEC,
53EA,
5891,
5B9B,
5C22,
5B38,
5A06,
591C,
5861,
55F6,
50B1,
4A1A,
44B9,
3FC8,
3C31,
38A6,
34CF,
30E4,
2CF2,
2914,
2512,
21B3,
1FA4,
1FAC,
20D3,
21C5,
2126,
1FAD,
1DFB,
1D45,
2004,
252E,
2AF1,
2ED7,
3116,
3212,
32D8,
365A,
3AD6,
3E3A,
421A,
452D,
4506,
455C,
46FD,
48C2,
4B3C,
4D1E,
4E40,
4DA8,
4C25,
4A93,
4969,
483B,
484A,
48E2,
4982,
49A1,
4975,
48E5,
4789,
45FA,
4480,
414A,
3D3D,
3B1E,
39C9,
37B2,
34E4,
3151,
2DAA,
2B14,
2997,
29C0,
2B10,
2C71,
2D62,
2E17,
2E75,
2EF4,
300D,
32A2,
346E,
3496,
3413,
3351,
3228,
3156,
3255,
33F7,
36C5,
39B8,
3BD2,
3B93,
3AE1,
38B5,
355B,
325E,
30B7,
2F70,
2EFC,
2E67,
2BA4,
284B,
2794,
2951,
2C66,
2EA1,
2C65,
24F3,
1D2A,
1A57,
1F17,
2B93,
3989,
3F28,
397F,
2DA7,
229A,
20CF,
2B65,
3C03,
4A6A,
4F7D,
46C3,
357A,
26B5,
20DD,
26B2,
3356,
3F5C,
4521,
41FE,
371B,
2BFC,
238F,
1E93,
1CE3,
1BA9,
18FB,
15FC,
1357,
1182,
0E03,
059F,
FC75,
FAC3,
00FE,
0B64,
1389,
1718,
1776,
13E6,
0BA4,
0480,
02B4,
06CD,
0D03,
1431,
1B2C,
1D04,
1A98,
1875,
1469,
0EFF,
0AD5,
0545,
00E5,
01BF,
0881,
11F6,
19F8,
1C11,
1484,
08C9,
01DE,
03B8,
0B36,
10F3,
0DF8,
0382,
F5B3,
E89E,
E41D,
E666,
EB61,
F0EA,
F2B3,
EDB9,
E9C5,
E999,
EA83,
ED9E,
EF9F,
EC8B,
E82C,
E5F4,
E8AD,
F0F9,
F9BD,
FE40,
FE4F,
F9BF,
F200,
EDF8,
EE12,
F133,
F55F,
F8F4,
F7AA,
F47E,
F28E,
F31E,
F307,
F073,
EC9B,
EAC4,
ED50,
F2AF,
F674,
FAA5,
FDF7,
FE0B,
FDA1,
FFF9,
02B9,
03C3,
05F6,
0965,
0C50,
0D5A,
0E5D,
0CEA,
0A16,
0793,
04AE,
0218,
03B4,
0871,
0A59,
09A3,
0653,
033A,
06B1,
102C,
1A36,
21FA,
20ED,
1604,
097F,
0029,
FD00,
0064,
0503,
04D3,
0029,
F80F,
F06A,
EB8F,
EBE1,
F195,
F8D7,
FC2A,
F9E3,
F0EA,
E55F,
E036,
E260,
E7C6,
EEE0,
F447,
F33E,
ED88,
E54E,
DD8F,
DB0A,
DE87,
E2E4,
E7DB,
EAA0,
E9F1,
E8D5,
E823,
E57B,
E2BE,
E1B4,
E3B0,
E9BE,
F3C7,
FAB0,
FC14,
F7AE,
F005,
E75B,
E2A0,
E1AA,
E5EB,
E868,
E5A4,
E235,
DBFF,
CFAB,
C499,
C00B,
BFBF,
C2C6,
C5D8,
C56F,
C2EA,
C51F,
D14F,
E831,
FEE5,
00F5,
E2F6,
B4A0,
9B21,
AC4A,
D9DD,
05C3,
180D,
0108,
D2C3,
B0CE,
A20D,
AC24,
CB80,
E22A,
E44E,
DDE9,
C659,
ADF4,
B005,
C5C1,
D785,
D94E,
DE77,
E064,
CCA2,
C2DA,
D19A,
CC09,
C1E5,
CDC7,
D3B2,
D1FE,
DD87,
E483,
E0A0,
DA14,
D1C5,
CAAB,
CDC7,
D4A3,
DC50,
DF70,
DB15,
D35E,
CA1B,
C740,
CE4A,
DA40,
E6C5,
F381,
FBE9,
FD44,
F5F4,
E9EC,
E165,
D8D4,
D09F,
C9BB,
C83B,
CA48,
CFFC,
D704,
DBFC,
DB05,
D892,
D564,
D66A,
DCB8,
E220,
E04C,
D8F0,
CD69,
C3FB,
C11B,
C3C5,
C9AB,
D0E1,
D3C1,
D342,
D165,
D1A9,
D7C2,
E08E,
E50B,
E649,
E17F,
DBBF,
DA41,
DCA4,
E108,
E5DD,
E627,
E4D6,
DFA2,
DAB2,
D999,
DA50,
DCC2,
E03C,
E054,
DF6A,
DFAC,
E004,
E07D,
DE08,
DA94,
D98C,
DB62,
E10A,
E40E,
E2DD,
DF23,
DBDF,
DAA8,
DC12,
DD25,
DF52,
DFA8,
DFB0,
E17B,
E1B0,
DFDF,
DD48,
D9AF,
D744,
D34A,
CE98,
CAB5,
C72F,
C4CC,
C37D,
C0D9,
C0AE,
C35F,
CA6E,
D2CB,
D95A,
DBD6,
DA92,
D7C7,
D7C5,
DA5E,
DF13,
E198,
DFAC,
DBC8,
DA02,
DA71,
DCF9,
DDEA,
DF64,
DE05,
DBE3,
D9AB,
D9E5,
D928,
D9BF,
D8E1,
D786,
D520,
D327,
CEB7,
CD8D,
C942,
C72F,
C453,
C5DC,
C4EE,
C38D,
BEAF,
C0CF,
BA87,
EBBD,
FA95,
F112,
F21C,
EF3C,
F174,
EE7C,
EB00,
E22C,
DD85,
D69D,
D053,
C832,
BFF9,
B9FD,
BA56,
B902,
B7F4,
BA04,
BF73,
C332,
C800,
CCDD,
D59E,
E30F,
F347,
01E0,
0CA4,
110F,
1055,
0A19,
01B8,
F856,
EDBD,
E34B,
D8B2,
C6D8,
B2C2,
A355,
9695,
896F,
81A2,
8001,
8338,
8896,
908B,
9C47,
AC08,
BA7E,
C738,
D2AF,
DE26,
E9C3,
F6F5,
019E,
045F,
FEEA,
F64A,
EBEF,
E10F,
D524,
CB76,
C2E7,
B5DD,
A515,
98F9,
9160,
8ED4,
8EB5,
8B44,
86C5,
89F7,
9439,
A15B,
ABD4,
B5E9,
BFE5,
C606,
CA17,
D25E,
D7B0,
D788,
D7B1,
D93B,
D4D6,
CB1A,
C406,
C3E3,
C1C6,
B804,
ACB7,
A927,
A8CF,
A677,
A535,
A870,
AE3F,
B5AD,
BD77,
C7AC,
D4EB,
E1AE,
EBA4,
F59D,
FD6B,
00A0,
01D2,
016F,
FA8E,
F1CE,
E9D9,
DD24,
CCCE,
C003,
B5F6,
ABF9,
A2FA,
9B8F,
95C9,
9470,
9871,
9D54,
A3F9,
AE8B,
BD6D,
CB85,
D54C,
DEB2,
EAF4,
F4BF,
F653,
F1AB,
EDAB,
F1E3,
F8EF,
FC2A,
FA62,
F6A1,
F437,
F4BB,
F78A,
FAC8,
FC49,
F7DA,
EDCE,
E542,
E353,
E78A,
ED2F,
F053,
F060,
EDFC,
EB4F,
EE20,
F822,
0188,
080C,
0AA6,
0742,
FD58,
F49C,
F0A2,
ED64,
EBBD,
EC63,
E873,
DDF9,
D6F9,
D520,
D4FE,
D793,
DD65,
E54D,
EE97,
FB08,
0A83,
1601,
166C,
127F,
1260,
14A5,
132A,
08B9,
F553,
E26F,
DC8D,
E0F5,
E13C,
D875,
D086,
D062,
D600,
DD72,
E913,
F57F,
FBDB,
003E,
089B,
11B0,
1508,
1108,
0A92,
0976,
0BC5,
0B4D,
057A,
FC37,
F4FD,
F2B4,
EFC9,
EC26,
EE12,
F354,
F7C2,
0077,
0B41,
100D,
0BA5,
029C,
FC76,
FC6F,
FA9C,
F29A,
E772,
DAC1,
CAE2,
BC33,
B3A5,
B0CA,
AE84,
ABEA,
ABB8,
B132,
BB8F,
C791,
D5E6,
E854,
FA28,
0628,
0ED5,
16E6,
1CA8,
1E9B,
213C,
24D1,
227A,
1AE3,
14DB,
11CC,
123C,
166E,
1A66,
1C26,
1A89,
16AF,
11FD,
0C21,
04DF,
FD47,
F45F,
E986,
DCA0,
CE9C,
C464,
BE5E,
BA10,
B78C,
B81D,
BDFC,
C99D,
D4D2,
DCBF,
E4FC,
EFBC,
FC2A,
052D,
0734,
0886,
0AF7,
0B72,
09F3,
077A,
0408,
009B,
FD1C,
F7C9,
F310,
F076,
EE05,
E80E,
DF79,
D87F,
D914,
DDD0,
DE44,
DC4D,
DEC2,
E589,
EDB6,
F366,
F6C6,
FBAA,
0449,
0F26,
19B1,
2043,
231A,
2705,
2D15,
327D,
34CC,
3629,
39C6,
3E7D,
3F7C,
3BD6,
3972,
3AF0,
3A72,
33A4,
2C24,
283E,
23C2,
1AAC,
10A7,
0B13,
06D9,
00E1,
FBF6,
F9A6,
F925,
FA3B,
FC5D,
FF12,
01F2,
03F0,
0570,
079E,
0BAB,
10DE,
13F8,
1192,
0C34,
0B40,
11A2,
1A18,
1F10,
1F76,
1E73,
20E2,
26DB,
2AD9,
2AD4,
2D36,
34A4,
3BA1,
3EA6,
4132,
47C1,
4EE3,
51D6,
51C8,
526B,
52C8,
5243,
504C,
4EA8,
4E84,
4E67,
4AC1,
4392,
3C0F,
36D1,
3170,
2A2C,
2425,
2241,
238A,
26CE,
2A9D,
2C5B,
2B99,
2B9E,
2EC1,
3299,
32DA,
30DC,
312B,
31E1,
2D48,
251F,
2095,
1FC3,
1E61,
1BEC,
198B,
171E,
1676,
1A5B,
2220,
2D91,
390D,
407D,
44B3,
4B4B,
52E1,
56D4,
53CE,
4A70,
3E98,
371E,
3554,
3137,
2657,
1ABD,
13D3,
11A3,
1278,
127D,
0F9E,
0F83,
1627,
1EAA,
253B,
2B73,
2E4C,
2EB1,
33D4,
3C9B,
420E,
4455,
4460,
465A,
4D66,
522F,
5133,
50BE,
4FAC,
4DAA,
4D48,
4A6D,
44EE,
3F77,
3745,
3164,
2F33,
2920,
20FB,
1992,
1188,
0B0C,
0599,
019E,
03ED,
07AF,
0783,
061A,
0758,
0F44,
1B34,
273C,
32BC,
3D74,
4534,
4C0F,
5252,
598F,
6051,
627B,
605D,
5C0E,
5725,
532D,
4F8C,
4B43,
4728,
41BC,
3BCB,
38C4,
38C1,
3990,
37BF,
3408,
310E,
2E5F,
28CD,
20F5,
18AA,
114E,
0B73,
07E6,
0625,
03E1,
01F4,
0275,
053E,
0859,
0C1C,
12A4,
1B3E,
2374,
29D5,
2DD0,
2EB4,
2EAB,
2E63,
2E4F,
2DE9,
2E2B,
2F17,
2E9A,
2BEE,
2904,
2639,
23D7,
2380,
241D,
2524,
25FD,
26C3,
2779,
28D2,
2B96,
2EC9,
2FCA,
2F12,
2F4B,
308D,
32C3,
342D,
34E2,
3680,
3A24,
3E15,
410A,
4318,
44FB,
47B1,
4BF0,
516D,
5612,
5954,
5A7D,
5A31,
5996,
58B7,
5772,
54BA,
4FD9,
49E5,
44CA,
4025,
3C97,
38E2,
34A6,
3038,
2C04,
2837,
249A,
213C,
1ECE,
1E00,
1E4A,
1EB2,
1E7E,
1DF2,
1D2D,
1CF0,
1F5E,
23F0,
2937,
2D43,
2FF7,
31AC,
33A3,
3785,
3BCC,
3ECA,
41D8,
4451,
44BA,
4591,
47B3,
49FD,
4C89,
4E4A,
4ED5,
4DE6,
4CB9,
4B82,
4A59,
4972,
4993,
49A8,
49B3,
493B,
4857,
477E,
4667,
44DB,
435E,
4070,
3C91,
3A0C,
380A,
3576,
32AD,
2F6E,
2C6B,
2A71,
2905,
28B8,
2954,
29BC,
2A05,
2A78,
2B03,
2C12,
2DE9,
30C4,
32F5,
3349,
32FE,
3293,
31D0,
3173,
3294,
3452,
3716,
39CC,
3BDA,
3C79,
3C36,
3A35,
370A,
3424,
3287,
314D,
3095,
2FBD,
2D07,
29BA,
28DB,
2A5A,
2D48,
2F82,
2D54,
25BE,
1D60,
19D0,
1E81,
2B10,
3911,
3EF6,
397B,
2D10,
2192,
1F9A,
2A39,
3B13,
49D2,
4EEF,
464B,
3583,
2778,
2220,
27E2,
349D,
40B0,
469E,
43C5,
391F,
2D92,
2497,
1EE5,
1C87,
1AC6,
17C8,
14EE,
12E4,
11F3,
0EF8,
067D,
FC9D,
F988,
FEA9,
08B7,
10FF,
1519,
1602,
12B3,
0A8B,
0367,
0236,
06E2,
0D2D,
1478,
1BA4,
1D88,
1B50,
193F,
1557,
1049,
0C56,
069C,
016D,
021B,
090D,
12EC,
1BE2,
1E9E,
16C2,
0A1B,
022A,
031C,
0A6A,
10E1,
0E61,
035D,
F488,
E6EF,
E1A3,
E3F8,
E925,
EE84,
F026,
EBC6,
E796,
E6C5,
E7CC,
EB29,
ED84,
EB44,
E75A,
E5AC,
E8D5,
F11E,
F9D4,
FEC7,
FF24,
FAA7,
F367,
EF4C,
EF2E,
F28F,
F778,
FB31,
FA13,
F678,
F429,
F4F0,
F507,
F25F,
EE0C,
EBB6,
EE29,
F34B,
F6D8,
FA8F,
FD1E,
FCC8,
FCF1,
0004,
0373,
0513,
06EF,
0A18,
0CA7,
0DB3,
0F0C,
0E52,
0BC4,
09AA,
06B3,
03C9,
04D1,
08F1,
0B31,
0AFD,
0822,
0574,
083E,
10AB,
1A49,
21AC,
20BD,
15E3,
08F0,
FFD7,
FCD6,
0018,
0455,
03B9,
FEB4,
F6CA,
EED4,
E9EF,
EA03,
EFD2,
F7C2,
FB9C,
F8BF,
EF90,
E480,
E020,
E315,
E8F6,
F011,
F561,
F436,
EE2E,
E5DC,
DEA0,
DCEF,
E056,
E3E4,
E7B6,
EA18,
E992,
E8A5,
E81E,
E5CB,
E365,
E293,
E3DC,
E8F7,
F263,
F9A6,
FBBD,
F867,
F136,
E8CF,
E394,
E20F,
E599,
E7E1,
E52E,
E200,
DC6E,
D094,
C5CF,
C0EC,
BFB1,
C220,
C514,
C448,
C1F6,
C45C,
D079,
E766,
FE33,
0040,
E223,
B315,
987C,
A977,
D7C7,
0572,
1930,
02B2,
D477,
B21C,
A2AF,
AC23,
CB55,
E247,
E5D7,
E025,
C835,
AE89,
AF30,
C494,
D716,
DB22,
E191,
E31D,
CD52,
C17D,
CF53,
CA89,
C257,
D05C,
D6A4,
D433,
DF50,
E567,
E071,
DA47,
D249,
CB6E,
CE7F,
D5DA,
DD01,
DEFD,
DA6E,
D28D,
C9DC,
C7E7,
CFC0,
DBE4,
E8A9,
F4ED,
FCF6,
FE45,
F72E,
EB62,
E260,
D9BD,
D129,
CA38,
C851,
CA1F,
CFF7,
D80A,
DE1C,
DDB3,
DA7B,
D636,
D5D6,
DB6C,
E0A3,
DEED,
D804,
CD0B,
C356,
BFDB,
C1E1,
C798,
CEF4,
D27C,
D2EB,
D213,
D2DA,
D8A5,
E06A,
E476,
E5DF,
E23F,
DE04,
DD95,
E07B,
E4CB,
E8EB,
E881,
E6CD,
E239,
DDE6,
DCC4,
DD55,
DF3B,
E19F,
E0B2,
DF20,
DE9B,
DE9C,
DEFB,
DCB2,
D935,
D7E8,
D90B,
DE02,
E0DF,
DFC9,
DC44,
D93B,
D83F,
DA6D,
DC51,
DED8,
DF7E,
DFE1,
E162,
E165,
DFB5,
DD80,
DA05,
D74D,
D370,
CF6F,
CC21,
C92D,
C6A9,
C4E3,
C1C8,
C189,
C482,
CC20,
D494,
DA9E,
DC40,
DA5D,
D6B5,
D633,
D864,
DCBE,
DEF4,
DD0A,
D933,
D7D5,
D845,
DAB0,
DB71,
DCA7,
DBEF,
DAF1,
D930,
D97C,
D8FF,
D9D5,
D90A,
D866,
D60A,
D41A,
D00A,
CE47,
C99C,
C75E,
C45F,
C5AE,
C3AA,
C241,
BC53,
BE31,
B79E,
EAC4,
FB0A,
F0CB,
F2A2,
EF51,
F0F2,
EE58,
EB64,
E35A,
DF26,
D943,
D349,
C9EF,
C156,
BA92,
B98D,
B731,
B5C3,
B72B,
BBEB,
BF64,
C3DC,
C8CD,
D22D,
DFC9,
F02C,
FF0C,
0B03,
1112,
125B,
0E2B,
071E,
FDF8,
F370,
E925,
DF12,
CDE6,
BA28,
AA9B,
9D57,
8F15,
8524,
804F,
809C,
83CF,
8AFD,
96EE,
A6C8,
B52B,
C14D,
CBFC,
D723,
E34B,
F227,
FEFC,
03D6,
009D,
F973,
EFAB,
E51F,
D9D9,
D0D1,
C8FF,
BCDD,
ACB3,
A021,
977D,
9402,
92D1,
8E71,
88A9,
8A46,
9364,
9F80,
A9AE,
B3D1,
BDEC,
C434,
C8A7,
D0F1,
D6A6,
D691,
D78A,
DAAF,
D76E,
CEA3,
C888,
C822,
C5B1,
BBD2,
B0A0,
AD20,
ACC5,
A9FE,
A7A4,
A971,
AE67,
B519,
BC39,
C61F,
D392,
E0CC,
EB7D,
F577,
FCCE,
0005,
020C,
0289,
FCED,
F542,
EE2C,
E1EA,
D185,
C483,
B9D2,
AEBC,
A4C2,
9C68,
9642,
9557,
990B,
9E18,
A41E,
ADE9,
BB6C,
C879,
D17D,
DB11,
E86C,
F378,
F5B9,
F154,
EDE1,
F1ED,
FA16,
FE8F,
FE00,
FB0C,
F8E4,
F92A,
FAA9,
FD16,
FEF9,
FB58,
F199,
E854,
E569,
E8FF,
EE33,
F12F,
F14B,
EE89,
EB42,
EE0F,
F7A0,
004F,
05BE,
0900,
05A5,
FC18,
F433,
F02F,
EC49,
EA6E,
EAE0,
E6BA,
DC8E,
D5A1,
D384,
D2AE,
D47A,
DA10,
E1F9,
EBF3,
F924,
0954,
1562,
16EA,
13F4,
1441,
168A,
158E,
0C26,
F990,
E6D3,
E0A5,
E4DB,
E4C4,
DBC3,
D3B0,
D321,
D782,
DE3F,
E913,
F4C5,
FAB5,
FEC9,
072D,
1038,
137C,
0F82,
08D6,
06E0,
08E4,
084E,
0292,
F954,
F1E8,
EF74,
ECAB,
E8AE,
EA16,
EF1F,
F3FE,
FD4B,
094F,
0ED1,
0B0C,
0297,
FD28,
FD7A,
FCBF,
F63A,
EC95,
E049,
D084,
C120,
B798,
B418,
B21E,
AF6A,
AEBF,
B3C4,
BD73,
C86B,
D5A5,
E717,
F846,
041E,
0C9A,
14DC,
1AC5,
1CEC,
1FC1,
2324,
20F7,
1A3C,
14F7,
1253,
12F2,
173F,
1BEE,
1E0A,
1CED,
194E,
14BF,
0F1D,
07F6,
0003,
F6F3,
EC68,
DF48,
D0F1,
C5D7,
BEC8,
B921,
B596,
B554,
BA89,
C564,
D057,
D872,
E03B,
EA5B,
F6B6,
006D,
0404,
067D,
09A3,
0A91,
0994,
0803,
054B,
026A,
FF99,
FB39,
F675,
F41D,
F296,
ED72,
E4C4,
DDEA,
DE0B,
E20B,
E20D,
DF87,
E1BC,
E8F6,
F094,
F5B9,
F8A2,
FC9C,
0434,
0EB9,
18FB,
1F86,
22D1,
2666,
2BB9,
3055,
3253,
3393,
376F,
3CD3,
3E74,
3AC6,
3816,
39B2,
3926,
325A,
2B0B,
278F,
233C,
19C4,
0F90,
0940,
0435,
FE24,
F9D7,
F831,
F799,
F7D3,
F9A4,
FCAD,
0048,
034E,
058D,
0862,
0CFA,
1256,
1548,
128C,
0D54,
0D41,
1476,
1D28,
21DF,
218F,
1FAE,
21BC,
2843,
2CD4,
2D28,
2F1C,
35A7,
3C0C,
3E52,
4052,
473B,
4EE9,
51D1,
51E1,
51F5,
5168,
5038,
4E4A,
4D06,
4DBC,
4E4F,
4ACD,
430B,
3B09,
35AC,
3012,
288D,
2291,
206E,
211F,
240F,
2791,
28EB,
2800,
27EC,
2AFA,
2EF1,
2F89,
2E09,
2EF6,
306B,
2CC0,
2576,
2114,
1FFB,
1E1E,
1B83,
1923,
1667,
15A6,
1965,
20AE,
2B52,
36B2,
3E7E,
43A7,
4AB3,
52BA,
5728,
54BF,
4BCA,
401E,
38C9,
3752,
33AC,
2959,
1DE5,
169E,
141C,
1476,
1371,
0F8D,
0E85,
142E,
1BD7,
2193,
272C,
29AD,
2995,
2E75,
3776,
3CED,
3FAD,
40AD,
434D,
4ADD,
5070,
4FC8,
4F51,
4E50,
4C83,
4CA9,
4A80,
45C1,
40BB,
38D9,
32A1,
30BB,
2B3C,
2316,
1B84,
1362,
0C61,
068A,
024B,
03C8,
06D5,
0619,
042F,
04E9,
0C32,
17BC,
2379,
2F12,
3A0B,
427C,
49BF,
4FF4,
57A2,
5F80,
629E,
6108,
5D06,
57E7,
53C4,
5005,
4BF5,
4838,
4317,
3DA4,
3ADC,
3AA9,
3AC1,
386D,
3453,
30E8,
2D93,
27C6,
1FD0,
172B,
0F40,
089F,
04AE,
0292,
FFE0,
FD66,
FD8A,
0010,
036B,
076F,
0DC7,
1605,
1E19,
256E,
2ACD,
2D00,
2E11,
2E95,
2E62,
2E24,
2F0C,
3092,
30F7,
2F46,
2CFD,
2A39,
27E2,
2716,
26FF,
275E,
2894,
29A2,
2A7C,
2BC9,
2DDE,
3017,
30FA,
3078,
3089,
31C3,
336F,
3408,
3410,
3536,
385A,
3C1B,
3F03,
40F1,
42CD,
4519,
48D8,
4DBD,
5252,
55C3,
578E,
57DC,
57DD,
570E,
5543,
5250,
4DFB,
48D5,
4421,
3FE1,
3C6A,
389C,
340B,
2F30,
2ACF,
2727,
2409,
20BF,
1DF4,
1C44,
1BA8,
1B83,
1BC3,
1C32,
1C65,
1CA1,
1EAE,
228B,
2730,
2B44,
2E5C,
30C5,
33EE,
3824,
3C23,
3EAC,
40D4,
4299,
438D,
44E1,
477E,
4A49,
4CE1,
4E7E,
4E6C,
4D2F,
4C67,
4B94,
4A72,
49DE,
4A13,
49A5,
4916,
47FE,
4655,
4531,
4467,
42E9,
4177,
3EE8,
3B4D,
3862,
35AF,
32A2,
2FE6,
2D05,
2ABB,
2973,
2821,
2759,
2733,
2695,
2630,
2663,
2722,
28C1,
2B4C,
2E5D,
30EF,
3176,
316C,
3164,
3114,
312C,
3263,
342A,
36CB,
3934,
3B3A,
3CD2,
3D14,
3B48,
3849,
356F,
33D2,
32B1,
31C0,
30B3,
2E1C,
2AE5,
29D1,
2AFD,
2DAF,
2FE4,
2DDA,
264C,
1D78,
192B,
1DAB,
2A0B,
37D1,
3DE3,
38B5,
2BEA,
2026,
1E05,
287B,
3952,
4839,
4D4F,
44E3,
34DB,
27BE,
22FD,
2898,
3540,
4138,
472F,
44A1,
3A5C,
2E89,
252C,
1EEF,
1BFC,
19C6,
1685,
13CB,
1254,
123B,
0FC8,
0758,
FCF3,
F891,
FC88,
0615,
0E5E,
12F4,
1461,
115F,
096D,
025F,
01CF,
0703,
0D47,
1488,
1BBC,
1D9D,
1B9F,
19A7,
15F1,
1154,
0DA2,
07CD,
01DF,
025B,
0961,
1388,
1D57,
20B5,
18AC,
0B43,
025A,
0250,
0951,
107B,
0E93,
0334,
F390,
E59D,
DF8C,
E1DC,
E72B,
EC54,
EDC9,
EA15,
E5BC,
E439,
E543,
E8D6,
EB8C,
EA2C,
E6DD,
E5D8,
E95B,
F178,
F9FE,
FF43,
FFEF,
FBA1,
F4FD,
F0DF,
F08A,
F419,
F9B3,
FD89,
FC9C,
F8A4,
F5F9,
F6EC,
F736,
F482,
EFBB,
ECF1,
EF4F,
F427,
F76D,
FA91,
FC3F,
FB71,
FC2D,
0002,
0428,
0660,
07D9,
0AA9,
0CC6,
0DC9,
0F6D,
0F75,
0D3D,
0B95,
0896,
055B,
05BA,
0922,
0BBE,
0C1F,
09D9,
07B8,
09CC,
10FA,
19FB,
20DA,
200C,
1577,
084D,
FF94,
FCC0,
FFC7,
037F,
026A,
FD18,
F582,
ED5C,
E884,
E85A,
EE2F,
F6BB,
FB1A,
F7B6,
EE73,
E405,
E077,
E42D,
EA81,
F18F,
F6B8,
F56C,
EF1D,
E6C7,
E02B,
DF5C,
E2AB,
E565,
E7FE,
E9E7,
E97C,
E8B0,
E852,
E660,
E460,
E3CC,
E45C,
E865,
F0FC,
F86B,
FB29,
F8FA,
F26C,
EA6F,
E4BC,
E29D,
E554,
E758,
E4CE,
E202,
DD35,
D207,
C7BE,
C29C,
C071,
C242,
C518,
C3FA,
C1E8,
C470,
D03C,
E6D3,
FD5F,
FF61,
E19D,
B290,
973E,
A7C1,
D60F,
04CD,
19B1,
0411,
D690,
B44B,
A477,
AD3A,
CBCC,
E29E,
E77D,
E28A,
CAA5,
B035,
AF8E,
C44E,
D728,
DD46,
E4CA,
E5F9,
CEA5,
C11A,
CDD6,
C9DD,
C397,
D35F,
D9E5,
D6D1,
E169,
E69E,
E0B7,
DAFF,
D353,
CCB0,
CF94,
D751,
DDE0,
DEC4,
DA2A,
D247,
CA46,
C933,
D1B8,
DDDA,
EAAC,
F643,
FDC7,
FF08,
F850,
ECF8,
E3A1,
DB09,
D225,
CB37,
C8E6,
CA70,
D069,
D97C,
E099,
E0CB,
DCD4,
D778,
D5A6,
DA70,
DF71,
DDF6,
D7AF,
CD7A,
C3A0,
BF86,
C0CF,
C62D,
CD80,
D19C,
D2F6,
D32D,
D47C,
D9E5,
E085,
E412,
E59B,
E336,
E099,
E145,
E4B2,
E8EC,
EC48,
EB22,
E8FF,
E514,
E174,
E057,
E0CF,
E22C,
E368,
E16C,
DF33,
DDE2,
DD86,
DDC7,
DBAE,
D827,
D68E,
D6F6,
DB21,
DDCA,
DCD7,
D998,
D6D6,
D61C,
D910,
DBCB,
DEA9,
DFA5,
E06B,
E1A2,
E177,
DFEF,
DE22,
DAD4,
D7D8,
D429,
D0EA,
CE3D,
CBEB,
C956,
C71E,
C38D,
C329,
C654,
CE6C,
D6E9,
DC5A,
DD14,
DA93,
D61C,
D520,
D6E4,
DACC,
DCA8,
DACA,
D70C,
D610,
D670,
D8A3,
D922,
DA06,
DA05,
DA3C,
D8FE,
D956,
D917,
DA2F,
D992,
D9B9,
D777,
D59A,
D205,
CFAD,
CAB9,
C856,
C53C,
C645,
C330,
C1C8,
BAF0,
BC67,
B5B0,
EAEA,
FAB5,
EFF7,
F20F,
F011,
F30C,
F148,
EE2B,
E53C,
E048,
DA25,
D443,
CB8C,
C36A,
BC25,
BA06,
B668,
B3BE,
B4A4,
B988,
BD13,
C17C,
C687,
D002,
DD91,
EDF6,
FD4B,
09F9,
1089,
121B,
0E46,
07F5,
0027,
F721,
ED9F,
E346,
D11B,
BC4B,
AC3B,
9EF3,
90D1,
86D0,
814A,
8028,
81E4,
8827,
93CA,
A393,
B179,
BCA5,
C6C0,
D225,
DF09,
EEAB,
FC18,
012F,
FDEC,
F6E1,
EDBD,
E46E,
DAEE,
D396,
CCC5,
C0F1,
B058,
A2D0,
999F,
9647,
9563,
912F,
8B59,
8C4C,
9433,
9F80,
A9FF,
B4B7,
BECE,
C493,
C831,
CFDD,
D631,
D7A5,
D9BA,
DD0D,
D96A,
D000,
C92C,
C84D,
C63B,
BD7B,
B333,
AFC8,
AEBF,
AAB2,
A71E,
A86C,
AD76,
B471,
BBEF,
C5C5,
D270,
DEC9,
E947,
F3B3,
FB75,
FEAF,
0097,
012F,
FBFF,
F4F0,
EE91,
E319,
D331,
C628,
BB4D,
B009,
A5B4,
9D2B,
9728,
9631,
9991,
9E4F,
A3ED,
AD22,
BA32,
C731,
D098,
DAC2,
E889,
F3D2,
F65C,
F25D,
EF55,
F3A5,
FBFE,
00C0,
008A,
FDEE,
FBE8,
FBF9,
FD2A,
FF3A,
0097,
FC8A,
F280,
E8EA,
E5D5,
E980,
EEB2,
F15F,
F0FF,
EDB2,
E9F1,
EC98,
F637,
FEB0,
0370,
05DE,
0208,
F879,
F0C4,
ED1F,
E9B5,
E802,
E892,
E505,
DB76,
D48C,
D242,
D19E,
D3EB,
D9FF,
E239,
EC39,
F902,
08B7,
14DA,
16F0,
1491,
154F,
17BF,
16BC,
0D76,
FB46,
E946,
E3DA,
E856,
E826,
DEB7,
D5B5,
D462,
D8AD,
DF87,
EA55,
F5B2,
FAB1,
FD59,
0447,
0C91,
1077,
0DE6,
07F5,
05B7,
071B,
05F1,
FFB4,
F647,
EF36,
ED5E,
EB23,
E751,
E83D,
ECCD,
F233,
FCA2,
096F,
0F4F,
0BA3,
0322,
FE21,
FF92,
FFCC,
F988,
EFB4,
E2D2,
D218,
C226,
B8C2,
B590,
B3BF,
B0F4,
AFBD,
B3F0,
BCFC,
C7D7,
D54C,
E6C9,
F7D2,
03B5,
0C3D,
143D,
1A03,
1C87,
1FCF,
2340,
20FC,
1A69,
15BE,
1436,
161C,
1B41,
2035,
2269,
2140,
1D2E,
1836,
12AB,
0B91,
036D,
FA15,
EEAA,
E032,
D0A7,
C478,
BCA5,
B6E4,
B374,
B301,
B755,
C0B9,
CA87,
D273,
DABF,
E577,
F234,
FC5E,
0086,
0353,
0704,
0930,
0991,
0908,
074E,
0531,
02A2,
FEC5,
FB2B,
FA14,
F95F,
F473,
EB5A,
E3BD,
E31D,
E6BC,
E6E5,
E4A4,
E6B2,
ED02,
F340,
F784,
FA44,
FE28,
059A,
0FFB,
19D9,
1FD4,
22A1,
25BA,
2A8D,
2ED7,
30C3,
3208,
35E1,
3B61,
3D62,
3A2D,
37E4,
39BC,
392B,
3237,
2AB3,
26E1,
2269,
1958,
0FB4,
098D,
041A,
FD5D,
F8B4,
F72E,
F6CD,
F76B,
F9F4,
FD7C,
0129,
0444,
06AA,
099F,
0E6D,
1423,
179D,
1560,
1053,
1040,
1766,
1FCF,
241C,
2372,
2156,
2334,
2995,
2E67,
2F23,
30E6,
36F1,
3D08,
3EE5,
4074,
474F,
4F4D,
52B0,
5318,
534D,
52FA,
51DF,
4FB5,
4E73,
4F72,
5017,
4C84,
44A9,
3C4D,
365B,
3034,
2871,
2299,
20DB,
2208,
2517,
281F,
28CF,
2717,
25D0,
27DC,
2B98,
2C4B,
2AC5,
2B7F,
2CB7,
2929,
2262,
1E79,
1DC7,
1C5B,
19FE,
17C1,
1580,
15B3,
1AA4,
22BA,
2D3C,
37DD,
3EF9,
43D4,
4B2A,
5439,
59FE,
5872,
4F80,
4358,
3BAB,
3A58,
3756,
2DDD,
22D1,
1B2E,
17D6,
1723,
1516,
1084,
0EE6,
1384,
19D3,
1E79,
237C,
25C6,
259D,
2A97,
33AE,
38A4,
3A70,
3AE8,
3D9C,
45D2,
4CDC,
4DEA,
4E64,
4D76,
4B58,
4B88,
4A4F,
4701,
436F,
3CF6,
37A2,
35D8,
3020,
27BC,
1FFE,
17CE,
10E3,
0B55,
0750,
087F,
0AAE,
08CB,
0602,
064F,
0CCC,
16FC,
2181,
2C4C,
3702,
3FEE,
47D7,
4E0F,
5507,
5C16,
5EEB,
5DB9,
5A90,
5643,
529A,
4F1B,
4B14,
473A,
4247,
3D43,
3ADB,
3B04,
3B83,
3984,
35AF,
3290,
2F74,
29BB,
21E7,
195B,
1105,
0981,
04A3,
01EF,
FF46,
FCE9,
FC5D,
FDCE,
0061,
03E3,
0A44,
1349,
1C29,
23EC,
2995,
2BDF,
2CD1,
2D47,
2D3E,
2D7B,
2F16,
315C,
326F,
3116,
2F03,
2CC8,
2B01,
2ACB,
2B89,
2C63,
2D85,
2E55,
2E9F,
2F4B,
312B,
333A,
33B8,
32AC,
31F0,
325A,
3383,
3408,
3468,
35B1,
385A,
3B88,
3DF6,
3F4F,
40E6,
4378,
47C0,
4D34,
51EE,
54E2,
55FA,
55D1,
55E7,
55A6,
543A,
5151,
4CF1,
47A7,
4301,
3F4C,
3C70,
3905,
3489,
2F5F,
2A89,
267C,
2320,
1FE6,
1D15,
1AF7,
19EF,
19A1,
19F6,
1ADC,
1B99,
1C22,
1E6F,
2256,
2693,
2A6D,
2DE5,
30FC,
34D5,
396D,
3D3C,
3F48,
40FC,
42A6,
441C,
464E,
49AD,
4CCA,
4EFF,
4FC8,
4F0B,
4D94,
4D18,
4CC7,
4BB9,
4AD5,
4A90,
4979,
4877,
4749,
455C,
43C9,
42B2,
40E3,
3F2A,
3CB2,
3962,
36A4,
33E0,
308B,
2D87,
2A6E,
27F2,
26A2,
2587,
2508,
24FB,
2406,
230D,
2312,
245F,
26F3,
2A2E,
2D69,
3008,
30AD,
309D,
30D6,
3161,
3250,
33F2,
3614,
391A,
3BB6,
3DB0,
3F2A,
3F62,
3DA7,
3A9A,
3754,
350E,
3378,
3285,
31B5,
2F55,
2C0F,
2A6E,
2AA4,
2C7F,
2E8A,
2CD0,
257A,
1CD8,
1886,
1C27,
2773,
350D,
3B84,
3695,
2A16,
1EBA,
1CC0,
2742,
3880,
47B6,
4C7C,
43E1,
343A,
276B,
22F5,
28FD,
35B6,
4179,
46F8,
4386,
38EB,
2DC5,
254A,
1FCE,
1D51,
1ACB,
169E,
12F0,
1103,
1154,
0FD6,
083D,
FDF2,
F87E,
FADE,
03C6,
0CCA,
12B3,
1544,
1295,
0A01,
0201,
00F0,
064C,
0D13,
149E,
1BC9,
1D6A,
1AD3,
1865,
14C6,
105D,
0CF9,
07A8,
01D4,
01DE,
084C,
11E6,
1B84,
1F19,
174D,
0A16,
0168,
0184,
08B3,
1019,
0E5D,
032D,
F3BD,
E5BC,
DF38,
E0FB,
E5C7,
EA5C,
EB70,
E7F6,
E430,
E33A,
E4D0,
E89F,
EADF,
E8F7,
E5B3,
E4E1,
E883,
F0E0,
F962,
FE42,
FEB2,
FA7A,
F42F,
F0D3,
F176,
F5DC,
FBE6,
FFAA,
FE90,
FA7B,
F79E,
F886,
F8E8,
F60F,
F109,
EE20,
F081,
F575,
F8B3,
FBAB,
FD52,
FC8B,
FD30,
00CF,
048B,
068A,
084C,
0B94,
0E06,
0F09,
103A,
0FB3,
0D1A,
0B40,
087C,
0595,
05B1,
087E,
0AD2,
0B4F,
0953,
0775,
0982,
1038,
186E,
1EBA,
1DEE,
13C6,
0727,
FEBE,
FB96,
FDCC,
00D9,
FF9A,
FAD1,
F44B,
ECFC,
E876,
E834,
ED6F,
F565,
F9FB,
F78B,
EF6C,
E5B6,
E20F,
E52F,
EAE3,
F164,
F611,
F451,
EDD6,
E5DD,
DFC9,
DF31,
E270,
E4F5,
E75B,
E93B,
E8C6,
E780,
E669,
E40E,
E242,
E276,
E3EF,
E855,
F092,
F716,
F8D8,
F69C,
F14D,
EB0E,
E6D9,
E555,
E75D,
E849,
E51B,
E1EC,
DCD3,
D188,
C772,
C2E7,
C08E,
C10A,
C2DF,
C1AD,
C034,
C3C1,
CFB2,
E561,
FAD6,
FBA7,
DDB4,
AFF0,
957F,
A610,
D4B8,
03CF,
1929,
045C,
D783,
B58D,
A5DC,
AE23,
CC31,
E33C,
E8CF,
E49C,
CD98,
B39E,
B284,
C621,
D82C,
DE77,
E648,
E7D6,
D16C,
C40C,
D002,
CBF5,
C574,
D42E,
D9F6,
D63F,
DFF9,
E503,
DF7D,
DA42,
D337,
CCF4,
CFB1,
D6F1,
DD11,
DE31,
DA54,
D2FF,
CB0E,
C97F,
D12B,
DC81,
E8FA,
F4F4,
FD5E,
FF41,
F862,
EC57,
E278,
DA10,
D21F,
CC87,
CB23,
CCA4,
D1BB,
D9C6,
E07D,
E102,
DDA2,
D8D9,
D733,
DB8A,
DFE1,
DDE1,
D75F,
CD4E,
C3AC,
BF9A,
C0C1,
C5C5,
CCDD,
D13E,
D307,
D384,
D4ED,
DA24,
E073,
E3CB,
E538,
E2DE,
E015,
E045,
E39C,
E85C,
EC3D,
EB67,
E972,
E5D3,
E284,
E18D,
E21A,
E36A,
E45F,
E21F,
DF83,
DD75,
DC5C,
DC67,
DA95,
D72C,
D549,
D545,
D8DE,
DAE9,
D9D5,
D749,
D563,
D4E9,
D7AA,
DA1C,
DC68,
DCEA,
DDB6,
DF64,
DFE3,
DEDB,
DD4B,
DA0E,
D6FC,
D377,
D0C7,
CEA9,
CCC7,
CAA7,
C8C2,
C512,
C406,
C698,
CE8C,
D724,
DC90,
DCF6,
D9B8,
D456,
D2CE,
D4B6,
D900,
DAE8,
D8A5,
D458,
D32F,
D417,
D74E,
D8D6,
DA27,
D9E7,
D9B9,
D851,
D8EF,
D9A0,
DB99,
DB21,
DAF8,
D839,
D5A9,
D194,
CF05,
CA01,
C7C7,
C4C9,
C55A,
C1A9,
C02D,
BA08,
BC56,
B64C,
EAFD,
FA3E,
EF14,
F174,
F0C4,
F51D,
F43A,
F105,
E744,
E193,
DB31,
D56C,
CD58,
C5AF,
BDE9,
BAA2,
B5BB,
B1DD,
B23C,
B734,
BAC3,
BF0E,
C420,
CD9E,
DB0F,
EB72,
FB33,
088E,
0F9E,
117E,
0E08,
087B,
0213,
FAA0,
F1FA,
E76E,
D45F,
BE9E,
AE17,
A0D3,
92E1,
88E1,
82BD,
8045,
8095,
85E6,
9126,
A0C0,
AE16,
B84B,
C1CD,
CD60,
DADE,
EB1B,
F8F9,
FE3F,
FAF8,
F41D,
EBAB,
E39B,
DBD5,
D61D,
D049,
C4D8,
B3FB,
A5AB,
9C0D,
98D8,
9832,
9425,
8E4E,
8EB3,
957E,
9FFF,
AAB5,
B5DF,
BFD5,
C510,
C7EF,
CF17,
D608,
D8F6,
DC11,
DF79,
DB67,
D160,
C9DB,
C880,
C6C0,
BF12,
B5AA,
B24B,
B097,
AB57,
A697,
A760,
AC6C,
B3A2,
BB77,
C53F,
D12E,
DCAF,
E6F3,
F1BF,
F9E4,
FD26,
FEF9,
FFBB,
FB09,
F49D,
EEEE,
E43F,
D4E5,
C7F3,
BD09,
B1AE,
A70D,
9E5F,
9888,
9794,
9AB1,
9F2F,
A46A,
ACFC,
B97B,
C646,
CFF9,
DAAD,
E8CD,
F441,
F702,
F35D,
F0B4,
F539,
FDB3,
02B4,
02CD,
0083,
FE96,
FE67,
FF3F,
00EC,
01C9,
FD5D,
F318,
E93C,
E5FE,
E9BC,
EEF7,
F170,
F0AE,
ECEF,
E8C8,
EB4B,
F4ED,
FD2B,
0140,
02E5,
FEA9,
F523,
ED9E,
EA4E,
E74E,
E5B0,
E64C,
E35B,
DA7B,
D39E,
D127,
D0B8,
D382,
DA08,
E286,
EC81,
F8D5,
0807,
143B,
16EA,
152F,
165B,
18EB,
17E6,
0ED0,
FD21,
EBF2,
E741,
EBED,
EB9F,
E1D6,
D7FA,
D5E5,
DA0B,
E0F1,
EBA5,
F69E,
FAB1,
FBF9,
017C,
0903,
0D77,
0C2D,
06DA,
043B,
04F7,
0344,
FC92,
F303,
EC4C,
EAFF,
E946,
E5AA,
E632,
EA5E,
F052,
FBD8,
095F,
0F9E,
0C25,
03C4,
FF4F,
01DF,
0308,
FD0D,
F31A,
E5BD,
D438,
C3D6,
BA9B,
B7A8,
B5F2,
B30D,
B151,
B4BC,
BD2E,
C7DE,
D56B,
E6C8,
F783,
0355,
0BDB,
138E,
191F,
1BEB,
1F84,
22E2,
207D,
1A1E,
1617,
15A9,
18C0,
1EA3,
23CE,
2618,
24F9,
209C,
1B57,
15EB,
0EDE,
068F,
FD06,
F0E9,
E14F,
D0B9,
C389,
BAF7,
B51B,
B1C1,
B119,
B496,
BC8E,
C53B,
CCF1,
D5A5,
E0CF,
EDD4,
F863,
FD19,
0039,
0468,
07BD,
096F,
09ED,
0935,
07E4,
05A0,
023D,
FFBD,
FFDA,
FFF9,
FB58,
F1F4,
E9B0,
E854,
EB92,
EBE9,
E9F6,
EBE2,
F150,
F63B,
F99E,
FC29,
FFE4,
071B,
1140,
1AA4,
1FFD,
223F,
24CF,
2917,
2D0C,
2EE3,
3029,
33F2,
397B,
3BCB,
390E,
373A,
395F,
38DB,
31CE,
2A17,
25EF,
215E,
18C6,
0FC6,
09D8,
0410,
FCBB,
F7C6,
F667,
F643,
F74C,
FA8E,
FE92,
024C,
057E,
0815,
0B30,
102D,
1630,
1A25,
1861,
1380,
1369,
1A75,
2290,
2670,
2568,
230F,
24B0,
2AE1,
2FED,
310B,
3299,
3817,
3DCC,
3F38,
4052,
4714,
4F53,
5321,
53D0,
541E,
5409,
5313,
50C2,
4F8C,
50CC,
5171,
4DC5,
45E0,
3D52,
36EE,
3050,
2859,
229D,
2133,
22CE,
25FF,
28A2,
28C4,
2655,
23EF,
2502,
287D,
2949,
27C1,
2843,
2933,
25B4,
1F5E,
1BDE,
1B8E,
1A90,
1870,
1657,
1485,
159E,
1BB2,
2490,
2EF6,
38E1,
3F56,
43E2,
4B71,
556B,
5C74,
5BC7,
52F0,
466D,
3E7B,
3D4C,
3AEB,
324A,
27B0,
1FC0,
1B9C,
19E8,
16E3,
11AF,
0F81,
1314,
1801,
1B86,
1FE4,
21E8,
21A7,
26AD,
2FC5,
3435,
3512,
3503,
37C3,
408A,
48EC,
4BA2,
4D15,
4C51,
49FA,
4A3B,
49EF,
480F,
45F4,
40EC,
3C8B,
3AE4,
3502,
2C75,
249E,
1C6F,
15A8,
106A,
0C9C,
0D77,
0EC4,
0BC1,
0822,
07FD,
0DA5,
1671,
1FAE,
299A,
33F3,
3D37,
45A4,
4BD0,
520C,
5846,
5AC7,
59EF,
5797,
541B,
50F8,
4DC4,
49CE,
45E0,
4122,
3C90,
3A8B,
3B14,
3BFF,
3A5C,
36DA,
3414,
313D,
2BAB,
240A,
1BA9,
12FD,
0AAA,
04EC,
01A8,
FF05,
FCB9,
FB79,
FBD9,
FDA9,
00A4,
06FF,
10B2,
1A4A,
226C,
2854,
2AB2,
2B8E,
2BFE,
2C1F,
2CD1,
2F12,
3207,
33BA,
32BD,
30EB,
2F39,
2E06,
2E68,
2FF8,
3149,
3255,
32E7,
32AF,
32C4,
3473,
365D,
367C,
34E1,
3353,
32EB,
3396,
3409,
34B7,
361A,
383C,
3AC7,
3CAC,
3D6D,
3EC1,
4195,
465C,
4C47,
5111,
5383,
53F8,
5372,
53AB,
53F8,
52E8,
5003,
4B9A,
463F,
41C0,
3EA4,
3C69,
395C,
34EC,
2F72,
2A39,
25E4,
2267,
1F4F,
1C81,
19F8,
1889,
1816,
187F,
19D1,
1B0B,
1BD4,
1E54,
2237,
2605,
29A5,
2D7A,
3132,
35A6,
3A8A,
3E22,
3FB9,
4106,
429E,
4492,
4790,
4B96,
4EF1,
50C5,
50C8,
4F69,
4DB8,
4D81,
4DA8,
4CB0,
4B84,
4ACC,
4913,
47A0,
465A,
4431,
4238,
40DD,
3EC7,
3CD3,
3A75,
376E,
34DB,
3205,
2E67,
2B1B,
27D3,
2533,
23E4,
2308,
22D5,
22E2,
21A0,
201E,
1FF6,
21CE,
254E,
2935,
2C9E,
2F45,
2FF5,
2FD1,
303F,
319D,
3367,
357F,
37FC,
3B59,
3E19,
3FFE,
4156,
418C,
3FEC,
3CD5,
3927,
3636,
3427,
332C,
329A,
3077,
2D22,
2AF3,
2A2E,
2B29,
2D08,
2BAD,
24AF,
1C5B,
180A,
1ABC,
24D5,
3225,
38F1,
344A,
2833,
1D56,
1B86,
25FC,
377E,
46E8,
4B5F,
42AA,
337C,
2714,
22EF,
2954,
3609,
418C,
4694,
424F,
376A,
2CF3,
2559,
20A1,
1EA1,
1BE0,
16DF,
1245,
0FD9,
107B,
0FE2,
0923,
FF08,
F89B,
F96E,
01A4,
0B50,
1278,
161D,
13C5,
0AA1,
01C4,
0034,
05A9,
0CDD,
149A,
1BA5,
1CF6,
19C5,
16E9,
136E,
0F49,
0C38,
0767,
01B2,
0148,
0711,
1010,
1976,
1D3D,
15BA,
08C9,
005D,
0098,
07E6,
0F81,
0DFF,
031A,
F3FD,
E604,
DF17,
E046,
E489,
E88C,
E946,
E605,
E2D1,
E268,
E486,
E88A,
EA58,
E7F3,
E4C1,
E42D,
E7F3,
F081,
F8ED,
FD61,
FD98,
F982,
F39D,
F0FA,
F27B,
F79D,
FE03,
01B0,
0072,
FC4E,
F94D,
FA28,
FA9C,
F7A1,
F264,
EF5E,
F1BB,
F6C2,
F9F6,
FCC0,
FE58,
FD94,
FE1E,
017D,
04D4,
06A4,
08B2,
0C6D,
0F31,
1031,
10E8,
0FCD,
0CD6,
0AD7,
085D,
05D4,
05AD,
07D9,
09DE,
0A73,
08C6,
0733,
0935,
0F63,
16BE,
1C6A,
1BA0,
11F9,
05FD,
FDF8,
FA87,
FBEC,
FE40,
FCCE,
F88E,
F31F,
ECB2,
E883,
E820,
ECB1,
F402,
F8C9,
F754,
F06B,
E780,
E3CC,
E657,
EB66,
F15A,
F58D,
F360,
ECBF,
E522,
DF93,
DF27,
E243,
E488,
E6B0,
E87A,
E7F5,
E638,
E46B,
E1AC,
E019,
E11C,
E38D,
E85F,
F036,
F5AC,
F64D,
F3F3,
EFF1,
EB93,
E8FE,
E827,
E96E,
E914,
E525,
E19A,
DC52,
D115,
C75A,
C377,
C0E9,
BFFF,
C0CD,
BF94,
BEC8,
C362,
CF6D,
E40D,
F840,
F7D5,
D9DC,
ADA3,
943D,
A4C8,
D387,
02AE,
1861,
0493,
D8AE,
B730,
A7A4,
AF48,
CC95,
E3B8,
EA07,
E6AA,
D0A6,
B734,
B591,
C7DE,
D8FD,
DF77,
E7A4,
E9AC,
D455,
C734,
D250,
CE19,
C758,
D505,
DA1C,
D5C5,
DE89,
E34A,
DE15,
D95E,
D310,
CD48,
CFE7,
D6A6,
DC4A,
DD9A,
DA79,
D3C0,
CBF2,
C9EF,
D0B8,
DB2E,
E738,
F381,
FCC5,
FF4A,
F855,
EBB0,
E158,
D922,
D224,
CDE4,
CD6C,
CEE6,
D31D,
DA1C,
E064,
E13C,
DE7C,
DA57,
D8E9,
DCC8,
E06A,
DDDC,
D71A,
CD31,
C3D9,
BFE0,
C0E8,
C58D,
CC62,
D0FE,
D334,
D3FC,
D580,
DA7E,
E06B,
E37C,
E4C2,
E270,
DF88,
DF4D,
E290,
E7C2,
EC18,
EB87,
E9BD,
E66C,
E376,
E2A7,
E341,
E47A,
E525,
E29F,
DFA7,
DCEE,
DB2B,
DB04,
D976,
D626,
D3F7,
D388,
D698,
D816,
D6EF,
D519,
D410,
D3DA,
D66C,
D894,
DA58,
DA64,
DB34,
DD50,
DE73,
DDEB,
DC97,
D967,
D643,
D2EE,
D0D3,
CF44,
CDCE,
CC17,
CA77,
C6A9,
C503,
C70A,
CED7,
D775,
DCC0,
DCB7,
D8B3,
D276,
D077,
D28C,
D733,
D91A,
D664,
D18B,
D038,
D1AC,
D5EF,
D888,
DA48,
D9CD,
D93D,
D7B2,
D8A8,
DA57,
DD3A,
DCE7,
DC62,
D921,
D5E6,
D158,
CE96,
C989,
C773,
C48E,
C4A5,
C055,
BEC4,
B94F,
BC6B,
B6FD,
EAFA,
F9A7,
EE25,
F0D3,
F16A,
F71E,
F723,
F3E8,
E96D,
E306,
DC66,
D6C4,
CF51,
C81F,
BFDA,
BB63,
B534,
B02D,
B002,
B4FA,
B87F,
BC9E,
C1A4,
CB0D,
D84E,
E8A7,
F8C9,
06C1,
0E4F,
1082,
0D71,
08B1,
03B6,
FDE2,
F628,
EB7D,
D7AF,
C121,
B034,
A2FC,
954A,
8B5B,
84AE,
80FA,
8001,
8448,
8F0E,
9E5C,
AB11,
B44E,
BD36,
C8E6,
D6DE,
E789,
F5B0,
FB14,
F7D2,
F137,
E981,
E2AF,
DC91,
D861,
D383,
C88B,
B795,
A8B0,
9EC4,
9BB6,
9B3D,
974D,
9183,
9176,
9741,
A0FD,
ABD0,
B744,
C0FA,
C5A8,
C7E3,
CE9F,
D62E,
DA82,
DE8B,
E1EF,
DD62,
D2C6,
CA9D,
C8C7,
C74A,
C09D,
B809,
B4AD,
B255,
ABF9,
A61E,
A65A,
AB55,
B2B3,
BAD6,
C493,
CFD3,
DA88,
E48A,
EFA1,
F81D,
FB6D,
FD35,
FE30,
FA0E,
F44D,
EF47,
E55F,
D6A5,
C9E7,
BF0C,
B3AE,
A8CF,
A005,
9A65,
9982,
9C71,
A0BD,
A598,
AD7B,
B94A,
C5BF,
CFA7,
DAD4,
E93B,
F4C4,
F7AB,
F452,
F1FA,
F6A4,
FF2F,
0460,
04C1,
02C3,
00E5,
006A,
00E2,
022B,
028C,
FDCF,
F360,
E949,
E5E3,
E9B3,
EF03,
F162,
F057,
EC3F,
E7C9,
EA2B,
F3C6,
FBC7,
FF39,
0021,
FB91,
F223,
EACE,
E7C8,
E523,
E386,
E41D,
E1C8,
D9A6,
D2E0,
D03C,
D003,
D344,
DA2E,
E2E2,
ECCA,
F89E,
0743,
1382,
16D3,
15C7,
175B,
1A01,
18FF,
102A,
FF15,
EECA,
EACC,
EF93,
EF23,
E514,
DA79,
D7A6,
DB97,
E278,
ED00,
F785,
FAB3,
FAAF,
FED7,
059A,
0A85,
0A5D,
0589,
0273,
0284,
0052,
F93B,
EF94,
E934,
E861,
E71D,
E3C6,
E403,
E7DE,
EE64,
FAEF,
091E,
0FBE,
0C92,
047D,
00B0,
045D,
066B,
00BD,
F6BD,
E904,
D6E1,
C632,
BD23,
BA61,
B8B8,
B5B7,
B37E,
B62E,
BE0D,
C885,
D603,
E713,
F758,
02FD,
0B74,
12CD,
1818,
1B13,
1EDB,
2206,
1F7A,
195A,
15FF,
16A4,
1AD2,
2157,
26A9,
290A,
280A,
238A,
1E17,
18D1,
11D4,
0961,
FFBD,
F31F,
E29E,
D12A,
C311,
B9C9,
B3D3,
B089,
AFAB,
B25B,
B8F7,
C089,
C801,
D101,
DC77,
E9A8,
F48D,
F9C9,
FD3D,
01DC,
0640,
0935,
0AB5,
0AFE,
0A7F,
088C,
059C,
0422,
0562,
064F,
020B,
F880,
EFAF,
EDA1,
F07F,
F109,
EF6C,
F139,
F5D1,
F978,
FBFF,
FE49,
01CA,
08B2,
1283,
1B58,
2000,
21AA,
23A8,
275C,
2AF5,
2CB8,
2DF9,
31A7,
3726,
39B3,
376F,
361E,
389D,
3837,
3122,
293D,
24C1,
2022,
1814,
0FC8,
0A22,
0416,
FC40,
F711,
F5E0,
F600,
F777,
FB6F,
FFEA,
03AF,
06F8,
09C9,
0D0F,
1236,
1877,
1CD6,
1B84,
16D0,
16B1,
1D9B,
2561,
28CE,
276A,
24D1,
262B,
2C21,
3160,
32D7,
342C,
3912,
3E53,
3F47,
3FEC,
4689,
4EF9,
531E,
5402,
5461,
548B,
53C8,
5166,
5046,
51BE,
5253,
4E86,
46AB,
3E10,
375F,
3062,
283F,
229A,
2174,
236F,
26C2,
2919,
28C7,
25B9,
224A,
2272,
25A8,
268C,
2506,
254A,
25EA,
226D,
1C74,
194E,
1959,
18C5,
16E2,
14E9,
137C,
1566,
1C8B,
2628,
3075,
39B5,
3F8A,
43C8,
4B80,
5645,
5E78,
5EA8,
5605,
494B,
4129,
401E,
3E58,
368E,
2C6E,
2443,
1F63,
1CBC,
18D3,
130B,
1053,
12DF,
1667,
18C2,
1C6F,
1E21,
1DC0,
22C3,
2BC6,
2FAA,
2FA1,
2F0C,
31D1,
3B14,
44AD,
48F5,
4B64,
4AE0,
4867,
48C1,
495D,
48E5,
483E,
44AD,
4148,
3FCC,
39CE,
312F,
2953,
2134,
1A9D,
15B1,
121A,
129C,
1307,
0EEF,
0A84,
09EB,
0EB6,
1619,
1E05,
2702,
30E5,
3A5B,
4328,
4938,
4EB7,
5418,
563D,
55B2,
5420,
5173,
4EDC,
4C00,
4823,
442B,
3FA9,
3B8C,
39EA,
3AD6,
3C2E,
3AEF,
37CD,
356D,
32E5,
2D88,
262D,
1E09,
151F,
0C14,
0587,
01BE,
FF1C,
FCD6,
FAE3,
FA3A,
FB49,
FDC0,
0404,
0E47,
187E,
20F1,
270C,
297E,
2A4B,
2ABE,
2B08,
2C26,
2EFF,
328F,
34D6,
3439,
32AD,
3183,
30E6,
31DF,
343A,
35FF,
36F4,
374A,
369A,
3628,
37A9,
3972,
3938,
370B,
34A8,
3372,
33A4,
3404,
34F9,
366A,
37FB,
39D5,
3B26,
3B4F,
3C60,
3F73,
44A9,
4AF6,
4FBA,
51A4,
5189,
50C0,
5128,
51FF,
5147,
4E64,
49F5,
449C,
405C,
3DE8,
3C50,
399C,
3530,
2F69,
29DF,
2560,
21E0,
1EF9,
1C35,
1949,
1778,
16E3,
175F,
1913,
1ABA,
1BB9,
1E5D,
222C,
2586,
28EC,
2D18,
3162,
3659,
3B72,
3ECC,
3FF6,
40EA,
4276,
44E4,
4899,
4D29,
50AF,
5224,
5173,
4F7E,
4D94,
4D99,
4E2C,
4D4B,
4BE1,
4ABE,
486E,
468E,
4530,
42D1,
407E,
3EE7,
3C98,
3A76,
3835,
3574,
330A,
3022,
2C3C,
28AB,
253E,
2286,
2144,
20AB,
20C3,
20ED,
1F68,
1D67,
1D17,
1F71,
23D0,
285C,
2BF6,
2EA2,
2F4C,
2F05,
2F9F,
31C4,
3468,
36FB,
39D0,
3D78,
404D,
4213,
434A,
4388,
4209,
3EED,
3ADC,
3743,
34B7,
33B0,
3360,
317B,
2E1A,
2B5D,
299B,
29B1,
2B61,
2A73,
23EB,
1BFF,
17B7,
196D,
223A,
2F21,
362E,
31D4,
263F,
1BFC,
1A56,
24AC,
364C,
45CE,
49F6,
413C,
329F,
26B4,
22E7,
299A,
3637,
416D,
45FF,
40FA,
35D9,
2C0F,
2557,
2165,
1FE9,
1D01,
1746,
11CC,
0ED7,
0FB3,
0FEC,
0A06,
002D,
F8E4,
F838,
FFB2,
09ED,
123F,
16E6,
14E5,
0B47,
01A1,
FF97,
0518,
0CA4,
147B,
1B4B,
1C3C,
1873,
1533,
11E6,
0E15,
0B5E,
070B,
0177,
009A,
05B3,
0E0E,
1735,
1B2A,
13F8,
0760,
FF3F,
FF90,
06ED,
0EB7,
0D7D,
02FF,
F44F,
E673,
DF27,
DFC2,
E376,
E6ED,
E753,
E44A,
E1A6,
E1C8,
E467,
E896,
E9F7,
E722,
E40A,
E3BB,
E7A9,
F058,
F89E,
FCA3,
FCA4,
F8BD,
F349,
F155,
F399,
F959,
0005,
039A,
0240,
FE1B,
FB00,
FBCD,
FC4F,
F935,
F3C8,
F0AA,
F2FB,
F80B,
FB33,
FDCE,
FF4F,
FE8C,
FEF6,
020F,
0505,
06B1,
0908,
0D2E,
103D,
1138,
1172,
0FBF,
0C6E,
0A5A,
0836,
0610,
05AA,
0733,
08E3,
098C,
0833,
06F2,
08E5,
0E7D,
14F0,
19F0,
1929,
1018,
04D6,
FD45,
F996,
FA2A,
FBBC,
FA10,
F658,
F202,
EC80,
E8AA,
E81F,
EBFB,
F29A,
F788,
F713,
F168,
E956,
E5A3,
E79C,
EC06,
F16B,
F528,
F297,
EBD4,
E496,
DF88,
DF3D,
E226,
E420,
E5FE,
E7A7,
E70C,
E4DB,
E25F,
DF43,
DDEE,
DFC1,
E337,
E882,
EFE9,
F432,
F392,
F10A,
EE5E,
EBFD,
EB27,
EB0D,
EB85,
E9BC,
E4F2,
E110,
DBB7,
D0B2,
C778,
C44E,
C186,
BF29,
BEEB,
BDBA,
BDAA,
C358,
CF73,
E2E0,
F5A8,
F3FB,
D621,
ABB5,
9382,
A3F3,
D283,
016F,
175A,
04B6,
DA0F,
B934,
A9CF,
B0AB,
CCFA,
E414,
EB22,
E8B0,
D3CA,
BAEF,
B8AF,
C984,
D99D,
E044,
E8DA,
EB76,
D759,
CA8D,
D4BD,
D047,
C943,
D5E7,
DA56,
D567,
DD22,
E17C,
DC89,
D85B,
D2E2,
CDB2,
D03E,
D676,
DB93,
DD05,
DA9D,
D48D,
CCF3,
CA86,
D064,
D9E6,
E56B,
F1F0,
FBFE,
FF24,
F82D,
EB0A,
E047,
D845,
D239,
CF4D,
CFBF,
D134,
D490,
DA80,
E051,
E179,
DF62,
DBEF,
DAC3,
DE29,
E10D,
DDE9,
D6E3,
CD27,
C42B,
C05B,
C146,
C589,
CC11,
D0DF,
D37E,
D494,
D635,
DAF3,
E06D,
E327,
E43C,
E1F1,
DEF5,
DE64,
E192,
E724,
EBD9,
EB82,
E9DE,
E6DE,
E448,
E3A5,
E443,
E55D,
E5BB,
E2F0,
DFA1,
DC51,
D9F7,
D9A4,
D856,
D51C,
D2A1,
D1C9,
D459,
D55D,
D432,
D30F,
D2E2,
D2F7,
D559,
D73B,
D87F,
D81E,
D8EC,
DB6C,
DD2C,
DD22,
DC08,
D8E5,
D5B1,
D292,
D10D,
D00E,
CEFB,
CD9F,
CC39,
C84D,
C61F,
C7AA,
CF4C,
D7DB,
DCE9,
DC58,
D789,
D085,
CE24,
D06E,
D56D,
D743,
D411,
CEB0,
CD39,
CF39,
D48C,
D838,
DA69,
D9B8,
D8CE,
D72C,
D889,
DB42,
DF14,
DEE4,
DDF8,
DA34,
D657,
D157,
CE69,
C955,
C75E,
C48C,
C426,
BF38,
BD91,
B8C8,
BCA4,
B7C2,
EADD,
F8F0,
ED2D,
F02E,
F201,
F906,
F9F7,
F6C9,
EBAF,
E49C,
DDC1,
D843,
D16C,
CAAE,
C1EE,
BC44,
B4D2,
AEB1,
ADF8,
B2DE,
B64A,
BA30,
BF18,
C858,
D556,
E59C,
F612,
0495,
0C9E,
0F29,
0C84,
0897,
050D,
00DB,
FA1C,
EF66,
DAFD,
C3CE,
B28D,
A566,
9801,
8E31,
870F,
823C,
8001,
8349,
8D83,
9C69,
A86E,
B0B4,
B904,
C4C1,
D314,
E402,
F24C,
F7BF,
F488,
EE3B,
E749,
E1AF,
DD21,
DA5C,
D66A,
CBFD,
BB1A,
ABD1,
A1B9,
9ED0,
9E72,
9A96,
94E5,
9483,
996E,
A26D,
AD45,
B8DB,
C233,
C652,
C806,
CE72,
D69C,
DC41,
E11F,
E467,
DF56,
D432,
CB73,
C922,
C7DB,
C21D,
BA4D,
B6EC,
B3F6,
AC98,
A5B4,
A55D,
AA31,
B1A4,
BA0B,
C3C0,
CE61,
D859,
E213,
ED5D,
F626,
F989,
FB52,
FC95,
F914,
F402,
EF9D,
E678,
D86B,
CBFF,
C14E,
B602,
AAF4,
A215,
9CB1,
9BEF,
9EC2,
A2EC,
A76E,
AE96,
B999,
C599,
CF9F,
DB35,
E9D1,
F559,
F854,
F537,
F321,
F7E0,
006C,
05C1,
0660,
04A6,
02CF,
0200,
0211,
02F5,
02E0,
FDE0,
F358,
E911,
E583,
E962,
EED4,
F134,
EFFB,
EBA3,
E6F2,
E938,
F2C4,
FA8A,
FD63,
FD9F,
F8CD,
EF84,
E85E,
E598,
E33E,
E18E,
E210,
E054,
D8FB,
D254,
CF85,
CF81,
D330,
DA6E,
E34A,
ED12,
F85A,
066B,
12B0,
16A6,
1651,
1848,
1AFD,
1A01,
117C,
0116,
F1C1,
EE6A,
F337,
F2A2,
E862,
DD23,
D99B,
DD4B,
E416,
EE5E,
F865,
FAB8,
F97F,
FC5D,
0260,
07A8,
087D,
0408,
006A,
FFCD,
FD2B,
F5BC,
EC05,
E5FA,
E58C,
E4B3,
E1AD,
E1B8,
E557,
EC6F,
F9EB,
08AF,
0FB1,
0CEE,
054E,
0244,
0704,
09EA,
048E,
FA90,
EC9D,
DA09,
C92D,
C04F,
BDB0,
BC08,
B8E8,
B63D,
B83F,
BF94,
C9C8,
D710,
E7A4,
F74F,
02AE,
0B08,
11FD,
16EF,
1A00,
1DD4,
20B0,
1DF7,
181F,
1576,
1723,
1C4D,
2357,
28C2,
2B39,
2A6B,
25F1,
206D,
1B56,
146B,
0BDB,
0233,
F546,
E417,
D1F3,
C30E,
B91C,
B30D,
AFD1,
AEBC,
B0AD,
B5FD,
BC7D,
C3B1,
CCE1,
D87F,
E5C1,
F0EA,
F6A4,
FA69,
FF6C,
04C5,
08E8,
0B62,
0CA8,
0CFF,
0B62,
08DC,
0853,
0AA0,
0C53,
087A,
FEE7,
F5A8,
F2F2,
F570,
F633,
F4F2,
F6A4,
FA71,
FCE7,
FE9A,
009B,
03D4,
0A58,
13BF,
1BF5,
1FDE,
20E9,
224C,
2566,
28A0,
2A4A,
2B81,
2F0B,
3471,
372B,
3560,
349B,
3781,
3749,
303C,
282F,
2363,
1EC2,
174B,
0FBE,
0A6D,
042D,
FBF0,
F69A,
F59B,
F603,
F7ED,
FC95,
017D,
054A,
08AE,
0BC1,
0F37,
1482,
1AF3,
1FAA,
1EC3,
1A3D,
1A12,
20D0,
283B,
2B33,
2973,
2697,
27A2,
2D57,
32BE,
3485,
359D,
39E1,
3E9F,
3F19,
3F4A,
45B8,
4E46,
52AE,
53B3,
5419,
5484,
5402,
51A1,
509F,
5245,
52BD,
4ECA,
470A,
3E88,
37AE,
3068,
2822,
228F,
21A0,
23ED,
2764,
2983,
28D9,
2543,
20E6,
2032,
2323,
241F,
229D,
22A0,
22E7,
1F62,
19B3,
16D7,
1734,
1704,
155B,
1380,
126A,
1510,
1D30,
277F,
31B5,
3A56,
3F95,
4388,
4B55,
56C4,
6006,
610F,
58B5,
4BE8,
43AC,
42C6,
4195,
3A9B,
30FB,
28A8,
231F,
1F99,
1AE3,
1497,
115C,
12E6,
150C,
1639,
192C,
1A82,
19F8,
1EEB,
27C3,
2B17,
2A32,
291C,
2BE0,
3587,
4032,
45F3,
495D,
492B,
46A8,
4724,
489E,
4984,
4A4A,
482E,
45CC,
4482,
3E79,
35DE,
2E0D,
260E,
1FB1,
1B18,
17B3,
17DC,
1767,
1248,
0D20,
0C12,
0FF9,
15F4,
1C8B,
248D,
2DE6,
3769,
4072,
4656,
4B16,
4F9F,
5162,
5117,
503D,
4E58,
4C54,
49D6,
461E,
4226,
3DE7,
3A3E,
38FE,
3A4C,
3C13,
3B3D,
3889,
3698,
3468,
2F4D,
2847,
206F,
175F,
0DB7,
0671,
022F,
FF8C,
FD3D,
FA9B,
F8F7,
F94D,
FB3E,
015E,
0C11,
16CC,
1F81,
25C5,
284A,
2912,
298C,
29FF,
2B80,
2EE1,
32F9,
35C5,
358B,
344A,
33A6,
339B,
3529,
3843,
3A78,
3B57,
3B73,
3A5A,
396C,
3AC2,
3C70,
3BE3,
3926,
35F0,
33F0,
33AD,
33FA,
352C,
36A1,
379B,
38BA,
396D,
3900,
39D1,
3D1D,
42B2,
4946,
4DF1,
4F52,
4EBA,
4DC6,
4E65,
4FC3,
4F5F,
4C7C,
480D,
42C9,
3EDE,
3D1C,
3C27,
39C6,
3558,
2F4B,
2983,
24F7,
218F,
1EE8,
1C35,
18EC,
16BF,
160E,
169D,
18A6,
1AAB,
1BD2,
1E89,
2235,
2518,
2846,
2CC1,
318C,
36ED,
3C23,
3F39,
3FFF,
40A6,
422E,
450F,
4965,
4E62,
51FE,
531A,
51C8,
4F4A,
4D28,
4D60,
4E53,
4D89,
4BEB,
4A69,
478F,
4549,
43D1,
4144,
3EA3,
3CDA,
3A5F,
381D,
35FC,
337E,
313B,
2E40,
2A15,
2643,
22BB,
1FFB,
1ECE,
1E7A,
1EDD,
1F24,
1D65,
1AF3,
1A7C,
1D50,
227C,
27A1,
2B70,
2E1D,
2EB4,
2E40,
2EFB,
31D7,
354E,
3861,
3B89,
3F6C,
4249,
43E9,
4501,
454E,
43FA,
40DC,
3C6D,
3830,
3525,
3413,
3406,
3263,
2EF6,
2BAD,
28F0,
281E,
299E,
2928,
2331,
1BC6,
178F,
1842,
1FAB,
2C0B,
3347,
2F3D,
2441,
1AAD,
1935,
2355,
34F1,
4470,
484B,
3F9B,
31A3,
264A,
22DC,
29CF,
3644,
4122,
4540,
3F8D,
343C,
2B1F,
2547,
221C,
2129,
1E2E,
17D3,
1187,
0E03,
0F01,
0FF7,
0AE6,
015C,
F951,
F737,
FDED,
08A3,
1206,
179B,
15EF,
0BEB,
0194,
FF15,
0496,
0C66,
1440,
1ABD,
1B3D,
16DE,
1342,
1030,
0CC2,
0A6A,
0691,
0123,
FFD6,
0437,
0BE9,
14CC,
18EA,
1212,
05E2,
FE0F,
FE6F,
05D0,
0DC1,
0CDA,
02DB,
F4B1,
E704,
DF67,
DF6C,
E292,
E585,
E59E,
E2CC,
E0B0,
E159,
E46F,
E8C1,
E9BC,
E684,
E38D,
E38A,
E7A1,
F061,
F873,
FC07,
FBD9,
F82B,
F32F,
F1DF,
F4CA,
FB0C,
01ED,
0565,
03F6,
FFDD,
FCB3,
FD71,
FDFC,
FAC6,
F533,
F200,
F43F,
F94D,
FC67,
FED1,
0034,
FF70,
FFB8,
0287,
0522,
06B2,
094F,
0DD3,
1124,
1217,
11D5,
0F8A,
0BE6,
09CA,
0806,
0647,
05A4,
068B,
07E3,
089F,
079C,
06B2,
0893,
0D88,
130A,
1759,
1695,
0E2B,
03B8,
FCA7,
F8C5,
F88A,
F953,
F769,
F435,
F0F6,
EC63,
E8E8,
E830,
EB51,
F133,
F63F,
F6C4,
F25B,
EB2C,
E786,
E8F5,
ECBA,
F193,
F4DD,
F1EF,
EB13,
E434,
DFA5,
DF70,
E219,
E3BC,
E545,
E6BE,
E60A,
E36B,
E04A,
DCDA,
DBC5,
DE67,
E2EA,
E8B8,
EFA8,
F2AD,
F0AF,
EDE9,
EC97,
EC4B,
ED4D,
EE02,
ED9D,
EA41,
E482,
E04E,
DAFF,
D05B,
C7C7,
C564,
C260,
BE87,
BD3C,
BC1E,
BCD8,
C39E,
CFC0,
E1DC,
F317,
F024,
D28F,
AA25,
9348,
A38B,
D1AD,
0018,
161C,
04C6,
DB9E,
BB8D,
AC4E,
B242,
CD5F,
E44E,
EC1D,
EAA6,
D6F5,
BEC2,
BBD1,
CB0C,
DA07,
E0D9,
E9E6,
ED2C,
DA6D,
CE0B,
D743,
D27B,
CB2F,
D6CC,
DAA0,
D521,
DBC3,
DF9E,
DADE,
D73D,
D2B0,
CE31,
D0B3,
D662,
DAEF,
DC75,
DAC2,
D562,
CE0D,
CB41,
D02F,
D8AD,
E39A,
F046,
FB0E,
FED2,
F7EB,
EA65,
DF48,
D77D,
D25E,
D0BE,
D215,
D388,
D60D,
DAEF,
E044,
E1B8,
E04F,
DD9A,
DCB8,
DFA4,
E1C4,
DE07,
D6B9,
CD2F,
C49F,
C104,
C1D6,
C5B2,
CBE6,
D0DD,
D3E0,
D547,
D705,
DB7C,
E073,
E2CA,
E3A7,
E161,
DE60,
DD8B,
E0A4,
E681,
EB81,
EB57,
E9D5,
E726,
E4F6,
E483,
E51E,
E60F,
E61F,
E310,
DF71,
DB9E,
D8C2,
D848,
D734,
D40E,
D14A,
D00F,
D229,
D2C6,
D1A5,
D131,
D1DA,
D23C,
D471,
D610,
D6E1,
D61A,
D6E1,
D9B9,
DC0C,
DC7D,
DB9C,
D885,
D546,
D261,
D170,
D0FB,
D044,
CF34,
CDFC,
C9F6,
C752,
C873,
CFE4,
D84E,
DD06,
DBD8,
D63E,
CE88,
CBD9,
CE5E,
D3AD,
D564,
D1AF,
CBCF,
CA3A,
CCC6,
D327,
D7E3,
DA85,
D9A8,
D86D,
D6C3,
D897,
DC60,
E120,
E110,
DFB5,
DB6E,
D6FC,
D194,
CE7C,
C962,
C783,
C4BE,
C3DA,
BE50,
BC92,
B86F,
BCFA,
B88F,
EA89,
F810,
EC17,
EF74,
F275,
FAC7,
FCA7,
F995,
EDEB,
E632,
DF17,
D9B8,
D36D,
CD16,
C3D6,
BCF3,
B43E,
AD0C,
ABC2,
B088,
B3D0,
B776,
BC36,
C543,
D1FE,
E239,
F305,
0213,
0A9B,
0D88,
0B53,
083A,
061C,
038A,
FDC6,
F30C,
DE1B,
C65B,
B4C6,
A7A8,
9A8B,
90D9,
894C,
8372,
8001,
8254,
8BFC,
9A71,
A5C6,
AD23,
B4E5,
C0B3,
CF55,
E070,
EEC8,
F43F,
F117,
EB1F,
E4F0,
E07E,
DD5E,
DBE0,
D8C9,
CEEC,
BE32,
AEA6,
A475,
A1AE,
A156,
9D7F,
97EA,
9751,
9B83,
A3D8,
AEA9,
BA46,
C330,
C6C6,
C812,
CE51,
D71E,
DE04,
E3A2,
E6BC,
E11C,
D56F,
CC22,
C958,
C837,
C34B,
BC26,
B8B5,
B528,
ACD9,
A4F5,
A402,
A89F,
B01C,
B8C5,
C280,
CCA0,
D5F7,
DF6E,
EAE3,
F3F5,
F773,
F94D,
FAEA,
F816,
F3B1,
EFE0,
E76B,
DA0B,
CDFE,
C385,
B851,
AD11,
A41A,
9EF2,
9E5D,
A12D,
A54A,
A97B,
AFE9,
BA12,
C58C,
CFA8,
DBA5,
EA73,
F5F2,
F8F1,
F5FB,
F415,
F8E0,
0169,
06DA,
07AE,
062E,
0452,
0326,
02CF,
034F,
02CD,
FD92,
F2F2,
E878,
E4BF,
E8AF,
EE55,
F0D4,
EF86,
EB00,
E626,
E856,
F1D9,
F970,
FBBF,
FB5F,
F65A,
ED36,
E637,
E3A6,
E185,
DFAC,
E008,
DEDE,
D850,
D1C7,
CECA,
CEFA,
D314,
DA9E,
E39C,
ED42,
F802,
0586,
11D7,
167B,
16E4,
1939,
1BF6,
1B03,
12D1,
031E,
F4B8,
F1FA,
F6BF,
F602,
EB9A,
DFC7,
DB90,
DEF5,
E5A2,
EFA7,
F932,
FAB9,
F865,
FA12,
FF5F,
04F1,
069A,
0263,
FE2A,
FCDC,
F9D2,
F213,
E848,
E283,
E267,
E1EE,
DF45,
DF37,
E2B0,
EA5F,
F8C6,
081E,
0F8E,
0D4C,
0641,
040B,
09D9,
0D8B,
087E,
FE87,
F068,
DD7C,
CC81,
C3CE,
C141,
BF8B,
BC48,
B931,
BA99,
C175,
CB60,
D85D,
E85C,
F75C,
026B,
0AA4,
1133,
15C2,
18D0,
1C91,
1F06,
1C1A,
168E,
1496,
173E,
1D4E,
24C9,
2A47,
2CD7,
2C4E,
27F9,
227C,
1D96,
16B9,
0E0C,
046C,
F74E,
E597,
D2DC,
C336,
B89D,
B273,
AF3D,
ADF1,
AF32,
B350,
B8D0,
BFC0,
C911,
D4C1,
E20A,
ED73,
F3A8,
F7C0,
FD1E,
0357,
0898,
0C05,
0E45,
0F74,
0E2F,
0C06,
0C55,
0F9A,
1209,
0EA5,
051C,
FB82,
F82E,
FA50,
FB51,
FA6D,
FC0A,
FF1E,
007A,
0165,
031A,
0601,
0C16,
150B,
1C99,
1FC0,
2025,
20EA,
2366,
2641,
27D2,
28FA,
2C5C,
31A1,
3480,
332B,
32FC,
3655,
3658,
2F5A,
2723,
2209,
1D6C,
168F,
0FC1,
0AC6,
045D,
FBC8,
F657,
F590,
F643,
F8A1,
FDF7,
034A,
0721,
0AA6,
0E08,
11B7,
1724,
1DBE,
22C3,
223C,
1DE0,
1DA4,
2436,
2B4A,
2DCC,
2BAD,
288C,
2944,
2EB7,
3444,
3652,
3728,
3AC9,
3EFC,
3EFB,
3EBD,
44F7,
4D99,
5234,
534B,
53B0,
545C,
5422,
51D2,
50F4,
52C2,
530F,
4EEE,
4754,
3F05,
381B,
309B,
2832,
22A6,
21E0,
2475,
2815,
2A13,
2929,
251F,
1FEB,
1E6D,
211D,
2232,
20B6,
2075,
205B,
1CBE,
1741,
149C,
1542,
1570,
13FD,
123A,
116B,
14B7,
1DC4,
28C2,
32ED,
3B03,
3FBF,
436C,
4B48,
574C,
6189,
6365,
5B60,
4E94,
464C,
458D,
44E6,
3EAE,
3587,
2D17,
26F4,
22A1,
1D32,
166B,
12B0,
1340,
140A,
140B,
1641,
1733,
167B,
1B53,
23F5,
26B8,
2502,
2370,
262F,
3030,
3BD4,
42F6,
475B,
478D,
4514,
45B9,
480C,
4A45,
4C6C,
4BBF,
4A5F,
494F,
4343,
3AB8,
32FC,
2B1E,
24FA,
20AF,
1D76,
1D44,
1BF5,
15DB,
0FFF,
0E77,
117C,
1618,
1B63,
226C,
2B32,
34A9,
3DD4,
4383,
478C,
4B43,
4CA1,
4C8B,
4C58,
4B31,
49BD,
47A5,
4416,
4025,
3C29,
38F0,
380E,
39BE,
3BF5,
3B8D,
394F,
37D5,
3600,
312B,
2A7F,
22FA,
19D3,
0FA1,
07AF,
02FD,
004E,
FDEB,
FA9B,
F80B,
F7B1,
F921,
FF17,
0A24,
1554,
1E46,
24B0,
274C,
2818,
289E,
2937,
2B14,
2EF2,
3382,
36CB,
36F4,
3600,
35DB,
365E,
387D,
3C50,
3EF2,
3FBD,
3FA4,
3E2C,
3CD0,
3DFF,
3F97,
3EBC,
3B70,
3766,
34A1,
33EF,
3428,
358D,
36FE,
375E,
37BB,
37CB,
36C9,
375F,
3ADF,
40C8,
4794,
4C18,
4CF2,
4BEE,
4AE4,
4BC5,
4DA4,
4D90,
4AAB,
463D,
411B,
3D94,
3C89,
3C33,
3A1C,
35A5,
2F51,
2959,
24D8,
219D,
1F40,
1C9E,
18FE,
167B,
15B0,
1653,
18A8,
1AFD,
1C40,
1EFE,
227B,
24E8,
27E2,
2CAA,
31E9,
37A1,
3CE4,
3FB3,
401E,
4084,
4210,
455E,
4A43,
4F98,
533D,
5407,
5225,
4F29,
4CD0,
4D30,
4E77,
4DC4,
4BFB,
4A24,
46CB,
4423,
428F,
3FD9,
3CF5,
3B01,
3866,
360E,
340F,
31CE,
2FAC,
2C9D,
282B,
241A,
207D,
1DBF,
1CAE,
1C9F,
1D4A,
1DAF,
1BBF,
18E4,
1849,
1B8E,
2178,
2731,
2B38,
2DE9,
2E63,
2DB7,
2E8A,
3212,
3656,
39EB,
3D62,
4176,
4453,
45C9,
46C6,
472E,
4608,
42E8,
3E1B,
393C,
35B0,
3492,
34CB,
3369,
2FEE,
2C18,
285F,
26A6,
27F6,
2802,
22AE,
1BD1,
17AE,
1759,
1D55,
2920,
307D,
2CC0,
2265,
198A,
1841,
2224,
33AF,
4323,
46B5,
3E15,
30C2,
2600,
22F4,
2A25,
3671,
40F9,
44AB,
3E55,
32D4,
2A56,
2556,
22EE,
2288,
1F8B,
18A0,
118B,
0D6F,
0E79,
1016,
0BCC,
0292,
F9D3,
F65D,
FC52,
0779,
11DF,
1854,
16F6,
0C95,
0196,
FEA7,
0426,
0C30,
1401,
1A1A,
1A19,
1520,
112F,
0E5D,
0B5D,
0968,
0603,
00B7,
FEFB,
02A6,
09B6,
125C,
16A2,
1025,
045B,
FCD0,
FD38,
0499,
0CB4,
0C2B,
02B5,
F513,
E799,
DFAC,
DF1F,
E1BC,
E437,
E40D,
E16A,
DFCC,
E0F5,
E47B,
E8EE,
E98A,
E5F9,
E326,
E373,
E7B9,
F087,
F861,
FB89,
FB2F,
F7C2,
F341,
F286,
F601,
FCAF,
03B9,
0716,
059A,
0193,
FE61,
FF10,
FF9F,
FC4E,
F696,
F34E,
F577,
FA7E,
FD8C,
FFC6,
0108,
003E,
0064,
02EA,
0533,
06B0,
098F,
0E69,
11F6,
12DF,
1222,
0F3F,
0B4C,
0932,
07D3,
067B,
059E,
05E9,
06EA,
07B7,
070C,
067D,
0849,
0C98,
1127,
14C5,
1408,
0C4B,
02AB,
FC1C,
F80A,
F704,
F702,
F4D5,
F21D,
EFEC,
EC44,
E920,
E836,
EA9C,
EFC2,
F4E5,
F65D,
F32D,
ECDF,
E94D,
EA3C,
ED67,
F1BB,
F499,
F154,
EA5D,
E3D6,
DFBD,
DF97,
E1F7,
E33A,
E465,
E5A4,
E4D0,
E1C8,
DE0A,
DA4C,
D976,
DCE6,
E281,
E8E3,
EF60,
F10E,
ED99,
EA80,
EA89,
EC63,
EF57,
F0EC,
EFA2,
EA8D,
E3B8,
DF30,
DA00,
CFD7,
C802,
C672,
C32D,
BDCE,
BB73,
BA70,
BC02,
C3EB,
D019,
E0E2,
F086,
EC47,
CEF5,
A88F,
930D,
A323,
D0D0,
FEAE,
14C5,
04C6,
DD2A,
BDE1,
AEB9,
B3AE,
CD85,
E446,
ECDF,
EC6F,
D9F1,
C255,
BEA3,
CC34,
DA0E,
E113,
EAAB,
EEB6,
DD5E,
D16D,
D9AD,
D47C,
CCDD,
D784,
DACB,
D4BE,
DA43,
DD8D,
D8F0,
D5D9,
D248,
CE8C,
D110,
D63B,
DA34,
DBC4,
DABD,
D60F,
CF06,
CBE1,
CFDF,
D754,
E1A6,
EE75,
F9F1,
FE53,
F788,
E9AC,
DE38,
D69A,
D25D,
D1FE,
D435,
D5AB,
D763,
DB40,
E018,
E1D5,
E11E,
DF2B,
DE99,
E10F,
E269,
DE0A,
D66D,
CD0F,
C4EE,
C191,
C24B,
C5C2,
CBA2,
D0BC,
D424,
D5DE,
D7BC,
DBEA,
E058,
E242,
E2E2,
E0A0,
DDA1,
DC9B,
DFA3,
E5BC,
EAF6,
EAEE,
E986,
E726,
E560,
E51D,
E5B1,
E673,
E634,
E2DF,
DEF3,
DAAC,
D75F,
D6C0,
D5E0,
D2C9,
CFBE,
CE26,
CFD7,
D021,
CF14,
CF49,
D0C2,
D174,
D381,
D4E2,
D54D,
D428,
D4E4,
D80A,
DAE7,
DBD0,
DB26,
D817,
D4CE,
D225,
D1C4,
D1D0,
D16A,
D096,
CF7F,
CB5F,
C858,
C921,
D065,
D89C,
DCEA,
DB0D,
D4A2,
CC49,
C95E,
CC24,
D1C1,
D34D,
CF0C,
C8AE,
C702,
CA1C,
D18B,
D756,
DA6D,
D96D,
D7F0,
D64C,
D8A7,
DD89,
E339,
E345,
E172,
DCA6,
D7A7,
D1DB,
CE97,
C96F,
C79C,
C4D9,
C375,
BD4D,
BB75,
B7EA,
BD16,
B90B,
EA06,
F70C,
EAF1,
EEAF,
F2D1,
FC64,
FF33,
FC4E,
F02B,
E7D9,
E07E,
DB39,
D56E,
CF75,
C5B6,
BD9B,
B3A8,
AB74,
A996,
AE2A,
B141,
B49C,
B928,
C1F5,
CE63,
DE90,
EFAA,
FF37,
083E,
0B94,
09D6,
0795,
06E1,
05EC,
0125,
F678,
E11C,
C8ED,
B712,
A9FC,
9D28,
939A,
8BB0,
84E7,
803B,
81B6,
8ABF,
98B2,
A34F,
A9CA,
B108,
BCE2,
CBBF,
DCE9,
EB33,
F0A3,
ED8E,
E7F4,
E28A,
DF33,
DD61,
DD07,
DABB,
D178,
C107,
B161,
A732,
A48A,
A424,
A041,
9ACF,
9A1C,
9DB8,
A573,
B02A,
BBAC,
C410,
C721,
C824,
CE56,
D7CA,
DFDE,
E626,
E8FD,
E2C7,
D69E,
CCD1,
C990,
C886,
C454,
BDC6,
BA3C,
B61F,
ACF5,
A420,
A289,
A6D8,
AE4D,
B732,
C0FC,
CAB3,
D37E,
DCB1,
E840,
F191,
F531,
F72A,
F933,
F719,
F364,
F01A,
E84D,
DB9E,
D006,
C5DA,
BAC8,
AF5B,
A64C,
A162,
A107,
A3EA,
A80C,
ABF3,
B1A0,
BADC,
C5BA,
CFDE,
DC3B,
EB30,
F696,
F985,
F6A3,
F4DD,
F9AA,
0226,
07A8,
08A6,
0756,
056D,
03DD,
031B,
033B,
0253,
FCE7,
F238,
E78F,
E3A8,
E7A9,
ED93,
F04B,
EF01,
EA61,
E570,
E792,
F10D,
F87D,
FA53,
F968,
F43E,
EB46,
E46B,
E207,
E010,
DDFB,
DE1F,
DD80,
D7BE,
D158,
CE2D,
CE8F,
D30B,
DAD4,
E3EB,
ED67,
F799,
048F,
10EB,
163F,
176A,
1A18,
1CD5,
1BEE,
1418,
0524,
F7B3,
F581,
FA2C,
F945,
EEC6,
E276,
DD98,
E0AA,
E72C,
F0E4,
F9F1,
FABA,
F766,
F7F9,
FC96,
025B,
04B3,
009A,
FBB7,
F9B9,
F653,
EE4D,
E46F,
DEE6,
DF0A,
DEE8,
DCA7,
DC9A,
E000,
E845,
F787,
0768,
0F4D,
0DA6,
0754,
0604,
0CD5,
1145,
0C86,
02A0,
F46F,
E14E,
D04D,
C7C2,
C539,
C36A,
C002,
BC88,
BD67,
C3D4,
CD6E,
D9FE,
E947,
F783,
0232,
0A43,
1064,
147E,
1770,
1AFF,
1CF6,
19D2,
1497,
1351,
16E7,
1DC2,
2599,
2B21,
2DCA,
2D97,
2989,
242E,
1F80,
18B2,
0FED,
0668,
F93F,
E72F,
D401,
C3AF,
B87A,
B235,
AF03,
AD82,
AE20,
B121,
B5AD,
BC57,
C5B5,
D15C,
DE98,
EA36,
F0DF,
F548,
FAF9,
01FA,
0846,
0C9C,
0FCF,
11D7,
10EC,
0F17,
1026,
1449,
176A,
1482,
0B1E,
013E,
FD58,
FF23,
0062,
FFDE,
0169,
03D1,
042C,
045B,
05C1,
084B,
0DE3,
1656,
1D33,
1F90,
1F4B,
1F6E,
2149,
23C2,
2538,
264D,
2980,
2E9D,
3198,
30B8,
3126,
34FC,
3548,
2E64,
2608,
20A5,
1C15,
15D9,
0FCB,
0B2A,
04A3,
FBCB,
F652,
F5C6,
F6C7,
F99A,
FF95,
054E,
092E,
0CDB,
1094,
1483,
1A0E,
20C5,
260A,
25DB,
21A7,
2157,
27B9,
2E72,
307D,
2E00,
2A97,
2AF7,
3025,
35D1,
381A,
38AA,
3BA3,
3F43,
3EC9,
3E20,
441F,
4CC6,
5181,
5298,
52F4,
53E0,
53F6,
51C6,
5111,
52FD,
5314,
4EC4,
475E,
3F60,
3883,
30D8,
2850,
22C7,
2220,
24F3,
28C0,
2AB0,
299D,
2534,
1F43,
1D0F,
1F82,
20B0,
1F3B,
1EB2,
1E33,
1A73,
1514,
1294,
137B,
1401,
12BF,
110D,
1076,
1453,
1E38,
29D7,
33FB,
3B96,
3FDD,
4349,
4B26,
57A4,
62C2,
6568,
5DC9,
511A,
48DA,
4843,
481F,
429D,
39EF,
3171,
2ACA,
25C0,
1FAF,
1879,
1445,
13E3,
1356,
122E,
13A2,
1429,
133C,
17EF,
2049,
227A,
1FFE,
1DF5,
20AC,
2AF5,
3772,
3FD8,
4533,
45D9,
4380,
4456,
477B,
4AF9,
4E77,
4F30,
4ED3,
4E03,
4802,
3F98,
37FC,
3047,
2A5F,
265D,
234A,
22BE,
209C,
1997,
1312,
1110,
1332,
1677,
1A7A,
2089,
28AF,
31FD,
3B2B,
4099,
43ED,
46D9,
47D0,
47E2,
4845,
47D0,
46ED,
4540,
41E4,
3E03,
3A4C,
377F,
36F8,
3909,
3BB1,
3BBC,
39FC,
3900,
378A,
3303,
2CB8,
258F,
1C67,
11C4,
093B,
0424,
0166,
FEDF,
FAE7,
F77B,
F67D,
F770,
FD2E,
087B,
1409,
1D2C,
23B8,
266F,
2746,
27DD,
2899,
2AC8,
2F15,
340F,
37C8,
3855,
37B0,
3804,
390F,
3BB8,
4039,
4344,
43FF,
43B4,
41E9,
402B,
4137,
42BD,
419B,
3DC2,
38EA,
3566,
3448,
346B,
35FA,
375D,
3721,
36B6,
361E,
348B,
34E8,
3897,
3EC4,
45B3,
4A01,
4A56,
48F7,
47EC,
4915,
4B6F,
4BA7,
48C1,
445B,
3F6B,
3C59,
3C08,
3C4F,
3A7A,
35F5,
2F61,
294C,
24ED,
21F6,
1FEC,
1D5F,
196E,
169B,
15BC,
1672,
190A,
1B9F,
1CF1,
1FA7,
22E9,
24E0,
27A9,
2CB5,
3257,
3850,
3D8D,
4011,
402A,
4058,
41ED,
45A0,
4B01,
5095,
5435,
54B2,
5254,
4EE7,
4C59,
4CD7,
4E66,
4DC9,
4BDF,
49BF,
45F5,
42F3,
4142,
3E68,
3B4C,
3937,
3688,
3429,
324E,
3047,
2E43,
2B1F,
2669,
221E,
1E75,
1BC4,
1AD6,
1B0C,
1BFA,
1C7C,
1A62,
172A,
166D,
1A17,
20AE,
26ED,
2B2F,
2DE4,
2E38,
2D4D,
2E30,
3253,
375A,
3B70,
3F31,
4369,
463B,
4783,
486C,
48F8,
4806,
44E6,
3FBE,
3A3E,
3633,
350B,
358E,
346F,
30E5,
2C84,
27D4,
2532,
2652,
26E9,
224C,
1C0F,
1805,
16A6,
1B28,
2648,
2DB3,
2A41,
2095,
1881,
176A,
2105,
3269,
41C1,
4509,
3C81,
2FDC,
25BC,
2318,
2A80,
369E,
40CC,
4414,
3D28,
317C,
2998,
256C,
23C9,
23F2,
2103,
19A0,
11CD,
0D14,
0E15,
1040,
0CB0,
03CA,
FA68,
F5A8,
FADE,
0667,
11BC,
18FD,
17E9,
0D38,
01A3,
FE4B,
03C3,
0BFA,
13B1,
194F,
18BC,
1329,
0EE9,
0C60,
09DB,
0850,
0559,
0031,
FE0B,
0100,
0771,
0FDC,
1449,
0E28,
02CB,
FB85,
FBEF,
034A,
0B8D,
0B6A,
028C,
F57D,
E83D,
E009,
DEEE,
E107,
E317,
E2B1,
E03B,
DF10,
E0B0,
E49D,
E928,
E96E,
E592,
E2E5,
E386,
E7FC,
F0CF,
F86A,
FB29,
FAA9,
F784,
F382,
F350,
F742,
FE44,
056A,
08AE,
072B,
033F,
000A,
00A9,
0136,
FDCE,
F7F8,
F49E,
F6AB,
FBA3,
FEA4,
00AC,
01CA,
00FB,
00FE,
033B,
053A,
06AA,
09C3,
0EE5,
12A3,
137F,
124C,
0ED4,
0A98,
088C,
0797,
06A3,
0592,
0545,
05F1,
06CF,
067E,
064D,
0802,
0BA3,
0F3D,
122A,
1178,
0A71,
01B0,
FBA6,
F76A,
F59C,
F4CE,
F25A,
F017,
EEED,
EC2E,
E95F,
E840,
E9EC,
EE53,
F383,
F5E1,
F3E2,
EE74,
EB00,
EB7A,
EE13,
F1E9,
F460,
F0C8,
E9B8,
E387,
DFE2,
DFC5,
E1D1,
E2AB,
E36C,
E465,
E36D,
E002,
DBB4,
D7B1,
D719,
DB54,
E20B,
E910,
EF1A,
EF60,
EA5C,
E6DE,
E841,
EC52,
F152,
F3DA,
F1A2,
EAB0,
E2A8,
DDCC,
D8CF,
CF41,
C84A,
C79B,
C414,
BD27,
B9BA,
B8DC,
BB50,
C462,
D09D,
E006,
EE00,
E871,
CB72,
A729,
9311,
A2F2,
D009,
FD32,
1347,
04B4,
DEC8,
C058,
B13F,
B51C,
CD8D,
E40E,
ED74,
EE16,
DCD4,
C5D1,
C14A,
CD1C,
D9CB,
E103,
EB36,
F01B,
E043,
D4D1,
DC18,
D66B,
CE6F,
D829,
DAEE,
D457,
D8B7,
DB60,
D6D7,
D44E,
D1C8,
CEE3,
D175,
D61D,
D97B,
DB0B,
DAA8,
D6AF,
CFFC,
CC86,
CF93,
D5F7,
DFA2,
EC88,
F8AB,
FDAA,
F70A,
E8EC,
DD2B,
D5B9,
D256,
D32D,
D63E,
D7B8,
D8AB,
DB87,
DFE2,
E1E4,
E1E0,
E0B7,
E079,
E27A,
E30B,
DE07,
D618,
CCE6,
C53D,
C228,
C2CB,
C5DB,
CB62,
D099,
D463,
D671,
D86E,
DC4F,
E02A,
E19F,
E200,
DFC2,
DCD0,
DBA9,
DEA2,
E4E5,
EA47,
EA54,
E900,
E6F0,
E597,
E587,
E60D,
E69A,
E60B,
E272,
DE3D,
D992,
D5E5,
D526,
D474,
D169,
CE1C,
CC2D,
CD83,
CD8C,
CC9D,
CD75,
CFB6,
D0BA,
D2A1,
D3CA,
D3DA,
D261,
D30D,
D674,
D9CF,
DB2B,
DAB8,
D7B1,
D462,
D1F8,
D221,
D2A5,
D283,
D1DF,
D0DE,
CCA9,
C952,
C9D5,
D0E9,
D8DC,
DCA9,
DA0D,
D2D2,
C9E8,
C6D5,
C9E1,
CFC2,
D117,
CC47,
C573,
C3B7,
C75F,
CFD7,
D6AA,
DA35,
D91F,
D770,
D5E5,
D8D7,
DED6,
E572,
E595,
E345,
DDF4,
D875,
D24B,
CEDA,
C99D,
C7CB,
C500,
C31B,
BC54,
BA61,
B762,
BD1D,
B95A,
E94B,
F5E0,
E9B3,
EDDA,
F30D,
FDD8,
0192,
FEEB,
F269,
E989,
E1EC,
DCBD,
D761,
D1BA,
C77A,
BE29,
B2FE,
A9D4,
A75E,
ABAF,
AE88,
B191,
B5DF,
BE63,
CA80,
DA9C,
EBFE,
FC01,
0589,
0951,
0813,
06AD,
075D,
07FE,
0436,
F9A0,
E3F6,
CB76,
B95D,
AC4C,
9FBF,
9654,
8E16,
8675,
80BA,
8149,
89AC,
970F,
A0EF,
A693,
AD57,
B93E,
C84B,
D96B,
E78E,
ECEC,
E9EF,
E4BA,
E018,
DDCB,
DD24,
DDC7,
DC34,
D394,
C387,
B3EB,
A9D5,
A747,
A6BD,
A2BE,
9D72,
9CC2,
9FEC,
A71D,
B1AB,
BCF5,
C4BE,
C750,
C82A,
CE6E,
D890,
E1C3,
E89F,
EB22,
E451,
D7B4,
CD75,
C9BF,
C8BE,
C52C,
BF1E,
BB73,
B6CE,
ACDC,
A321,
A0DA,
A4C8,
AC26,
B540,
BF25,
C88D,
D0E3,
D9D4,
E56F,
EEF9,
F2C1,
F4E9,
F770,
F61D,
F318,
F04A,
E917,
DD1E,
D20B,
C83D,
BD53,
B1B9,
A88E,
A3E2,
A3CE,
A6DA,
AB13,
AEB9,
B39F,
BBE0,
C612,
D034,
DCEB,
EBFF,
F741,
FA0E,
F72B,
F574,
FA3A,
02A4,
082C,
0949,
081F,
061E,
0426,
02F9,
02BD,
0176,
FBE1,
F128,
E64F,
E237,
E64A,
EC89,
EF96,
EE66,
E9BF,
E4C7,
E6E4,
F05C,
F7B1,
F91F,
F7BB,
F27A,
E9B1,
E2F5,
E0B7,
DEDC,
DC77,
DC52,
DC34,
D73F,
D0FC,
CDA1,
CE33,
D30C,
DB08,
E42D,
ED7A,
F71D,
0387,
0FED,
15F5,
17E6,
1AE8,
1D9E,
1CC3,
1550,
0722,
FAA5,
F8F1,
FD74,
FC61,
F1D9,
E520,
DFA4,
E25C,
E8A8,
F20D,
FA9D,
FABB,
F681,
F613,
FA06,
FFEB,
02CC,
FEB5,
F919,
F66D,
F2B4,
EA6C,
E078,
DB1F,
DB71,
DB9E,
D9D3,
D9DE,
DD41,
E61C,
F62C,
0692,
0EF5,
0E05,
088A,
082F,
0FFA,
1519,
10A5,
06DB,
F8AC,
E574,
D47D,
CC17,
C984,
C790,
C402,
C030,
C094,
C69F,
CFDF,
DBE5,
EA59,
F7BE,
0204,
09E6,
0F93,
132A,
15E4,
1923,
1A89,
172A,
1244,
11AB,
1620,
1DB0,
25D0,
2B5B,
2E22,
2E55,
2AAD,
258A,
211A,
1A5D,
1186,
082A,
FB17,
E8D5,
D553,
C467,
B89F,
B241,
AF11,
AD5B,
AD63,
AF5B,
B303,
B967,
C2C0,
CE48,
DB6A,
E733,
EE4A,
F305,
F902,
00B6,
07F9,
0D2E,
114D,
142D,
13A0,
1213,
13CA,
18B2,
1C78,
1A13,
10E7,
06D8,
026A,
03E1,
0562,
053F,
06BC,
0886,
07F5,
0778,
088D,
0AB1,
0FC2,
17A7,
1DC9,
1F5A,
1E68,
1DE5,
1F1D,
2133,
228A,
2388,
2689,
2B78,
2E89,
2E1F,
2F31,
338D,
342C,
2D6C,
24F0,
1F49,
1ACF,
1534,
0FE5,
0B9F,
0505,
FBFD,
F68A,
F63E,
F78D,
FAD4,
016C,
0786,
0B72,
0F4C,
1368,
179B,
1D43,
240F,
2987,
29A8,
2599,
2532,
2B5F,
31BD,
3351,
3073,
2CC1,
2CC8,
31B1,
3774,
39EB,
3A31,
3C80,
3F88,
3E97,
3D8A,
4348,
4BE3,
50AE,
51B6,
5200,
532B,
5396,
5190,
510A,
530D,
52E3,
4E62,
473D,
3FAA,
38F2,
312B,
2887,
22FB,
226B,
2576,
2971,
2B67,
2A3F,
258B,
1EF6,
1C20,
1E5B,
1FA4,
1E38,
1D64,
1C78,
188B,
1338,
10CD,
11EA,
12C0,
11AA,
1003,
0F93,
13EB,
1E94,
2ACC,
34EC,
3C1C,
3FFC,
432C,
4B01,
57E1,
63C7,
6731,
6003,
5389,
4B62,
4AF8,
4B4F,
4676,
3E3E,
35BF,
2EA9,
2900,
2262,
1ACA,
1621,
14D3,
12F9,
10AA,
115C,
1172,
104B,
14CD,
1CD1,
1E6D,
1B36,
18BB,
1B68,
25EC,
3323,
3CB2,
42FE,
4425,
41FE,
4310,
46FF,
4BB7,
507E,
5293,
5336,
52AD,
4CC4,
448A,
3D18,
358F,
2FE3,
2C24,
2931,
284B,
255D,
1D7D,
165B,
13DC,
151A,
1713,
19D8,
1EEF,
266D,
2F78,
388D,
3DAE,
4053,
427A,
4309,
4338,
441F,
444F,
43FA,
42BD,
3F9D,
3BD3,
3864,
35FD,
35CD,
383E,
3B56,
3BD9,
3AA1,
3A27,
3912,
34DE,
2EF9,
2836,
1F1E,
1422,
0B16,
05A4,
02CF,
0018,
FB7E,
F748,
F5B2,
F62B,
FBA8,
071C,
12F4,
1C40,
22EA,
25C0,
26AA,
2755,
2831,
2AA9,
2F59,
34AF,
38D0,
39C1,
396A,
3A30,
3BBC,
3EE8,
440C,
477D,
482C,
47B4,
45A1,
438C,
4477,
45EF,
448C,
4029,
3A89,
364D,
34C5,
34D1,
367F,
37CC,
36F3,
35BC,
3478,
325A,
3281,
3658,
3CBA,
43B8,
47C5,
479A,
45F1,
44F6,
466C,
493A,
49BA,
46D5,
427D,
3DCE,
3B3F,
3BAB,
3C88,
3AEF,
3659,
2F8C,
296A,
2545,
22A4,
20F4,
1E7E,
1A41,
1726,
1637,
1700,
19D2,
1C98,
1DED,
208D,
2389,
250A,
27A5,
2CED,
32E3,
3908,
3E2F,
4065,
4032,
4033,
41D4,
45E5,
4BAF,
516C,
54FB,
5533,
526A,
4E99,
4BD7,
4C69,
4E33,
4DAD,
4BAB,
494E,
4521,
41CB,
3FFE,
3D04,
39BB,
3790,
34D9,
327D,
30C9,
2EF8,
2D0E,
29D4,
24DE,
205E,
1CB2,
1A18,
1952,
19CB,
1AF9,
1B96,
195A,
15CD,
14EF,
18F3,
2024,
26DD,
2B5B,
2E16,
2E3E,
2D0F,
2DFA,
32A9,
3868,
3CFA,
40FE,
454E,
480C,
4927,
4A01,
4ABC,
4A04,
46E4,
4163,
3B44,
36B9,
358D,
365F,
3585,
31EB,
2D01,
275B,
23D1,
24C2,
25EC,
2218,
1C88,
189C,
1632,
1930,
2391,
2AFB,
27CF,
1ED9,
1799,
16B7,
2001,
312F,
405D,
435B,
3AF0,
2EFD,
2586,
234F,
2AED,
36DB,
40AD,
438F,
3C19,
3043,
28EE,
2595,
24B5,
2571,
229F,
1AD9,
1252,
0CF7,
0DDB,
107B,
0D96,
0501,
FB0A,
F511,
F98A,
056A,
119E,
199A,
18C8,
0DD0,
01B3,
FDFB,
036A,
0BC4,
1353,
1864,
172D,
10FD,
0C74,
0A3A,
083D,
0721,
0495,
FF91,
FD03,
FF46,
0521,
0D58,
11E9,
0C26,
0135,
FA2F,
FA96,
01E6,
0A52,
0A9E,
0262,
F5EA,
E8E9,
E073,
DECF,
E06C,
E21E,
E186,
DF36,
DE73,
E081,
E4CA,
E969,
E962,
E544,
E2BF,
E3B6,
E85F,
F131,
F889,
FAE5,
FA45,
F76E,
F3EC,
F437,
F88B,
FFCC,
0703,
0A30,
08AD,
04E2,
01B2,
023E,
02C5,
FF47,
F958,
F5EB,
F7D8,
FCBC,
FFAD,
0186,
027B,
01A5,
0189,
037E,
053B,
06A3,
09ED,
0F47,
132C,
13FB,
1256,
0E4E,
09CF,
07DA,
0750,
06BF,
057C,
04A0,
04F9,
05E9,
05F5,
0624,
07C0,
0AAE,
0D52,
0F93,
0EEF,
08A7,
00C9,
FB47,
F6E2,
F44F,
F2B5,
EFF8,
EE23,
EDF5,
EC19,
E99C,
E847,
E93E,
ECE6,
F217,
F54C,
F470,
EFDE,
EC91,
ECA3,
EEB4,
F213,
F427,
F040,
E91A,
E33C,
E007,
DFEE,
E1A0,
E206,
E253,
E2FA,
E1D9,
DE13,
D940,
D4FF,
D4A5,
D9A6,
E180,
E934,
EED0,
EDA0,
E6F5,
E300,
E5BB,
EC14,
F338,
F6C7,
F39B,
EAA7,
E14D,
DC1A,
D761,
CE8A,
C88C,
C8CD,
C502,
BC80,
B7FF,
B74D,
BAAD,
C4EF,
D13C,
DF3F,
EB84,
E4A2,
C7FC,
A5DA,
9334,
A2DC,
CF4C,
FBA5,
11AC,
0491,
E06A,
C2DB,
B3C6,
B675,
CD69,
E3A0,
EDD8,
EF94,
DF91,
C91F,
C3B4,
CDB6,
D931,
E0A2,
EB80,
F156,
E30D,
D829,
DE77,
D83C,
CFD9,
D8AE,
DAFB,
D3DD,
D715,
D90D,
D48D,
D293,
D128,
CF2A,
D1D6,
D5FE,
D8BD,
DA41,
DA7C,
D738,
D0E4,
CD24,
CF3F,
D48A,
DD88,
EA7B,
F73C,
FCD7,
F66E,
E820,
DC18,
D4CF,
D23C,
D440,
D823,
D9A4,
D9DA,
DBBD,
DF9A,
E1DC,
E28D,
E231,
E24A,
E3DA,
E3A1,
DDF4,
D5AF,
CCA9,
C57C,
C2B5,
C342,
C5E8,
CB14,
D064,
D48E,
D6F1,
D90E,
DC9E,
DFDE,
E0D8,
E0FA,
DEC0,
DBE5,
DAAC,
DD98,
E3F5,
E96D,
E983,
E83E,
E67C,
E593,
E5B7,
E62D,
E67E,
E5A0,
E1C2,
DD49,
D846,
D448,
D36B,
D2E1,
CFE3,
CC59,
CA1B,
CB22,
CAFC,
CA35,
CBA9,
CEAA,
D000,
D1C3,
D2B9,
D27C,
D0B5,
D14D,
D4E9,
D8B7,
DA81,
DA45,
D746,
D3F5,
D1CC,
D279,
D368,
D37F,
D2FB,
D209,
CDC4,
CA31,
CA7F,
D162,
D8FE,
DC38,
D8CD,
D0C5,
C75B,
C431,
C787,
CDA5,
CEB7,
C952,
C211,
C04D,
C482,
CDFE,
D5D1,
D9D1,
D8B1,
D6E5,
D585,
D91F,
E03E,
E7C3,
E7F8,
E524,
DF51,
D95D,
D2DB,
CF38,
C9DC,
C7FE,
C520,
C2B7,
BB50,
B940,
B6C1,
BCF8,
B964,
E849,
F485,
E854,
ECEE,
F326,
FF1F,
03C4,
0169,
F49C,
EB3A,
E357,
DE34,
D936,
D3D2,
C90D,
BE84,
B226,
A80D,
A4FA,
A8F9,
AB87,
AE36,
B240,
BA78,
C641,
D64F,
E7F8,
F86E,
027B,
06C2,
060D,
0585,
0795,
09C3,
06F7,
FC80,
E69C,
CDE1,
BB91,
AE7D,
A22F,
98E3,
9056,
87EE,
8135,
80DD,
8896,
9560,
9E82,
A358,
A9B2,
B5AE,
C4E4,
D5EA,
E3D4,
E918,
E635,
E16D,
DD90,
DC3E,
DC9C,
DE17,
DD2A,
D530,
C59B,
B628,
AC3E,
A9C4,
A900,
A4CE,
9FAA,
9F19,
A1F6,
A8B1,
B30C,
BE03,
C51F,
C739,
C809,
CE84,
D95E,
E3A5,
EB03,
ED22,
E5AF,
D8A7,
CE00,
C9D8,
C8D1,
C5C5,
C01F,
BC48,
B721,
AC76,
A1DB,
9ED8,
A250,
A989,
B2D7,
BCE5,
C61D,
CE17,
D6C8,
E267,
EC25,
F01D,
F284,
F59D,
F51F,
F2C9,
F06B,
E9C5,
DE7F,
D400,
CA9C,
BFDC,
B40E,
AABF,
A64F,
A68F,
A9DB,
AE3F,
B1AB,
B5C8,
BD01,
C67B,
D097,
DDA9,
ECDB,
F7EF,
FA88,
F78E,
F5D6,
FA8F,
02E2,
0868,
0999,
0889,
0667,
0402,
026B,
01D9,
003A,
FA81,
EFBD,
E4AF,
E061,
E48A,
EB30,
EEAE,
EDAE,
E90F,
E41E,
E641,
EFBF,
F709,
F824,
F656,
F109,
E86F,
E1CE,
DFAE,
DDE2,
DB17,
DA96,
DAF0,
D6C4,
D0A4,
CD17,
CDD7,
D306,
DB2D,
E45A,
ED74,
F689,
026B,
0EE2,
15A0,
185A,
1BAD,
1E55,
1D87,
167A,
0914,
FD86,
FC43,
008F,
FF50,
F4C9,
E7B8,
E1A6,
E3FE,
EA0D,
F31C,
FB36,
FABA,
F5B5,
F45E,
F7AE,
FD9E,
00E7,
FCB5,
F654,
F2FA,
EEF5,
E66F,
DC5D,
D723,
D792,
D809,
D6C1,
D6FB,
DA6C,
E3DC,
F4B5,
059F,
0E90,
0E70,
09EB,
0A91,
134C,
190E,
14E2,
0B39,
FD1C,
E9E1,
D900,
D0B8,
CE0C,
CBEB,
C834,
C410,
C40B,
C9BE,
D29D,
DE01,
EB88,
F80B,
01E1,
0991,
0EC6,
11CA,
1432,
1705,
17C6,
1429,
0F99,
0FAA,
14F0,
1D21,
257D,
2B09,
2DF0,
2E99,
2B73,
269F,
2272,
1BC6,
12E1,
09BA,
FCD6,
EA82,
D6C1,
C54A,
B8F4,
B27E,
AF4E,
AD64,
ACE1,
ADE5,
B0B7,
B6D6,
C020,
CB78,
D875,
E465,
EBE6,
F0F5,
F739,
FF8F,
07B8,
0DC3,
12C8,
1681,
1652,
1505,
174C,
1CE2,
2141,
1F61,
167F,
0C51,
0767,
088D,
0A52,
0A91,
0C01,
0D3B,
0BD4,
0ABA,
0B7F,
0D37,
11B5,
1903,
1E66,
1F27,
1D86,
1C5B,
1CEE,
1E9F,
1FD6,
20BA,
2386,
2846,
2B6C,
2B79,
2D34,
321F,
331C,
2C86,
23EC,
1E07,
19A9,
14B1,
101B,
0C2E,
0586,
FC5F,
F700,
F6F7,
F895,
FC4E,
037E,
09F4,
0DF0,
11FF,
1688,
1B09,
20CC,
27A6,
2D4A,
2DB2,
29C5,
2944,
2F39,
353C,
3659,
3319,
2F1A,
2EC6,
336D,
3942,
3BDA,
3BD1,
3D75,
3FE2,
3E80,
3D14,
428B,
4B10,
4FDB,
50C5,
50F6,
525D,
5321,
514E,
50FA,
530C,
529B,
4DE6,
470E,
3FFA,
397C,
31A2,
28E3,
234F,
22CF,
260E,
2A3D,
2C48,
2B1E,
262F,
1F0E,
1BAC,
1DB7,
1F1C,
1DB7,
1C94,
1B37,
1711,
11B7,
0F50,
109A,
11B9,
10C9,
0F25,
0ECC,
138B,
1EE8,
2BAE,
35D0,
3CA6,
4030,
432B,
4AF2,
5821,
64BB,
68DF,
622C,
55FB,
4DFD,
4DC4,
4E8D,
4A4F,
4288,
3A14,
32A3,
2C71,
255A,
1D69,
184D,
161A,
12FA,
0F89,
0F78,
0F18,
0DB0,
11F9,
199B,
1AA0,
16B8,
13D1,
1671,
2126,
2EFF,
399D,
40D4,
428B,
40A8,
41FD,
46B3,
4C9A,
529F,
5606,
57A6,
576B,
51A4,
49A5,
4263,
3B07,
3594,
320F,
2F36,
2DF5,
2A44,
2195,
19DF,
16E0,
173B,
17F4,
1986,
1DA9,
247B,
2D2F,
3612,
3ADC,
3CD8,
3E42,
3E6A,
3EA9,
4002,
40CA,
40FF,
4034,
3D58,
39AE,
3685,
3480,
34A4,
3772,
3AFD,
3BFD,
3B53,
3B60,
3AAD,
36CD,
3151,
2AF8,
2200,
16C1,
0D43,
077E,
048A,
0199,
FC61,
F771,
F54E,
F553,
FA86,
060C,
121F,
1B8E,
2257,
2551,
2656,
2716,
280F,
2ACA,
2FD2,
357A,
39FA,
3B4E,
3B46,
3C76,
3E7C,
4223,
47E2,
4BB7,
4C5E,
4BBC,
496B,
4709,
47D8,
4945,
47A6,
42BC,
3C58,
3769,
357B,
356B,
372E,
385D,
36E6,
34E3,
32EF,
304A,
303E,
3435,
3AC1,
41BF,
4581,
44DA,
42F6,
421B,
43E1,
471E,
47E3,
4502,
40BE,
3C5D,
3A5C,
3B86,
3CF3,
3B8F,
36E5,
2FE6,
29C6,
25EE,
23B4,
2263,
2005,
1B82,
1825,
1729,
1806,
1B08,
1DF3,
1F3E,
21BC,
2469,
2575,
27E5,
2D63,
339D,
39DD,
3EDE,
40C4,
404D,
4028,
41D8,
463F,
4C62,
5237,
55AB,
55A5,
5282,
4E58,
4B62,
4C00,
4DFA,
4D89,
4B77,
48EA,
4466,
40C4,
3ED8,
3BC4,
3857,
361F,
336B,
311D,
2F93,
2DF3,
2C1F,
28D0,
239C,
1EEB,
1B43,
18C9,
1831,
18EA,
1A51,
1B09,
18B0,
14D6,
13D7,
182A,
1FE2,
270B,
2BC7,
2E8B,
2E84,
2D0C,
2DF8,
3325,
3990,
3E9D,
42DC,
4739,
49DB,
4AC9,
4B9F,
4C94,
4C1B,
48F9,
431D,
3C5E,
3756,
3629,
3752,
36BE,
3315,
2DA1,
2706,
2294,
2355,
251B,
2220,
1D48,
197C,
1606,
1778,
210C,
2865,
2578,
1D3D,
16DA,
1630,
1F25,
3014,
3F11,
41C4,
3977,
2E32,
2569,
23A4,
2B7C,
373C,
40B5,
4334,
3B3A,
2F37,
2867,
25DC,
25C1,
2713,
246C,
1C53,
1320,
0D1E,
0DD1,
10CE,
0E82,
0634,
FBAF,
F48E,
F84F,
0481,
1188,
1A2F,
1999,
0E5F,
01C4,
FDB3,
031A,
0B92,
12EF,
1760,
1572,
0EA0,
09D0,
07EA,
0680,
05DB,
03B5,
FED2,
FBE2,
FD79,
02CA,
0AD7,
0F8E,
0A26,
FF9E,
F8D0,
F92E,
0074,
090B,
09CE,
0239,
F657,
E992,
E0DD,
DEB5,
DFE0,
E144,
E082,
DE53,
DDEA,
E05B,
E4F9,
E9A8,
E95A,
E505,
E2A9,
E3F6,
E8D6,
F1A4,
F8BA,
FAB8,
F9FD,
F77A,
F47A,
F536,
F9D8,
0146,
0888,
0BA3,
0A26,
0681,
0358,
03D0,
044C,
00B7,
FAB3,
F735,
F8FE,
FDC8,
00A7,
0253,
031C,
023F,
0208,
03BA,
053B,
069F,
0A0F,
0F93,
1395,
1455,
1243,
0DB0,
08F3,
071D,
06FF,
06CC,
055C,
03F9,
0404,
0507,
0573,
0604,
0785,
09BC,
0B6C,
0D06,
0C75,
06F0,
FFF9,
FAFB,
F66D,
F317,
F0B2,
EDA9,
EC39,
ECFC,
EBFD,
E9CE,
E842,
E88B,
EB75,
F09D,
F499,
F4CF,
F111,
EDF2,
EDAA,
EF41,
F230,
F3E6,
EFB1,
E872,
E2E4,
E01A,
E003,
E155,
E13F,
E10C,
E156,
E008,
DBEC,
D6A0,
D227,
D208,
D7CC,
E0D3,
E947,
EE7A,
EBC5,
E35A,
DED9,
E2EB,
EBA0,
F508,
F9B4,
F58B,
EA6F,
DF9D,
DA0B,
D5A7,
CD9F,
C8B3,
C9F3,
C5E3,
BBC1,
B627,
B5A8,
B9FD,
C57B,
D1E4,
DE82,
E90C,
E0D0,
C47E,
A482,
934D,
A2BF,
CE87,
FA08,
0FFA,
045C,
E202,
C550,
B630,
B79D,
CD07,
E2F2,
EE03,
F0E1,
E21A,
CC2A,
C5C9,
CDEE,
D833,
DFE4,
EB81,
F25E,
E5B2,
DB67,
E0C1,
D9E5,
D10C,
D907,
DAE4,
D33D,
D54B,
D688,
D204,
D09C,
D05A,
CF53,
D224,
D5D0,
D7EC,
D95B,
DA2C,
D79D,
D1AD,
CDA8,
CECF,
D2FD,
DB4B,
E847,
F5A0,
FBD8,
F5B1,
E73E,
DAF4,
D3CE,
D203,
D528,
D9D9,
DB63,
DAE4,
DBD5,
DF33,
E1B3,
E31A,
E38D,
E401,
E521,
E41D,
DDC1,
D522,
CC44,
C595,
C321,
C398,
C5D3,
CAA3,
D007,
D491,
D74D,
D988,
DCC5,
DF65,
DFE1,
DFC4,
DD8F,
DAD1,
D995,
DC77,
E2E1,
E85F,
E874,
E737,
E5C3,
E54B,
E5A5,
E607,
E61A,
E4EA,
E0C6,
DC09,
D6BA,
D278,
D17F,
D117,
CE25,
CA63,
C7DE,
C8A2,
C85D,
C7C6,
C9D0,
CD89,
CF31,
D0D4,
D19C,
D11F,
CF12,
CF91,
D357,
D78C,
D9C0,
D9BA,
D6C4,
D374,
D18F,
D2B7,
D405,
D447,
D3D8,
D2ED,
CE9E,
CAE2,
CB0B,
D1BC,
D8F3,
DB86,
D741,
CE69,
C48D,
C15D,
C500,
CB55,
CC18,
C61C,
BE72,
BCAF,
C172,
CBED,
D4B8,
D92E,
D816,
D641,
D523,
D977,
E1BA,
EA24,
EA64,
E708,
E0B3,
DA56,
D37D,
CFA2,
CA18,
C81F,
C520,
C230,
BA27,
B7F5,
B5E6,
BC87,
B908,
E6F9,
F2F6,
E6D2,
EBE8,
F319,
0035,
05C6,
03C8,
F6C6,
ECEE,
E4C3,
DFA2,
DAEE,
D5BE,
CA70,
BEAF,
B11F,
A621,
A26B,
A607,
A83C,
AA8B,
AE4A,
B633,
C1A8,
D1A8,
E393,
F479,
FF10,
03E3,
03C3,
041E,
0787,
0B3B,
0966,
FF17,
E910,
D034,
BDB4,
B097,
A47F,
9B4B,
9273,
8954,
81AB,
8073,
877B,
93A3,
9C04,
A018,
A615,
B22E,
C18A,
D267,
E007,
E528,
E261,
DE0D,
DAF8,
DA8F,
DBCE,
DDFA,
DD9F,
D64E,
C748,
B81C,
AE70,
AC05,
AAEE,
A673,
A177,
A121,
A3D5,
AA2C,
B449,
BED2,
C530,
C6DA,
C7C0,
CE92,
DA30,
E582,
ED53,
EEFF,
E6E5,
D97B,
CE78,
C9DE,
C8C4,
C626,
C0D0,
BCC5,
B721,
ABCA,
A052,
9C86,
9F72,
A678,
AFF8,
BA3E,
C362,
CB19,
D38E,
DF26,
E913,
ED43,
EFFC,
F3BB,
F41D,
F278,
F07F,
EA59,
DFC7,
D5EA,
CCFB,
C264,
B65C,
ACE1,
A8AB,
A94A,
ACEF,
B191,
B4CA,
B819,
BE3D,
C6F4,
D109,
DE76,
EDC3,
F89F,
FAF2,
F7CB,
F602,
FAAA,
02E3,
085E,
0997,
0895,
0648,
0372,
0174,
0090,
FEA1,
F8C6,
EDF7,
E2AF,
DE25,
E269,
E98A,
ED93,
ECD7,
E84E,
E373,
E5A6,
EF35,
F687,
F762,
F53B,
EFEA,
E780,
E0F6,
DEF1,
DD26,
D9E2,
D8F1,
D9B8,
D651,
D053,
CC92,
CD7C,
D2FC,
DB44,
E470,
ED57,
F5DF,
013C,
0DC5,
153D,
18C3,
1C62,
1EF5,
1E32,
1792,
0AF6,
0051,
FF74,
037E,
020E,
F795,
EA3D,
E39C,
E58F,
EB59,
F411,
FBBC,
FAB8,
F503,
F2DA,
F58D,
FB76,
FF06,
FA9E,
F36E,
EF66,
EB1B,
E258,
D81F,
D2F3,
D36F,
D42E,
D375,
D3F4,
D780,
E186,
F31F,
0490,
0E20,
0EEC,
0B79,
0D2D,
16CE,
1D25,
193E,
0FBC,
01C0,
EE98,
DDD7,
D5A6,
D2D5,
D07D,
CC9E,
C831,
C7CE,
CD35,
D5AA,
E051,
ECD2,
F866,
01C8,
0944,
0DFB,
105C,
1254,
149F,
14AB,
10CC,
0C94,
0D4A,
1351,
1C13,
249F,
2A2B,
2D36,
2E63,
2BDA,
2769,
2386,
1CF0,
1403,
0B1C,
FE80,
EC37,
D84F,
C659,
B97D,
B2F1,
AFBF,
ADA2,
AC9E,
ACBF,
AEC9,
B4A5,
BDD4,
C8EE,
D5BC,
E1CD,
E9B5,
EF19,
F5A2,
FE89,
0789,
0E60,
1444,
18D4,
1907,
17F0,
1AB2,
20DD,
25C7,
2471,
1BE6,
11AB,
0C4E,
0D29,
0F34,
0FD5,
113A,
11EF,
0FC8,
0E20,
0E97,
0FDB,
13BE,
1A6B,
1F09,
1EF7,
1CA5,
1AD1,
1ABD,
1C07,
1D1B,
1DE1,
2078,
250A,
2843,
28C9,
2B34,
30B5,
3219,
2BB5,
2301,
1CE6,
18AB,
1454,
1072,
0CDB,
062C,
FCF6,
F7BA,
F7F6,
F9E1,
FE09,
05CB,
0C9A,
10A9,
14F6,
19F6,
1ECB,
24AA,
2B8D,
3154,
31FD,
2E2E,
2D90,
334B,
38F3,
3997,
35F4,
31A5,
30F5,
355A,
3B3B,
3DE6,
3D89,
3E81,
4052,
3E83,
3CBF,
41EB,
4A4B,
4F07,
4FC7,
4FD8,
5177,
5294,
50FC,
50DC,
52F8,
5238,
4D51,
46D0,
4050,
3A1D,
323B,
2961,
23C2,
2350,
26BF,
2B27,
2D57,
2C3A,
2722,
1F8C,
1BB2,
1D95,
1F17,
1DB9,
1C41,
1A6F,
1607,
1095,
0E21,
0F8F,
10EF,
1020,
0E76,
0E23,
1335,
1F35,
2C80,
36A7,
3D32,
4076,
4342,
4AF2,
585E,
6599,
6A6E,
643F,
586A,
50A6,
50A6,
51D9,
4E29,
46CD,
3E71,
36BB,
3018,
289B,
2059,
1ACC,
17B9,
135B,
0ECD,
0DF9,
0D1F,
0B70,
0F76,
16AA,
1716,
1285,
0F37,
11C9,
1CA4,
2B07,
3699,
3EB5,
4108,
3F7A,
411E,
4697,
4DA2,
54DA,
5987,
5C21,
5C3B,
56A2,
4EEA,
47DF,
40B0,
3B71,
381F,
3557,
33BE,
2F50,
25DF,
1D9E,
1A1C,
1993,
1917,
1983,
1CB7,
22D7,
2B20,
33BA,
3824,
397C,
3A30,
39F1,
3A35,
3BEE,
3D3F,
3DF9,
3DA4,
3B14,
3791,
34AF,
3307,
337A,
36A6,
3AA4,
3C26,
3C12,
3CAA,
3C5A,
38D0,
33BF,
2DD5,
250E,
19A2,
0FC4,
09B2,
069A,
0362,
FD92,
F7F9,
F555,
F4EA,
F9CB,
054E,
118A,
1B18,
2201,
2524,
264B,
2721,
2833,
2B2A,
3082,
3672,
3B4B,
3D00,
3D46,
3ED9,
414F,
456B,
4BBA,
4FF1,
5094,
4FCE,
4D49,
4AA4,
4B58,
4CBC,
4AE6,
457A,
3E57,
38BB,
3669,
363A,
3807,
390F,
36FB,
3428,
3184,
2E5C,
2E1F,
3230,
38D6,
3FC5,
4334,
4217,
4006,
3F59,
4173,
4517,
461E,
4346,
3F1F,
3B18,
39B0,
3B98,
3D8E,
3C5A,
379B,
3071,
2A63,
26EB,
2527,
2439,
21F4,
1D31,
1998,
1893,
1983,
1CAD,
1FAF,
20E5,
2334,
2588,
2622,
2868,
2E14,
3484,
3ACC,
3F9B,
412F,
4079,
4035,
41F5,
46AB,
4D15,
52F2,
5643,
5606,
5298,
4E1F,
4AF7,
4B97,
4DB6,
4D5A,
4B42,
488F,
43C2,
3FDB,
3DD1,
3AA7,
3721,
34E4,
323F,
3008,
2EAA,
2D39,
2B78,
2813,
22A6,
1DCB,
1A2E,
17DB,
1774,
186B,
1A05,
1AD6,
1864,
1445,
1324,
17BB,
1FE8,
2774,
2C6F,
2F3F,
2F04,
2D41,
2E29,
33C5,
3AD1,
4052,
44C4,
4923,
4BA3,
4C64,
4D41,
4E7E,
4E48,
4B24,
44EA,
3D8A,
3803,
36DE,
3868,
381E,
3464,
2E68,
26D9,
217D,
220F,
2479,
2265,
1E4F,
1AA8,
1626,
1603,
1EBA,
25F2,
233C,
1BBE,
1642,
15D4,
1E71,
2F19,
3DDD,
4042,
3812,
2D79,
2560,
2416,
2C2B,
37C2,
40E3,
4300,
3A87,
2E53,
27FE,
2640,
26EC,
28D9,
266B,
1E0F,
1439,
0D8A,
0DF9,
113B,
0F73,
0763,
FC54,
F417,
F729,
03A6,
1175,
1ABA,
1A57,
0EDF,
01CF,
FD6D,
02D1,
0B63,
1281,
1641,
1387,
0C0B,
06F8,
056C,
049F,
047A,
02B6,
FDF4,
FAA6,
FB97,
006D,
085A,
0D37,
0829,
FE05,
F768,
F7BA,
FEF5,
07BA,
08FC,
0213,
F6C3,
EA39,
E148,
DEA0,
DF63,
E088,
DFA6,
DD92,
DD77,
E040,
E528,
E9E3,
E957,
E4D4,
E2A1,
E446,
E95E,
F227,
F8FA,
FAA1,
F9D0,
F7A6,
F52A,
F64B,
FB29,
02B7,
09FC,
0D0A,
0B9A,
081E,
0500,
0561,
05CC,
0222,
FC0C,
F87C,
FA1D,
FEC8,
0195,
0313,
03AE,
02CC,
027D,
03F1,
053F,
06A0,
0A2A,
0FC6,
13DA,
1489,
1212,
0CFB,
0804,
0653,
06A0,
06C7,
052E,
034D,
030E,
0428,
04F5,
05EA,
074F,
08CD,
098A,
0A83,
0A0C,
054E,
FF3F,
FAC4,
F60B,
F1F3,
EEC4,
EB6C,
EA58,
EC03,
EBD9,
E9F4,
E831,
E7D5,
EA02,
EF15,
F3C4,
F4FA,
F207,
EF1D,
EE8B,
EFB5,
F23E,
F398,
EF14,
E7BB,
E279,
E019,
E001,
E0EF,
E054,
DF95,
DF76,
DDF7,
D98A,
D3D1,
CF27,
CF41,
D5C6,
E000,
E946,
EE17,
E9D0,
DF8A,
DA68,
DFD1,
EAF6,
F6C3,
FCA6,
F779,
EA0A,
DD99,
D79F,
D39F,
CC7E,
C8BE,
CB0E,
C6B8,
BAEB,
B432,
B3EB,
B940,
C607,
D296,
DDCF,
E698,
DCFC,
C0F8,
A31F,
935D,
A299,
CDB8,
F857,
0E2E,
0415,
E38F,
C7B8,
B87D,
B895,
CC66,
E204,
EDF7,
F1FE,
E470,
CEF4,
C78B,
CDC4,
D6D1,
DEC8,
EB37,
F333,
E832,
DE8F,
E2FB,
DB6C,
D20D,
D934,
DAA8,
D276,
D356,
D3CE,
CF3C,
CE6A,
CF60,
CF61,
D262,
D596,
D70A,
D85B,
D9BC,
D7E2,
D25A,
CE14,
CE45,
D152,
D8EB,
E5EB,
F3D5,
FAAC,
F4D2,
E646,
D9BC,
D2B7,
D1AC,
D5E9,
DB64,
DCF9,
DBC9,
DBCE,
DEAF,
E16A,
E387,
E4CC,
E59B,
E64D,
E47C,
DD6E,
D472,
CBBA,
C58A,
C36C,
C3CD,
C599,
CA0B,
CF82,
D46C,
D780,
D9D9,
DCC0,
DEBC,
DEB7,
DE5D,
DC30,
D996,
D863,
DB3D,
E1A6,
E71C,
E724,
E5EB,
E4C3,
E4C0,
E552,
E59D,
E56D,
E3EB,
DF81,
DA7F,
D4EC,
D071,
CF5E,
CF12,
CC2D,
C83B,
C576,
C604,
C5AF,
C54F,
C7E9,
CC52,
CE4C,
CFD0,
D070,
CFBF,
CD73,
CDD6,
D1B9,
D649,
D8E1,
D913,
D627,
D2DE,
D13E,
D2DA,
D479,
D4DA,
D473,
D38A,
CF39,
CB68,
CB7C,
D1FA,
D8BA,
DA94,
D566,
CBC0,
C180,
BE58,
C24D,
C8D1,
C93A,
C2A1,
BA95,
B8DD,
BE2F,
C9A3,
D35C,
D84B,
D74A,
D586,
D4C1,
D9E2,
E34E,
EC97,
ECDC,
E8F4,
E220,
DB64,
D438,
D019,
CA51,
C82D,
C4FF,
C184,
B8D4,
B67D,
B4CD,
BBC6,
B83F,
E554,
F12F,
E52A,
EAC6,
F2E4,
011B,
0794,
0604,
F8E4,
EEA7,
E632,
E109,
DC8A,
D77F,
CBA2,
BEAB,
AFEE,
A411,
9FB2,
A2D8,
A4A6,
A68C,
A9FD,
B195,
BCB4,
CCA4,
DECD,
F01D,
FB42,
00AF,
0132,
0277,
0735,
0C62,
0B80,
0162,
EB52,
D270,
BFCB,
B29E,
A6B3,
9D91,
946F,
8AA8,
821E,
800A,
865C,
91D8,
9974,
9CCE,
A27C,
AEBD,
BE3D,
CEE2,
DC25,
E11B,
DE74,
DA9D,
D851,
D8C2,
DABC,
DD70,
DD94,
D6F1,
C890,
B9C9,
B06D,
AE0B,
AC87,
A7AC,
A2D7,
A2D9,
A586,
AB8B,
B55F,
BF5F,
C4EC,
C62D,
C74A,
CE95,
DB03,
E759,
EF8D,
F0B7,
E7F3,
DA34,
CEE2,
C9D8,
C89D,
C653,
C138,
BCEF,
B6D5,
AADE,
9E8C,
99E5,
9C31,
A2F4,
ACA5,
B731,
C05F,
C7E9,
D024,
DBAA,
E5C0,
EA31,
ED4C,
F1C6,
F318,
F224,
F086,
EAD6,
E0FA,
D7CD,
CF5E,
C4F1,
B8A5,
AEF5,
AAF5,
AC03,
B017,
B508,
B814,
BA8F,
BF93,
C77E,
D189,
DF52,
EEB7,
F950,
FB4A,
F7DF,
F5F8,
FA8B,
02A7,
080C,
093F,
0840,
05BF,
0274,
0013,
FEE6,
FCA9,
F6B0,
EBD4,
E04E,
DB83,
DFE5,
E795,
EC44,
EBDF,
E779,
E2C1,
E511,
EEBE,
F629,
F6D9,
F46A,
EF1E,
E6E6,
E071,
DE83,
DCAF,
D8DA,
D766,
D88D,
D5E8,
D00A,
CC13,
CD25,
D2F1,
DB4E,
E472,
ED21,
F51C,
FFF6,
0C92,
14C7,
191B,
1D01,
1F77,
1EC0,
188F,
0CC2,
0304,
027D,
0639,
0499,
FA3A,
ECAC,
E584,
E70D,
EC8A,
F4EB,
FC30,
FAB7,
F46D,
F189,
F3A3,
F970,
FD29,
F875,
F06C,
EBB7,
E72B,
DE2A,
D3BF,
CE91,
CF0C,
D010,
CFF6,
D0CD,
D481,
DF19,
F16D,
0367,
0DA6,
0F7D,
0D39,
1003,
1A81,
215F,
1DBB,
146A,
06A0,
F39D,
E306,
DAE3,
D7E0,
D54C,
D145,
CC97,
CBE4,
D104,
D904,
E2D4,
EE36,
F8D1,
01BA,
08FE,
0D2F,
0EDA,
1047,
11EC,
1133,
0D10,
0932,
0A84,
113E,
1A80,
2335,
28BF,
2BF4,
2DB3,
2BE0,
27E8,
2458,
1DDD,
14EF,
0C56,
0019,
EDF8,
D9FE,
C797,
BA3D,
B39E,
B06D,
AE1D,
AC9F,
ABEC,
AD3B,
B2D6,
BBE1,
C6AE,
D343,
DF6E,
E7B7,
ED73,
F43F,
FDAA,
0771,
0F09,
15C4,
1B2A,
1BC1,
1AD9,
1DFF,
24A7,
2A0F,
2945,
211F,
16E7,
1124,
11B8,
140A,
150D,
1667,
16A2,
13D0,
11AA,
11D5,
129F,
15DC,
1BDD,
1FB1,
1ECA,
1BC6,
1947,
188A,
196A,
1A57,
1AFD,
1D5F,
21C4,
2513,
2615,
2935,
2F54,
3128,
2AFD,
2235,
1BEB,
17DA,
1425,
10F0,
0DAB,
06FB,
FDC7,
F8BC,
F940,
FB75,
0009,
0855,
0F79,
13A0,
1833,
1DB4,
22E4,
28DD,
2FC5,
35A8,
368C,
32D9,
3219,
3796,
3CE1,
3D0C,
3904,
3463,
3356,
377C,
3D5F,
400F,
3F57,
3FA3,
40D7,
3EA3,
3C8E,
4169,
4996,
4E33,
4EBD,
4EA7,
5079,
51F0,
5097,
50AC,
52CD,
51B9,
4CA0,
4683,
40AA,
3AD3,
32F1,
29FE,
2454,
23EF,
278E,
2C32,
2E94,
2D95,
2862,
206F,
1C34,
1DF7,
1F97,
1E3D,
1C6C,
1A20,
156F,
0FD6,
0D46,
0ECC,
1067,
0FB2,
0DF9,
0D9C,
12EE,
1F7E,
2D41,
376E,
3DBB,
40C8,
436B,
4AFE,
5894,
665B,
6BD7,
6634,
5AD0,
535B,
5399,
5532,
5202,
4B0F,
42D7,
3AF4,
33F7,
2C29,
239E,
1DA3,
19B5,
1421,
0E7B,
0CE4,
0B8A,
0990,
0D4A,
1402,
13D1,
0EA0,
0AF0,
0D71,
1869,
273C,
33A8,
3CA2,
3F9B,
3E74,
406F,
46A9,
4ECF,
572E,
5D17,
60A6,
611C,
5BBF,
5459,
4D8A,
468A,
417B,
3E53,
3B95,
39A3,
3481,
2A5B,
2198,
1D91,
1C23,
1A7D,
19CE,
1C19,
2184,
294F,
3188,
3587,
363E,
3646,
35A0,
35DD,
37E3,
39AE,
3AE7,
3B09,
38CE,
357A,
32E0,
3190,
3251,
35D9,
3A4C,
3C55,
3CDE,
3E03,
3E17,
3AE4,
3642,
30CE,
2847,
1CC4,
1298,
0C43,
08FF,
0577,
FF16,
F8E6,
F5CD,
F4F4,
F97C,
04E6,
113B,
1AE2,
21EA,
253C,
268B,
2778,
28A0,
2BCC,
316A,
3799,
3CC5,
3EDA,
3F6D,
4159,
4438,
48BF,
4F94,
542A,
54D0,
53EB,
5139,
4E5C,
4EF7,
5054,
4E4A,
4860,
4087,
3A44,
378E,
373C,
3907,
39DF,
372F,
338D,
3037,
2C91,
2C25,
3046,
36FA,
3DCA,
40DF,
3F52,
3D23,
3CAE,
3F1C,
4322,
4469,
419F,
3DA0,
3A01,
393C,
3BDE,
3E57,
3D4D,
387A,
3130,
2B44,
283F,
26FF,
2678,
244B,
1F4F,
1B82,
1A77,
1B79,
1EC2,
21CE,
22E3,
24F6,
26E9,
2712,
292F,
2EFF,
3594,
3BD3,
4064,
41A4,
40B4,
4056,
4228,
4722,
4DC4,
5398,
56BF,
5652,
52A8,
4DEB,
4A93,
4B2D,
4D65,
4D1E,
4B07,
483A,
4332,
3F0D,
3CE6,
39AB,
3616,
33E0,
3152,
2F3E,
2E0E,
2CC9,
2B1A,
27A1,
2201,
1D03,
1977,
1754,
1720,
1852,
1A1A,
1AFF,
187A,
141B,
12D7,
17A4,
2033,
2816,
2D4E,
302C,
2FBD,
2DAD,
2E8C,
348A,
3C28,
4217,
46B2,
4B05,
4D5C,
4DF4,
4EE4,
5078,
508B,
4D62,
46C8,
3EC3,
38BF,
37AA,
39A0,
39A6,
35DC,
2F59,
26D6,
208F,
20F2,
240A,
22EA,
1FA1,
1C23,
1695,
14D6,
1C9D,
23A4,
211A,
1A5C,
15D0,
15A3,
1DE4,
2E3E,
3CC0,
3ED3,
36BD,
2CCE,
256A,
24A1,
2CFA,
386D,
4136,
42F2,
39FC,
2D93,
27B0,
26C0,
2838,
2AC2,
289B,
200E,
159D,
0E3E,
0E57,
11C3,
1069,
0889,
FCF3,
F3A9,
F611,
02D5,
1160,
1B35,
1AFC,
0F4A,
01D0,
FD26,
028C,
0B34,
1209,
1502,
1168,
093C,
03E8,
02B8,
0295,
02F9,
0195,
FCF3,
F94D,
F9A1,
FE0C,
05E4,
0AE8,
0631,
FC6E,
F5F9,
F63B,
FD6C,
0662,
082A,
01F0,
F72F,
EADD,
E1B3,
DE91,
DEF7,
DFED,
DEF4,
DCF6,
DD1C,
E030,
E559,
EA1B,
E958,
E4AF,
E2A6,
E4A2,
E9F6,
F2B7,
F948,
FA9E,
F9BE,
F7F2,
F5F9,
F776,
FC80,
041E,
0B62,
0E68,
0D0C,
09BD,
06AC,
06F2,
0746,
0389,
FD64,
F9C2,
FB39,
FFBF,
0278,
03C7,
0433,
034C,
02EC,
0428,
0549,
06A8,
0A3D,
0FDE,
13F8,
1494,
11C0,
0C2B,
0702,
057B,
0630,
06AB,
04ED,
0297,
0216,
034B,
047D,
05D7,
071E,
07E0,
07AD,
080C,
07B3,
03C2,
FE9D,
FAA2,
F5B9,
F0E1,
ECE8,
E941,
E881,
EB07,
EBAB,
EA0C,
E815,
E71B,
E88F,
ED7E,
F2C9,
F4EC,
F2B9,
F00C,
EF42,
F00E,
F238,
F337,
EE63,
E6EE,
E1F6,
DFFF,
DFE6,
E06C,
DF43,
DDEC,
DD59,
DBA3,
D6ED,
D0D1,
CBFC,
CC4E,
D38F,
DF06,
E930,
EDA6,
E7BD,
DB80,
D5A9,
DC69,
EA18,
F86E,
FFA4,
F96A,
E97A,
DB3F,
D4D4,
D146,
CB26,
C8AC,
CC1F,
C783,
B9FE,
B220,
B217,
B874,
C690,
D350,
DD26,
E429,
D925,
BD6A,
A1B4,
9365,
A26C,
CCDF,
F693,
0C47,
03B8,
E510,
CA11,
BAAE,
B95C,
CB87,
E0D6,
EDB1,
F2EA,
E691,
D17D,
C8F8,
CD36,
D507,
DD4D,
EAA1,
F3D3,
EA8F,
E1A3,
E528,
DCD4,
D2E1,
D937,
DA44,
D184,
D133,
D0DD,
CC35,
CBFE,
CE3C,
CF54,
D292,
D551,
D617,
D742,
D92E,
D80A,
D2EF,
CE6B,
CDA2,
CF87,
D667,
E364,
F1D9,
F94F,
F3CE,
E534,
D871,
D189,
D13A,
D688,
DCC7,
DE67,
DC8D,
DBAA,
DE0D,
E100,
E3D6,
E5EE,
E717,
E75D,
E4BD,
DCF9,
D39F,
CB0A,
C55C,
C395,
C3DE,
C538,
C94A,
CED1,
D41B,
D789,
D9FD,
DC8B,
DDE0,
DD57,
DCC4,
DAA2,
D832,
D713,
D9E8,
E044,
E5A4,
E595,
E45A,
E37E,
E3F1,
E4BC,
E4F0,
E479,
E2A4,
DDF3,
D8AC,
D2DB,
CE31,
CD04,
CCD2,
C9FC,
C5E1,
C2E3,
C346,
C2F0,
C2CF,
C5F2,
CB05,
CD4E,
CEB5,
CF32,
CE57,
CBD6,
CC19,
D00C,
D4E8,
D7DE,
D849,
D56A,
D22F,
D0D7,
D2DF,
D4BF,
D532,
D4C9,
D3DF,
CF96,
CBC6,
CBD2,
D219,
D851,
D95E,
D33C,
C8C9,
BE33,
BB23,
BF6C,
C615,
C618,
BEE0,
B67C,
B4D8,
BAB9,
C71D,
D1BA,
D723,
D64D,
D4B4,
D463,
DA66,
E4FC,
EF1E,
EF62,
EAEA,
E39B,
DC8C,
D50E,
D0A0,
CA88,
C827,
C4BC,
C0B1,
B756,
B4D4,
B373,
BAAE,
B703,
E367,
EF36,
E36E,
E998,
F290,
01CA,
0922,
0813,
FAFB,
F072,
E7BA,
E281,
DE27,
D934,
CCCF,
BEAE,
AED5,
A22A,
9D1D,
9FB7,
A10F,
A284,
A5A0,
ACE0,
B79D,
C76D,
D9BE,
EB65,
F713,
FD26,
FE5B,
008D,
0696,
0D2E,
0D38,
035B,
ED6E,
D4BA,
C20B,
B4D6,
A917,
A008,
96A3,
8C48,
82F2,
8009,
859B,
9057,
9723,
99CA,
9F35,
AB9F,
BB34,
CB86,
D850,
DD0E,
DA8D,
D73F,
D5C2,
D6FB,
D988,
DC98,
DD27,
D73B,
C99F,
BB68,
B277,
B018,
AE0D,
A8BB,
A412,
A487,
A74F,
AD0D,
B685,
BFDA,
C47E,
C55E,
C6D0,
CEB0,
DBF1,
E939,
F1BB,
F255,
E8ED,
DAF2,
CF6A,
C9F6,
C88E,
C683,
C190,
BD04,
B67E,
A9FC,
9CDC,
974E,
98DF,
9F4E,
A924,
B3FE,
BD49,
C4B6,
CCB0,
D810,
E243,
E6F7,
EA86,
EFCC,
F218,
F1D8,
F08E,
EB50,
E235,
D9CD,
D1EE,
C7B0,
BB21,
B139,
AD73,
AEFA,
B390,
B8DF,
BBBF,
BD5F,
C133,
C844,
D23C,
E059,
EFC6,
FA07,
FB92,
F7D0,
F5BF,
FA37,
022B,
076B,
0889,
0780,
04C4,
0107,
FE4B,
FCDB,
FA57,
F447,
E966,
DDA5,
D898,
DD1B,
E566,
EAD0,
EAD6,
E6A2,
E21E,
E496,
EE68,
F5FA,
F693,
F3EE,
EEB4,
E6B6,
E05C,
DE86,
DCA0,
D828,
D619,
D792,
D5AD,
CFF3,
CBC8,
CCFE,
D309,
DB69,
E475,
ECE3,
F448,
FE98,
0B3D,
1429,
1948,
1D6E,
1FBD,
1F0F,
1958,
0E67,
0594,
0556,
08B5,
06E6,
FCB5,
EF0F,
E771,
E889,
EDAF,
F5B1,
FC94,
FABE,
F400,
F079,
F1FC,
F796,
FB56,
F645,
ED63,
E807,
E341,
DA07,
CF68,
CA29,
CA95,
CBDE,
CC71,
CDB3,
D196,
DCB3,
EFAB,
0223,
0D1C,
1019,
0F22,
1308,
1E4C,
259E,
223F,
192F,
0BB3,
F8F8,
E89F,
E08B,
DD4C,
DA79,
D651,
D16E,
D077,
D550,
DCC8,
E59E,
EFC0,
F94E,
01B6,
08B8,
0C58,
0D39,
0DFA,
0EDC,
0D4F,
08EA,
0569,
074E,
0EA5,
1850,
2120,
26A6,
2A06,
2C63,
2B5F,
27F8,
24C8,
1E75,
159A,
0D62,
01A4,
EFD5,
DBEF,
C936,
BB73,
B4CB,
B19C,
AF1D,
AD2C,
ABB5,
AC54,
B1AB,
BA82,
C4EB,
D133,
DD66,
E605,
EC16,
F321,
FCF9,
076D,
0FB6,
1737,
1D6D,
1E6B,
1DAC,
211E,
2825,
2DF6,
2DB8,
260C,
1BF1,
15D8,
1628,
18C2,
1A25,
1B74,
1B3D,
17D6,
1545,
1528,
1571,
17FC,
1D42,
2041,
1E85,
1AD2,
17AA,
1641,
16B4,
1776,
17F9,
1A26,
1E5F,
21C4,
2346,
271C,
2DD9,
3023,
2A3F,
2172,
1B08,
172D,
141B,
118E,
0E99,
07F4,
FEDA,
FA12,
FADF,
FD5A,
0250,
0B15,
1284,
16C5,
1BA2,
21A8,
2733,
2D41,
3425,
3A1A,
3B33,
379B,
36B7,
3BED,
40D4,
4087,
3C1B,
3729,
35C0,
39A4,
3F7C,
421D,
4105,
40A7,
413E,
3EAF,
3C52,
40D1,
48B6,
4D23,
4D6C,
4D2A,
4F26,
50F1,
4FDB,
5027,
5245,
50DA,
4B98,
45EF,
40D3,
3B6B,
3398,
2A97,
24E7,
2491,
285D,
2D3E,
2FDD,
2F08,
29CF,
219F,
1D1C,
1EC7,
2084,
1F2D,
1CFF,
1A36,
153B,
0F72,
0CBA,
0E4C,
1017,
0F77,
0DA7,
0D31,
12A9,
1FAC,
2DCD,
37F6,
3E0D,
40EF,
436C,
4AD5,
5878,
66A9,
6CBE,
67B3,
5CDE,
55D0,
5655,
584D,
5594,
4F0C,
470D,
3F1D,
37E8,
2FE2,
271F,
20BC,
1BFB,
153E,
0E8B,
0C33,
0A58,
080E,
0B70,
119B,
10CA,
0B05,
06FA,
0967,
1467,
2384,
30A3,
3A6A,
3E12,
3D61,
3FBC,
46B1,
4FE2,
5955,
6066,
64E2,
65BB,
60AC,
59A9,
5323,
4C56,
4779,
4473,
41BA,
3F71,
39A8,
2EE3,
25AE,
2123,
1ED1,
1C0F,
1A52,
1BB8,
2067,
279D,
2F57,
32DE,
32F8,
325A,
314E,
317A,
33B8,
35EA,
3799,
3835,
3659,
333F,
30EE,
2FF5,
3100,
34E2,
39C7,
3C5A,
3D84,
3F38,
3FAF,
3CD9,
38AC,
33B8,
2B88,
2010,
15B3,
0F28,
0BB4,
07D7,
00F0,
FA42,
F6C1,
F581,
F9A4,
04D6,
1127,
1ADA,
21FB,
257F,
26F9,
27FC,
2936,
2C8E,
3266,
38C6,
3E3A,
40AB,
4187,
43C4,
46FF,
4BE4,
532E,
581C,
58C8,
57CA,
54F8,
51EE,
5272,
53C7,
518F,
4B32,
42B3,
3BD4,
38BF,
3843,
39FF,
3A9E,
3755,
32E9,
2EE4,
2AC9,
2A2F,
2E54,
3500,
3B9D,
3E51,
3C5C,
3A1D,
39EB,
3CAC,
4107,
428B,
3FDB,
3C12,
38EC,
38D1,
3C28,
3F1A,
3E36,
3956,
31FF,
2C4A,
29CB,
291C,
28FF,
26EE,
21C4,
1DCD,
1CBF,
1DD1,
212D,
2434,
251B,
26E4,
286C,
2827,
2A19,
2FFE,
36A1,
3CC2,
4104,
41ED,
40CA,
4056,
4235,
4766,
4E29,
53E1,
56D5,
5640,
526B,
4D79,
49F4,
4A80,
4CC7,
4C94,
4A88,
47AF,
427D,
3E28,
3BE7,
38A4,
350E,
32EA,
3081,
2E99,
2D9B,
2C82,
2AE3,
275D,
2197,
1C83,
1912,
1726,
1729,
1890,
1A7D,
1B74,
18DF,
144B,
12E3,
17D4,
20A9,
28CD,
2E3C,
3128,
3084,
2E2A,
2EFA,
3546,
3D63,
43B0,
4865,
4C9C,
4EC0,
4F33,
5044,
523C,
529F,
4F71,
4877,
3FD1,
3957,
385E,
3ACC,
3B29,
3755,
3051,
26E2,
1FB3,
1FE8,
23B3,
2397,
2127,
1DD9,
1746,
13E3,
1AA2,
2160,
1EFA,
1902,
1574,
158D,
1D68,
2D5F,
3B8A,
3D43,
354A,
2C0B,
2566,
2528,
2DC5,
390E,
4178,
42D2,
3969,
2CCE,
275A,
273A,
2980,
2CAB,
2ADA,
2235,
173D,
0F30,
0EE0,
1259,
1156,
099D,
FD89,
F347,
F50C,
0208,
1138,
1B85,
1B6E,
0F8F,
01C0,
FCDC,
0247,
0AFC,
1177,
1392,
0F04,
0627,
0098,
FFCA,
005B,
0150,
004B,
FBCE,
F7DB,
F79D,
FBA8,
0372,
0899,
043D,
FADD,
F48F,
F4BE,
FBDF,
0502,
0754,
01D1,
F7A2,
EB8F,
E236,
DEA3,
DEB8,
DF8F,
DE88,
DC9F,
DCF8,
E047,
E5A1,
EA62,
E96F,
E4AD,
E2CE,
E520,
EAAC,
F35D,
F9A7,
FAB3,
F9C8,
F861,
F6ED,
F8BB,
FDDE,
057A,
0CB1,
0FB4,
0E74,
0B57,
0859,
0880,
08B5,
04E9,
FEBF,
FB0F,
FC56,
00AD,
034C,
046B,
04A6,
03BE,
0355,
0460,
0559,
06B2,
0A3F,
0FCC,
13DA,
1461,
113B,
0B38,
05E6,
048E,
05A7,
066F,
0491,
01D4,
0118,
026A,
0404,
05C5,
06EB,
06EE,
05CF,
059C,
0568,
024A,
FE15,
FA99,
F581,
EFEC,
EB2F,
E73A,
E6C7,
EA19,
EB82,
EA26,
E800,
E675,
E730,
EBE6,
F1B1,
F4A6,
F32A,
F0C5,
EFD7,
F055,
F226,
F2CA,
EDA6,
E61A,
E16E,
DFE2,
DFC9,
DFE2,
DE24,
DC2B,
DB19,
D928,
D433,
CDC6,
C8D2,
C959,
D14D,
DDFF,
E915,
ED34,
E59F,
D75B,
D0BD,
D8D0,
E915,
FA10,
02AE,
FB66,
E8D4,
D8AF,
D1CC,
CEC1,
C9BF,
C8A9,
CD4F,
C873,
B936,
B032,
B069,
B7D2,
C744,
D436,
DCA3,
E1D6,
D56D,
BA0C,
A08D,
93BC,
A282,
CC25,
F4C2,
0A39,
0341,
E697,
CC84,
BCF8,
BA2A,
CA93,
DF81,
ED42,
F3AC,
E88F,
D3E7,
CA3B,
CC6D,
D2F7,
DB8D,
E9CE,
F444,
ECD7,
E4BB,
E761,
DE40,
D3B0,
D931,
D9D6,
D08A,
CF07,
CDDC,
C91C,
C987,
CD1B,
CF58,
D2DA,
D524,
D537,
D633,
D8A3,
D836,
D392,
CED6,
CD10,
CDC4,
D3E2,
E0CA,
EFB7,
F7C6,
F2AC,
E41E,
D732,
D06D,
D0D5,
D728,
DE20,
DFCA,
DD4B,
DB85,
DD69,
E090,
E41C,
E704,
E887,
E85F,
E4F2,
DC7B,
D2CB,
CA62,
C539,
C3CD,
C3FA,
C4DC,
C888,
CE19,
D3BE,
D783,
DA0E,
DC3C,
DCE6,
DBDD,
DB17,
D904,
D6C6,
D5C6,
D894,
DED2,
E409,
E3DB,
E29B,
E20A,
E2F5,
E3F9,
E414,
E356,
E12F,
DC38,
D6AF,
D0A9,
CBDE,
CA99,
CA7D,
C7BC,
C386,
C059,
C09B,
C051,
C076,
C41B,
C9CA,
CC5E,
CDA7,
CE05,
CD0E,
CA61,
CA80,
CE72,
D388,
D6D1,
D776,
D4AC,
D189,
D07E,
D2E7,
D4F7,
D56E,
D4F9,
D40E,
CFDF,
CC28,
CC3B,
D241,
D7D6,
D803,
D0E8,
C5B4,
BADF,
B7F8,
BC92,
C351,
C2E2,
BB0F,
B262,
B0DF,
B74C,
C48A,
CFF3,
D5D4,
D53E,
D3F0,
D430,
DB24,
E6DE,
F1C8,
F202,
ECFD,
E53F,
DDEF,
D626,
D160,
CAE8,
C839,
C484,
BFE8,
B5E6,
B334,
B210,
B971,
B586,
E116,
ECFB,
E186,
E84A,
F20F,
023D,
0A70,
09F4,
FD02,
F242,
E946,
E3F1,
DFA6,
DABC,
CDCB,
BE83,
AD95,
A023,
9A60,
9C5A,
9D2C,
9E2A,
A0ED,
A7D7,
B231,
C1DA,
D44B,
E643,
F27C,
F944,
FB3C,
FE66,
05B0,
0DA2,
0E8F,
04FE,
EF51,
D6EB,
C442,
B701,
AB65,
A25F,
98B7,
8DD4,
83C1,
8009,
84D5,
8EC7,
94BE,
96BA,
9BF1,
A890,
B83C,
C82D,
D46C,
D8EB,
D694,
D3D9,
D32F,
D520,
D815,
DB57,
DC3A,
D709,
CA49,
BCC0,
B44C,
B1E9,
AF3B,
A957,
A4D7,
A5DC,
A8E0,
AE69,
B779,
C007,
C3B2,
C43A,
C620,
CEB5,
DCD4,
EB09,
F3CC,
F3CB,
E9C1,
DB9A,
CFEA,
CA0E,
C86D,
C68A,
C1AB,
BCD4,
B5E8,
A8E6,
9AF7,
9470,
9531,
9B3D,
A537,
B06D,
B9F0,
C153,
C90E,
D43D,
DE86,
E385,
E799,
EDC0,
F113,
F188,
F08C,
EBB8,
E360,
DBCA,
D485,
CA72,
BD95,
B36B,
AFDB,
B1E9,
B718,
BCD4,
BF8D,
C04B,
C2E5,
C916,
D2FD,
E16E,
F0DE,
FABC,
FBC4,
F796,
F54E,
F9AA,
0174,
0681,
077A,
065A,
035B,
FF2D,
FC1C,
FA71,
F7AA,
F184,
E69C,
DA9A,
D549,
D9F2,
E2EC,
E929,
E9A8,
E5B2,
E16F,
E41F,
EE24,
F5F1,
F68B,
F3BF,
EE9F,
E6DE,
E0A1,
DEE3,
DCE1,
D7AF,
D4EE,
D6AB,
D580,
CFEA,
CB89,
CCE1,
D322,
DB79,
E461,
EC8B,
F35C,
FD20,
09CF,
1370,
195A,
1DBB,
1FD9,
1F31,
19F9,
0FE7,
07FA,
07FA,
0AEE,
08F0,
FEFD,
F153,
E948,
E9EC,
EEB4,
F658,
FCE6,
FACA,
F3B5,
EFA2,
F090,
F5E2,
F98D,
F40F,
EA51,
E44F,
DF51,
D5DD,
CAFD,
C59B,
C5EA,
C779,
C8C8,
CA87,
CE9F,
DA3B,
EDCF,
00C9,
0C8E,
10D1,
1142,
1648,
2242,
29FB,
26DF,
1E1B,
10FF,
FE9C,
EE87,
E679,
E2F5,
DFE1,
DB9D,
D68D,
D55C,
D9F1,
E0D3,
E892,
F15D,
F9D8,
01BD,
087A,
0B7F,
0B82,
0B78,
0B7B,
090D,
0464,
013F,
03AE,
0B8F,
1595,
1E7C,
2401,
2791,
2A97,
2A78,
27B7,
24F2,
1ED4,
1618,
0E4F,
0325,
F1BF,
DE03,
CB08,
BCE8,
B63D,
B314,
B064,
AE06,
ABD7,
ABD4,
B0EA,
B985,
C37D,
CF6C,
DBA0,
E48F,
EAF8,
F242,
FC7A,
078B,
1075,
18B2,
1FB2,
211A,
207E,
2428,
2B73,
319C,
31EA,
2AC4,
20D7,
1A75,
1A88,
1D69,
1F2C,
206E,
1FCE,
1BE8,
18FE,
189C,
1860,
1A2E,
1EAE,
20D3,
1E41,
19E0,
1611,
13FB,
13FD,
1491,
14F0,
16E9,
1AFB,
1E7D,
2082,
2512,
2C71,
2F38,
29A2,
20DA,
1A5B,
16BF,
144E,
1260,
0FB5,
0920,
0033,
FBBF,
FCD4,
FF8E,
04DE,
0E13,
15C9,
1A28,
1F57,
25E7,
2BD1,
31F4,
38D1,
3ED3,
401D,
3C9F,
3B93,
407B,
44FC,
4436,
3F68,
3A24,
385F,
3C02,
41C3,
4442,
42C4,
41BE,
41BB,
3EDC,
3C3F,
405C,
47E9,
4C18,
4C18,
4BA3,
4DC2,
4FDA,
4F07,
4F89,
51A0,
4FDE,
4A77,
454E,
40FD,
3C11,
3455,
2B4A,
2599,
2557,
2952,
2E74,
315A,
30BB,
2B8B,
2337,
1E85,
2021,
21FB,
20A2,
1E11,
1AC9,
157F,
0F7C,
0C8F,
0E21,
1014,
0F81,
0D91,
0CF2,
127C,
1FDB,
2E49,
386A,
3E55,
411B,
4378,
4AB0,
584C,
66D2,
6D72,
6908,
5ED6,
5843,
591A,
5B6B,
591F,
52FF,
4B4A,
4367,
3C16,
33ED,
2AFA,
2431,
1EA1,
16C7,
0F11,
0BFA,
0999,
06FB,
09FC,
0F8D,
0E18,
07C7,
0368,
05BE,
10BA,
2006,
2DBA,
3842,
3CA0,
3C75,
3F3A,
46E7,
5119,
5B92,
63BD,
691E,
6A62,
65AE,
5F1B,
58E3,
524B,
4D9A,
4AAE,
47F1,
4551,
3EEB,
3395,
29F9,
24E8,
21B4,
1DE1,
1B25,
1BAD,
1F9F,
2631,
2D57,
3059,
2FDB,
2E9F,
2D2E,
2D3B,
2F9E,
3227,
3443,
3558,
33E2,
310A,
2F04,
2E5D,
2FB2,
33ED,
3945,
3C66,
3E36,
407B,
4154,
3EDB,
3B28,
36BA,
2EF0,
239B,
1922,
1269,
0EC1,
0A87,
0327,
FC0C,
F830,
F68D,
FA42,
0528,
1163,
1B1B,
2256,
260F,
27B9,
28CF,
2A18,
2D97,
339F,
3A29,
3FDD,
42A7,
43CA,
464E,
49DA,
4F12,
56C5,
5C07,
5CBE,
5BAC,
58C4,
5596,
5606,
5751,
54EE,
4E27,
450D,
3D9C,
3A27,
397E,
3B1C,
3B79,
379A,
3267,
2DB7,
292C,
2864,
2C82,
3316,
3973,
3BC0,
396E,
372C,
3744,
3A56,
3EFC,
40BD,
3E30,
3AAB,
380A,
389F,
3CA5,
4007,
3F46,
3A5F,
3308,
2D9D,
2BB2,
2B9F,
2BEC,
29F8,
24AA,
2091,
1F83,
20A2,
2407,
26FB,
27AA,
291D,
2A33,
2981,
2B49,
3135,
37D5,
3DC5,
41AF,
4241,
40ED,
4067,
4251,
47AC,
4E80,
540E,
56CA,
5613,
5220,
4D05,
4957,
49CD,
4C18,
4BF8,
4A00,
4727,
41DA,
3D5E,
3B07,
37C1,
3437,
322E,
2FF4,
2E40,
2D78,
2C88,
2AFA,
276C,
2189,
1C69,
191C,
176C,
17A7,
193E,
1B49,
1C4C,
19AB,
14E7,
135A,
1861,
2164,
29B8,
2F5A,
3254,
317C,
2ED9,
2F99,
3624,
3EAE,
454F,
4A10,
4E1B,
5005,
505A,
519B,
5408,
54C1,
518D,
4A2F,
40E2,
39F5,
3925,
3C1A,
3CD8,
38FC,
317C,
2722,
1F0B,
1F11,
2397,
248C,
22FC,
1FE3,
1850,
1343,
18E8,
1F49,
1CFB,
17C9,
1540,
15A3,
1D17,
2CA3,
3A6E,
3BC5,
33E5,
2B53,
256F,
25C7,
2EB0,
39D3,
41DE,
42D3,
38F7,
2C27,
2718,
27CB,
2AE3,
2EB3,
2D47,
249E,
1929,
106E,
0FA3,
130B,
1245,
0AA1,
FE0F,
F2E3,
F40F,
013C,
1105,
1BBB,
1BBB,
0FB4,
019C,
FC8B,
0202,
0AC1,
10D6,
1200,
0C69,
02D4,
FD0C,
FC9F,
FDEF,
FF80,
FED9,
FA81,
F64A,
F587,
F945,
010D,
0658,
0255,
F955,
F325,
F33E,
FA51,
03A2,
0684,
01B9,
F814,
EC3C,
E2B8,
DEBB,
DE8C,
DF55,
DE4C,
DC73,
DCF2,
E06D,
E5EA,
EAA3,
E988,
E4B5,
E301,
E5A6,
EB6D,
F40B,
FA10,
FAD8,
F9EA,
F8EB,
F7FC,
FA12,
FF40,
06CD,
0DF4,
10FC,
0FDE,
0CF7,
0A0B,
0A0F,
0A1F,
0644,
0018,
FC5D,
FD72,
0194,
0414,
0503,
050C,
0427,
03BE,
04A1,
0578,
06C6,
0A37,
0F98,
138C,
13FD,
1090,
0A2B,
04B6,
0391,
0508,
0614,
041A,
0102,
0013,
0189,
038D,
05B5,
06BA,
05FF,
03F7,
033B,
0334,
00EC,
FDA6,
FAA4,
F55A,
EF09,
E98A,
E546,
E517,
E928,
EB4B,
EA2F,
E7DE,
E5CE,
E5D4,
EA40,
F06D,
F41B,
F349,
F133,
F036,
F079,
F1F9,
F240,
ECC9,
E523,
E0C2,
DFA0,
DF89,
DF36,
DCDB,
DA35,
D899,
D669,
D13B,
CA89,
C57C,
C636,
CEDA,
DCCF,
E8E3,
ECB2,
E363,
D2FD,
CB83,
D4E7,
E7DE,
FBA5,
05CB,
FD6A,
E808,
D5CC,
CE64,
CBE9,
C81E,
C886,
CE73,
C95A,
B858,
AE28,
AEA4,
B71F,
C7F1,
D520,
DC28,
DF8B,
D1B9,
B6AC,
9F61,
940C,
A28E,
CB61,
F2DB,
080D,
02B0,
E80A,
CEE1,
BF1F,
BAC4,
C961,
DDED,
EC98,
F438,
EA52,
D608,
CB24,
CB3C,
D07E,
D96C,
E8AA,
F479,
EEF5,
E7C0,
E991,
DF95,
D458,
D903,
D93E,
CF61,
CCA9,
CAA4,
C5C9,
C6DD,
CBD6,
CF47,
D318,
D4F0,
D449,
D50F,
D800,
D849,
D41F,
CF2D,
CC66,
CBE5,
D13B,
DE05,
ED5F,
F606,
F160,
E2EB,
D5DD,
CF3D,
D059,
D7AA,
DF55,
E107,
DDE8,
DB44,
DCA8,
E000,
E441,
E7F9,
E9D1,
E93C,
E500,
DBD7,
D1D3,
C996,
C4F2,
C3DF,
C3ED,
C454,
C797,
CD2E,
D32D,
D749,
D9E6,
DBB2,
DBB1,
DA2B,
D938,
D739,
D531,
D457,
D720,
DD35,
E237,
E1E1,
E098,
E051,
E1B5,
E2F4,
E2F7,
E1EF,
DF76,
DA38,
D469,
CE33,
C94E,
C7F3,
C7E9,
C543,
C0FA,
BDA6,
BDD3,
BDA3,
BE12,
C232,
C876,
CB50,
CC7B,
CCBE,
CBB8,
C8E7,
C8DF,
CCC1,
D1FF,
D594,
D675,
D3C5,
D0C3,
D00A,
D2C9,
D4F7,
D565,
D4DD,
D3F3,
CFEC,
CC67,
CC8E,
D24B,
D729,
D662,
CE47,
C257,
B752,
B4A2,
B98E,
C055,
BF68,
B6FA,
AE10,
ACB8,
B3B0,
C1BB,
CDDE,
D438,
D3F9,
D319,
D408,
DC01,
E8DE,
F484,
F4AD,
EF1C,
E6F6,
DF73,
D760,
D233,
CB44,
C836,
C427,
BEF4,
B446,
B15D,
B061,
B7CE,
B384,
DE56,
EA76,
DF6C,
E6D8,
F15D,
0270,
0B78,
0BA3,
FEF6,
F418,
EADA,
E55C,
E109,
DC16,
CE95,
BE2C,
AC2F,
9DFD,
977A,
98C0,
98FB,
997B,
9BE4,
A27A,
AC6F,
BBE9,
CE70,
E0B0,
ED79,
F506,
F7D4,
FBFC,
0481,
0DBD,
0F82,
0645,
F0F7,
D904,
C672,
B924,
ADA2,
A49C,
9AAF,
8F4D,
8489,
8009,
840A,
8D25,
9243,
939C,
98AF,
A592,
B554,
C4D6,
D07A,
D4B0,
D288,
D06E,
D09C,
D334,
D667,
D9AE,
DAD0,
D65D,
CA90,
BDD3,
B5ED,
B37F,
B00F,
A97D,
A524,
A6D4,
AA37,
AF99,
B836,
BFE2,
C281,
C2BA,
C535,
CE9F,
DDAA,
ECC6,
F5BD,
F517,
EA6E,
DC2F,
D068,
CA26,
C83F,
C66D,
C18D,
BC65,
B518,
A79F,
98E0,
914D,
9128,
96C3,
A0E0,
AC80,
B655,
BDC2,
C53B,
D02E,
DA87,
DFD9,
E484,
EBA0,
F008,
F133,
F07F,
EC0F,
E47F,
DDC9,
D725,
CD37,
C000,
B589,
B22F,
B4D1,
BAAE,
C0E7,
C37B,
C350,
C4A6,
C9F3,
D3CA,
E292,
F1FF,
FB6C,
FBDE,
F72E,
F4A5,
F8E6,
0081,
054D,
060E,
04C9,
0180,
FCE2,
F987,
F7A9,
F4A2,
EE65,
E374,
D72E,
D193,
D669,
E027,
E74C,
E853,
E4A5,
E0B1,
E3A9,
EDF3,
F60F,
F6C0,
F3DF,
EEE0,
E760,
E144,
DFA1,
DD79,
D776,
D3EA,
D5DA,
D562,
CFF0,
CB59,
CCCF,
D33F,
DB7E,
E437,
EC19,
F255,
FB8C,
0843,
1298,
194B,
1DE0,
1FC4,
1F1F,
1A6B,
113D,
0A30,
0A60,
0CDF,
0AB1,
010B,
F373,
EB07,
EB34,
EF97,
F6E0,
FD26,
FADE,
F391,
EF07,
EF62,
F457,
F7D3,
F1D8,
E73D,
E099,
DB64,
D1B1,
C681,
C0E8,
C110,
C2E9,
C503,
C74E,
CB9F,
D7B3,
EBDB,
FF5B,
0C02,
11A9,
139B,
19C4,
2664,
2E74,
2B9C,
2331,
1686,
048B,
F4C0,
ECAF,
E8DB,
E586,
E12E,
DBFB,
DA97,
DEE8,
E522,
EBAF,
F30C,
FA6D,
01CF,
0842,
0AA3,
09B1,
08BB,
07C3,
0467,
FF7C,
FCB2,
FF9D,
07F5,
124A,
1B47,
20CE,
2494,
284D,
2927,
2720,
24D6,
1EFC,
166E,
0F23,
049F,
F3BC,
E03E,
CD13,
BEA4,
B7FD,
B4DC,
B1FC,
AF32,
AC57,
ABBD,
B095,
B8EE,
C269,
CDF4,
DA1F,
E359,
EA1C,
F1A7,
FC34,
07CE,
114C,
1A36,
21FB,
23D0,
2352,
2720,
2E96,
3504,
35DB,
2F47,
259A,
1EFC,
1ED7,
2201,
2423,
2556,
2455,
2004,
1CD4,
1C33,
1B6C,
1C72,
2020,
2165,
1DFD,
18F0,
147B,
11B6,
1143,
11A7,
11E0,
13AB,
179D,
1B42,
1DD0,
231C,
2B1F,
2E69,
292D,
2074,
19EC,
1698,
14C7,
136F,
1107,
0A89,
01DC,
FDC8,
FF26,
0215,
07B9,
1152,
194A,
1DCD,
2353,
2A73,
30BF,
36F6,
3DC9,
43D6,
454E,
41E8,
40AE,
4542,
495B,
481D,
42EE,
3D56,
3B35,
3E95,
4433,
467E,
4493,
42E8,
4250,
3F2B,
3C58,
400C,
4730,
4B13,
4AC3,
4A17,
4C4F,
4EAA,
4E19,
4ED0,
50DD,
4EC2,
493E,
449F,
4126,
3CC2,
3525,
2C17,
266B,
2643,
2A72,
2FD7,
330D,
32AF,
2D96,
253B,
2072,
2209,
23FD,
229D,
1FA3,
1BDA,
1641,
0FFB,
0CCA,
0E50,
1061,
0FD6,
0DBC,
0CE3,
126A,
200F,
2EB5,
38C8,
3E91,
4149,
438C,
4A8A,
580D,
66CF,
6DED,
6A29,
60B1,
5AB0,
5BE2,
5E8A,
5CA0,
56E8,
4F8C,
47D5,
4085,
384D,
2F35,
2807,
21AE,
18C2,
1013,
0C3F,
0954,
065D,
08F5,
0DE0,
0BC3,
04ED,
003F,
027A,
0D66,
1CC5,
2AEF,
362A,
3B46,
3BAF,
3EE8,
474D,
5276,
5DE6,
671B,
6D59,
6F0E,
6AC4,
64AD,
5EC9,
5868,
53DE,
5102,
4E38,
4B42,
4448,
3871,
2E79,
28E1,
24CB,
1FF4,
1C47,
1BF9,
1F2E,
250E,
2B8A,
2DFD,
2CEA,
2B18,
2942,
2925,
2B98,
2E65,
30E4,
3270,
3169,
2EDC,
2D20,
2CC9,
2E67,
32FC,
38C8,
3C79,
3EF3,
41C9,
4304,
40EB,
3DB6,
39D4,
3281,
2767,
1CE7,
160A,
1229,
0D8E,
05BF,
FE4C,
FA20,
F81F,
FB60,
05E3,
11F6,
1BAB,
22FE,
26EF,
28CC,
29F4,
2B48,
2EE9,
351A,
3BC4,
41B2,
44D1,
4638,
48FA,
4CCC,
524A,
5A58,
5FE8,
60AF,
5F90,
5C9A,
5953,
59B0,
5AF1,
5866,
513D,
4796,
3F9C,
3BCB,
3AEB,
3C5D,
3C6E,
37FD,
3209,
2CB2,
27BE,
26C7,
2AD1,
313D,
374B,
3930,
368B,
3452,
34BA,
3818,
3D01,
3EFC,
3CA0,
396E,
375F,
38A8,
3D54,
411B,
407B,
3B94,
344F,
2F3F,
2DF7,
2E89,
2F41,
2D6C,
2805,
23D2,
22C5,
23EE,
2750,
2A24,
2A90,
2BA3,
2C40,
2B24,
2CBE,
32A3,
392C,
3EDD,
4262,
429D,
411D,
4087,
4278,
47F1,
4EC4,
541A,
569A,
55C8,
51C5,
4C8A,
48B6,
4911,
4B56,
4B49,
496B,
469D,
4145,
3CAE,
3A44,
3705,
3392,
31B0,
2FAD,
2E36,
2DA4,
2CDD,
2B61,
27D0,
21DE,
1CBE,
199C,
182E,
18A1,
1A63,
1C83,
1D8E,
1AE3,
15F3,
143F,
194B,
2266,
2AD8,
30A6,
33AE,
32A2,
2FBB,
3068,
3723,
4008,
46EF,
4BAC,
4F7B,
5124,
5161,
52E6,
55DA,
56F0,
53B4,
4BEB,
41F3,
3A95,
39FD,
3D8B,
3EB4,
3AD8,
32DE,
279C,
1E9A,
1E72,
23BC,
25CD,
2526,
2248,
19B9,
12FD,
1774,
1D62,
1B1F,
16AF,
1534,
15E8,
1CF2,
2C0D,
396C,
3A56,
3289,
2AA2,
2584,
267B,
2FBB,
3ABC,
4266,
42F4,
38A5,
2B98,
26E8,
286F,
2C60,
30D8,
2FDF,
2747,
1B63,
11FB,
10A3,
13DB,
1334,
0B92,
FE7F,
F278,
F314,
006D,
10C1,
1BD0,
1BDE,
0FB4,
015F,
FC2F,
01BB,
0A82,
1025,
1048,
0993,
FF3E,
F93D,
F933,
FB4B,
FD81,
FD38,
F907,
F496,
F35D,
F6E3,
FEB8,
0426,
007B,
F7D7,
F1BE,
F1C0,
F8C5,
0246,
05BB,
01A7,
F885,
ECE5,
E33A,
DEDA,
DE74,
DF42,
DE41,
DC75,
DD0D,
E0A4,
E635,
EAE1,
E9A2,
E4C8,
E33E,
E636,
EC38,
F4C1,
FA82,
FB0E,
FA20,
F98D,
F924,
FB79,
00A5,
0817,
0F2C,
1241,
114F,
0E9F,
0BC7,
0BA1,
0B83,
079B,
0174,
FDAE,
FE8E,
0276,
04D1,
058E,
0565,
0487,
042A,
04EE,
05A8,
06E5,
0A25,
0F41,
130A,
1364,
0FBC,
0902,
0373,
0282,
044D,
0595,
0384,
001D,
FF06,
00A5,
0318,
05A7,
068A,
0511,
0226,
00EC,
0118,
FFA9,
FD52,
FAC5,
F542,
EE36,
E7F9,
E365,
E36F,
E830,
EB03,
EA24,
E7AE,
E528,
E47C,
E889,
EEFA,
F342,
F30C,
F14F,
F05B,
F077,
F1AE,
F195,
EBC6,
E404,
DFEC,
DF36,
DF24,
DE63,
DB64,
D807,
D5D6,
D363,
CE02,
C717,
C1F9,
C2E3,
CC33,
DB74,
E896,
EC1D,
E105,
CE61,
C5F5,
D0AD,
E671,
FD30,
08FF,
FF7D,
E718,
D294,
CA97,
C8BA,
C640,
C843,
CF8C,
CA38,
B767,
AC04,
ACC6,
B659,
C897,
D60E,
DBB5,
DD47,
CE08,
B34A,
9E30,
9455,
A292,
CA90,
F0DC,
05BE,
0201,
E968,
D126,
C122,
BB2A,
C7EE,
DC19,
EBB2,
F48B,
EBD8,
D7E0,
CBB2,
C9A1,
CD97,
D6E5,
E733,
F46E,
F0E9,
EAB2,
EBBC,
E0D8,
D4DF,
D8AD,
D87A,
CE05,
CA15,
C733,
C23A,
C402,
CA6F,
CF22,
D34C,
D4B4,
D34F,
D3D7,
D745,
D845,
D49A,
CF74,
CBA5,
C9E8,
CE71,
DB12,
EACE,
F40D,
EFE5,
E197,
D470,
CDFA,
CFC9,
D811,
E067,
E220,
DE62,
DAE4,
DBCA,
DF50,
E445,
E8CA,
EAF4,
E9EF,
E4E4,
DB09,
D0B5,
C8A6,
C485,
C3CB,
C3B5,
C39A,
C671,
CC0B,
D265,
D6D5,
D980,
DAE6,
DA3B,
D83D,
D726,
D540,
D371,
D2C3,
D588,
DB69,
E02B,
DFA6,
DE51,
DE53,
E030,
E1AB,
E196,
E046,
DD7A,
D7F1,
D1D9,
CB74,
C67E,
C50C,
C514,
C290,
BE3F,
BACB,
BAEC,
BAE1,
BBA1,
C037,
C706,
CA22,
CB2C,
CB59,
CA4F,
C764,
C733,
CAF5,
D046,
D41C,
D53B,
D2AE,
CFD8,
CF75,
D281,
D4BC,
D512,
D470,
D38D,
CFC1,
CC87,
CCCF,
D238,
D648,
D47B,
CB58,
BEB2,
B38C,
B122,
B65E,
BD20,
BBA8,
B2A0,
A983,
A863,
AFE5,
BEAD,
CB78,
D24A,
D27C,
D22E,
D3EF,
DD01,
EAFF,
F754,
F763,
F148,
E8C4,
E11D,
D8C1,
D31C,
CB9E,
C81B,
C3A3,
BDD4,
B275,
AF4C,
AE61,
B5BE,
B0F4,
DB1C,
E79F,
DD1B,
E53E,
F076,
025D,
0C34,
0D1A,
00D3,
F5F3,
EC76,
E6C2,
E250,
DD43,
CF2F,
BDAA,
AAA7,
9BBA,
946C,
94E5,
9478,
9474,
9683,
9CC7,
A654,
B597,
C827,
DAA8,
E803,
F067,
F420,
F951,
0307,
0D79,
1009,
072A,
F25B,
DB03,
C89F,
BB44,
AFD1,
A6C2,
9C8C,
90B3,
854C,
8009,
8338,
8B72,
8FB0,
906E,
956E,
A2A1,
B27B,
C181,
CC77,
D05E,
CE6C,
CCFF,
CE0D,
D13A,
D480,
D79D,
D8E7,
D537,
CA73,
BEA2,
B75D,
B4DA,
B089,
A928,
A4F5,
A76D,
AB4F,
B099,
B8B7,
BF65,
C0E5,
C0DA,
C40A,
CE68,
DE6A,
EE69,
F78B,
F636,
EAF4,
DCB1,
D0E5,
CA41,
C808,
C633,
C13F,
BBBC,
B413,
A62D,
969A,
8DE8,
8CC5,
91E2,
9C22,
A83A,
B279,
BA00,
C138,
CBE1,
D645,
DBF0,
E146,
E96B,
EEF3,
F0D9,
F067,
EC59,
E597,
DFCE,
D9D1,
D001,
C262,
B793,
B46D,
B7B2,
BE52,
C515,
C785,
C66B,
C674,
CADA,
D4A4,
E3C4,
F328,
FC15,
FBDB,
F697,
F3C3,
F7EA,
FF55,
03CC,
0443,
02CB,
FF31,
FA26,
F68B,
F484,
F13F,
EAE8,
DFEC,
D35E,
CD77,
D282,
DD16,
E538,
E6D5,
E378,
DFE1,
E333,
EDD3,
F654,
F734,
F44D,
EF78,
E83F,
E24A,
E0C7,
DE71,
D784,
D30F,
D521,
D557,
D00A,
CB3C,
CCCD,
D361,
DB78,
E3F6,
EB8C,
F133,
F9DC,
0696,
119B,
1914,
1DD8,
1F77,
1ED0,
1AA6,
1260,
0C2E,
0C80,
0E7E,
0C23,
02DB,
F56B,
ECAA,
EC5F,
F056,
F747,
FD57,
FAFE,
F397,
EEAE,
EE74,
F2F6,
F62A,
EFA7,
E431,
DCED,
D781,
CD8A,
C1FA,
BC17,
BC0C,
BE34,
C129,
C40E,
C899,
D51A,
E9CF,
FDDB,
0B79,
12A6,
1631,
1D7B,
2AAE,
3308,
3077,
2873,
1C4B,
0AC7,
FB47,
F32A,
EEFF,
EB6D,
E70A,
E1BE,
E02D,
E434,
E9B4,
EEF1,
F4CB,
FB0E,
01ED,
0812,
09C3,
07C5,
05C1,
03B1,
FF5C,
FA2C,
F7BB,
FB14,
03D0,
0E69,
177D,
1D0D,
210D,
2582,
2768,
2630,
2471,
1EEC,
16A2,
0FE4,
0618,
F5CE,
E2A5,
CF5D,
C0AD,
BA14,
B6FD,
B3EB,
B0B7,
AD3A,
AC15,
B0B3,
B8C4,
C1B4,
CCCF,
D8E8,
E266,
E986,
F156,
FC2C,
083E,
123E,
1BC4,
2449,
268E,
262C,
2A09,
318D,
382E,
398A,
3393,
2A39,
236E,
2316,
268B,
290B,
2A2C,
28D1,
2429,
20C7,
1FEC,
1E95,
1EC8,
2197,
21F4,
1DB7,
1802,
12E9,
0F74,
0E87,
0EB7,
0ECC,
106D,
1449,
181A,
1B36,
2141,
29E9,
2DBC,
28E2,
2046,
19C4,
16C1,
158D,
14C2,
1297,
0C37,
03DC,
0039,
01DD,
04FA,
0AE4,
14D6,
1D0C,
21B6,
279A,
2F4D,
35FB,
3C45,
430E,
4925,
4AC8,
4779,
460C,
4A43,
4DF0,
4C3D,
46AE,
40C1,
3E45,
4161,
46CB,
48CD,
4670,
4424,
42FD,
3F9F,
3C9F,
3FE1,
468C,
4A18,
4973,
488A,
4ACE,
4D60,
4D0C,
4DF6,
4FF7,
4D86,
47ED,
43E4,
414C,
3D78,
3602,
2CFA,
275D,
275A,
2BC1,
316E,
34FA,
34E7,
2FF5,
27AC,
22E8,
2482,
2690,
2521,
21B7,
1D6C,
1784,
10F5,
0D74,
0EDF,
1105,
107B,
0E2E,
0D0C,
127B,
204C,
2F13,
390E,
3EBD,
4176,
43A3,
4A5F,
57B3,
6698,
6E26,
6B11,
6268,
5D10,
5EAB,
61A6,
6016,
5AC7,
53D7,
4C6A,
453B,
3D0A,
33D4,
2C44,
2526,
1B34,
119A,
0D0C,
0994,
063F,
0865,
0C9C,
09D3,
0280,
FD8A,
FFA7,
0A71,
19C6,
2846,
3426,
3A04,
3B0F,
3EC4,
47E1,
53F7,
6050,
6A7D,
718E,
73BA,
6FEC,
6A5C,
64D2,
5EA9,
5A44,
576E,
548F,
5141,
49BD,
3D76,
332C,
2D0E,
2817,
2248,
1DB9,
1C9E,
1F16,
2438,
29F5,
2BCD,
2A28,
27C7,
258C,
2539,
27A8,
2AA6,
2D7B,
2F7C,
2EEB,
2CB0,
2B40,
2B37,
2D21,
3211,
3851,
3C95,
3FBC,
4323,
44BD,
4308,
4056,
3D07,
363A,
2B76,
2106,
1A0E,
15F1,
10F1,
08C0,
0108,
FC9B,
FA3F,
FD06,
0710,
12E7,
1C92,
23FA,
2824,
2A36,
2B6E,
2CCB,
3089,
36DA,
3D9C,
43BC,
472C,
48D2,
4BC9,
4FD4,
558C,
5DE5,
63BE,
6498,
6374,
607A,
5D24,
5D6E,
5EA1,
5BF2,
5472,
4A4E,
41D7,
3DAA,
3C8C,
3DC2,
3D7C,
387E,
31D2,
2BD8,
2683,
255B,
2942,
2F76,
3526,
36A2,
33B6,
3192,
324D,
35F3,
3B13,
3D4A,
3B2B,
385D,
36ED,
38ED,
3E35,
4257,
41D5,
3CF8,
35D7,
3135,
309E,
31DB,
32FF,
314B,
2BD7,
2796,
268B,
27B7,
2B0A,
2DB1,
2DD0,
2E76,
2E94,
2D11,
2E7A,
3447,
3AA6,
4006,
431F,
4303,
415B,
40B4,
42A8,
4830,
4EF1,
5402,
5642,
555B,
5153,
4C04,
480F,
4848,
4A7F,
4A85,
48C8,
4610,
40BB,
3C15,
39A0,
3671,
3321,
3171,
2FAF,
2E7A,
2E22,
2D84,
2C1A,
288F,
229C,
1D8B,
1A9D,
1974,
1A1F,
1C05,
1E32,
1F3E,
1C89,
1775,
1597,
1A96,
23B0,
2C2B,
321D,
3530,
33F2,
30CD,
3166,
3843,
4170,
488C,
4D32,
50B3,
5213,
5241,
5420,
57AF,
592B,
55E3,
4DA8,
42FE,
3B31,
3AE2,
3F1F,
40C1,
3CEB,
347E,
2855,
1E67,
1E12,
2427,
2761,
27AB,
250D,
1B8A,
1319,
164C,
1BB2,
1969,
15B9,
1553,
165D,
1CFA,
2B9B,
3882,
38F4,
3135,
29F5,
25A3,
2746,
30E5,
3BC8,
430E,
4330,
386C,
2B1D,
26C4,
2923,
2DF2,
3316,
32A1,
2A31,
1DEE,
13DA,
11E4,
14CA,
1422,
0C6B,
FED4,
F202,
F218,
FF98,
1068,
1BBD,
1BCF,
0F88,
0106,
FBC4,
016F,
0A3E,
0F62,
0E68,
067F,
FB62,
F529,
F580,
F868,
FB4E,
FB62,
F75C,
F2BE,
F120,
F483,
FC72,
0204,
FEB2,
F667,
F05E,
F048,
F741,
00F0,
04FD,
019E,
F8F6,
ED8B,
E3BD,
DF00,
DE71,
DF56,
DE69,
DCA9,
DD4E,
E0EF,
E684,
EB1A,
E9BE,
E4E5,
E384,
E6CD,
ED0B,
F57E,
FAFB,
FB52,
FA6A,
FA46,
FA63,
FCEF,
020D,
095A,
105A,
1386,
12C9,
1053,
0D8D,
0D38,
0CE3,
08EE,
02D2,
FF04,
FFAE,
0354,
0584,
060C,
05B1,
04E1,
049C,
054E,
05EE,
0712,
0A07,
0EC3,
1250,
1291,
0EBB,
07BE,
021C,
015E,
0375,
04EF,
02CA,
FF21,
FDEC,
FFBE,
02A1,
0599,
065A,
0424,
005D,
FEAF,
FF15,
FE7F,
FD17,
FAFB,
F53A,
ED73,
E67A,
E195,
E1D0,
E72F,
EAA8,
EA04,
E76E,
E482,
E326,
E6C0,
ED50,
F215,
F26B,
F110,
F03E,
F049,
F13F,
F0C3,
EA96,
E2B4,
DEE6,
DE9C,
DE92,
DD65,
D9BC,
D59F,
D2CF,
D012,
CA85,
C36D,
BE44,
BF5E,
C958,
D9EC,
E82F,
EB74,
DE83,
C983,
C00F,
CC1E,
E4CD,
FEB2,
0C4D,
01A1,
E605,
CF05,
C665,
C533,
C424,
C7DE,
D099,
CB0F,
B663,
A9C4,
AAD0,
B57F,
C932,
D6FE,
DB47,
DB0B,
CA5C,
AFE8,
9CFE,
949A,
A28D,
C9B2,
EEC2,
034A,
0130,
EAAB,
D34F,
C2FF,
BB59,
C63A,
DA02,
EA8E,
F4A1,
ED1C,
D969,
CBDF,
C796,
CA40,
D3F6,
E562,
F41F,
F2AF,
ED92,
EDE5,
E20F,
D547,
D832,
D787,
CC72,
C749,
C386,
BE72,
C0F6,
C8E8,
CEEC,
D37A,
D473,
D247,
D28D,
D675,
D82D,
D504,
CFAA,
CAD0,
C7CF,
CB83,
D7F0,
E7FF,
F1D3,
EE35,
E01D,
D2E9,
CCA3,
CF27,
D85F,
E159,
E315,
DEBC,
DA66,
DACD,
DE7F,
E427,
E974,
EBEB,
EA74,
E499,
DA0E,
CF71,
C792,
C3F2,
C38D,
C34E,
C2AB,
C512,
CAAD,
D15E,
D621,
D8D4,
D9D0,
D87F,
D611,
D4DE,
D316,
D182,
D106,
D3C9,
D96D,
DDE3,
DD29,
DBC5,
DC0D,
DE64,
E01C,
DFF3,
DE5A,
DB3C,
D565,
CEFD,
C86A,
C368,
C1E2,
C1FB,
BFA1,
BB54,
B7C6,
B7E5,
B80A,
B921,
BE27,
C579,
C8CE,
C9B5,
C9D0,
C8CF,
C5D5,
C577,
C909,
CE56,
D262,
D3C1,
D160,
CEC3,
CEBB,
D20A,
D43E,
D46F,
D3AF,
D2DA,
CF61,
CC8C,
CD00,
D20B,
D533,
D24C,
C81A,
BAC7,
AF8F,
AD79,
B303,
B9B0,
B79F,
ADFE,
A4BC,
A3E1,
ABEB,
BB5C,
C8B9,
D006,
D0C4,
D130,
D3E6,
DE28,
ED43,
FA38,
FA24,
F383,
EAAE,
E2F2,
DA4D,
D41D,
CBF5,
C7E8,
C2F6,
BC85,
B06F,
ACFB,
AC08,
B336,
ADC9,
D75B,
E46B,
DA8D,
E375,
EF54,
01FD,
0C9B,
0E52,
0299,
F7D4,
EE1D,
E824,
E37C,
DE44,
CF9A,
BD00,
A8FE,
995B,
9134,
90C9,
8FA2,
8F13,
90C8,
96BF,
9FE1,
AEE1,
C16D,
D426,
E214,
EB63,
F01D,
F662,
013E,
0CD1,
101C,
07A5,
F379,
DCE7,
CACA,
BD64,
B1F7,
A8D5,
9E51,
9208,
860A,
8009,
8260,
89AD,
8D05,
8D2F,
922C,
9FBE,
AFB1,
BE2D,
C862,
CBF3,
CA3E,
C990,
CB86,
CF37,
D261,
D525,
D67E,
D395,
C9F4,
BF2D,
B89B,
B5FA,
B0A6,
A856,
A445,
A7A2,
AC24,
B162,
B8F5,
BE89,
BED8,
BE92,
C298,
CE09,
DF0F,
EFEE,
F930,
F727,
EB53,
DD25,
D167,
CA62,
C7CC,
C5E0,
C0C4,
BAE1,
B2E0,
A494,
9429,
8A42,
880B,
8C9F,
9700,
A39E,
AE5F,
B610,
BD02,
C757,
D1BD,
D7CA,
DDDC,
E71F,
EDD4,
F076,
F046,
EC97,
E6AA,
E1DA,
DC88,
D2CF,
C4B9,
B988,
B695,
BA8B,
C202,
C95C,
CBA8,
C996,
C84B,
CBC9,
D58A,
E503,
F456,
FCB4,
FBB9,
F5CD,
F2A7,
F6B9,
FDED,
01FE,
0213,
0059,
FC67,
F6F5,
F328,
F101,
ED7E,
E70B,
DC01,
CF28,
C8F4,
CE3D,
D9BA,
E2EC,
E52A,
E227,
DEFB,
E2BA,
EDC5,
F6C2,
F7E8,
F50B,
F069,
E97D,
E3B8,
E25B,
DFD0,
D7DE,
D262,
D482,
D561,
D038,
CB36,
CCDD,
D38A,
DB67,
E39B,
EAE3,
EFF5,
F80B,
04C4,
1075,
18B1,
1D9C,
1EEB,
1E3C,
1AA1,
1348,
0DEB,
0E52,
0FC3,
0D3B,
0466,
F737,
EE2D,
ED68,
F0EF,
F78C,
FD79,
FB2E,
F3CF,
EE9A,
EDCA,
F1C2,
F496,
ED84,
E137,
D958,
D3B3,
C96F,
BD6F,
B72D,
B6E6,
B964,
BD43,
C0CD,
C592,
D274,
E7AD,
FC4C,
0AF7,
13CA,
1908,
2170,
2F1F,
37B4,
356D,
2DE1,
2250,
114F,
021C,
F9EA,
F55F,
F196,
ED35,
E7D9,
E620,
E9D7,
EE87,
F257,
F697,
FBB8,
0217,
07E8,
08DD,
05BB,
0285,
FF40,
F9E5,
F470,
F257,
F60D,
FF18,
09EC,
131A,
18BA,
1CF9,
2232,
2535,
24E1,
23C1,
1EA9,
16B9,
1098,
0794,
F7FA,
E53C,
D1EB,
C30C,
BC89,
B981,
B63B,
B29B,
AE85,
ACE2,
B14A,
B90D,
C167,
CC03,
D7FF,
E1BB,
E93B,
F157,
FC6C,
08E0,
134E,
1D60,
269B,
2954,
290C,
2CE5,
345B,
3B18,
3CF4,
37A6,
2EB2,
27C8,
2745,
2B07,
2DE3,
2EEF,
2D40,
2858,
24D7,
23C9,
21DC,
212F,
2311,
227F,
1D6E,
1716,
115D,
0D35,
0BC9,
0BC3,
0BB6,
0D34,
1104,
150C,
18BE,
1F87,
28D5,
2D36,
28CA,
2058,
19ED,
1745,
16AC,
1663,
146E,
0E33,
0640,
031C,
0503,
0841,
0E64,
18A2,
2111,
25E9,
2C2E,
3474,
3B83,
41DF,
489F,
4EBF,
508E,
4D55,
4BAE,
4F7F,
52BC,
5098,
4AAD,
446A,
4190,
4467,
498D,
4B2D,
4857,
4570,
43C3,
4039,
3D17,
3FDF,
45FF,
4929,
482C,
4702,
4943,
4BFC,
4BDC,
4CF8,
4EEB,
4C2A,
4684,
431A,
416C,
3E2F,
36EA,
2DF1,
2871,
289F,
2D45,
333C,
3726,
3765,
32AA,
2A91,
25EC,
2793,
29B6,
2830,
2450,
1F84,
194E,
1272,
0E94,
0FD6,
1206,
1177,
0EEF,
0D74,
12B4,
2094,
2F62,
393A,
3ED7,
419D,
43BA,
4A2A,
573B,
6628,
6E15,
6BB6,
63F4,
5F5D,
616E,
64BB,
637C,
5E99,
582B,
512A,
4A3D,
4228,
38DD,
30ED,
2910,
1E27,
13AF,
0E6B,
0A62,
06AB,
0855,
0BCD,
0852,
0089,
FB4F,
FD49,
07E3,
1710,
25C3,
3236,
38DB,
3A93,
3ED0,
48A3,
559E,
62CE,
6DE1,
75BA,
7863,
7520,
7025,
6AFC,
650F,
60CA,
5DF0,
5AF1,
574C,
4F47,
42A0,
3812,
3170,
2B99,
24E0,
1F7C,
1D9E,
1F5C,
23B6,
28A0,
29D0,
279B,
24B3,
2212,
217B,
23D2,
26ED,
2A0A,
2C7B,
2C67,
2A87,
2963,
29A7,
2BE0,
312E,
37E1,
3CB9,
408E,
4485,
4680,
4532,
430A,
4055,
3A1E,
2FC9,
2581,
1E7A,
1A1E,
14B8,
0C33,
044C,
FFA9,
FCF8,
FF3E,
08B9,
143F,
1DD8,
2550,
29B4,
2BFA,
2D40,
2EA2,
327B,
38E3,
3FB4,
45FE,
49B9,
4B9C,
4EBD,
52F4,
58D6,
616A,
6783,
6876,
6752,
6460,
6105,
613E,
625F,
5F8E,
57C5,
4D36,
444F,
3FC7,
3E63,
3F4C,
3EA4,
391E,
31C3,
2B30,
2580,
2424,
27D9,
2DC0,
3306,
3419,
30F4,
2EF0,
3001,
33E7,
3934,
3BA6,
39D5,
377E,
36B9,
396F,
3F46,
43B6,
4353,
3E8C,
37A6,
3386,
33A9,
3597,
3727,
3599,
3025,
2BE0,
2AD7,
2C00,
2F37,
31A2,
3169,
319A,
3133,
2F4B,
307F,
3621,
3C41,
413F,
43E4,
4371,
41A4,
40EF,
42DE,
4865,
4F00,
53C1,
55BE,
54C8,
50C6,
4B70,
475F,
4771,
4991,
49A8,
4813,
457C,
403A,
3B93,
391B,
3606,
32E9,
3175,
2FFC,
2F0F,
2EF2,
2E7D,
2D28,
29AE,
23CD,
1EDB,
1C27,
1B47,
1C28,
1E2D,
205C,
2162,
1EA5,
1972,
1767,
1C48,
2545,
2DB3,
33BD,
36D7,
3569,
320D,
3293,
3982,
42E2,
4A21,
4E9C,
51BA,
52C9,
52F4,
5544,
5984,
5B6D,
5817,
4F62,
43FE,
3BC6,
3BD2,
40D5,
4302,
3F3D,
3662,
2954,
1E78,
1DF5,
24E0,
294E,
2A8F,
283A,
1DCC,
13A1,
157B,
1A3F,
17DF,
14E9,
159E,
1704,
1D32,
2B51,
37B0,
379C,
2FE4,
294B,
25CA,
2825,
322F,
3CF6,
43D3,
4384,
3849,
2AB1,
26A9,
29E3,
2F95,
356A,
358A,
2D5B,
20CB,
160F,
1367,
15D9,
150C,
0D27,
FF09,
F17B,
F118,
FEB6,
0FF2,
1B7C,
1B86,
0F29,
008A,
FB48,
011F,
09F3,
0E89,
0C5C,
032A,
F73E,
F0CC,
F182,
F540,
F8E0,
F951,
F57A,
F0BF,
EED1,
F228,
FA3E,
FFF7,
FCFB,
F508,
EF09,
EEDA,
F5C8,
FFA6,
044A,
019F,
F967,
EE2D,
E441,
DF2F,
DE86,
DF96,
DEC9,
DD14,
DDB9,
E151,
E6D8,
EB4F,
E9D9,
E50B,
E3D3,
E76B,
EDE7,
F640,
FB7B,
FBA3,
FAC7,
FB14,
FBB6,
FE73,
0378,
0A96,
117E,
14CD,
144E,
1215,
0F61,
0ED4,
0E3E,
0A3D,
0432,
005F,
00D2,
0430,
062C,
067D,
05F0,
0536,
0518,
05C4,
064E,
074E,
09DE,
0E1B,
1158,
117F,
0D8C,
065C,
00B1,
0024,
027B,
041B,
01E6,
FE0A,
FCC2,
FECD,
0228,
0588,
0627,
0337,
FE9D,
FC84,
FD2A,
FD70,
FCF6,
FB46,
F540,
ECBF,
E50D,
DFD8,
E037,
E624,
EA36,
E9CA,
E71E,
E3DB,
E1D4,
E4E2,
EB6C,
F08A,
F15B,
F06E,
EFDA,
EFED,
F0AA,
EFC6,
E931,
E12D,
DDA6,
DDCB,
DDCE,
DC36,
D7DF,
D2F9,
CF80,
CC75,
C6C0,
BF88,
BA5B,
BBA4,
C645,
D835,
E7AB,
EAB6,
DBDA,
C460,
B9CD,
C735,
E2F2,
002F,
0FBC,
03DB,
E4CF,
CB1C,
C1C8,
C150,
C1C7,
C755,
D19A,
CBE0,
B54C,
A76A,
A8C1,
B48F,
C9C0,
D7EC,
DADC,
D8D6,
C6B8,
AC89,
9BCD,
94DD,
A27F,
C8C4,
EC89,
00AA,
0038,
EBD1,
D559,
C4B3,
BB4F,
C443,
D7A8,
E92B,
F477,
EE1A,
DAA1,
CBA8,
C518,
C673,
D09C,
E335,
F386,
F445,
F062,
F010,
E33E,
D596,
D791,
D664,
CAA5,
C440,
BF9D,
BA6F,
BDBD,
C744,
CEA6,
D3A1,
D42D,
D135,
D130,
D593,
D803,
D560,
CFD4,
C9E6,
C59B,
C873,
D49A,
E4ED,
EF51,
EC49,
DE78,
D146,
CB39,
CE75,
D898,
E22C,
E3E7,
DEF4,
D9CA,
D9B1,
DD8C,
E3E5,
E9F6,
ECB2,
EAC5,
E41B,
D8E4,
CE05,
C659,
C337,
C322,
C2B5,
C184,
C376,
C90E,
D015,
D525,
D7D9,
D868,
D676,
D3A2,
D260,
D0BA,
CF63,
CF1C,
D1DD,
D73C,
DB5D,
DA69,
D8F3,
D980,
DC4F,
DE46,
DE0B,
DC2D,
D8BB,
D292,
CBD3,
C511,
C00A,
BE71,
BE9B,
BC76,
B838,
B496,
B4BA,
B51D,
B68F,
BBFE,
C3CA,
C751,
C810,
C81D,
C733,
C434,
C3A9,
C6F6,
CC27,
D059,
D1FC,
CFD3,
CD7E,
CDD8,
D15E,
D377,
D375,
D294,
D1D9,
CECD,
CC7C,
CD26,
D1C4,
D3E8,
CFD4,
C490,
B697,
AB5F,
A9A9,
AF7D,
B603,
B34C,
A914,
9FB9,
9F31,
A7C2,
B7C6,
C59B,
CD63,
CECD,
D01F,
D3F3,
DF78,
EFAA,
FD2E,
FCEE,
F5CE,
ECB5,
E4F5,
DC07,
D537,
CC4A,
C79D,
C21F,
BB05,
AE31,
AA66,
A94F,
B02E,
A9F9,
D31E,
E0E3,
D7CE,
E18A,
EDFA,
0148,
0C9E,
0F3C,
0440,
F9BE,
EFD7,
E991,
E49C,
DF2A,
CFF0,
BC54,
A767,
971B,
8E12,
8CA9,
8AB5,
8997,
8AF3,
909E,
994C,
A7F4,
BA62,
CD3E,
DBBB,
E601,
EBD5,
F333,
FF25,
0BB7,
0FAA,
07A8,
F451,
DEC0,
CD0F,
BFA9,
B441,
AB05,
A034,
9388,
8704,
804F,
81C7,
8816,
8A80,
8A1E,
8F26,
9D1F,
AD23,
BAFF,
C45C,
C78D,
C620,
C643,
C92A,
CD4B,
D027,
D25E,
D3AD,
D192,
C931,
BF98,
B9CE,
B708,
B090,
A732,
A342,
A7A0,
ACDF,
B21B,
B910,
BD6B,
BC78,
BC03,
C0FC,
CD98,
DFA1,
F154,
FAAA,
F7E9,
EB96,
DD9E,
D208,
CAAA,
C7AE,
C599,
C046,
B9FF,
B1AF,
A30B,
91CC,
86A0,
8341,
873F,
91BB,
9EE5,
AA37,
B21C,
B8C0,
C2AE,
CD0B,
D37D,
DA5A,
E4C9,
ECB2,
F013,
F023,
ECD7,
E7CB,
E400,
DF5F,
D5B7,
C725,
BB8B,
B8CD,
BD80,
C5DE,
CDD3,
CFF9,
CCE9,
CA44,
CCD9,
D691,
E65A,
F58C,
FD45,
FB77,
F4D5,
F15B,
F559,
FC4C,
FFE0,
FF7C,
FD71,
F922,
F354,
EF67,
ED2B,
E96A,
E2DD,
D7C9,
CAA9,
C42B,
C9B8,
D62A,
E078,
E35E,
E0BF,
DE0F,
E24D,
EDD2,
F75C,
F8E0,
F620,
F1BA,
EB28,
E5A5,
E476,
E1B0,
D8A2,
D201,
D418,
D598,
D099,
CB66,
CD20,
D3D5,
DB60,
E335,
EA28,
EEA1,
F61F,
02C9,
0F18,
180C,
1D15,
1E06,
1D49,
1A43,
13E1,
0F55,
0FC1,
1099,
0DE9,
05A0,
F8D4,
EF96,
EE55,
F167,
F7B2,
FD8F,
FB75,
F445,
EEDD,
ED73,
F0C8,
F325,
EB83,
DE6E,
D5FD,
D020,
C58B,
B90F,
B25D,
B1D1,
B4AC,
B982,
BDB8,
C2AF,
CFDD,
E586,
FAB3,
0A7A,
1510,
1C12,
258A,
3397,
3C52,
3A5C,
3360,
2880,
1817,
0939,
00E8,
FBFC,
F808,
F3BB,
EE5C,
EC7E,
EFD9,
F39E,
F5E1,
F873,
FC6D,
024C,
07C2,
07EC,
038F,
FF04,
FA6F,
F406,
EE50,
EC8A,
F08A,
F9C7,
04C8,
0E14,
13C8,
1849,
1E49,
2276,
231A,
22B0,
1E21,
16AB,
113D,
0915,
FA47,
E816,
D4DD,
C5E9,
BF8C,
BC96,
B91C,
B50F,
B06A,
AE56,
B28C,
B9F9,
C1AB,
CBB3,
D780,
E16E,
E94F,
F1B7,
FCFB,
09B7,
1477,
1EF8,
28DA,
2C0B,
2BDC,
2F9B,
36E1,
3D9F,
3FF3,
3B5A,
32E6,
2BF3,
2B4A,
2F59,
328F,
3383,
3186,
2C76,
28EF,
27B4,
252D,
2394,
2478,
22F1,
1D11,
1620,
0FCE,
0AF5,
0905,
08C7,
089B,
09FE,
0DCD,
1216,
1662,
1DE6,
27D2,
2CC3,
28D4,
20A2,
1A61,
1820,
1820,
184F,
168A,
107E,
090D,
0679,
089D,
0BEC,
1236,
1CAB,
254A,
2A52,
30F6,
39C8,
4131,
479B,
4E51,
5478,
5672,
534F,
5169,
54C8,
5790,
5500,
4EC1,
482C,
44F5,
477F,
4C4B,
4D72,
4A1F,
46A7,
447C,
40D9,
3DA0,
3FE3,
4565,
4821,
46CD,
455D,
4789,
4A53,
4A5F,
4BA9,
4D8D,
4A83,
44DF,
421F,
415F,
3EBF,
37B7,
2EE1,
2990,
2A00,
2EEB,
352C,
3974,
3A0C,
359B,
2DD6,
296D,
2B29,
2D5B,
2BB7,
275A,
2211,
1B97,
1471,
102C,
1133,
1361,
12C7,
0FFC,
0E1B,
1313,
20DC,
2F8B,
392C,
3EB8,
4199,
43A8,
49BD,
566D,
653E,
6D73,
6BD2,
6513,
6159,
63ED,
678A,
6698,
6228,
5C56,
55E9,
4F64,
4785,
3E33,
35E9,
2D58,
2190,
1651,
105F,
0BC3,
07A9,
08CE,
0B77,
0749,
FF17,
F9A1,
FB71,
05C2,
149E,
2358,
3043,
37AD,
3A1E,
3EE7,
496C,
5739,
6528,
7105,
7993,
7CBE,
7A18,
75C2,
7103,
6B5A,
6735,
644E,
6127,
5D2B,
54B5,
47C7,
3D07,
35E7,
2F39,
27A6,
2181,
1EE9,
1FF2,
2379,
277B,
27F5,
2535,
21CD,
1EC7,
1DE1,
2008,
232B,
267E,
2957,
29C5,
2848,
2772,
2804,
2A8F,
303B,
375E,
3CC6,
4147,
45C9,
4822,
4742,
45AD,
4399,
3E0A,
3445,
2A44,
233C,
1EA5,
18DD,
1018,
081D,
0351,
0053,
0211,
0AE5,
15FE,
1F74,
26F3,
2B8B,
2E03,
2F52,
30B9,
34A6,
3B1A,
41EC,
4853,
4C52,
4E6A,
51AA,
55FD,
5BF6,
64AD,
6AF8,
6C08,
6AED,
680E,
64BB,
64E3,
65ED,
62FD,
5AFE,
5022,
46E0,
4202,
404E,
40D6,
3FC0,
39BD,
31C5,
2AA6,
24A6,
2313,
2681,
2C07,
30D2,
317F,
2E33,
2C5A,
2DBE,
31D9,
3745,
39F2,
3882,
36B7,
36A8,
3A10,
4063,
4513,
44CF,
402F,
399F,
3616,
36FF,
399E,
3B98,
3A35,
34D6,
309B,
2F94,
30B1,
33BA,
35DA,
3541,
34F3,
3403,
31BA,
32B1,
3811,
3DD7,
4262,
448A,
43C4,
41D6,
4111,
42F3,
4865,
4EC4,
5327,
54DD,
53DD,
4FEF,
4A9F,
467B,
4663,
4863,
488A,
4724,
44B8,
3F9D,
3B06,
3897,
35AC,
32D1,
31A6,
307D,
2FDE,
2FFD,
2FB2,
2E76,
2B1A,
2563,
20A5,
1E38,
1DA3,
1EB7,
20D0,
22F7,
23ED,
2129,
1BE1,
19A9,
1E55,
2713,
2F57,
3566,
3880,
36E4,
335D,
33D3,
3AC1,
4438,
4B81,
4FB6,
5258,
530D,
5341,
561B,
5B23,
5D81,
5A1C,
50E9,
44C8,
3C2C,
3CAA,
428A,
4555,
41AE,
3873,
2A8A,
1EC5,
1E15,
25D8,
2B83,
2DC1,
2BBF,
2077,
1495,
14FE,
1903,
167A,
1437,
160C,
17D3,
1D8C,
2B17,
36D8,
362D,
2E7A,
288A,
25E3,
2903,
337C,
3E23,
448D,
43C6,
3817,
2A38,
267B,
2A91,
3128,
37AF,
3875,
30A9,
23E8,
188F,
1525,
16FA,
15E3,
0DBA,
FF18,
F0E9,
F019,
FDC5,
0F51,
1AF4,
1AED,
0E89,
FFE9,
FABA,
00C6,
0999,
0D90,
0A1A,
FF91,
F2D6,
EC2E,
ED3D,
F1D3,
F636,
F705,
F364,
EEA0,
EC79,
EFDC,
F823,
FDFD,
FB5B,
F3C4,
EDCE,
ED86,
F465,
FE6A,
03A5,
01AB,
F9DB,
EED7,
E4D8,
DF7B,
DEC5,
E014,
DF76,
DDCE,
DE66,
E1DE,
E741,
EB8B,
EA01,
E549,
E43A,
E81D,
EED5,
F70D,
FC01,
FC03,
FB37,
FBF6,
FD1C,
0001,
04E2,
0BC2,
128F,
160B,
15D6,
13DD,
113A,
106C,
0F8B,
0B81,
0593,
01C3,
01FD,
050A,
06C6,
06DD,
0620,
0584,
05A0,
0654,
06CA,
0797,
09A1,
0D3D,
1015,
1020,
0C23,
04DC,
FF34,
FED4,
015A,
0313,
00D2,
FCD3,
FB87,
FDD4,
01A8,
056E,
05EC,
024A,
FCE6,
FA70,
FB5B,
FC7C,
FCEF,
FBA7,
F55C,
EC25,
E3C2,
DE3E,
DEB7,
E51A,
E9B5,
E980,
E6C9,
E343,
E096,
E2FC,
E953,
EEA2,
EFDC,
EF67,
EF31,
EF67,
EFF3,
EEA0,
E7A0,
DF79,
DC3A,
DCCE,
DCE4,
DAE5,
D5E0,
D02F,
CC06,
C8A8,
C2D3,
BB88,
B662,
B7DA,
C31C,
D666,
E718,
E9EB,
D91C,
BF17,
B354,
C212,
E0F0,
01A9,
1345,
062B,
E387,
C6F8,
BCE2,
BD32,
BF4A,
C6C7,
D2A8,
CCC6,
B44C,
A528,
A6CB,
B3B1,
CA5C,
D8EA,
DA87,
D6BF,
C340,
A961,
9AD9,
955B,
A29D,
C7E5,
EA38,
FDDC,
FF15,
ECDC,
D756,
C65A,
BB31,
C229,
D521,
E792,
F40F,
EED5,
DB95,
CB24,
C244,
C24D,
CCED,
E0B8,
F2A4,
F5AC,
F327,
F246,
E47A,
D5E7,
D6E3,
D526,
C8B8,
C119,
BB9A,
B65A,
BA7D,
C5A5,
CE6E,
D3DC,
D3FC,
D031,
CFDD,
D4B6,
D7E0,
D5C8,
D00B,
C908,
C36F,
C55F,
D129,
E1A2,
EC8B,
EA25,
DCB5,
CF9C,
C9D9,
CDD1,
D8D3,
E2F1,
E4A4,
DF1C,
D923,
D88B,
DC8B,
E38D,
EA57,
ED4E,
EAE8,
E373,
D79C,
CC8C,
C51B,
C274,
C2A8,
C206,
C041,
C1B9,
C748,
CE9C,
D3F1,
D69C,
D6BC,
D432,
D108,
CFC3,
CE46,
CD2C,
CD1A,
CFD9,
D4EA,
D8AB,
D77A,
D5F1,
D6BE,
DA04,
DC3B,
DBF3,
D9D4,
D610,
CF93,
C878,
C187,
BC84,
BADB,
BB19,
B934,
B513,
B166,
B197,
B240,
B412,
B9E2,
C218,
C5C6,
C657,
C65B,
C595,
C2A0,
C1E5,
C4D7,
C9CB,
CE12,
CFFA,
CE19,
CC1F,
CCE1,
D091,
D277,
D235,
D133,
D0A5,
CE25,
CC77,
CD61,
D17F,
D282,
CD2F,
C0DB,
B250,
A72F,
A5E7,
ABFD,
B244,
AED8,
A412,
9AB3,
9A8A,
A39B,
B410,
C23A,
CA7B,
CCB0,
CF17,
D42E,
E106,
F23E,
0032,
FFC0,
F82C,
EEE7,
E739,
DE05,
D684,
CCB8,
C757,
C140,
B97A,
ABE8,
A7B9,
A65F,
ACC6,
A5A6,
CEF5,
DD6A,
D55F,
DFDA,
ECA0,
0034,
0C0E,
0F9D,
05AE,
FBB9,
F1CF,
EB44,
E5FE,
E055,
D0C2,
BC78,
A6F7,
9641,
8C6A,
89F1,
8729,
857B,
867E,
8BD0,
93EA,
A1F7,
B3F6,
C6A9,
D57E,
E0A7,
E794,
EFFB,
FCC3,
0A08,
0E7E,
0715,
F4FB,
E0E4,
CFFD,
C2CE,
B78B,
AE4D,
A34F,
9672,
89A2,
8259,
82E9,
881D,
898F,
88AC,
8DBE,
9BF8,
ABD5,
B8D3,
C128,
C3EB,
C2D4,
C3D8,
C7AD,
CC1C,
CE6F,
CFE1,
D109,
CFC4,
C8D4,
C0A5,
BBC5,
B8D8,
B134,
A6CA,
A306,
A86D,
AE70,
B3A1,
B9D5,
BCD2,
BA94,
B9FE,
BFF4,
CDA5,
E078,
F2B9,
FBFB,
F88E,
EBF8,
DE84,
D353,
CBBB,
C85C,
C613,
C08D,
B9F3,
B176,
A2B4,
90DB,
8483,
8001,
834B,
8DBE,
9B4F,
A71B,
AF22,
B55D,
BEB6,
C8DF,
CFA4,
D742,
E2C4,
EBCB,
EFE0,
F02F,
ED54,
E93E,
E68D,
E2AA,
D92A,
CA41,
BE5E,
BBDE,
C14A,
CA7D,
D2F7,
D4ED,
D0E6,
CCF2,
CE9D,
D830,
E80F,
F6E0,
FDC9,
FB1F,
F3D3,
F010,
F3F3,
FA89,
FD7A,
FC87,
FA23,
F585,
EF7A,
EB8D,
E94F,
E55D,
DEC6,
D3CF,
C697,
BFE9,
C5B0,
D2F7,
DE45,
E1CD,
DFA0,
DD83,
E245,
EE30,
F83B,
FA2C,
F7A3,
F391,
ED7B,
E859,
E767,
E469,
DA48,
D27B,
D46C,
D67E,
D1BC,
CC6F,
CE30,
D4C7,
DBCF,
E31B,
E99E,
ED73,
F43B,
00A3,
0D5A,
16DD,
1BE7,
1C6B,
1B9C,
1939,
13E4,
102D,
108E,
10C0,
0DF6,
066B,
FA4A,
F10A,
EF55,
F1E4,
F7D1,
FDA3,
FBE6,
F521,
EFAE,
EDAC,
F03E,
F209,
E9F4,
DC55,
D378,
CD74,
C2A9,
B5CC,
AEAF,
ADD9,
B10F,
B6D5,
BBAC,
C0BB,
CDF5,
E3B6,
F92C,
09EA,
1635,
1EEF,
2945,
375F,
4013,
3E7B,
383B,
2E44,
1EB4,
105A,
07FE,
02BD,
FEBB,
FAA3,
F560,
F364,
F64B,
F903,
F99A,
FA69,
FD34,
0285,
0787,
06DC,
013E,
FB4F,
F562,
EDFD,
E81C,
E6A8,
EACD,
F403,
FF05,
0856,
0E15,
12CA,
197C,
1ECB,
2076,
20D9,
1D01,
163C,
11A3,
0A7D,
FCC2,
EB72,
D8AD,
C9ED,
C3D7,
C102,
BD5C,
B8ED,
B3D3,
B166,
B561,
BC5B,
C33F,
CC83,
D7EC,
E1E0,
EA08,
F2A7,
FDEA,
0AA6,
1578,
202A,
2A80,
2E21,
2E0C,
3190,
386F,
3EFD,
41B5,
3DEA,
3625,
2F54,
2E91,
32DE,
3661,
3735,
34F9,
2FEB,
2C81,
2B25,
280A,
2581,
2558,
22DC,
1C49,
14E1,
0E17,
089E,
062F,
05B9,
0574,
06C2,
0A91,
0F19,
13F5,
1C15,
2674,
2BE5,
288C,
20C8,
1AD9,
1910,
19A4,
1A3D,
18A7,
12E7,
0C25,
0A38,
0C8A,
0FCB,
1614,
208C,
2937,
2E5F,
354B,
3E81,
4622,
4C82,
5318,
5936,
5B56,
5853,
562D,
5903,
5B4C,
5863,
51EF,
4B1F,
4795,
49C6,
4E12,
4EA4,
4ADE,
46EB,
4458,
40BA,
3D81,
3F32,
43F3,
4631,
448D,
42DC,
44D7,
478F,
47B9,
4927,
4AF8,
47BB,
4239,
4030,
405E,
3E63,
37BB,
2F36,
2A3A,
2AFB,
3022,
3698,
3B31,
3C26,
381D,
30E4,
2CE3,
2EB4,
30E7,
2F20,
2A53,
24A3,
1E05,
16B1,
120B,
12C3,
14DB,
1433,
1129,
0EDB,
1364,
20C3,
2EFE,
3836,
3DA2,
40A1,
429F,
483A,
5444,
62A7,
6AF3,
6A1A,
648A,
61D0,
64EB,
68CA,
6822,
643B,
5F30,
5992,
53AF,
4C36,
4307,
3A85,
3168,
2501,
193B,
12B8,
0D9A,
0928,
09BF,
0B87,
06B3,
FE3D,
F8A5,
FA40,
040F,
1245,
20AD,
2DCB,
35D9,
3901,
3E4D,
495B,
57BB,
6622,
7284,
7B96,
7F38,
7D49,
79B1,
7573,
7025,
6C2E,
6938,
65EB,
61A5,
58E9,
4BF6,
413A,
39BC,
3256,
2A17,
235A,
2020,
2078,
231F,
261C,
25D6,
2298,
1EC4,
1B65,
1A26,
1C04,
1F0C,
2276,
25A4,
2693,
2584,
24FE,
25DC,
28B7,
2EAF,
3626,
3C06,
411D,
4616,
48C2,
4858,
4762,
45FC,
4133,
3839,
2EBB,
27D8,
2317,
1D06,
1436,
0C59,
0784,
044B,
057B,
0D73,
17E4,
2109,
286D,
2D23,
2FC0,
3110,
3276,
3665,
3CC6,
4377,
49DA,
4E06,
5047,
538F,
57DE,
5DC6,
666C,
6CC8,
6DF2,
6CED,
6A38,
6703,
6719,
6801,
6501,
5CFC,
5213,
48A9,
438B,
4184,
4196,
400B,
39AC,
3146,
29C4,
2393,
21C8,
24D2,
29CF,
2E04,
2E4F,
2AF9,
295C,
2B0B,
2F41,
34AB,
378A,
3692,
356D,
361C,
3A21,
40C5,
4594,
4571,
411A,
3B0F,
383D,
39EA,
3D30,
3F89,
3E5D,
3937,
3524,
3420,
3522,
37E3,
39A2,
38A5,
37D2,
365B,
33BF,
346F,
3963,
3EA6,
429F,
4440,
432D,
4129,
4057,
421D,
4755,
4D4E,
5139,
52A1,
519F,
4DDC,
48B1,
4492,
444E,
461F,
4656,
4527,
42F8,
3E24,
39BF,
376D,
34C4,
3245,
3170,
30A2,
3054,
30AE,
308E,
2F74,
2C50,
26EF,
228A,
2074,
202C,
216A,
2389,
2593,
266C,
23AB,
1E69,
1C0B,
205E,
28A0,
3083,
366F,
3973,
37B4,
341A,
3484,
3B49,
449B,
4BBD,
4F84,
5189,
51DC,
5225,
559A,
5B6E,
5E42,
5AD7,
513E,
4484,
3BAA,
3CAA,
436D,
46DF,
4372,
3A03,
2B78,
1EF6,
1E1C,
26A1,
2D79,
30AE,
2F0E,
2327,
15BF,
14A3,
17C1,
1502,
136E,
165C,
1881,
1DB0,
2A6F,
3556,
3407,
2C6C,
2739,
2579,
295E,
342B,
3E8B,
4466,
4324,
372A,
292F,
25C3,
2AA5,
320A,
392C,
3AA6,
3375,
26CC,
1B09,
16D9,
17E4,
165D,
0DF2,
FEFF,
F077,
EF4E,
FCCD,
0E53,
19D0,
19AC,
0D78,
FF20,
FA2C,
0063,
0913,
0C4F,
078E,
FBC5,
EE68,
E7A2,
E8FC,
EE58,
F373,
F49D,
F145,
EC9D,
EA5F,
EDDB,
F644,
FC2B,
F9EB,
F2CB,
ECEE,
EC8F,
F348,
FD4A,
0306,
01BC,
FA64,
EFB8,
E5D1,
E044,
DF94,
E131,
E0D1,
DF3E,
DFBD,
E2F2,
E807,
EC0A,
EA75,
E5EC,
E50B,
E929,
F004,
F7FA,
FC97,
FC7B,
FBC6,
FCF3,
FE95,
0192,
0633,
0CB7,
1351,
16F9,
171A,
1569,
12DD,
11C9,
1094,
0C90,
06DD,
0323,
0326,
05D0,
073D,
0714,
062B,
05BB,
0622,
06EC,
074E,
07D6,
0936,
0C03,
0E58,
0E47,
0A62,
0334,
FDAD,
FD74,
000F,
01CE,
FF8E,
FB89,
FA4B,
FCDB,
011C,
0538,
0596,
0158,
FB4C,
F88F,
F9C0,
FBB3,
FD0A,
FC2A,
F5AA,
EBE3,
E2F4,
DD35,
DDB7,
E464,
E967,
E967,
E6BA,
E312,
DFCF,
E16D,
E74D,
EC91,
EE1A,
EE2A,
EE72,
EEE6,
EF49,
ED87,
E62B,
DDFA,
DB0B,
DC0C,
DC39,
D9E3,
D444,
CDDA,
C90C,
C562,
BF85,
B84D,
B346,
B4E8,
C09F,
D503,
E6C0,
E95A,
D6C7,
BA80,
ADA6,
BD85,
DF2D,
0315,
16A0,
0878,
E289,
C356,
B893,
B9B4,
BD7B,
C6E0,
D444,
CE58,
B44C,
A41A,
A603,
B3CD,
CBA0,
DA65,
DAB6,
D54D,
C0BC,
A786,
9B5A,
9755,
A3FE,
C7BE,
E81A,
FAEC,
FDC8,
EDFD,
D9AF,
C897,
BBCC,
C0B0,
D2F9,
E613,
F38A,
EF7A,
DCAA,
CAF1,
BFDB,
BE9A,
C993,
DE4E,
F19F,
F6F8,
F5FC,
F4AA,
E613,
D6BD,
D6A7,
D451,
C758,
BE9F,
B85D,
B327,
B81B,
C4C4,
CEDB,
D4B0,
D466,
CFD2,
CF2C,
D469,
D83F,
D6BA,
D0E3,
C8E2,
C20C,
C308,
CE35,
DE81,
E9BF,
E80D,
DB40,
CE82,
C92D,
CDD6,
D987,
E3FC,
E59C,
DF96,
D8E9,
D7D6,
DBEA,
E375,
EAD3,
EDEF,
EB16,
E2F5,
D6B3,
CBA6,
C48F,
C263,
C2D7,
C1FB,
BFA3,
C099,
C607,
CD89,
D306,
D597,
D548,
D23C,
CEDA,
CDA3,
CC57,
CB7C,
CB9F,
CE53,
D300,
D64F,
D4E4,
D34C,
D452,
D7FD,
DA6F,
DA21,
D7CE,
D3C7,
CD07,
C5A0,
BE96,
B9AD,
B7FE,
B853,
B6C0,
B2D7,
AF2F,
AF72,
B069,
B296,
B8AC,
C123,
C4DD,
C538,
C538,
C4A8,
C1D3,
C0EC,
C362,
C7E9,
CC21,
CE4B,
CCC8,
CB40,
CC6D,
D02E,
D1C7,
D137,
D01C,
CFCF,
CE07,
CD21,
CE4F,
D1CC,
D191,
CB04,
BDD0,
AEF4,
A422,
A357,
A991,
AF6E,
AB4C,
A025,
96F1,
9734,
A09D,
B12D,
BF59,
C7F4,
CB0D,
CEAF,
D51D,
E328,
F51A,
0336,
0287,
FAAB,
F16F,
EA00,
E0A8,
D87B,
CDD8,
C7C1,
C117,
B8BC,
AA98,
A604,
A44B,
AA01,
A1E9,
CBAD,
DA96,
D3E2,
DEDD,
EB8F,
FECD,
0AC8,
0F3A,
06BB,
FDB6,
F416,
ED68,
E7E2,
E21D,
D29E,
BE43,
A8D1,
9829,
8DC1,
8A3C,
86AA,
847E,
8528,
8A09,
915C,
9E68,
AF74,
C175,
D03B,
DC02,
E3E5,
ED18,
FA45,
07BB,
0C78,
05D9,
F58E,
E397,
D401,
C768,
BC8E,
B383,
A89E,
9BEC,
8F34,
8795,
8741,
8B3B,
8BB3,
8A66,
8F6F,
9D92,
ACDF,
B8A6,
BFB6,
C1F9,
C149,
C330,
C7D9,
CC61,
CDF2,
CE6C,
CF4E,
CEE1,
C994,
C310,
BF3D,
BC36,
B384,
A83E,
A4BA,
AB12,
B1C3,
B6CE,
BC13,
BD96,
BA21,
B97B,
C056,
CECA,
E1E4,
F42D,
FD1B,
F923,
ECB4,
E035,
D5C4,
CE2C,
CA7E,
C805,
C265,
BBA3,
B336,
A4C0,
92C5,
8591,
8001,
828D,
8CB2,
9A52,
A652,
AE4B,
B3F5,
BC75,
C622,
CD0F,
D53F,
E188,
EB68,
F00F,
F09C,
EE45,
EB3C,
E9AD,
E696,
DD70,
CE8A,
C2A9,
C076,
C678,
D046,
D909,
DABF,
D5E4,
D0CD,
D195,
DAC9,
EA52,
F857,
FE3D,
FAC3,
F2FC,
EF0E,
F2C5,
F8D0,
FAF9,
F968,
F6B0,
F1E2,
EBD3,
E815,
E5EE,
E1E4,
DB6B,
D0D8,
C3E5,
BD39,
C319,
D0DF,
DCDD,
E0EA,
DF3E,
DDC9,
E2FF,
EF10,
F967,
FBCA,
F995,
F5F8,
F08D,
EBFD,
EB56,
E830,
DD32,
D459,
D600,
D889,
D425,
CEE5,
D09D,
D6DC,
DD22,
E3A8,
E992,
ECB5,
F2A0,
FE6D,
0B27,
14E7,
19C7,
19D4,
18F0,
173B,
130B,
102E,
1073,
0FFC,
0D31,
06A4,
FB95,
F2A1,
F08C,
F28C,
F802,
FDBE,
FC8A,
F67D,
F138,
EEAF,
F05E,
F183,
E93C,
DB85,
D285,
CC7E,
C1BD,
B4C7,
AD5F,
AC45,
AFC5,
B653,
BBA5,
C09D,
CD77,
E2B5,
F7E5,
0933,
16E6,
2113,
2BE5,
398E,
41F2,
40C8,
3B7B,
32B7,
2464,
16E2,
0EA9,
0939,
0553,
019F,
FCA6,
FA98,
FCED,
FE78,
FD5D,
FC6E,
FE0A,
02B6,
0724,
05A6,
FEE6,
F7A9,
F084,
E859,
E276,
E154,
E569,
EE43,
F8F7,
021A,
07C7,
0C91,
13BF,
1A07,
1CB3,
1DEF,
1B00,
1531,
1194,
0B9E,
FF55,
EF68,
DDA7,
CF91,
C9F3,
C751,
C396,
BEE1,
B982,
B6E0,
BA8F,
C0E9,
C6D0,
CF0B,
D9BB,
E36C,
EBA5,
F446,
FF34,
0B85,
1603,
207F,
2AF1,
2EE7,
2EEE,
3210,
3840,
3E59,
4154,
3E6D,
3799,
3127,
3058,
34C6,
3878,
3927,
36C4,
31F0,
2ED0,
2D64,
29CB,
2663,
252D,
21D3,
1AC7,
132B,
0C24,
0638,
035B,
02B2,
025E,
039B,
0761,
0C14,
115F,
19DA,
245A,
2A22,
277C,
2068,
1B01,
19BF,
1AD8,
1BC6,
1A61,
1518,
0F40,
0E0B,
106F,
137B,
1987,
23AA,
2C21,
3149,
3847,
4194,
492F,
4F59,
55AA,
5B9A,
5DD2,
5B03,
58A6,
5ADC,
5C9A,
597B,
5308,
4C2F,
486B,
4A32,
4DD2,
4DB9,
499B,
455B,
4282,
3F12,
3BFB,
3D0C,
40E8,
429B,
40BB,
3ED3,
407D,
42F7,
432D,
44AF,
4665,
4319,
3DE8,
3C9F,
3DAA,
3C57,
3640,
2E53,
29DF,
2AFD,
3045,
36C3,
3B8D,
3CD8,
395D,
32F8,
2F90,
316F,
338C,
31A5,
2C87,
26A2,
2019,
18CD,
13E1,
1437,
1620,
156C,
1234,
0F82,
136B,
1FE8,
2D32,
35B6,
3AE3,
3DF6,
3FDA,
44CE,
4FD1,
5D4B,
6562,
6551,
611E,
5F80,
6316,
671A,
66BC,
637A,
5F67,
5ADA,
55DC,
4F0B,
4642,
3DC9,
346D,
27D9,
1BFA,
1521,
0FA6,
0AFB,
0B00,
0BDC,
0689,
FE13,
F887,
F9DC,
02D9,
0FEF,
1D84,
2A60,
32D2,
3699,
3C42,
4788,
5608,
6469,
70DD,
7A1D,
7E19,
7CF5,
7A36,
7697,
71CA,
6E17,
6B1D,
67B7,
6346,
5A8D,
4E00,
43A1,
3C02,
3427,
2B8B,
247B,
20CA,
2080,
223F,
2423,
231C,
1F7E,
1B65,
17C5,
1630,
17A6,
1A6B,
1DC2,
211E,
2283,
21E9,
21B4,
22D6,
25F1,
2C11,
33A2,
39C7,
3F46,
4488,
4772,
4782,
4733,
4681,
429F,
3ABB,
3214,
2B90,
26C9,
20A4,
1816,
10A2,
0BF1,
089D,
093C,
101D,
1991,
221F,
292C,
2DD7,
3081,
31C6,
3320,
36F7,
3D12,
436C,
4994,
4DC7,
501A,
534A,
5769,
5D05,
654B,
6B7F,
6CBD,
6BDC,
696C,
6675,
6677,
6733,
643A,
5C78,
51EA,
48AE,
4379,
4126,
40B2,
3EB7,
3835,
2FB3,
2816,
21E8,
1FEE,
226F,
26B5,
2A36,
2A28,
26F2,
25A2,
2785,
2BAC,
30E4,
33E2,
3378,
330C,
3473,
38E8,
3F97,
4455,
4455,
4071,
3B2A,
392A,
3B8A,
3F54,
41F6,
410F,
3C57,
3892,
3796,
386B,
3AC2,
3C0C,
3AB0,
395E,
376F,
3499,
34F8,
394D,
3DD9,
4120,
4231,
40E2,
3EDA,
3DFF,
3F96,
4460,
49BD,
4D14,
4E26,
4D2B,
49B3,
44DB,
40E5,
4078,
420A,
424C,
415D,
3F7E,
3B1E,
3717,
3500,
32B7,
30B0,
303D,
2FCF,
2FD2,
3061,
306B,
2F7D,
2CB4,
27E2,
2405,
225A,
225E,
23B5,
25C1,
2796,
2843,
2597,
2086,
1E14,
21E2,
2959,
308D,
361A,
38EA,
3716,
3393,
33F4,
3A56,
432E,
49E1,
4D09,
4E51,
4E3B,
4EA7,
52B7,
593F,
5C7A,
591D,
4F59,
425A,
3984,
3B12,
429C,
46AE,
43A1,
3A4B,
2B8E,
1EAC,
1DB1,
26BA,
2E88,
3296,
3169,
254E,
16D1,
1435,
1646,
1350,
1260,
1645,
18B9,
1D3F,
28DA,
3295,
30A0,
2949,
24ED,
241B,
28AE,
338C,
3D61,
4284,
40CF,
34DB,
271F,
240F,
2991,
3189,
3910,
3B3D,
34F2,
28D0,
1D02,
1821,
183D,
162A,
0D9C,
FEBF,
F05B,
EEF3,
FBE1,
0CD3,
17C7,
1780,
0BD7,
FE3A,
F9B5,
FFFA,
084A,
0AB0,
04C1,
F80A,
EA6A,
E3B3,
E541,
EB32,
F0E1,
F25B,
EF66,
EB0F,
E8E6,
EC7D,
F4DB,
FAA4,
F8D4,
F256,
ECB5,
EC45,
F2AC,
FC62,
026F,
01CE,
FB0D,
F0FB,
E773,
E1E5,
E14D,
E33D,
E32A,
E1BA,
E213,
E4DE,
E96E,
ED04,
EB72,
E73D,
E68E,
EAC7,
F197,
F916,
FD3F,
FD0E,
FC77,
FE03,
000B,
0307,
0746,
0D3D,
137A,
1743,
17C1,
1662,
13FA,
129F,
1117,
0D33,
07E7,
0464,
0435,
0668,
0773,
0709,
0600,
05C7,
0689,
0772,
07C0,
07F1,
0884,
0A58,
0C0B,
0BDF,
0840,
0173,
FC3A,
FC20,
FEAD,
0055,
FE26,
FA46,
F92D,
FBF5,
0085,
04D7,
0515,
006A,
F9F3,
F710,
F87F,
FB28,
FD4D,
FCD0,
F647,
EC3A,
E307,
DD36,
DDB0,
E45F,
E994,
E9C6,
E73F,
E3A3,
DFED,
E0A6,
E5C1,
EAAE,
EC62,
ECFA,
EDDB,
EEA6,
EEE8,
ECC1,
E536,
DD2C,
DA9A,
DBFB,
DC43,
D9B0,
D3A8,
CCBA,
C76A,
C38A,
BDCF,
B6E2,
B222,
B3E3,
BFBC,
D4A7,
E6FA,
E94E,
D57B,
B7B5,
AA15,
BA9D,
DE2B,
0458,
195A,
0A86,
E241,
C129,
B5F9,
B7E6,
BD45,
C853,
D6E2,
D11B,
B63C,
A572,
A78F,
B5CF,
CE1B,
DCBA,
DBD8,
D517,
C01A,
A82D,
9E8A,
9BFD,
A7B3,
C902,
E693,
F810,
FC65,
EF59,
DCBA,
CBF5,
BDEE,
C0B5,
D1DE,
E515,
F314,
F030,
DE3E,
CBB6,
BECA,
BC5B,
C768,
DC85,
F0B1,
F831,
F8D7,
F740,
E84C,
D892,
D766,
D479,
C74A,
BDC0,
B6F8,
B1F6,
B79C,
C56B,
D084,
D69A,
D5EF,
D0B5,
CFC0,
D53A,
D99C,
D8AE,
D2E6,
CA26,
C24D,
C24F,
CC84,
DC1D,
E755,
E662,
DA9A,
CEA0,
C9EA,
CF25,
DB25,
E59A,
E715,
E0C2,
D99B,
D81A,
DC23,
E3F7,
EBA5,
EEC4,
EB8B,
E302,
D6B7,
CC04,
C575,
C3C7,
C468,
C355,
C07D,
C0EC,
C610,
CD85,
D2FA,
D556,
D4A1,
D13E,
CDCE,
CCBC,
CBAC,
CB0E,
CB5F,
CDF8,
D226,
D4ED,
D355,
D1B8,
D2E7,
D6D7,
D971,
D928,
D6BA,
D28E,
CBB5,
C42C,
BD33,
B88A,
B6E6,
B753,
B625,
B296,
AF0E,
AF65,
B0A9,
B323,
B94A,
C1BA,
C55A,
C577,
C578,
C52E,
C299,
C18E,
C367,
C743,
CB3D,
CD99,
CC8B,
CB8E,
CD21,
D0CB,
D1FA,
D11A,
CFF3,
D000,
CF17,
CF17,
D086,
D33C,
D1B6,
CA1C,
BC6D,
ADB8,
A38A,
A345,
A96E,
AEA8,
A9E5,
9EB2,
95F3,
96A7,
A020,
B03A,
BDEA,
C6A0,
CAA2,
CF89,
D73B,
E61C,
F837,
0601,
0515,
FD36,
F458,
ED6A,
E42C,
DB7C,
D036,
C988,
C26E,
B9B8,
AB60,
A67A,
A44F,
A90E,
A019,
C82D,
D7A5,
D256,
DDD0,
EA58,
FD1C,
091F,
0E77,
077F,
FF89,
F640,
EF6E,
E99C,
E3B4,
D457,
C00B,
AAC2,
9A36,
8F40,
8AAD,
8653,
83B0,
840F,
888A,
8F1A,
9B1D,
AB28,
BC6C,
CB16,
D775,
E04E,
EA40,
F7AD,
0522,
0A04,
042C,
F5C0,
E600,
D7D3,
CBDB,
C167,
B889,
ADBD,
A13F,
94B0,
8CCF,
8BA4,
8E70,
8E00,
8C5A,
9165,
9F72,
AE2B,
B8BB,
BE8A,
C052,
C00F,
C2DC,
C851,
CCDB,
CD85,
CCE9,
CD71,
CDCF,
CA20,
C543,
C27A,
BF51,
B58C,
A962,
A618,
AD62,
B4C4,
B9AE,
BE04,
BE13,
B975,
B8CD,
C091,
CFC2,
E311,
F54E,
FDE5,
F977,
ED4B,
E1D7,
D835,
D0A7,
CCAE,
C9FD,
C43C,
BD56,
B502,
A6E0,
94CF,
86C9,
8031,
820F,
8BE4,
998F,
A5C0,
ADAD,
B2C6,
BA6C,
C398,
CAA9,
D365,
E067,
EB0F,
F03B,
F106,
EF32,
ED2C,
ECAD,
EA4E,
E176,
D292,
C6B4,
C4CB,
CB5F,
D5BE,
DEBC,
E032,
DA94,
D476,
D474,
DD50,
EC78,
F9A9,
FE8B,
FA45,
F20D,
EDFE,
F193,
F711,
F863,
F626,
F315,
EE1D,
E81C,
E4A1,
E29C,
DE7A,
D81C,
CDEE,
C148,
BAAA,
C0A6,
CEE1,
DB7C,
E002,
DED3,
DE09,
E3BB,
EFFC,
FAA3,
FD81,
FBAB,
F886,
F3CD,
EFDD,
EF88,
EC3B,
E05F,
D671,
D7BB,
DAA8,
D6A3,
D179,
D323,
D8F8,
DE6C,
E425,
E97A,
EBF9,
F111,
FC3A,
08E1,
12C6,
1771,
1703,
1604,
14F2,
11D7,
0FBA,
0FD5,
0EB9,
0BF4,
0670,
FC85,
F3F2,
F189,
F304,
F813,
FDD4,
FD49,
F810,
F30C,
F000,
F0C7,
F143,
E8DF,
DB30,
D21F,
CC13,
C156,
B440,
AC88,
AB2A,
AEF7,
B642,
BBFF,
C0D0,
CD34,
E1DD,
F6C3,
0899,
17A6,
232A,
2E4F,
3B65,
436A,
42B1,
3E62,
36D3,
29B4,
1CFE,
14DF,
0F48,
0B95,
0858,
03B0,
0190,
0348,
03A3,
00E1,
FE4C,
FED5,
02EC,
06CA,
047D,
FC9F,
F414,
EBBC,
E2DB,
DCFB,
DC1D,
E008,
E86D,
F2CD,
FBCE,
0170,
064B,
0DE4,
1511,
18B9,
1AD8,
18E8,
1424,
1185,
0CB6,
01DC,
F35C,
E2B2,
D55B,
D03C,
CDCE,
C9FB,
C504,
BF6F,
BCAE,
C01C,
C5DA,
CAC6,
D1F4,
DBE4,
E549,
ED8F,
F636,
00C4,
0C8E,
169A,
20BF,
2B31,
2F77,
2F9A,
324C,
37B8,
3D45,
406E,
3E62,
3887,
3285,
31B4,
3640,
3A1A,
3AA2,
3825,
33A2,
30DF,
2F6C,
2B5D,
271E,
24DF,
20B4,
1944,
118C,
0A5C,
040B,
00C5,
FFF0,
FF97,
00D0,
049A,
0982,
0F36,
17F9,
2286,
289B,
26AA,
2052,
1B7F,
1AC6,
1C54,
1D84,
1C47,
1779,
1292,
1215,
147F,
1741,
1CFB,
26B8,
2EF2,
3419,
3B1D,
4469,
4BEC,
51DC,
57F0,
5DB8,
6009,
5D6B,
5AD5,
5C69,
5DA5,
5A61,
5401,
4D26,
492C,
4A85,
4D6C,
4C9C,
482E,
43B8,
40B0,
3D7F,
3A94,
3B0A,
3E01,
3F30,
3D21,
3B06,
3C4B,
3E6B,
3E9A,
4028,
41CA,
3E81,
39AC,
3916,
3AE2,
3A29,
34A6,
2D63,
2988,
2B10,
307F,
3700,
3BF2,
3D91,
3AAA,
352D,
326F,
345E,
365B,
344E,
2EE4,
28DA,
2278,
1B40,
160D,
15F7,
17A6,
16E4,
1380,
1069,
13A4,
1F21,
2B5B,
331D,
380E,
3B3D,
3D0A,
4150,
4B3F,
57B6,
5F7F,
602E,
5D55,
5CD7,
60E9,
6510,
64F5,
625B,
5F4B,
5BE4,
57E2,
51C5,
496A,
4103,
3780,
2AE6,
1F14,
17FA,
122B,
0D4E,
0CC6,
0CBF,
06F6,
FE8F,
F919,
FA25,
0241,
0E21,
1AC1,
273C,
2FFB,
3456,
3A57,
45C4,
5449,
6283,
6EE2,
7830,
7C7C,
7C24,
7A3C,
7738,
72EE,
6F7E,
6C79,
68F2,
645B,
5BB8,
4FA8,
45B8,
3E0C,
35D3,
2CF8,
25B4,
21A3,
20D0,
21BA,
228D,
20CA,
1CD8,
1888,
14AD,
12BD,
13C2,
1632,
195D,
1CD2,
1EA3,
1E7A,
1E91,
1FF4,
2353,
2997,
3136,
3790,
3D62,
42DF,
45FF,
4688,
46DF,
46D7,
43D8,
3D14,
3555,
2F3B,
2A79,
244E,
1C1B,
1522,
10A2,
0D41,
0D5C,
1322,
1B8E,
237B,
2A26,
2EB7,
3164,
329A,
33EA,
37A6,
3D72,
436A,
494D,
4D79,
4FD7,
52E3,
56C0,
5BFE,
63CC,
69C8,
6B19,
6A64,
6842,
6590,
657F,
6607,
631B,
5BB5,
51A2,
48AF,
436F,
40CC,
3FC7,
3D59,
36C9,
2E4B,
26AD,
2091,
1E64,
204F,
23D5,
26A2,
264C,
234B,
2249,
2454,
285C,
2D54,
3070,
309E,
30F4,
3307,
37D4,
3E6F,
430A,
432E,
3FCD,
3B5A,
3A31,
3D34,
416F,
4450,
43B2,
3F7B,
3C0F,
3B18,
3BB5,
3D96,
3E64,
3CAC,
3AE1,
3884,
357F,
358A,
392F,
3CF7,
3F8A,
4014,
3E94,
3C8D,
3BAA,
3D0A,
4157,
460C,
48CF,
4990,
489F,
4576,
40FA,
3D38,
3CA6,
3DF7,
3E42,
3D91,
3C02,
3821,
3486,
32B7,
30DC,
2F55,
2F47,
2F36,
2F83,
3040,
3071,
2FB2,
2D51,
2925,
25E1,
24A4,
24EE,
2654,
2843,
29D7,
2A4E,
27B7,
22E3,
2061,
239C,
2A32,
30A0,
35B9,
3846,
3664,
3309,
336C,
395D,
41A3,
47CF,
4A42,
4ABF,
4A3F,
4ADE,
4F98,
56DC,
5A7D,
572D,
4D40,
4003,
373C,
3962,
41BC,
467A,
43DB,
3AB2,
2BDA,
1EAC,
1D92,
2712,
2FC2,
3497,
33E1,
27B7,
184C,
143C,
1534,
11F5,
118D,
1651,
1910,
1CF3,
2769,
2FF1,
2D50,
2637,
22A7,
22BA,
27F9,
32E4,
3C2D,
4096,
3E71,
328B,
2510,
2250,
2860,
30D7,
38B5,
3B9B,
364C,
2AD0,
1F10,
197E,
1891,
15D3,
0D0F,
FE53,
F035,
EEA3,
FAF2,
0B33,
1586,
1514,
0A05,
FD3B,
F935,
FF8E,
077B,
0909,
01F8,
F465,
E694,
DFEF,
E19D,
E80C,
EE44,
F008,
ED79,
E989,
E794,
EB5B,
F3B3,
F95C,
F7F7,
F218,
ECB3,
EC33,
F248,
FBAA,
01F6,
01EA,
FBAE,
F232,
E912,
E38E,
E319,
E56A,
E5AC,
E463,
E491,
E6E0,
EAD8,
EDF7,
EC69,
E890,
E812,
EC5E,
F31F,
FA25,
FDDE,
FDA0,
FD29,
FF08,
016B,
045D,
0836,
0DA0,
1384,
1777,
1857,
1746,
14FD,
1356,
1174,
0DB3,
08D6,
0590,
0536,
06F3,
0796,
06EA,
05C7,
05CE,
06F9,
0812,
084C,
0818,
07C9,
0892,
0999,
0955,
060F,
FFBE,
FADB,
FAD2,
FD3B,
FEBF,
FCA3,
F8F8,
F810,
FB14,
FFEE,
046A,
048F,
FF8F,
F8C8,
F5D0,
F779,
FAC2,
FD9F,
FD7B,
F6EC,
ECAA,
E344,
DD65,
DDC9,
E45C,
E9AB,
EA0A,
E7B6,
E43C,
E024,
DFF0,
E420,
E88D,
EA51,
EB72,
ED03,
EE3F,
EE6C,
EBE1,
E427,
DC42,
DA02,
DBB9,
DC20,
D961,
D303,
CBA4,
C5DD,
C1C7,
BC30,
B595,
B121,
B302,
BEF1,
D44E,
E727,
E93D,
D443,
B51B,
A6BE,
B7D9,
DD28,
057E,
1BEB,
0C7D,
E1FD,
BF0E,
B371,
B624,
BD0F,
C9B3,
D95E,
D3C8,
B837,
A6ED,
A938,
B7CF,
D074,
DEEA,
DCFA,
D516,
BFD5,
A92D,
A1E3,
A0A8,
AB66,
CA4A,
E518,
F53B,
FAE7,
F071,
DF70,
CF05,
BFE2,
C0B3,
D0C3,
E401,
F265,
F08C,
DF6B,
CC28,
BD8F,
BA10,
C530,
DA9A,
EF87,
F917,
FB68,
F9B0,
EA76,
DA5E,
D81C,
D492,
C730,
BCF0,
B5BA,
B0FA,
B74C,
C629,
D22D,
D881,
D77D,
D1A8,
D069,
D618,
DAF8,
DA98,
D4E3,
CB77,
C2B1,
C1C2,
CAEE,
D9B6,
E4D0,
E498,
D9E1,
CEBF,
CAB7,
D07E,
DCB7,
E712,
E861,
E1CE,
DA41,
D85E,
DC56,
E45F,
EC42,
EF55,
EBC1,
E2E4,
D6A8,
CC61,
C65A,
C516,
C5D6,
C489,
C137,
C125,
C5FB,
CD55,
D2B3,
D4D3,
D3C2,
D022,
CCC0,
CBDE,
CB08,
CA9D,
CB15,
CD96,
D14A,
D390,
D1D0,
D02F,
D17C,
D5A4,
D864,
D829,
D5AC,
D161,
CA6C,
C2BE,
BBD5,
B770,
B5DC,
B667,
B5A4,
B275,
AF10,
AF7D,
B10F,
B3D1,
B9FC,
C252,
C5C8,
C5A4,
C5AB,
C5B1,
C367,
C23C,
C368,
C67F,
CA25,
CCB1,
CC23,
CBBE,
CDB4,
D13A,
D1F1,
D0BB,
CF93,
D010,
D021,
D117,
D2C5,
D4AB,
D1D8,
C93C,
BB2B,
ACB5,
A339,
A378,
A983,
AE08,
A8A5,
9D74,
9538,
965E,
9FD6,
AF56,
BC65,
C530,
CA2B,
D06D,
D96D,
E916,
FB35,
088C,
0761,
FF98,
F731,
F0D3,
E7B4,
DE7A,
D28B,
CB42,
C3B8,
BAAE,
AC2A,
A6E8,
A430,
A7DF,
9DFE,
C472,
D491,
D0B3,
DCAC,
E8F5,
FB23,
071A,
0D57,
07FB,
012E,
F84B,
F152,
EB2B,
E51A,
D5E9,
C1C7,
ACBE,
9C56,
90D3,
8B30,
8611,
8302,
8320,
8742,
8D15,
980C,
A70E,
B78C,
C60F,
D301,
DCD1,
E775,
F500,
0246,
072C,
0215,
F592,
E819,
DB67,
D01A,
C608,
BD53,
B29E,
A657,
9A00,
91EC,
8FF8,
91A7,
9060,
8E72,
9389,
A181,
AFA3,
B8FF,
BD93,
BEE9,
BF1A,
C2D0,
C90A,
CD7F,
CD26,
CB59,
CB77,
CC93,
CA77,
C73A,
C572,
C222,
B744,
AA2F,
A719,
AF54,
B769,
BC33,
BF9D,
BE40,
B88B,
B7EE,
C09B,
D080,
E3F5,
F616,
FE59,
F98A,
EDBB,
E365,
DA9C,
D321,
CEE2,
CBF4,
C60F,
BF07,
B6CF,
A906,
96E5,
8819,
8090,
81C5,
8B4C,
98FD,
A55C,
AD3B,
B1C5,
B892,
C13C,
C86E,
D1B0,
DF5C,
EAB9,
F060,
F169,
F019,
EF09,
EF86,
EDCB,
E532,
D64E,
CA74,
C8D1,
CFF1,
DAD6,
E403,
E534,
DEE4,
D7DD,
D72D,
DFB8,
EE78,
FAD1,
FEB0,
F9A7,
F109,
ECE6,
F062,
F553,
F5C0,
F2C8,
EF58,
EA3C,
E45C,
E13A,
DF5E,
DB24,
D4DD,
CB13,
BEC3,
B83C,
BE58,
CCFD,
DA21,
DF0F,
DE58,
DE3B,
E473,
F0ED,
FBE9,
FF49,
FDDB,
FB31,
F730,
F3EC,
F3F1,
F07C,
E3C0,
D8B7,
D991,
DCD1,
D92B,
D41E,
D5B6,
DB13,
DFA8,
E48B,
E953,
EB3F,
EF8C,
FA0E,
068D,
1082,
14EE,
1401,
12DF,
1267,
104C,
0ED5,
0EB9,
0CFE,
0A46,
05D3,
FD1C,
F4FB,
F24B,
F34C,
F805,
FDE8,
FE24,
F9D6,
F524,
F19A,
F175,
F14A,
E8DD,
DB56,
D243,
CC30,
C16E,
B430,
AC21,
AA85,
AEA1,
B69C,
BCB2,
C14B,
CD25,
E12E,
F5C9,
0822,
1878,
2534,
3084,
3CE6,
4480,
443D,
40F4,
3A9A,
2EA1,
22A5,
1A98,
14E2,
1177,
0EC4,
0A77,
0841,
0953,
087A,
041F,
0000,
FF93,
0326,
0678,
0363,
FA6E,
F094,
E710,
DD89,
D7AF,
D706,
DAB0,
E28B,
EC96,
F581,
FB22,
0009,
07FB,
0FF8,
1496,
17A2,
16C4,
1321,
1180,
0DCA,
045A,
F749,
E7C7,
DB3F,
D6A1,
D465,
D079,
CB3F,
C584,
C2B9,
C5F2,
CB19,
CF0C,
D52D,
DE59,
E76B,
EFBD,
F86E,
0299,
0DC5,
1740,
20ED,
2B48,
2FDA,
3019,
3251,
36E5,
3BD3,
3F16,
3DDC,
38FE,
337B,
32B0,
3756,
3B54,
3BB6,
3928,
350C,
32B8,
3145,
2CC7,
27B7,
2476,
1F87,
17C9,
1008,
08C2,
0219,
FE72,
FD74,
FD20,
FE65,
0243,
0768,
0D80,
1679,
2102,
2759,
261F,
208C,
1C58,
1C24,
1E1A,
1F7C,
1E5E,
1A0D,
161D,
1656,
18B5,
1B1C,
2071,
29BA,
31B0,
36D4,
3DD0,
4703,
4E5C,
5412,
59F0,
5F99,
6204,
5F97,
5CC3,
5DB4,
5E79,
5B25,
54E7,
4E0F,
49E0,
4ACA,
4CEB,
4B5B,
46A7,
420F,
3EED,
3C09,
3955,
3936,
3B4C,
3C01,
39D1,
3786,
3854,
39FD,
3A12,
3BA6,
3D3A,
3A07,
3598,
35A3,
3814,
37E1,
32F6,
2C6A,
2939,
2B3B,
30D6,
3756,
3C6A,
3E58,
3C0B,
3785,
357D,
377E,
3951,
3716,
3166,
2B46,
251C,
1E05,
188C,
17FF,
196C,
189B,
150E,
1193,
1415,
1E78,
2987,
307B,
3532,
3884,
3A3B,
3DD0,
469D,
51FE,
5964,
5AC8,
5946,
59E6,
5E77,
62BC,
62E2,
60F3,
5EF2,
5CC2,
59CE,
546E,
4C85,
4438,
3AA3,
2E28,
2286,
1B40,
1526,
101A,
0F0C,
0E2C,
07FB,
FFAE,
FA56,
FB14,
0242,
0CDA,
186B,
2468,
2D5F,
3242,
3892,
441A,
528D,
6083,
6CAA,
75E6,
7A78,
7AEA,
79D5,
776A,
73A5,
7075,
6D5D,
69B0,
64F6,
5C78,
50F9,
4788,
3FDE,
3761,
2E62,
2702,
22AC,
2168,
2192,
215F,
1EE5,
1AAA,
1630,
1220,
0FD2,
105E,
1268,
1553,
18CD,
1AFA,
1B3E,
1B9B,
1D3E,
20E5,
274E,
2EF1,
356C,
3B7E,
4126,
4478,
457A,
4674,
470E,
44E8,
3F48,
387E,
32DA,
2E25,
2806,
2041,
19D6,
1592,
122F,
11D4,
1683,
1DE0,
2522,
2B5E,
2FC6,
326B,
338F,
34D8,
3878,
3DEF,
437D,
490E,
4D29,
4F89,
5267,
55F5,
5AC4,
6205,
67B8,
691B,
6898,
66CC,
6466,
6440,
648F,
61B5,
5ABF,
5148,
48B7,
4376,
4080,
3EDE,
3BFC,
3572,
2D17,
2592,
1F93,
1D2F,
1E79,
2137,
2354,
22C6,
200D,
1F5C,
217F,
2559,
2A07,
2D3F,
2E12,
2F2D,
31E2,
36EC,
3D56,
41BD,
4208,
3F37,
3BA7,
3B55,
3EE8,
4380,
4696,
4649,
42A3,
3F9C,
3EA6,
3EFF,
405D,
40AB,
3E9B,
3C5F,
399F,
3675,
3626,
390C,
3C08,
3DE9,
3DF6,
3C4F,
3A50,
3964,
3A89,
3E4C,
4250,
4481,
44F5,
440E,
4136,
3D1E,
399B,
38E9,
39F8,
3A4A,
39D3,
3893,
3536,
3216,
309D,
2F3C,
2E3E,
2E94,
2EDC,
2F6A,
304E,
30A4,
3016,
2E29,
2AB6,
281D,
2751,
27D9,
2944,
2B0A,
2C54,
2C8B,
2A09,
257C,
22F0,
258E,
2B30,
30C5,
3552,
378E,
35A2,
3283,
32F1,
386A,
4008,
4596,
473F,
46E2,
45FA,
46D9,
4C4F,
5456,
585C,
5518,
4B03,
3D8A,
34DD,
37A5,
40D8,
464D,
442B,
3B41,
2C64,
1EF8,
1DC2,
27AD,
312A,
36B6,
367C,
2A65,
1A33,
14B9,
1490,
10F6,
10FA,
1684,
1989,
1CCE,
2620,
2D6E,
2A1B,
233B,
206F,
215E,
2743,
323A,
3AF5,
3EA4,
3C11,
3040,
2307,
208A,
2713,
2FF6,
381F,
3BC0,
3784,
2CCC,
212F,
1AEF,
18E2,
1559,
0C4E,
FDBB,
F001,
EE5B,
F9FF,
0973,
1312,
1270,
0805,
FC22,
F8AD,
FF1F,
06A7,
075D,
FF38,
F0DD,
E2EA,
DC58,
DE10,
E4E6,
EB9C,
EDA3,
EB7D,
E80B,
E666,
EA71,
F2CA,
F84F,
F752,
F210,
ECE5,
EC59,
F21D,
FB20,
019C,
0210,
FC47,
F35B,
EAA9,
E537,
E4EF,
E7AC,
E84E,
E730,
E72F,
E8F4,
EC42,
EEDF,
ED57,
E9DD,
E98F,
EDEA,
F499,
FB26,
FE73,
FE30,
FDD8,
FFFE,
02AE,
0592,
0905,
0DE2,
1372,
1798,
18E0,
181A,
15E8,
13F1,
11B0,
0E11,
09A8,
06A9,
062D,
0774,
07A9,
06B9,
0581,
05D2,
0776,
08CC,
08F2,
084C,
070A,
06B7,
070A,
06B0,
03D6,
FE17,
F991,
F98C,
FBBC,
FD0D,
FB05,
F79B,
F6F2,
FA35,
FF51,
03F0,
0403,
FEC5,
F7C8,
F4C9,
F6A6,
FA79,
FDF9,
FE26,
F795,
ED2D,
E3A4,
DDBA,
DDF8,
E455,
E9A6,
EA30,
E818,
E4D3,
E06C,
DF41,
E267,
E62E,
E7EA,
E993,
EBEA,
EDAE,
EDD3,
EAE7,
E2FB,
DB34,
D93B,
DB3F,
DBC8,
D8EE,
D24E,
CA93,
C461,
C014,
BAA0,
B45B,
B036,
B239,
BE38,
D3F4,
E746,
E922,
D316,
B2A8,
A397,
B530,
DC22,
0687,
1E56,
0E5B,
E1B9,
BD00,
B0F7,
B46A,
BCD3,
CAF8,
DBAF,
D654,
BA30,
A87A,
AAEC,
B9BD,
D29C,
E0EA,
DE0F,
D53E,
BFE3,
AA77,
A554,
A544,
AF05,
CB8A,
E3A6,
F26C,
F94D,
F141,
E1C7,
D1BB,
C1A0,
C0A2,
CFA6,
E2D5,
F17E,
F08E,
E02F,
CC44,
BC26,
B7B7,
C2E9,
D88E,
EE22,
F9A8,
FDAC,
FBF9,
EC8F,
DC1E,
D8C6,
D495,
C702,
BC27,
B49C,
B028,
B722,
C6F5,
D3CF,
DA5C,
D909,
D2A4,
D11E,
D6FB,
DC4E,
DC73,
D6D4,
CCCF,
C332,
C158,
C96B,
D745,
E22E,
E2A9,
D90C,
CED6,
CB89,
D1D9,
DE36,
E862,
E97F,
E2B8,
DAD6,
D89B,
DC7E,
E4A9,
ECA8,
EF9F,
EBB6,
E297,
D682,
CCB4,
C732,
C647,
C715,
C58B,
C1C8,
C13A,
C5BF,
CCF1,
D228,
D405,
D2A4,
CEE3,
CBA8,
CB02,
CA64,
CA21,
CAB6,
CD21,
D066,
D234,
D052,
CEAE,
D00D,
D461,
D746,
D723,
D4A2,
D03D,
C92A,
C150,
BA74,
B655,
B4DA,
B588,
B535,
B269,
AF26,
AFA9,
B189,
B48E,
BAB2,
C2DD,
C61B,
C5B1,
C5C4,
C625,
C431,
C2E8,
C35A,
C58F,
C8CD,
CB87,
CB86,
CBC2,
CE19,
D170,
D1A4,
D016,
CEF9,
CFFE,
D121,
D31D,
D508,
D615,
D1F3,
C863,
BA08,
ABE7,
A325,
A3E4,
A9C1,
AD85,
A781,
9C60,
94AD,
9645,
9FAE,
AE74,
BAC4,
C39D,
C9A0,
D152,
DBA7,
EC09,
FE0C,
0AD3,
0968,
01CC,
F9F5,
F433,
EB33,
E16B,
D4CC,
CCE6,
C4EB,
BB93,
ACE9,
A740,
A3E0,
A66A,
9B8F,
C063,
D146,
CEE2,
DB60,
E75D,
F8E3,
04BE,
0BE1,
0831,
02A4,
FA30,
F30D,
EC88,
E649,
D74A,
C363,
AEA4,
9E5E,
9249,
8B94,
85B1,
8240,
822A,
8600,
8B1F,
9509,
A302,
B2BC,
C114,
CE98,
D961,
E4B1,
F23E,
FF30,
03F9,
FF9A,
F501,
E9D7,
DEAB,
D40F,
CA5A,
C1C6,
B722,
AB0F,
9EF4,
96B8,
9409,
94AD,
92A2,
907C,
95A9,
A38E,
B11E,
B94D,
BCB1,
BD9E,
BE4C,
C2F0,
C9EB,
CE3B,
CCC2,
C9AE,
C954,
CB21,
CA8A,
C8E2,
C811,
C493,
B894,
AA89,
A7A0,
B0CB,
B993,
BE3F,
C0C0,
BE03,
B748,
B6C2,
C059,
D0EF,
E480,
F67F,
FE76,
F95C,
EDFF,
E4D3,
DCE7,
D586,
D105,
CDD8,
C7C9,
C0A0,
B884,
AB0E,
98DC,
8951,
80E7,
8182,
8AC0,
9877,
A502,
ACD3,
B0D2,
B6CE,
BEF9,
C64B,
D00E,
DE5A,
EA5C,
F076,
F1C1,
F0F7,
F0CF,
F230,
F101,
E897,
D9AA,
CDD0,
CC72,
D41B,
DF7B,
E8C9,
E9B5,
E2C1,
DAEF,
D9AB,
E1EF,
F047,
FBC7,
FEA7,
F8E4,
EFEC,
EBC2,
EF33,
F398,
F312,
EF50,
EB7C,
E641,
E092,
DDDA,
DC2E,
D7D7,
D19F,
C837,
BC3F,
B5D8,
BC19,
CB21,
D8BD,
DE05,
DDC0,
DE51,
E519,
F1D9,
FD30,
0117,
0016,
FDEB,
FAA9,
F81F,
F885,
F4E7,
E746,
DB15,
DB6C,
DEF2,
DBAB,
D6C1,
D843,
DD1C,
E0C6,
E4D0,
E913,
EA7C,
EE0D,
F7E6,
0430,
0E24,
1249,
10DB,
0F8F,
0FA3,
0E72,
0D87,
0D28,
0AD4,
0830,
04D3,
FD59,
F5B6,
F2CD,
F361,
F7DB,
FDFD,
FF1D,
FBCE,
F779,
F373,
F25F,
F194,
E931,
DBEB,
D2E2,
CCC0,
C1EC,
B47A,
AC0C,
AA36,
AEA4,
B744,
BDA2,
C1F2,
CD35,
E09E,
F4F5,
07D3,
1965,
273C,
3290,
3E24,
454D,
4586,
434A,
3E21,
3339,
27DE,
1FD6,
1A0A,
16FC,
14E7,
10F9,
0EA7,
0F08,
0CFA,
0715,
0187,
0042,
0366,
0631,
025A,
F853,
ED29,
E27E,
D85B,
D288,
D206,
D558,
DC99,
E655,
EF3C,
F4E7,
F9D9,
0211,
0ACA,
105A,
145E,
14A7,
1237,
1192,
0EE6,
06D3,
FB2F,
ECDA,
E129,
DD0E,
DAFE,
D6F4,
D175,
CB9F,
C8DE,
CBEE,
D086,
D387,
D89C,
E105,
E9C3,
F223,
FAE7,
04AF,
0F2C,
17FF,
211A,
2B4A,
3025,
3083,
3238,
35E6,
3A22,
3D6D,
3CF9,
391B,
3421,
3366,
3825,
3C42,
3C81,
39EE,
3649,
3473,
3306,
2E1C,
2841,
2404,
1E59,
165E,
0EA8,
075B,
0063,
FC5D,
FB3F,
FAFB,
FC5B,
005D,
05CA,
0C44,
1566,
1FDD,
2670,
25ED,
2126,
1D96,
1DE6,
2035,
21BA,
20B4,
1CE1,
19EA,
1AD3,
1D1B,
1F13,
23F5,
2CC0,
3471,
3990,
4078,
497C,
509C,
5617,
5BCD,
6162,
63EC,
61AB,
5E96,
5EE3,
5F3D,
5BEE,
55DF,
4F0B,
4AA6,
4B1D,
4C6F,
4A16,
4524,
4080,
3D54,
3ACB,
3856,
37A7,
38E3,
392A,
36EA,
3472,
34B4,
35CC,
35B3,
3747,
38D7,
35CB,
31C6,
3261,
3557,
3597,
3143,
2B7B,
2905,
2B90,
3160,
37DD,
3D0E,
3F47,
3D98,
3A12,
38CA,
3ADA,
3C7B,
3A0B,
3419,
2DF1,
280E,
2122,
1B63,
1A54,
1B78,
1A99,
16E7,
1308,
14C9,
1DFC,
27CB,
2DEB,
326A,
35E6,
3789,
3A68,
420D,
4C49,
533D,
554B,
551A,
56D5,
5BE6,
604C,
60B2,
5F72,
5E88,
5DA0,
5BC7,
5728,
4FAE,
4782,
3DEC,
31AF,
265C,
1EFA,
189A,
1363,
11D6,
1026,
0995,
016A,
FC35,
FCA2,
02D8,
0C1E,
168E,
21F5,
2B11,
3070,
3709,
42A5,
50F7,
5E92,
6A64,
7375,
7840,
797B,
7934,
775E,
741E,
712D,
6DFA,
6A1F,
6543,
5CF5,
5213,
492D,
4194,
38E6,
2FD9,
2873,
23EC,
2250,
21D3,
20A9,
1D7D,
1901,
1465,
1021,
0D74,
0D82,
0F1A,
11B0,
1519,
1796,
183F,
18DE,
1AC1,
1EB7,
254A,
2CE9,
3374,
39B4,
3F7B,
42FD,
447A,
4615,
4746,
45EF,
4172,
3BA6,
367D,
31E0,
2BDB,
2495,
1EC1,
1AC1,
176A,
16A8,
1A46,
2090,
2722,
2CE4,
3114,
33A6,
34B6,
35FA,
3980,
3EA0,
43BE,
48F6,
4CF6,
4F51,
51FB,
552E,
597D,
6022,
657F,
66F3,
66A8,
6538,
6321,
62E5,
62F4,
602E,
59BE,
50FE,
48E4,
43AB,
405D,
3E14,
3ABA,
3447,
2C2B,
24D7,
1EFC,
1C5A,
1CF8,
1EEB,
205F,
1FAA,
1D49,
1CE9,
1F14,
22B3,
2711,
2A68,
2BE8,
2DCD,
3116,
3644,
3C62,
4089,
40FD,
3EC9,
3C29,
3CAB,
40BC,
459C,
48E0,
48EA,
45E6,
434D,
4252,
425A,
432C,
42F5,
4092,
3DED,
3AD4,
378C,
36DF,
38FB,
3B24,
3C56,
3BF2,
3A30,
383B,
3748,
382D,
3B5D,
3EAA,
404D,
4078,
3F9A,
3D11,
3963,
3628,
355D,
362A,
3681,
363E,
354A,
3275,
2FDA,
2EC5,
2DEA,
2D7B,
2E37,
2ED0,
2F97,
309B,
3111,
30B7,
2F49,
2CA3,
2AC4,
2A6C,
2B2B,
2C90,
2E24,
2F19,
2F06,
2C97,
285B,
25CB,
27C5,
2C66,
310F,
34FA,
36D5,
34E3,
3211,
3298,
3793,
3E78,
4356,
4421,
42DB,
418C,
42BA,
48FF,
51D3,
563F,
5305,
48C2,
3B0C,
327E,
35F3,
400B,
4646,
44AF,
3C12,
2D3D,
1F9F,
1E4F,
289B,
32D4,
3907,
394F,
2D68,
1C90,
15B8,
1465,
105C,
10AF,
16E7,
1A2C,
1CDD,
250E,
2B1D,
2710,
2061,
1E4F,
2013,
269D,
31A2,
39CE,
3CC4,
39C4,
2E0A,
210F,
1EC8,
25B8,
2EF4,
375E,
3BC1,
38AB,
2ECF,
2367,
1C78,
1935,
14C3,
0B5D,
FCF8,
EFBC,
EE14,
F905,
0796,
1071,
0F9C,
05DF,
FAF2,
F81A,
FEAE,
05D0,
05AF,
FC81,
ED6F,
DF67,
D8E5,
DA91,
E1B7,
E8E0,
EB25,
E96C,
E68C,
E552,
E9B5,
F216,
F777,
F6DF,
F237,
ED44,
ECAF,
F224,
FAC3,
0160,
0241,
FCD7,
F473,
EC30,
E6D6,
E6C3,
E9F5,
EB00,
EA14,
E9E2,
EB10,
EDA2,
EFB5,
EE32,
EB1A,
EAFB,
EF63,
F602,
FC19,
FEFC,
FEBB,
FE82,
00E1,
03D2,
06A5,
09B5,
0E0A,
134D,
17B2,
1968,
18E7,
16C6,
1477,
11D2,
0E53,
0A63,
07B2,
071E,
07F2,
07B0,
067A,
0532,
05D7,
0803,
09A5,
09B7,
0890,
0648,
04CE,
0465,
03F8,
019A,
FC81,
F85C,
F84D,
FA2F,
FB40,
F94B,
F62C,
F5CC,
F954,
FEAE,
0369,
0370,
FE0B,
F6EF,
F3F3,
F5FE,
FA45,
FE55,
FECC,
F83A,
EDB7,
E415,
DE20,
DE2B,
E439,
E97A,
EA2A,
E858,
E55A,
E0B1,
DE8B,
E089,
E38A,
E526,
E756,
EA8A,
ECEF,
ED17,
E9CA,
E1A6,
D9F5,
D836,
DA7A,
DB29,
D844,
D176,
C972,
C2E0,
BE5A,
B903,
B313,
AF3D,
B166,
BD76,
D388,
E74C,
E8F3,
D1E1,
B03B,
A07A,
B287,
DB0E,
0779,
20A6,
1026,
E16A,
BAE6,
AE6E,
B29B,
BC75,
CC0C,
DDC5,
D8AB,
BC08,
A9F4,
AC86,
BB79,
D47E,
E2A6,
DF04,
D579,
C025,
ABE6,
A8B6,
A9AA,
B26C,
CCAA,
E22D,
EF9D,
F792,
F1C0,
E3B1,
D405,
C30F,
C06D,
CE76,
E189,
F05A,
F031,
E080,
CBF7,
BA78,
B537,
C07F,
D653,
EC7C,
F9E4,
FFA4,
FE1A,
EE91,
DDC7,
D954,
D471,
C6AB,
BB4A,
B380,
AF63,
B700,
C7B9,
D557,
DC1B,
DA80,
D395,
D1CB,
D7D4,
DD90,
DE30,
D8A8,
CE19,
C3B7,
C0F7,
C7E3,
D4B9,
DF5E,
E085,
D806,
CECB,
CC4A,
D322,
DF94,
E980,
EA65,
E374,
DB4B,
D8C0,
DC8C,
E4C9,
ECD0,
EF9E,
EB62,
E212,
D633,
CCE9,
C7E5,
C73F,
C80B,
C643,
C215,
C110,
C541,
CC43,
D145,
D2D8,
D135,
CD6E,
CA72,
CA12,
C9A8,
C981,
CA2A,
CC84,
CF68,
D0C9,
CECB,
CD24,
CE8B,
D2FE,
D609,
D607,
D38E,
CF12,
C7DA,
BFC9,
B8F3,
B51C,
B3C0,
B498,
B4BA,
B252,
AF2C,
AFC3,
B1F3,
B537,
BB4A,
C33F,
C637,
C583,
C5A8,
C66D,
C4D8,
C376,
C31F,
C458,
C71B,
CA02,
CA99,
CB82,
CE3A,
D157,
D0FD,
CF17,
CE13,
CFBB,
D20B,
D51C,
D742,
D76C,
D1FB,
C783,
B8EE,
AB2F,
A32B,
A464,
AA09,
ACFD,
A656,
9B4B,
9424,
962C,
9F7C,
AD70,
B8E9,
C1D0,
C8ED,
D223,
DDD7,
EEE9,
00B5,
0CD8,
0B2A,
03D2,
FC9E,
F781,
EE9D,
E43D,
D6E4,
CE5F,
C5F1,
BC4C,
AD7A,
A75C,
A339,
A48C,
98A5,
BBFE,
CDBF,
CCDD,
D9E4,
E58C,
F65A,
020A,
0A18,
0821,
03EA,
FBEF,
F49F,
EDB8,
E748,
D87F,
C4E1,
B072,
A04A,
939C,
8BD3,
852F,
8165,
8127,
84BC,
892F,
920F,
9F01,
ADF8,
BC22,
CA38,
D5FC,
E1F2,
EF68,
FBE0,
0070,
FCBD,
F40E,
EB37,
E19D,
D7B9,
CE5E,
C5E5,
BB4B,
AF67,
A388,
9B2E,
97D1,
977D,
94C2,
9274,
97BD,
A592,
B290,
B99C,
BBDA,
BC6B,
BD9E,
C336,
CAEE,
CF0A,
CC5A,
C7EC,
C70E,
C981,
CA61,
CA3F,
CA59,
C6A6,
B97F,
AA74,
A7B1,
B1CA,
BB43,
BFD0,
C16D,
BD5C,
B5AC,
B548,
BFC9,
D108,
E4AD,
F685,
FE3B,
F8EF,
EE1A,
E621,
DF15,
D7D3,
D316,
CFAA,
C96E,
C224,
BA1F,
ACF6,
9AAF,
8A6C,
8134,
8147,
8A43,
97FD,
A4B0,
AC72,
AFEA,
B51C,
BCCD,
C43E,
CE7B,
DD5D,
E9F6,
F07C,
F20F,
F1CD,
F27F,
F4AC,
F3F0,
EBA3,
DCA7,
D0CB,
CFAF,
D7DB,
E3AC,
ED0B,
EDAE,
E627,
DDA5,
DBE9,
E3F1,
F1DE,
FC87,
FE6F,
F7FB,
EEB9,
EA97,
EE08,
F1E3,
F05B,
EBC0,
E783,
E22E,
DCC1,
DA84,
D90F,
D495,
CE65,
C55B,
B9C0,
B383,
B9ED,
C950,
D750,
DCE2,
DD08,
DE48,
E5AB,
F2BE,
FE75,
02E7,
0259,
00AD,
FE33,
FC71,
FD41,
F978,
EAEB,
DD85,
DD4B,
E10A,
DE23,
D961,
DAC9,
DF11,
E1C4,
E4F1,
E8B8,
E9B1,
EC92,
F5C3,
01CB,
0BAE,
0F85,
0D93,
0C15,
0CA7,
0C4B,
0BD1,
0B24,
083C,
05B3,
0371,
FD3E,
F626,
F30F,
F345,
F796,
FE19,
0037,
FDF9,
FA0B,
F58A,
F387,
F222,
E9DF,
DCF3,
D3FF,
CDC5,
C2D0,
B51C,
AC4A,
AA3F,
AF04,
B83C,
BECF,
C2C5,
CD64,
E02E,
F44B,
07AC,
1A6C,
2940,
3472,
3F20,
45D4,
468E,
4568,
416A,
377A,
2CA7,
2499,
1EBE,
1C25,
1AC0,
1737,
14C1,
1466,
1120,
09C2,
02E4,
00E4,
03A8,
05F5,
0162,
F64E,
E9D4,
DE07,
D353,
CD85,
CD1A,
D000,
D69C,
E011,
E907,
EEC5,
F3BD,
FC2B,
058C,
0C08,
1110,
1296,
116B,
11C3,
100F,
094C,
FF11,
F1EE,
E71A,
E381,
E198,
DD6A,
D7A2,
D1BC,
CF18,
D20C,
D61C,
D82F,
DC3A,
E3E1,
EC4C,
F4BD,
FDA0,
0708,
10C7,
18D8,
2148,
2B3A,
305D,
30DC,
3207,
34C2,
383D,
3B7D,
3BC4,
38E7,
3480,
33DA,
38B4,
3CEF,
3D0E,
3A7F,
3763,
3619,
34B6,
2F62,
28C0,
238A,
1D2E,
1507,
0D6D,
0627,
FEEA,
FA88,
F950,
F928,
FAB1,
FEEB,
04AB,
0B84,
14C3,
1F1A,
25E3,
2618,
2223,
1F3B,
200C,
22A8,
2443,
234F,
1FF9,
1DFB,
1F91,
21B3,
2329,
278A,
2FD0,
373A,
3C53,
4319,
4BD6,
52AC,
57EE,
5D88,
6316,
65C3,
63AD,
6050,
5FFA,
5FF5,
5CBF,
56EE,
5021,
4B81,
4B81,
4BF9,
48D0,
43A9,
3F0D,
3BEA,
39C5,
3796,
365E,
36CA,
36B2,
3471,
31CD,
3170,
31DB,
3180,
330E,
34A5,
31D3,
2E3D,
2F51,
32AB,
3348,
2F8E,
2A96,
28EB,
2C10,
321D,
3898,
3DE0,
4062,
3F51,
3CD5,
3C53,
3E6E,
3FD3,
3D29,
36F9,
30D7,
2B4B,
2494,
1E8F,
1CF5,
1DC9,
1CDE,
190B,
14CB,
15C4,
1DB3,
262F,
2B71,
2FBC,
3368,
34F7,
371A,
3D90,
469B,
4D0E,
4FBD,
50D6,
53A7,
5939,
5DC2,
5E6B,
5DE1,
5E19,
5E86,
5DD5,
59F7,
52EA,
4AE2,
415D,
357C,
2A96,
2329,
1C86,
1727,
1522,
12AE,
0BC5,
03C3,
FEB4,
FECB,
0400,
0BEA,
152A,
1FE7,
2913,
2EE1,
35BC,
4165,
4F89,
5CB5,
6817,
70E3,
75DC,
77DD,
785E,
771A,
7461,
71AE,
6E57,
6A46,
6548,
5D33,
52FA,
4AA9,
4331,
3A65,
315E,
2A04,
2560,
2385,
227B,
2069,
1C90,
17DA,
1324,
0EAE,
0BA1,
0B2E,
0C4A,
0E77,
11BA,
1476,
157D,
165A,
187E,
1CCD,
238F,
2B21,
31AC,
3807,
3DE3,
4192,
438E,
45C9,
4787,
46F1,
4395,
3ECE,
3A29,
35AB,
2FD0,
2918,
23E6,
202F,
1CF0,
1BD7,
1E6E,
23A3,
297D,
2EB9,
329F,
3513,
360D,
3752,
3AC1,
3F87,
442F,
4905,
4CE3,
4F34,
51A3,
546E,
5831,
5E2A,
6323,
64A6,
649A,
638C,
61C7,
6170,
6139,
5E8B,
58B4,
50C6,
4939,
4411,
4066,
3D6A,
3996,
334A,
2B8A,
247C,
1ECE,
1BE6,
1BCD,
1CF1,
1DC3,
1CF9,
1B01,
1AEE,
1D11,
2069,
2472,
27EB,
2A23,
2CD5,
30A4,
35DA,
3B93,
3F6E,
400F,
3E84,
3CDF,
3E33,
42AC,
47BF,
4B2A,
4B95,
4942,
4720,
461B,
45C7,
45FF,
4541,
4290,
3F8B,
3C24,
38C5,
37B4,
38F8,
3A4A,
3AD4,
3A0A,
3838,
3652,
3557,
35FA,
388E,
3B1F,
3C39,
3C20,
3B47,
390B,
35CD,
32E4,
3205,
3293,
32EB,
32D7,
3227,
2FDC,
2DD2,
2D30,
2CE7,
2D0F,
2E2F,
2F13,
3009,
3124,
31B6,
3192,
30AE,
2EE9,
2DD4,
2DF4,
2EE2,
3037,
318D,
3223,
31BC,
2F5F,
2B7E,
28F2,
2A43,
2DD5,
3182,
34B4,
361C,
3426,
31B5,
3263,
36DC,
3CFA,
4113,
40EA,
3EAD,
3CF7,
3E85,
45AA,
4F56,
542A,
50F7,
4683,
388C,
3020,
344C,
3F57,
4667,
456C,
3D2A,
2E68,
20A1,
1F37,
29DC,
34BF,
3B8C,
3C5C,
30C5,
1F67,
173A,
14B4,
1028,
10AE,
177B,
1AFC,
1D1D,
242F,
28F9,
2429,
1DA6,
1C48,
1EDB,
2609,
311B,
38B6,
3AF1,
3787,
2BE5,
1F24,
1D07,
244A,
2DCE,
366F,
3B98,
39BE,
30D7,
25B6,
1E17,
1988,
140E,
0A3C,
FC0C,
EF65,
EDCB,
F802,
059C,
0DA4,
0C98,
0391,
F9AA,
F77D,
FE39,
04F5,
03FD,
F9D4,
EA1E,
DC0D,
D597,
D720,
DE7C,
E60D,
E88C,
E744,
E50B,
E457,
E923,
F192,
F6D0,
F69C,
F28C,
EDD1,
ED35,
F25C,
FA90,
0142,
027B,
FD5F,
F57B,
EDAA,
E86A,
E892,
EC44,
EDC0,
ED0D,
ECAB,
ED35,
EEFC,
F079,
EEF9,
EC45,
EC56,
F0CA,
F75B,
FCFF,
FF7B,
FF40,
FF25,
01B1,
04D6,
0796,
0A47,
0E19,
1317,
17C7,
19F2,
19B1,
1797,
14EB,
11DA,
0E7A,
0B07,
08AE,
080B,
086F,
07AF,
062F,
04DC,
05DE,
08A4,
0AA0,
0A9C,
08E4,
0586,
02D6,
01AB,
012F,
FF5E,
FAFE,
F73C,
F712,
F894,
F95A,
F775,
F4A8,
F49A,
F86C,
FE00,
02D2,
02D4,
FD5F,
F637,
F347,
F578,
FA20,
FEAF,
FF6A,
F8DC,
EE47,
E493,
DE90,
DE5A,
E403,
E923,
E9F8,
E873,
E5CA,
E0EE,
DDC7,
DE84,
E09F,
E205,
E4BB,
E8E1,
EC00,
EC38,
E88B,
E029,
D882,
D6ED,
D968,
DA40,
D760,
D07A,
C843,
C15C,
BC98,
B755,
B1B5,
AE2F,
B085,
BCA9,
D30B,
E73B,
E8AE,
D09F,
ADCD,
9D61,
AFD9,
D9EB,
0853,
22DD,
11DF,
E10F,
B8C0,
ABD5,
B0B7,
BBF5,
CCED,
DF9F,
DACD,
BDBC,
AB56,
AE02,
BCFF,
D613,
E41B,
DFD3,
D5C2,
C097,
AD75,
AC08,
ADDB,
B59C,
CDA7,
E0AB,
ECC7,
F5B3,
F1ED,
E52B,
D5E2,
C42F,
C011,
CD32,
E01D,
EEF9,
EF76,
E05F,
CB43,
B885,
B290,
BDF2,
D3EA,
EA95,
F9CC,
0150,
0015,
F080,
DF59,
D9C8,
D425,
C629,
BA57,
B264,
AEA9,
B6E7,
C873,
D6C5,
DDBE,
DBE2,
D477,
D26D,
D8A1,
DEBF,
DFD0,
DA60,
CF56,
C43E,
C09C,
C651,
D20A,
DC5A,
DE26,
D6C8,
CE9A,
CCF5,
D458,
E0D3,
EA6D,
EB14,
E402,
DB9E,
D8CC,
DC7E,
E4BE,
ECB8,
EF52,
EAC6,
E152,
D5BB,
CCFE,
C870,
C7FC,
C8B5,
C6AE,
C21B,
C0A5,
C480,
CB45,
D004,
D149,
CF71,
CBC1,
C91C,
C90A,
C8CF,
C8B7,
C969,
CBB9,
CE4B,
CF4C,
CD3A,
CB8F,
CCF1,
D17A,
D4AC,
D4D8,
D271,
CDDF,
C678,
BE27,
B750,
B3C0,
B28D,
B398,
B431,
B22B,
AF1C,
AFC6,
B245,
B5C4,
BBBF,
C372,
C617,
C514,
C552,
C685,
C558,
C3DF,
C2B1,
C2D2,
C507,
C81C,
C958,
CAFA,
CE11,
D0EA,
CFFB,
CDBC,
CCE1,
CF4A,
D2E3,
D719,
D977,
D8B3,
D1F2,
C69E,
B7DF,
AA90,
A34B,
A4F8,
AA57,
AC6F,
A521,
9A31,
9396,
9609,
9F36,
AC43,
B6D1,
BFC6,
C80E,
D2DE,
DFF8,
F1B0,
032F,
0E97,
0CA7,
05A8,
FF2C,
FABA,
F1EE,
E6EE,
D8D2,
CFAD,
C6C8,
BCD8,
ADD9,
A736,
A236,
A242,
9540,
B774,
CA1E,
CAC3,
D852,
E392,
F390,
FF02,
07F4,
07C3,
04F9,
FD87,
F611,
EEC9,
E82D,
D9A9,
C670,
B264,
A25C,
9517,
8C3E,
84E0,
80CC,
8072,
83CF,
879A,
8F6D,
9B52,
A97F,
B76D,
C608,
D2C2,
DF4F,
EC8D,
F860,
FC98,
F986,
F2C3,
EC47,
E451,
DB35,
D238,
C9DC,
BF4B,
B396,
A7FD,
9F92,
9B97,
9A61,
970C,
94A5,
9A0D,
A7C7,
B42A,
BA15,
BB39,
BB79,
BD3D,
C3CA,
CC38,
D00F,
CC16,
C642,
C4D6,
C7E2,
CA29,
CB7C,
CC72,
C888,
BA3D,
AA34,
A793,
B28F,
BCAC,
C114,
C1CF,
BC7C,
B3F1,
B3B8,
BF16,
D0EB,
E48A,
F62C,
FDAB,
F84A,
EE19,
E762,
E13C,
DA22,
D536,
D18F,
CB29,
C3C2,
BBD5,
AEF8,
9CA5,
8BC0,
81D6,
8173,
8A2E,
97DF,
A4AA,
AC52,
AF46,
B3B3,
BAEA,
C274,
CD1C,
DC7B,
E996,
F07C,
F25C,
F2A7,
F424,
F6FF,
F69E,
EE63,
DF5D,
D387,
D2AA,
DB4F,
E779,
F0D2,
F128,
E923,
E015,
DDFD,
E5CC,
F343,
FD0F,
FE04,
F6F3,
ED7E,
E978,
ECF5,
F042,
EDAA,
E82C,
E385,
DE20,
D908,
D75B,
D621,
D180,
CB56,
C2AE,
B77E,
B178,
B80B,
C7B4,
D5F8,
DBBF,
DC49,
DE38,
E63A,
F3A3,
FFB4,
04AD,
0496,
036F,
01C6,
00DD,
021E,
FE2D,
EEB8,
E01D,
DF40,
E32D,
E0A8,
DC17,
DD61,
E10A,
E2B8,
E500,
E853,
E8EC,
EB29,
F3AD,
FF5F,
091A,
0C9A,
0A22,
086B,
096E,
09CF,
09AC,
08A7,
0534,
02CE,
01AF,
FCCE,
F652,
F31D,
F305,
F740,
FE3E,
0177,
005B,
FCDD,
F7E6,
F4F4,
F301,
EAFA,
DE8A,
D5BB,
CF64,
C448,
B64F,
AD1A,
AAE2,
AFFD,
B9B9,
C066,
C3ED,
CDD7,
DFF8,
F3D6,
07AC,
1B79,
2B1D,
35FD,
3FA6,
45DE,
4722,
471A,
4442,
3B3A,
30DB,
28C2,
22E6,
20DA,
203B,
1D1D,
1A7B,
1959,
14DD,
0C1E,
0412,
0176,
03EB,
05BF,
007B,
F469,
E6A9,
D9CA,
CE95,
C8CF,
C86C,
CAD2,
D0B9,
D9E8,
E2FA,
E8D1,
EDC8,
F653,
003F,
079D,
0DB2,
1089,
10B8,
120A,
113E,
0BC2,
02F3,
F70F,
ED25,
EA0B,
E844,
E3ED,
DDDC,
D7F4,
D584,
D866,
DBF1,
DD18,
E019,
E6FC,
EF10,
F791,
0096,
099B,
1288,
19BB,
2160,
2AFD,
3063,
3104,
319E,
3359,
3601,
3921,
3A17,
383F,
3475,
33ED,
38DE,
3D34,
3D37,
3ABA,
3838,
3787,
3632,
307A,
291C,
22F2,
1BF2,
13B4,
0C4D,
0523,
FDAC,
F8F7,
F7AC,
F7AD,
F96F,
FDED,
0407,
0B3A,
1483,
1EA7,
259A,
2689,
236C,
2130,
227D,
2559,
26FC,
2617,
2341,
223D,
2477,
2663,
2743,
2B13,
32C8,
39E6,
3EF2,
4583,
4DD8,
544D,
5954,
5EDC,
646D,
6741,
6554,
61AC,
60B4,
605F,
5D5B,
57D8,
5117,
4C3B,
4BBE,
4B54,
4758,
4208,
3D8C,
3A84,
38CE,
36EC,
3533,
34DA,
3475,
3245,
2F7A,
2E6A,
2E0A,
2D5A,
2EDD,
3086,
2E01,
2ADF,
2C54,
2FEC,
30D1,
2DB2,
299D,
28CE,
2C9A,
32EA,
395E,
3EB5,
417C,
410B,
3F9E,
3FE6,
4206,
4324,
403C,
39D8,
33CE,
2EAD,
283D,
21F5,
1FC8,
2047,
1F54,
1B6A,
16CF,
16F8,
1D8B,
249C,
28F5,
2D0B,
30E8,
3261,
33C1,
38FC,
40C5,
46A5,
49EC,
4C44,
5022,
5633,
5ADE,
5BCE,
5C03,
5D68,
5F35,
5FB5,
5C9A,
55FB,
4E21,
44C5,
3966,
2F13,
27AF,
20D3,
1B52,
18DF,
15B3,
0E7F,
06B0,
01CD,
0189,
05B2,
0C34,
1431,
1E27,
2748,
2D73,
3483,
402B,
4E0B,
5AAC,
657C,
6DE3,
72FA,
75BB,
76FE,
7649,
741B,
71A7,
6E29,
69DD,
64C0,
5CF2,
5373,
4BC7,
4483,
3BB6,
32CD,
2B93,
26EA,
24EB,
2371,
208A,
1C0C,
1724,
125E,
0DBA,
0A4F,
095C,
09F1,
0BA1,
0EA3,
118C,
12E8,
13FF,
1664,
1B12,
2205,
297F,
2FF1,
3651,
3C32,
400E,
428B,
4564,
47A3,
47C0,
4582,
41C8,
3DB0,
3960,
33C3,
2DAC,
2926,
25C1,
22A8,
214D,
22E5,
26FF,
2C16,
30BA,
3442,
3688,
376C,
38B5,
3C0E,
4074,
449D,
4908,
4CB8,
4EF9,
5125,
537C,
56A2,
5BDC,
6062,
61F0,
622A,
6184,
6012,
5F9C,
5F19,
5C88,
5762,
5068,
4983,
4479,
406D,
3CB6,
3869,
325A,
2B17,
246B,
1EF2,
1BBF,
1AE4,
1B37,
1B6D,
1AA1,
1923,
195A,
1B63,
1E65,
2213,
25B0,
28A7,
2C26,
3068,
3587,
3ABD,
3E3D,
3F11,
3E3C,
3D9D,
3FBC,
4482,
49AF,
4D39,
4E0F,
4C7F,
4ADE,
49CA,
490C,
489F,
4758,
4462,
4108,
3D60,
39F3,
3879,
38DA,
3950,
3938,
3816,
3640,
346E,
336D,
33CC,
35BC,
378D,
3823,
37C9,
36F0,
3500,
3238,
2FAC,
2EC3,
2F13,
2F6A,
2F7D,
2F0A,
2D4B,
2BDE,
2BBD,
2C14,
2CD8,
2E5A,
2F81,
309B,
31C1,
326B,
327F,
3230,
3160,
3128,
31C5,
32DB,
3412,
351E,
3547,
3483,
3238,
2EC2,
2C46,
2CE9,
2F5F,
31FB,
3457,
3538,
3343,
314A,
322E,
361F,
3B62,
3EA3,
3D71,
3A2D,
3813,
3A0F,
4222,
4CA9,
51E3,
4EB8,
4415,
35E5,
2DA4,
328C,
3E8E,
467F,
4630,
3E5D,
2FC7,
21E6,
2064,
2B51,
36C5,
3E19,
3F78,
3459,
22A1,
1931,
1570,
1052,
10EC,
1830,
1BE3,
1D78,
2367,
26E0,
2148,
1AF0,
1A43,
1D9F,
256A,
3080,
3781,
38FD,
352E,
29B0,
1D2F,
1B30,
22AB,
2C5B,
3522,
3B14,
3A8D,
32BC,
27FA,
1FB0,
19C4,
132A,
08E3,
FAFB,
EF0A,
ED91,
F6FB,
037E,
0A9F,
095C,
011C,
F851,
F6DC,
FDC1,
0410,
0245,
F737,
E6FE,
D8FB,
D292,
D3DC,
DB4D,
E336,
E5EA,
E516,
E39B,
E388,
E8C8,
F146,
F65D,
F68D,
F319,
EE98,
EDF8,
F2CF,
FA8C,
013E,
02BE,
FDE2,
F67E,
EF24,
EA04,
EA6A,
EEA2,
F098,
F026,
EF97,
EF72,
F05A,
F137,
EFB6,
ED6C,
EDAF,
F22C,
F8AD,
FDDC,
FFF1,
FFC2,
FFC2,
026A,
05B4,
085E,
0AB3,
0E04,
12C2,
17C6,
1A6A,
1A66,
184A,
153B,
11BB,
0E79,
0B8C,
0996,
08F1,
08E8,
07A2,
05D3,
047C,
05E5,
0952,
0BB7,
0B99,
0941,
04BF,
00D1,
FEE2,
FE5A,
FD24,
F993,
F639,
F5E5,
F6F3,
F75F,
F588,
F315,
F363,
F780,
FD47,
0226,
022C,
FCC1,
F5A6,
F2CA,
F516,
FA05,
FF00,
FFFD,
F97B,
EEE5,
E52E,
DF1F,
DE99,
E3C3,
E8AD,
E9A5,
E875,
E631,
E134,
DD0B,
DC6F,
DD87,
DE9F,
E1D8,
E701,
EAF1,
EB44,
E73C,
DE9C,
D6F8,
D57E,
D820,
D923,
D65D,
CF7B,
C72E,
C003,
BAFF,
B5CA,
B078,
AD44,
AFCE,
BC03,
D29E,
E724,
E863,
CF6F,
AB98,
9A92,
AD60,
D8D4,
0912,
24E0,
1377,
E0BE,
B6C2,
A96C,
AEF9,
BB86,
CDBF,
E152,
DCD1,
BF79,
ACDB,
AF98,
BE7A,
D777,
E556,
E08D,
D632,
C162,
AF5E,
AF86,
B211,
B8C7,
CEA5,
DF33,
E9F8,
F3B4,
F1CE,
E647,
D76F,
C52D,
BFC0,
CC02,
DEAA,
ED6A,
EE6B,
DFE6,
CA52,
B685,
AFFD,
BB76,
D175,
E87D,
F964,
02B3,
01EB,
F267,
E0F0,
DA3D,
D3D1,
C5A7,
B981,
B183,
AE35,
B70B,
C94D,
D836,
DF5B,
DD47,
D569,
D325,
D97F,
DFF3,
E16C,
DC18,
D0AA,
C4F5,
C075,
C4DC,
CF56,
D937,
DB9E,
D56B,
CE63,
CDAC,
D599,
E207,
EB39,
EB9B,
E475,
DBEA,
D8DA,
DC6D,
E49D,
EC6F,
EEC7,
E9F2,
E071,
D539,
CD17,
C8FB,
C8A6,
C93B,
C6F4,
C207,
C025,
C3A4,
CA1C,
CE86,
CF77,
CD7B,
CA02,
C7CE,
C812,
C7FE,
C7E8,
C899,
CAE3,
CD34,
CDE3,
CBC5,
CA16,
CB67,
CFF8,
D351,
D3B6,
D16D,
CCCA,
C530,
BC98,
B5BC,
B27A,
B179,
B2BF,
B3D1,
B22A,
AF2F,
AFE7,
B2B2,
B665,
BC3B,
C39E,
C5E2,
C48C,
C4E9,
C695,
C5D8,
C44B,
C236,
C125,
C2B7,
C5FA,
C7E7,
CA4A,
CDBC,
D049,
CEBD,
CC29,
CB8C,
CED3,
D3D0,
D936,
DBC5,
DA0C,
D201,
C5E5,
B718,
AA4C,
A3CB,
A5E2,
AAEB,
AC18,
A426,
995B,
934C,
9622,
9F1C,
AB26,
B4AF,
BDAF,
C72E,
D3A1,
E21E,
F464,
0570,
1002,
0DD3,
0749,
019B,
FDDF,
F52D,
E98C,
DAB1,
D0F1,
C79B,
BD67,
AE3F,
A70D,
A119,
9FD0,
91AD,
B307,
C693,
C8C0,
D6C6,
E189,
F095,
FBAD,
0575,
0712,
05C9,
FEF6,
F767,
EFCA,
E90E,
DAEA,
C83D,
B4B1,
A4D7,
9706,
8D2A,
8524,
80D7,
806C,
8397,
86BD,
8D7C,
984A,
A59F,
B33A,
C241,
CFDD,
DCE7,
E9C5,
F4C3,
F880,
F606,
F12D,
ED11,
E6D1,
DE93,
D604,
CDCD,
C34D,
B7CF,
AC89,
A41E,
9F9C,
9D9C,
99CA,
975B,
9CDE,
AA64,
B61A,
BAE5,
BAFC,
BAFA,
BD58,
C4D6,
CDE9,
D16A,
CC21,
C4E6,
C2E9,
C67C,
CA13,
CCC2,
CE82,
CA62,
BB08,
AA13,
A791,
B359,
BE01,
C237,
C215,
BB99,
B256,
B252,
BE76,
D0BA,
E42B,
F57A,
FCC7,
F776,
EE0D,
E8A5,
E36B,
DC89,
D77F,
D3A8,
CD21,
C5A8,
BDD6,
B14C,
9F05,
8DA3,
832E,
826D,
8AE0,
986F,
A535,
ACB4,
AF25,
B2D2,
B98C,
C122,
CC1B,
DBD2,
E94B,
F082,
F2B3,
F38E,
F5C4,
F929,
F908,
F0DE,
E1DF,
D621,
D583,
DE8B,
EAEB,
F41C,
F421,
EBBD,
E24F,
DFF8,
E78C,
F478,
FD5A,
FD67,
F5D3,
EC51,
E880,
EC0F,
EEC9,
EB19,
E4B4,
DFA8,
DA41,
D595,
D488,
D38F,
CEC8,
C8A5,
C06B,
B5BC,
AFFE,
B6B3,
C67D,
D4DA,
DABA,
DB9F,
DE3A,
E6D7,
F48B,
00E2,
0659,
06BB,
061F,
0554,
0555,
070C,
02F5,
F2AD,
E2E8,
E15E,
E568,
E34B,
DEF8,
E01E,
E316,
E3B3,
E512,
E7F5,
E841,
E9E5,
F1B2,
FCF3,
066A,
0988,
068E,
0499,
05FA,
06FF,
0718,
05B5,
01C3,
FF8C,
FF91,
FC10,
F642,
F302,
F2AD,
F6E5,
FE74,
02DC,
02EF,
FFEB,
FA86,
F6AD,
F43C,
EC95,
E0C9,
D835,
D1C1,
C67D,
B84A,
AEBD,
AC63,
B1CE,
BBEE,
C294,
C596,
CEB4,
E017,
F3A4,
07CD,
1C73,
2CAA,
3701,
3F81,
4533,
4707,
4823,
466D,
3E3D,
3446,
2C23,
2659,
24F6,
2530,
2283,
1FB1,
1DBE,
1815,
0E1A,
050E,
01F5,
0429,
058A,
FFA7,
F2B2,
E3C7,
D5F1,
CA57,
C49E,
C435,
C606,
CB28,
D411,
DD45,
E335,
E81B,
F0A4,
FAF7,
0322,
0A45,
0E7C,
1016,
125F,
1267,
0E2B,
06CF,
FC3A,
F347,
F0AC,
EEFF,
EA7F,
E42B,
DE53,
DC2E,
DF07,
E20D,
E24C,
E441,
EA5B,
F210,
FA99,
03C0,
0C5A,
145C,
1A92,
214A,
2A76,
3014,
30D9,
30DC,
318B,
3350,
363A,
37D1,
36FE,
33DD,
3379,
387B,
3CE7,
3CD5,
3A79,
38A3,
3896,
3752,
3141,
2935,
2227,
1A95,
125D,
0B45,
044D,
FCB0,
F7B2,
F65F,
F696,
F89D,
FD67,
03DE,
0B5E,
1499,
1E6E,
257B,
2722,
24E5,
2358,
2518,
2825,
29C4,
28EA,
2696,
268A,
295F,
2B02,
2B3B,
2E69,
357E,
3C45,
4139,
4779,
4F41,
5539,
59FE,
5F7B,
6516,
6813,
664E,
625B,
60C4,
602F,
5D79,
585C,
51AF,
4C98,
4B99,
4A47,
457B,
4017,
3BD4,
38F9,
37BB,
362F,
3402,
32F3,
3254,
304A,
2D5C,
2B88,
2A44,
292C,
2A9D,
2C63,
2A41,
2798,
2951,
2CFC,
2E10,
2B92,
2871,
288F,
2D0A,
339D,
3A00,
3F5C,
425F,
428F,
4234,
4343,
455E,
4629,
4304,
3C7D,
36A2,
3203,
2BEF,
256F,
22AB,
22CF,
21DC,
1DE7,
18FE,
1855,
1D73,
22FF,
2664,
2A40,
2E4C,
2FAA,
303F,
3431,
3AA7,
3FE1,
43B1,
473A,
4C13,
5297,
5762,
589F,
599E,
5C36,
5F68,
611D,
5EC6,
5898,
50FC,
47E6,
3D37,
33A3,
2C61,
255B,
1FC3,
1CED,
191C,
11AF,
0A24,
0577,
04D3,
07E2,
0CEF,
1397,
1CA5,
2598,
2C05,
3337,
3EC6,
4C45,
5839,
624F,
6A2D,
6F4A,
72C1,
74BD,
7494,
72F7,
70C6,
6D1E,
6897,
6363,
5BEC,
533D,
4C4A,
4556,
3CA6,
33F9,
2CF9,
2864,
265F,
2493,
20F2,
1BDC,
16CE,
1204,
0D39,
0978,
080A,
0812,
092E,
0BD4,
0ED2,
1077,
11C2,
1467,
197A,
209B,
27E9,
2E26,
346D,
3A43,
3E46,
4146,
44B7,
4768,
4824,
46FF,
445B,
40DC,
3CCB,
3785,
3223,
2E54,
2B4A,
2868,
26E1,
2786,
2A80,
2EC6,
32BC,
35CB,
37D4,
38A0,
39F2,
3D35,
4133,
44D3,
48C6,
4C3C,
4E65,
5046,
521C,
5495,
58FB,
5CFD,
5E91,
5F15,
5EDC,
5DBE,
5D24,
5C4F,
59E3,
558A,
4FA8,
4989,
44AC,
4044,
3BCD,
370C,
3152,
2AB3,
2489,
1F51,
1BCE,
1A2B,
19AC,
1951,
1895,
17A0,
181C,
19F5,
1C93,
1FE1,
23A1,
275C,
2BA0,
303B,
351F,
39B2,
3CCB,
3DD5,
3DC1,
3E30,
410F,
4602,
4B28,
4EC7,
5010,
4F57,
4E41,
4D19,
4BE6,
4ACB,
48FB,
45CB,
422E,
3E54,
3AE3,
38FD,
3873,
380C,
375B,
35F0,
3423,
326D,
316A,
3184,
32C9,
33D6,
33EF,
3357,
3279,
30D2,
2E8A,
2C68,
2B7E,
2B94,
2BE7,
2C17,
2BD7,
2AA4,
29DE,
2A4E,
2B51,
2CB5,
2E93,
2FF2,
3122,
3248,
3303,
334F,
339F,
33D7,
348C,
35A9,
36E0,
37EB,
389F,
3850,
3724,
34F0,
31F8,
2F9B,
2F8E,
30DC,
3254,
33BF,
3403,
3213,
30A9,
31D3,
3537,
398C,
3BDE,
3992,
353E,
32C4,
353A,
3E40,
499A,
4F33,
4C14,
414F,
32F7,
2AEE,
3091,
3D82,
4658,
46C6,
3F7A,
312F,
2353,
21B9,
2CD3,
38B4,
4077,
426B,
37F4,
261D,
1B85,
1689,
10CD,
115D,
18F3,
1CCC,
1DD7,
2298,
24B3,
1E54,
182D,
1830,
1C4C,
24A4,
2FAB,
3603,
36BB,
3290,
274A,
1B1B,
192F,
20C1,
2A77,
334D,
3A05,
3AE3,
344C,
2A0B,
2122,
19D0,
1207,
0750,
F9CD,
EEBB,
ED73,
F5FB,
013E,
0761,
05E9,
FE87,
F6F4,
F643,
FD4A,
0321,
0087,
F4B8,
E42D,
D65C,
D003,
D0F2,
D850,
E077,
E357,
E2FD,
E257,
E2FC,
E8B6,
F138,
F622,
F6B7,
F3E4,
EFA5,
EF04,
F383,
FAB7,
0152,
0305,
FE62,
F782,
F0AB,
EBB1,
EC56,
F115,
F389,
F363,
F2AB,
F1CF,
F1C9,
F1F7,
F075,
EE98,
EF0F,
F391,
F9FB,
FEB1,
005D,
003C,
0055,
0307,
0665,
08F4,
0AEF,
0DC2,
1242,
179D,
1ABE,
1AEF,
18CC,
1557,
1167,
0E47,
0BE7,
0A62,
09C8,
0956,
0784,
0565,
0410,
05E8,
0A08,
0CDD,
0CA3,
09A0,
03F3,
FEC7,
FC11,
FB82,
FAF8,
F84B,
F55F,
F4CF,
F555,
F55D,
F392,
F17F,
F22F,
F695,
FC83,
0163,
0175,
FC33,
F541,
F281,
F4D9,
F9F4,
FF44,
007E,
FA19,
EF9B,
E5F5,
DFDD,
DEFB,
E38B,
E829,
E941,
E86E,
E69D,
E192,
DC70,
DA6A,
DA64,
DB1A,
DECD,
E504,
E9D5,
EA50,
E5F5,
DD1E,
D57A,
D40B,
D6C2,
D7F2,
D55C,
CEA2,
C664,
BF0E,
B9CB,
B49D,
AF98,
ACB9,
AF7D,
BBBB,
D268,
E71C,
E823,
CE76,
A9DF,
9861,
AB62,
D7EB,
09AA,
268E,
14D8,
E090,
B52C,
A77E,
ADA5,
BB5C,
CEA8,
E2F2,
DECE,
C16A,
AEBC,
B17E,
C016,
D8C0,
E666,
E144,
D6E4,
C2B1,
B1D9,
B365,
B67F,
BC1E,
CFC5,
DDDF,
E743,
F1A0,
F16C,
E714,
D8C8,
C634,
BFAD,
CB11,
DD4D,
EBBD,
ED21,
DF30,
C952,
B4B9,
ADC7,
B949,
CF20,
E64C,
F8B4,
03C6,
0396,
F44E,
E2A0,
DACF,
D398,
C553,
B902,
B11B,
AE4B,
B7A5,
CA6D,
D9C4,
E108,
DEC6,
D688,
D411,
DA87,
E141,
E316,
DDE9,
D238,
C607,
C0B0,
C3B3,
CCC6,
D616,
D90B,
D40F,
CE47,
CE93,
D700,
E344,
EBF1,
EC0A,
E4E3,
DC48,
D906,
DC74,
E478,
EC05,
EE0D,
E8FA,
DF88,
D4D1,
CD5B,
C9AE,
C962,
C9C3,
C73F,
C207,
BFC1,
C2DC,
C8F2,
CCF2,
CD8A,
CB7E,
C85F,
C6B6,
C755,
C75F,
C73C,
C7E1,
CA2A,
CC4C,
CCB8,
CA98,
C8E7,
CA18,
CEA0,
D21E,
D2C7,
D0AB,
CBFD,
C430,
BB52,
B476,
B186,
B0C4,
B24D,
B3D8,
B28C,
AF9E,
B05F,
B36F,
B74D,
BCEF,
C3EC,
C5C0,
C415,
C49A,
C6C5,
C681,
C4E2,
C1DC,
BF7F,
C05C,
C3C8,
C671,
C99B,
CD61,
CF96,
CD6C,
CA8B,
CA3F,
CE81,
D4F6,
DB90,
DE47,
DB93,
D24F,
C58D,
B6D7,
AAAC,
A4F4,
A766,
AC05,
AC3D,
A3AE,
9918,
9397,
96C0,
9F71,
AA57,
B2C0,
BBC3,
C679,
D48A,
E455,
F700,
076A,
1107,
0E9E,
08A9,
03E5,
00E6,
F855,
EC20,
DC98,
D24F,
C895,
BE2A,
AEEB,
A723,
A02D,
9D88,
8E4F,
AE5F,
C2D7,
C68B,
D509,
DF4A,
ED5C,
F810,
02AC,
0618,
065C,
0031,
F892,
F0A6,
E9D0,
DC13,
C9FD,
B6F2,
A73A,
98D6,
8DFB,
8555,
80DB,
806C,
836D,
85F5,
8BA8,
9567,
A1EB,
AF2F,
BE99,
CD14,
DA94,
E6FB,
F108,
F431,
F23D,
EF40,
ED79,
E8F3,
E19F,
D980,
D16F,
C6FA,
BBA8,
B0AE,
A84B,
A351,
A0A4,
9C6E,
9A04,
9FA0,
ACEA,
B7EF,
BBA5,
BAC2,
BA8F,
BD91,
C602,
CFB5,
D2D9,
CC36,
C392,
C100,
C50F,
C9DE,
CDCE,
D046,
CBEB,
BB86,
A9A6,
A73E,
B3C6,
BEEA,
C2E5,
C1EC,
BA5F,
B07B,
B0B3,
BD90,
D032,
E366,
F461,
FB8F,
F66C,
EDDF,
E9C8,
E574,
DED0,
D9B6,
D5B6,
CF13,
C786,
BFC7,
B383,
A143,
8F76,
8495,
838E,
8BC1,
9925,
A5D8,
AD26,
AF1A,
B216,
B859,
BFF7,
CB34,
DB30,
E8F7,
F079,
F303,
F472,
F74C,
FB1B,
FB1F,
F2F8,
E401,
D85D,
D7FB,
E15C,
EDDB,
F6CE,
F67F,
EDCF,
E422,
E1A8,
E907,
F564,
FD61,
FC92,
F492,
EB1D,
E795,
EB42,
ED6A,
E896,
E13F,
DBD0,
D66E,
D23C,
D1DE,
D127,
CC33,
C613,
BE46,
B420,
AEB6,
B58B,
C565,
D3C0,
D9A4,
DADD,
DE21,
E75E,
F562,
01FC,
07E8,
08C4,
08B7,
08D4,
09CE,
0C01,
07C5,
F6A8,
E5B4,
E372,
E793,
E5DF,
E1CE,
E2CE,
E50B,
E48E,
E502,
E77F,
E790,
E8AC,
EFC4,
FA8C,
03B3,
066A,
02ED,
00B2,
0260,
03EE,
0429,
025F,
FDF9,
FBF4,
FD20,
FB02,
F5EC,
F2B0,
F230,
F67E,
FEBA,
0468,
05B5,
032C,
FD5C,
F8A2,
F5C3,
EE93,
E384,
DB32,
D497,
C91F,
BAA9,
B0C6,
AE52,
B40D,
BE7C,
C502,
C76C,
CFB7,
E064,
F3A7,
0819,
1D7C,
2E19,
37BD,
3F01,
4430,
469B,
48DF,
4840,
40CC,
3722,
2EEC,
2940,
289C,
29C1,
2789,
247D,
21AF,
1AE0,
0FC4,
05DB,
0262,
0466,
055F,
FEE8,
F11F,
E114,
D253,
C65F,
C0B0,
C032,
C161,
C5BA,
CE67,
D7CE,
DDDD,
E2AD,
EB1D,
F5BC,
FEAE,
06E6,
0C8E,
0FA0,
12DB,
13A5,
1097,
0AA7,
015E,
F962,
F73B,
F59D,
F0ED,
EA53,
E499,
E2D1,
E5AD,
E834,
E78F,
E87B,
EDD3,
F52E,
FDC4,
0715,
0F4C,
1659,
1B7D,
2135,
29E0,
2FB4,
309E,
3006,
2FA5,
307C,
331F,
3549,
3579,
3305,
32C9,
37DD,
3C5F,
3C42,
3A14,
38F7,
3995,
3863,
31FB,
2949,
215A,
1940,
111F,
0A66,
03AF,
FBF3,
F6B1,
F55F,
F5D9,
F832,
FD57,
0434,
0BFF,
1522,
1E9C,
25BC,
281B,
26BD,
25DB,
2806,
2B37,
2CCA,
2BF9,
2A27,
2B0D,
2E72,
2FBD,
2F3E,
31C1,
3835,
3EA5,
437C,
4957,
5075,
55DD,
5A62,
5FE2,
6595,
68C0,
6720,
62DD,
60AA,
5FE9,
5D99,
58F0,
5255,
4CFC,
4B77,
4937,
439E,
3E33,
3A3C,
379B,
36DA,
35A7,
3310,
315D,
3099,
2EC6,
2BB9,
290F,
26CE,
253C,
2699,
2888,
26DB,
24A8,
2688,
2A1F,
2B49,
296B,
274B,
2864,
2D9B,
3478,
3ACB,
4027,
4364,
4432,
44E6,
46B5,
48C1,
4931,
45CE,
3F2C,
398F,
3583,
2FD7,
2921,
25C0,
2587,
2499,
20A5,
1B76,
19F8,
1D96,
2190,
23FD,
27A0,
2BDC,
2D1C,
2CDF,
2F85,
34A0,
392E,
3D7E,
4227,
47ED,
4EDE,
53CE,
5560,
5735,
5B09,
5FA3,
628D,
60F2,
5B2F,
53D4,
4B18,
4135,
387B,
316D,
2A40,
2495,
2167,
1CFF,
1561,
0E1D,
09A8,
08A1,
0A8E,
0E27,
1377,
1B8B,
243A,
2AD6,
321E,
3D8E,
4AA2,
55D9,
5F20,
665B,
6B6D,
6F91,
723F,
729D,
7194,
6FA5,
6BCD,
6706,
61BB,
5AA2,
52CA,
4C99,
4604,
3D87,
3524,
2E6C,
29FC,
280B,
260F,
21C9,
1C23,
16F4,
122B,
0D3A,
0927,
0747,
06BE,
0735,
0965,
0C63,
0E46,
0FC1,
12A9,
182A,
1F81,
2699,
2C8E,
32A9,
3869,
3C96,
401E,
4424,
4739,
4882,
486A,
46DB,
43FB,
4034,
3B55,
36B3,
339C,
30F0,
2E54,
2CB8,
2C79,
2E55,
31C2,
34FC,
377D,
393B,
39EE,
3B50,
3E80,
4217,
452A,
489F,
4BD6,
4DE3,
4F75,
50C1,
5282,
560A,
597B,
5B13,
5BE8,
5C1E,
5B50,
5A8B,
595E,
571B,
53A3,
4EF1,
49AF,
4509,
4040,
3B02,
35CE,
307A,
2A99,
2506,
2013,
1C39,
19C7,
1878,
1797,
16FB,
169C,
1755,
18EE,
1B1E,
1E0E,
21F7,
267A,
2B7F,
305C,
34E7,
38C0,
3B6A,
3CB1,
3D67,
3EE8,
427B,
477E,
4C85,
5035,
51FC,
5227,
51A3,
5063,
4EAE,
4CDC,
4A83,
4722,
434D,
3F4D,
3BDE,
3987,
380B,
36CB,
358C,
33E6,
322D,
3096,
2F95,
2F6F,
3007,
3051,
2FF4,
2F20,
2E36,
2CD1,
2B0C,
295F,
287E,
285C,
28A8,
28EC,
28D3,
2827,
2811,
291F,
2AD8,
2CE0,
2F17,
30A3,
31DC,
32F7,
33BC,
343E,
3536,
3687,
3839,
39DC,
3B2C,
3BFF,
3C4E,
3B7B,
39DD,
37BF,
3555,
3326,
326C,
328C,
32D2,
3332,
32C3,
30DC,
3015,
3198,
3470,
37CD,
3921,
35A6,
3036,
2D5F,
305E,
3A63,
4695,
4C8C,
4978,
3E92,
3010,
2842,
2EA2,
3C88,
464F,
478A,
40D3,
32E1,
2510,
235E,
2E97,
3AD0,
42F3,
4586,
3BD7,
2A05,
1E56,
181B,
11B0,
1219,
19E4,
1DD9,
1E5E,
21EF,
22A4,
1B76,
157F,
1633,
1B0B,
23EB,
2EDC,
3482,
3474,
2FF2,
24ED,
190F,
172A,
1EB7,
285B,
3132,
38B2,
3B0A,
35C4,
2C14,
2290,
19C8,
10BD,
058E,
F880,
EE65,
ED5C,
F4F5,
FEE4,
03FC,
0251,
FBD8,
F58B,
F5A8,
FCD1,
022C,
FEC8,
F24E,
E191,
D404,
CDB6,
CE2D,
D558,
DDAE,
E0B4,
E0D9,
E11A,
E28D,
E8C9,
F151,
F60F,
F70A,
F4DB,
F0DF,
F03F,
F466,
FB09,
017E,
0353,
FEDC,
F87B,
F227,
ED52,
EE36,
F380,
F67B,
F6A9,
F5CF,
F435,
F332,
F2A7,
F11F,
EFAF,
F05E,
F4E6,
FB3E,
FF7C,
00C2,
00B3,
00E0,
038B,
06EE,
0962,
0B0A,
0D66,
11B1,
176E,
1B0E,
1B70,
193A,
155A,
10F6,
0DF4,
0C28,
0B1F,
0A9E,
09C8,
0763,
04ED,
039F,
05F1,
0AD1,
0E23,
0DC8,
0A0C,
032A,
FCBA,
F93F,
F8AE,
F8DB,
F71F,
F4A1,
F3C5,
F3B3,
F34D,
F188,
EFD6,
F0ED,
F59F,
FBAE,
008B,
00B1,
FBAF,
F4F7,
F254,
F4AB,
F9DB,
FF73,
00EC,
FAAB,
F04E,
E6BF,
E09A,
DF4D,
E331,
E776,
E8AC,
E83A,
E6E4,
E1DB,
DBC4,
D847,
D70F,
D74F,
DB76,
E2CB,
E893,
E942,
E49A,
DB87,
D3D4,
D25C,
D519,
D676,
D425,
CDAE,
C59B,
BE2A,
B8A1,
B36B,
AEA9,
AC1F,
AF28,
BB77,
D22E,
E702,
E7CE,
CD74,
A830,
9646,
A973,
D6FD,
0A27,
2812,
161B,
E059,
B39E,
A59D,
AC54,
BB20,
CF62,
E452,
E08F,
C336,
B087,
B346,
C176,
D9B3,
E71F,
E1C8,
D79B,
C42D,
B476,
B736,
BABB,
BF3E,
D0C4,
DC85,
E48D,
EF69,
F0B3,
E76E,
D9B6,
C6F8,
BF86,
CA1D,
DBDD,
E9DF,
EB83,
DE18,
C801,
B2C6,
AB8A,
B716,
CCB2,
E3E7,
F7B5,
048E,
0518,
F622,
E43F,
DB4D,
D340,
C4E2,
B87E,
B0C7,
AE7D,
B853,
CB89,
DB3A,
E296,
E02C,
D799,
D4F5,
DB86,
E27F,
E4A6,
DFA2,
D3C1,
C725,
C0F9,
C286,
CA17,
D2C1,
D639,
D276,
CE01,
CF62,
D853,
E45F,
EC78,
EC42,
E525,
DC88,
D91C,
DC62,
E42C,
EB61,
ED0F,
E7C4,
DE72,
D44B,
CD86,
CA3D,
C9E7,
CA03,
C742,
C1CA,
BF24,
C1D6,
C77E,
CB04,
CB42,
C939,
C691,
C589,
C686,
C6A5,
C666,
C6F6,
C947,
CB4F,
CB8A,
C970,
C7BA,
C8BF,
CD33,
D0DA,
D1D2,
CFED,
CB33,
C329,
B9FC,
B319,
B07E,
B007,
B1DD,
B3DF,
B2E4,
AFFB,
B0C0,
B412,
B815,
BD7A,
C409,
C561,
C35F,
C414,
C6C8,
C702,
C553,
C14D,
BD8C,
BDA3,
C13A,
C4AA,
C8A4,
CCB8,
CE8F,
CBC5,
C89E,
C8B9,
CE17,
D61D,
DDF5,
E0CE,
DD18,
D2A5,
C552,
B6C2,
AB40,
A64C,
A90D,
AD34,
AC6D,
A340,
98DF,
93DF,
974F,
9FAD,
A963,
B0A3,
B9AC,
C5A6,
D55B,
E66F,
F96C,
091C,
11B6,
0F17,
09CD,
0606,
03C5,
FB50,
EE85,
DE53,
D387,
C96A,
BEC9,
AF6C,
A700,
9EF4,
9AEF,
8A9A,
ABCF,
C091,
C503,
D447,
DE92,
EC53,
F6B5,
0110,
04E7,
051D,
FEE2,
F752,
EFA6,
E953,
DBDD,
CA29,
B743,
A73F,
985A,
8D1B,
847D,
8086,
80B4,
83A8,
85B5,
8A9C,
9364,
9F80,
AD03,
BC8B,
CB76,
D93D,
E4F3,
EDFF,
F08E,
EEE3,
ED6C,
ED99,
EA9D,
E47A,
DD14,
D557,
CB30,
C02F,
B582,
AD23,
A80D,
A521,
A094,
9DCC,
A314,
AFA8,
B9D5,
BCCA,
BB46,
BB10,
BE60,
C6E1,
D044,
D2C2,
CB43,
C1E8,
BF15,
C361,
C89E,
CCBD,
CF35,
CA8C,
B993,
A75D,
A525,
B261,
BE2D,
C25D,
C134,
B945,
AEEE,
AF27,
BC2A,
CEB4,
E194,
F276,
FA11,
F5D0,
EE51,
EB48,
E791,
E122,
DC26,
D87A,
D25F,
CB2E,
C369,
B700,
A461,
91E9,
867F,
8584,
8E03,
9B68,
A797,
AE2A,
AF6A,
B1E5,
B824,
C00B,
CB57,
DAF8,
E83C,
EF79,
F1EA,
F380,
F6B1,
FAD9,
FB12,
F301,
E413,
D887,
D869,
E21F,
EED4,
F7A5,
F73A,
EE5F,
E4C2,
E27D,
E9D0,
F5E7,
FD89,
FC62,
F43F,
EAFE,
E7A3,
EB39,
ECDC,
E798,
E005,
DAAD,
D56D,
D175,
D16D,
D0BC,
CB54,
C4EE,
BD89,
B410,
AEE5,
B579,
C4D7,
D298,
D7E6,
D941,
DD3E,
E756,
F5BE,
028D,
0898,
0983,
09AB,
0A64,
0BF7,
0E8D,
0A79,
F927,
E7D7,
E562,
E938,
E735,
E28B,
E316,
E501,
E475,
E4E2,
E75B,
E71A,
E765,
EDA1,
F7E1,
00FE,
03BF,
0068,
FE1C,
FFA1,
0112,
0117,
FF08,
FAA0,
F937,
FB81,
FACF,
F6A1,
F3F0,
F3D4,
F86F,
00E0,
0727,
0912,
06EC,
00FC,
FC34,
F8FB,
F1C3,
E6EF,
DE62,
D7B4,
CC60,
BDDE,
B3A6,
B116,
B691,
C0F3,
C6BF,
C888,
CFF6,
E009,
F2FE,
0720,
1C00,
2C1F,
3503,
3BE5,
413A,
446F,
47AC,
47A8,
4067,
36D1,
2EC1,
2988,
2983,
2B73,
29C5,
26FE,
240D,
1CDF,
1180,
076E,
03AF,
0552,
05C2,
FEEA,
F0D0,
E025,
D0DD,
C450,
BE41,
BD59,
BE19,
C237,
CAC9,
D446,
DA98,
DF82,
E7ED,
F2DC,
FC16,
04C0,
0B0D,
0EFA,
12EE,
1450,
11F9,
0CB0,
03EA,
FC55,
FA75,
F914,
F4B9,
EE6A,
E929,
E7DC,
EAD3,
ED51,
EC6B,
ECD5,
F19F,
F88C,
00D5,
09FA,
1190,
17D4,
1C32,
210E,
28F0,
2E8B,
2F8A,
2EBA,
2DE2,
2E3B,
30A3,
3301,
33C6,
31F1,
321F,
3765,
3BF9,
3BEE,
39ED,
3959,
3A64,
394C,
32EA,
2A0C,
21C2,
195E,
1157,
0AE6,
0472,
FCC1,
F77F,
F614,
F667,
F8CA,
FE26,
0572,
0D83,
1699,
1FDC,
26F4,
2991,
2884,
27D9,
2A2A,
2D6C,
2ED4,
2DEF,
2C34,
2D74,
3104,
3208,
312B,
3360,
3986,
3F84,
440A,
4977,
5029,
5540,
59BD,
5F5B,
653C,
68C1,
6780,
6351,
60E8,
6008,
5D92,
58CF,
520E,
4C82,
4B03,
48A7,
4324,
3DFC,
3A42,
37B3,
3725,
3602,
3302,
30BF,
2FC9,
2E07,
2ADB,
27C9,
24AF,
2246,
2321,
24C4,
2329,
2158,
2382,
2735,
2893,
2732,
25D8,
279D,
2D27,
340F,
3A55,
3FD1,
438C,
44CD,
4605,
4819,
4A04,
4A16,
4691,
4057,
3B70,
3822,
32E6,
2C1D,
285B,
2810,
2749,
2367,
1E12,
1C0B,
1EB9,
21AF,
234D,
265E,
2A55,
2B45,
2A40,
2C0B,
304C,
3478,
38FF,
3E2A,
4464,
4B9C,
50DE,
52F0,
5589,
5A56,
5FD4,
634D,
6229,
5CFE,
5669,
4E81,
4559,
3CD8,
357C,
2DFD,
2831,
24F3,
20A6,
192C,
1228,
0DC5,
0C4C,
0D52,
0FEF,
147C,
1BD7,
2416,
2A82,
315C,
3C27,
489E,
5321,
5BB2,
6245,
6748,
6BDA,
6F2B,
7020,
6FA6,
6E10,
6A7C,
65E3,
60BF,
59F1,
52A6,
4CE5,
465E,
3E01,
35BD,
2F33,
2AFF,
2909,
26F8,
22AC,
1D08,
17B5,
129C,
0D54,
08EC,
06B7,
05D1,
05FF,
07EB,
0ACF,
0C7B,
0DB0,
1099,
165F,
1DFB,
2542,
2B55,
318A,
3775,
3BDD,
3F94,
43CC,
46FF,
48DE,
49AE,
493A,
4728,
43E2,
3F2E,
3AA1,
3794,
34F5,
3274,
3124,
312A,
32DD,
35B3,
37FF,
3979,
3A77,
3AE7,
3C46,
3F5C,
42A9,
454B,
482D,
4AE1,
4CB9,
4E25,
4F1B,
505E,
5360,
5675,
5800,
58F6,
597B,
590D,
586F,
572D,
54D7,
51AA,
4DB8,
492B,
44BE,
3FEC,
3A5E,
34E2,
2F81,
29C1,
2473,
1FFC,
1C65,
19E7,
186C,
1745,
169D,
162D,
16C0,
1811,
1A1A,
1D19,
216E,
2666,
2B8D,
3031,
3439,
3767,
39CA,
3B6C,
3D06,
3F79,
43BA,
48D5,
4DB0,
511E,
531E,
53F5,
5422,
5313,
5112,
4EA1,
4B9E,
47FE,
4433,
4035,
3CEA,
3A72,
3896,
36DF,
354A,
3328,
30FD,
2F24,
2E19,
2DE2,
2E57,
2E6C,
2DE0,
2CD5,
2B8A,
29CF,
27CA,
2622,
2575,
2576,
25DA,
2614,
25C5,
2521,
2558,
271B,
29A3,
2C7A,
2F60,
3122,
3242,
332A,
33B8,
3444,
35C2,
3801,
3AC8,
3D23,
3E8F,
3EEE,
3EAF,
3D77,
3BDC,
3A40,
3882,
3694,
35BF,
3541,
3489,
33D7,
32C4,
30B4,
300E,
31AF,
3428,
36E5,
3759,
32CA,
2C97,
29A5,
2D3B,
381C,
44DE,
4AFA,
47D2,
3CB4,
2DE2,
2609,
2CCE,
3B53,
458A,
473D,
40D1,
332A,
25A1,
240C,
2F3A,
3B5A,
43AF,
46F3,
3E4D,
2D1C,
2121,
19D3,
121F,
11AB,
196C,
1DB1,
1E38,
2134,
20E3,
18AD,
127D,
13B9,
196D,
2323,
2E4A,
3386,
32C4,
2DB8,
2286,
16D9,
153E,
1D0A,
2687,
2EEE,
368A,
3999,
3560,
2C3B,
22A8,
195B,
0FD0,
049D,
F7DC,
EE26,
ED20,
F41E,
FCF7,
0133,
FF80,
F9D4,
F45E,
F4AA,
FB72,
FFE8,
FBBB,
EEC6,
DE30,
D12B,
CB4A,
CB97,
D269,
DA9E,
DDB6,
DE61,
DF77,
E196,
E82D,
F0CE,
F59C,
F717,
F5A1,
F22D,
F1E7,
F5CC,
FBD1,
01EC,
0403,
0027,
FAB8,
F548,
F0CF,
F1C0,
F709,
F9F1,
FA01,
F92D,
F777,
F647,
F590,
F3A9,
F1B7,
F1E6,
F634,
FC7D,
0097,
01B4,
017D,
014E,
036E,
0661,
086A,
09AC,
0BB9,
102D,
1665,
1A6B,
1B06,
18C4,
149E,
0FD7,
0C98,
0AD2,
0A24,
0A17,
099D,
074C,
04B9,
0310,
051C,
0A4A,
0E3F,
0E56,
0A8E,
0326,
FC04,
F825,
F78C,
F83A,
F6F8,
F478,
F36B,
F2F1,
F230,
F031,
EE87,
EFC0,
F491,
FA95,
FFCD,
0081,
FC0C,
F5AB,
F2D7,
F4D4,
F955,
FE75,
FFEF,
F9EF,
F001,
E6E5,
E0A3,
DECE,
E201,
E5FF,
E773,
E744,
E5CA,
E069,
DA1C,
D67A,
D524,
D598,
D9DC,
E110,
E666,
E6C1,
E235,
D95F,
D1D7,
D0AE,
D371,
D494,
D1C9,
CB22,
C377,
BC5C,
B79E,
B2C5,
ADFC,
AB28,
ADCE,
B999,
D0ED,
E641,
E77C,
CD89,
A891,
96A8,
AA06,
D7E0,
0B6E,
29B1,
17B6,
E198,
B4D9,
A71D,
AE2B,
BD44,
D171,
E62C,
E268,
C55D,
B32E,
B666,
C49E,
DC68,
E950,
E360,
D908,
C5C7,
B6A2,
B9A5,
BCC4,
BFDA,
CFDE,
DA95,
E250,
ED94,
EF87,
E67D,
D87E,
C58D,
BE2C,
C8DA,
DA9F,
E88B,
EA5D,
DD01,
C6A6,
B136,
AA21,
B5C2,
CB13,
E1ED,
F5FA,
03E7,
05A9,
F7E1,
E6AF,
DD52,
D441,
C52C,
B89E,
B140,
AFAC,
BA18,
CDA6,
DD65,
E4B7,
E24C,
D9A5,
D6DD,
DD32,
E411,
E62E,
E141,
D590,
C919,
C288,
C329,
C977,
D14A,
D4AF,
D157,
CD7F,
CF69,
D8B7,
E489,
EC13,
EB9C,
E4CD,
DC96,
D943,
DC36,
E366,
E9C7,
EAC4,
E563,
DC76,
D2CF,
CC6D,
C93A,
C89E,
C82D,
C512,
BF91,
BD18,
C006,
C5DB,
C93F,
C924,
C6DE,
C467,
C3E0,
C56F,
C610,
C635,
C6DD,
C934,
CB35,
CB31,
C8CC,
C6DF,
C7D8,
CCAA,
D11A,
D2E6,
D153,
CC4D,
C3B2,
B9DF,
B2AB,
B04C,
B07D,
B320,
B5D1,
B4E8,
B19F,
B1D0,
B4CC,
B8BC,
BE14,
C474,
C561,
C2D5,
C35D,
C658,
C6F0,
C53F,
C080,
BB7A,
BAC5,
BE83,
C307,
C809,
CC8D,
CE3F,
CB26,
C7D0,
C815,
CE1A,
D725,
DFCA,
E29F,
DE3D,
D2FE,
C516,
B64C,
AACB,
A619,
A90F,
AD28,
AC50,
A3C2,
9A24,
956A,
98AB,
A07D,
A9A0,
B0FC,
BB0C,
C855,
D8F2,
EA04,
FC45,
0ADC,
12B4,
1004,
0B5D,
0813,
05D7,
FD04,
EF4D,
DECA,
D3E9,
CA00,
BFE6,
B092,
A7ED,
9F0A,
9A4F,
8956,
AB76,
BFBE,
C427,
D46C,
DF62,
ED83,
F7BC,
00CC,
03B2,
0246,
FB48,
F3F8,
ED23,
E7E7,
DA9A,
C90B,
B5FA,
A550,
960C,
8AFB,
82FA,
8018,
8171,
846F,
862A,
8A87,
9271,
9E79,
ACB6,
BC08,
CAF2,
D8D3,
E3AF,
EBC0,
EDB8,
EC19,
EBC8,
ED85,
EBE2,
E735,
E0D7,
D9A9,
D01A,
C591,
BB33,
B2D3,
ADF7,
AB25,
A63C,
A2AC,
A734,
B29F,
BBCF,
BE52,
BC85,
BC78,
BFC0,
C774,
CFA2,
D140,
C975,
C021,
BD5F,
C1A9,
C692,
C9DB,
CBA7,
C698,
B57F,
A38B,
A192,
AF61,
BBF3,
C0C8,
C018,
B87D,
ADEB,
ADF6,
BA96,
CC9D,
DF0A,
EFFC,
F872,
F5B7,
EF7E,
ED4D,
E9F6,
E3B4,
DEF0,
DBF9,
D6F5,
D083,
C8AA,
BBD2,
A88E,
953C,
8929,
8873,
91B5,
9F37,
AA76,
AFCE,
B02B,
B256,
B8FE,
C166,
CC83,
DB1C,
E70F,
ED80,
EF68,
F0BB,
F403,
F888,
F914,
F133,
E249,
D6D4,
D701,
E108,
EE0B,
F6DE,
F692,
ED9B,
E447,
E27D,
E9E9,
F614,
FDF2,
FCFC,
F4FF,
EC0F,
E8B6,
EBF2,
ED1A,
E830,
E12B,
DC5F,
D74C,
D336,
D322,
D249,
CC36,
C544,
BE40,
B594,
B091,
B683,
C4E9,
D18E,
D5BB,
D706,
DBC6,
E6E4,
F5A8,
0295,
086F,
0907,
090D,
0A06,
0BBB,
0E82,
0ADF,
FA04,
E938,
E718,
EA47,
E744,
E12E,
E0FB,
E305,
E371,
E4BC,
E78B,
E6E3,
E622,
EB65,
F515,
FE6E,
01A3,
FF0E,
FCD8,
FDC6,
FE92,
FE2A,
FC03,
F807,
F793,
FAE6,
FB9E,
F884,
F6E6,
F7B9,
FCCD,
04ED,
0B16,
0D04,
0B2A,
0564,
014D,
FDBB,
F5E6,
EAC8,
E18D,
DAE9,
D01C,
C1D3,
B748,
B48D,
B931,
C32F,
C7C1,
C8F5,
CF82,
DF03,
F183,
04AB,
17D8,
26A7,
2ED1,
3625,
3C30,
4051,
4457,
447F,
3D0A,
336A,
2BB7,
272B,
278D,
2A1E,
291B,
2727,
24DA,
1E1A,
1349,
09AE,
05B4,
06C5,
0697,
FF99,
F1BB,
E0FE,
D1A0,
C44F,
BD8F,
BBFC,
BC89,
C0F3,
C975,
D2D4,
D985,
DEC8,
E74F,
F297,
FB94,
03F4,
0A07,
0E25,
1299,
1476,
1269,
0D09,
0400,
FC47,
FA78,
F979,
F5FB,
F08D,
EC1E,
EB53,
EE6D,
F142,
F0B5,
F11E,
F58D,
FBF4,
039E,
0C3D,
12FE,
18AA,
1C8D,
20B0,
277E,
2C6E,
2D76,
2CDE,
2C39,
2C89,
2EC2,
30F9,
31E8,
30A7,
3185,
3725,
3BC8,
3BE7,
3A03,
39AA,
3AD1,
39DE,
33ED,
2B69,
234D,
1ADD,
12F1,
0CB0,
0682,
FF10,
FA1A,
F87A,
F83A,
FA63,
FFD3,
0791,
0FDB,
18E6,
2209,
28FA,
2B62,
2A1F,
293A,
2B64,
2E9E,
2FC3,
2EB0,
2CA5,
2DA1,
30EE,
31B8,
30DB,
3319,
393C,
3EB1,
42BC,
47BB,
4E44,
533F,
57D7,
5D9E,
63BA,
67C1,
671A,
636A,
612E,
6033,
5D01,
5792,
5079,
4AD9,
49FD,
4865,
43EA,
3F53,
3BC0,
3913,
3873,
371F,
33C3,
3103,
2FC3,
2DDE,
2A9D,
27A3,
23E8,
205A,
2046,
2119,
1F24,
1DA7,
2052,
2468,
2617,
2502,
2420,
2633,
2B9A,
3240,
3873,
3E2B,
429D,
441D,
454C,
4727,
48E8,
48AC,
452B,
3FDC,
3C15,
399F,
34D5,
2E25,
2A4D,
2A3E,
29BF,
2601,
20AA,
1E6F,
20CA,
2350,
244D,
2675,
29AF,
2A1F,
2868,
29CB,
2DB4,
31CF,
3641,
3B51,
418E,
48E3,
4EA1,
5157,
5493,
5A03,
5FD1,
632D,
623D,
5DDF,
5893,
51EB,
495A,
4069,
3847,
3053,
2A5E,
2756,
23CC,
1CCA,
1607,
1198,
0FA4,
1002,
121B,
1679,
1D5D,
2507,
2AE1,
30C5,
3A65,
460C,
4FF2,
57F2,
5DE4,
62D0,
6787,
6B5F,
6CEE,
6CF3,
6BCA,
68EE,
64F5,
6039,
59A3,
529A,
4CF5,
4621,
3DC7,
3578,
2F08,
2B29,
2916,
2708,
234A,
1E34,
18C5,
131D,
0D68,
08BD,
065B,
0555,
059C,
077F,
0A3F,
0B4C,
0BD0,
0E78,
144A,
1C22,
23ED,
2A82,
3117,
3768,
3C0E,
3F95,
439C,
46AE,
4932,
4AC0,
4B5B,
4A36,
479D,
42CB,
3DA6,
39FA,
3713,
3474,
33B2,
3506,
3777,
3A05,
3B4E,
3B6F,
3B55,
3B5E,
3C9D,
3F88,
42AA,
44F9,
473D,
4937,
4ACE,
4C44,
4D18,
4E15,
50E7,
53D4,
5549,
5631,
56E6,
56EC,
56CA,
55BD,
531D,
4FA3,
4BF1,
47E3,
439F,
3F18,
39BA,
342C,
2E55,
2817,
22B4,
1EE6,
1C2D,
1A69,
196C,
1843,
175F,
1635,
163F,
1749,
196F,
1CE4,
21DE,
26F9,
2BAA,
2FA7,
330D,
35A9,
37E9,
39F9,
3C7E,
3FB7,
4499,
49DF,
4E88,
5165,
534D,
5486,
5578,
54E1,
52C5,
4FD0,
4C04,
480D,
4487,
40AE,
3DAF,
3B70,
39CA,
3805,
3654,
3375,
305A,
2DE6,
2CC8,
2CB3,
2D97,
2E0C,
2D9F,
2C6F,
2A81,
27DD,
24D8,
22BD,
2268,
22E5,
2386,
23A0,
22CB,
21B6,
21D3,
2454,
27B1,
2B70,
2F4E,
3147,
322D,
32C2,
32DF,
3343,
3517,
37FE,
3BDA,
3F16,
40AA,
4063,
3F74,
3DF4,
3CCF,
3C1A,
3B25,
3991,
3941,
38BE,
3742,
3584,
33E4,
317D,
3073,
31F9,
3445,
36BE,
3676,
3101,
2A79,
27B0,
2BDB,
3759,
4451,
4A57,
4708,
3BB0,
2C78,
244D,
2B05,
39B0,
43C1,
4594,
3F37,
31E0,
24E1,
2390,
2E73,
39FD,
424F,
4654,
3EFB,
2F11,
239F,
1B76,
11F7,
0FFD,
1772,
1C2E,
1D2D,
2029,
1F4C,
15F8,
0F3C,
10D9,
1777,
2230,
2DBD,
32CD,
317B,
2BCC,
201A,
1489,
1376,
1BB5,
24E7,
2C62,
336A,
366B,
32F1,
2A50,
2139,
185E,
0F2A,
0473,
F7E5,
EE08,
ECCE,
F38C,
FBA0,
FF39,
FDA6,
F8A8,
F390,
F368,
F94B,
FC80,
F797,
EA5A,
DA3D,
CDFF,
C8EF,
C970,
CFD5,
D7A2,
DAC0,
DBFD,
DDC2,
E04F,
E6FF,
EFB8,
F4C9,
F6D4,
F628,
F377,
F3D8,
F78D,
FCF1,
028A,
050F,
024A,
FE39,
FA00,
F617,
F6E6,
FB9D,
FDD8,
FD54,
FC9E,
FB62,
FAD0,
FA7D,
F7EE,
F49F,
F3AD,
F784,
FDBA,
01F6,
031A,
0281,
018E,
02B0,
04D5,
0629,
06F7,
08DA,
0DC7,
147F,
18BE,
1997,
175A,
131F,
0E12,
0A48,
0803,
0781,
082F,
08C1,
072D,
04C2,
0269,
0379,
087D,
0D29,
0E3C,
0B0F,
03CE,
FC91,
F8B3,
F812,
F90A,
F7C2,
F4D4,
F3B6,
F30B,
F205,
EF95,
EDA5,
EEC0,
F386,
F952,
FF37,
00E2,
FD34,
F733,
F3E2,
F530,
F84A,
FC3A,
FD6F,
F7CE,
EEA0,
E658,
DFF4,
DD83,
E010,
E3E4,
E5B8,
E5A4,
E350,
DD22,
D75A,
D505,
D4DA,
D65B,
DA77,
E039,
E385,
E2E5,
DEDF,
D6CF,
CFC6,
CF5F,
D23B,
D2BB,
CE9E,
C743,
C02A,
B9D6,
B702,
B302,
ADF0,
AA37,
ABC1,
B654,
CEBE,
E4E3,
E72F,
CECE,
AB37,
99C6,
AD4D,
DA9D,
0D56,
2B27,
196E,
E43A,
B8F3,
AC27,
B351,
C1E6,
D4E7,
E87F,
E452,
C7E5,
B6C7,
BB03,
C9C6,
E11D,
ED32,
E635,
DB2E,
C76C,
B863,
BADA,
BCE4,
BE42,
CD41,
D813,
E079,
EC1F,
EE10,
E499,
D595,
C260,
BBE6,
C768,
D9A7,
E7DE,
E9E3,
DC3F,
C5A2,
B062,
A9CC,
B57A,
CA64,
E079,
F3A6,
01E3,
053C,
F97B,
E9E9,
E0E6,
D6BD,
C669,
B990,
B2A7,
B1EB,
BCFA,
D0C6,
E04B,
E770,
E527,
DCAB,
D9BE,
DF6E,
E5D1,
E78B,
E2A4,
D77F,
CBBD,
C547,
C59A,
CAF4,
D1CA,
D491,
D0DF,
CCEF,
CEC9,
D83B,
E3CD,
EADA,
EA35,
E3F8,
DC89,
D986,
DBFB,
E23F,
E76F,
E77D,
E233,
D9DD,
D08F,
CA2E,
C6C6,
C5BB,
C490,
C112,
BBC4,
B9F1,
BDAC,
C43F,
C7DE,
C775,
C4BA,
C226,
C1F4,
C43C,
C5CC,
C6DB,
C7D4,
CA2D,
CC27,
CBC6,
C8BD,
C668,
C780,
CD21,
D2EB,
D5F3,
D4BC,
CF2F,
C5D8,
BB36,
B383,
B146,
B25C,
B627,
B9A9,
B899,
B4A6,
B3C4,
B5DD,
B97E,
BEEC,
C54A,
C5D9,
C290,
C28D,
C58C,
C66C,
C4D2,
BFBF,
B9BA,
B850,
BC2C,
C1FB,
C82E,
CD40,
CF12,
CC07,
C89D,
C8BD,
CEC7,
D815,
E0F4,
E3A2,
DEFC,
D369,
C4EF,
B587,
A959,
A45F,
A768,
ABD3,
ABD8,
A536,
9CFB,
985A,
9AFF,
A20E,
AB34,
B3EB,
BFF3,
CE86,
DF43,
EF0A,
FF88,
0CB6,
1413,
1170,
0D4A,
09F1,
06FF,
FD69,
EE7D,
DE0C,
D37F,
CA61,
C18E,
B27F,
AA18,
A0BD,
9BEF,
8AF4,
AB1A,
BEC3,
C323,
D44F,
E002,
EE84,
F8A6,
0079,
027D,
FF87,
F7E3,
F0E8,
EAFB,
E6CF,
D9B4,
C84E,
B51C,
A3E0,
944B,
8965,
81F2,
8008,
8275,
857C,
86F2,
8AD3,
91EC,
9DCD,
AC96,
BB96,
CA73,
D868,
E273,
E989,
EAE0,
E93B,
E9F4,
ED27,
ECDF,
E9AB,
E462,
DDD2,
D4E0,
CAC8,
C0B4,
B858,
B3BD,
B103,
ABC3,
A773,
AB3A,
B57A,
BDB0,
BFC4,
BDC1,
BDED,
C136,
C828,
CF2F,
CFF9,
C7F4,
BEB7,
BC09,
C041,
C4C9,
C73A,
C858,
C2DD,
B1A9,
9FFC,
9E31,
AC65,
B997,
BF02,
BED6,
B7AF,
AD09,
ACFA,
B93A,
CAB1,
DC94,
ED77,
F6B4,
F585,
F0AB,
EF63,
EC76,
E663,
E1CC,
DF6D,
DB64,
D5A2,
CDBD,
C091,
ACD3,
98D4,
8C34,
8BC0,
95A8,
A32D,
AD72,
B196,
B123,
B311,
BA20,
C2F8,
CDC7,
DB3A,
E5D2,
EB7B,
ECE8,
EDFF,
F15E,
F635,
F70C,
EF55,
E072,
D516,
D58C,
DFD6,
ED0E,
F5D7,
F5A5,
EC98,
E38D,
E23B,
E9C4,
F60E,
FE3B,
FD8D,
F5CB,
ED3B,
E9E8,
ECC2,
ED6F,
E8EB,
E286,
DE46,
D94A,
D505,
D4E7,
D3FB,
CD4C,
C5CE,
BF2B,
B74F,
B278,
B7CA,
C53B,
D0C5,
D3D3,
D50A,
DA83,
E68F,
F591,
0282,
082A,
087C,
0869,
099A,
0B5F,
0E41,
0B04,
FAAF,
EA75,
E8A3,
EB30,
E73C,
DFCF,
DEE7,
E10B,
E261,
E482,
E7AB,
E6B0,
E507,
E963,
F283,
FC09,
FFA5,
FDBB,
FB88,
FBD6,
FC09,
FB48,
F917,
F588,
F5FB,
FA41,
FC53,
FA50,
F9D1,
FBA0,
0132,
090C,
0F1F,
1117,
0F8C,
09F0,
0678,
0280,
FA15,
EEBC,
E4E8,
DE50,
D40B,
C602,
BB2F,
B842,
BC05,
C590,
C8F1,
C99E,
CF4F,
DE2A,
F011,
0223,
138D,
20FF,
285F,
3009,
36AB,
3BA4,
4072,
40D0,
3937,
2F98,
2838,
2444,
2507,
283C,
27F1,
26DB,
2539,
1EF2,
14B9,
0B9E,
0776,
0804,
074B,
0040,
F2BA,
E20D,
D2B7,
C4C9,
BD74,
BB45,
BBA2,
C048,
C8AA,
D1DE,
D8E8,
DE8A,
E729,
F2B1,
FB5F,
0365,
0931,
0D7F,
1271,
14C5,
12FB,
0D86,
0441,
FC64,
FA93,
F9E0,
F737,
F2AE,
EF13,
EEC5,
F1F1,
F507,
F4C7,
F532,
F948,
FF2E,
0643,
0E68,
1464,
1977,
1CD0,
2024,
25CC,
2A0C,
2B23,
2AD3,
2A6B,
2AB2,
2CAE,
2EB3,
2FCD,
2F29,
30BE,
36BE,
3B79,
3BC5,
39F3,
39C2,
3AF3,
3A26,
34BB,
2CA9,
24C4,
1C4E,
1486,
0E83,
08AC,
018A,
FCEE,
FB20,
FA5A,
FC5B,
01EC,
0A1B,
128F,
1B77,
2464,
2B22,
2D5A,
2BED,
2ACA,
2CBB,
2FDC,
30BC,
2F81,
2D29,
2DD7,
30CB,
3149,
305F,
329C,
38AF,
3D9C,
4135,
45C1,
4C0D,
50CE,
5565,
5B49,
61A0,
662A,
661B,
62E9,
60DB,
5FCB,
5BE9,
55DC,
4E77,
48D0,
48A1,
47DE,
447D,
4085,
3D24,
3A5F,
39AE,
383A,
349D,
3173,
2FED,
2DEA,
2A9A,
27BE,
236A,
1EBF,
1DBD,
1DC2,
1B78,
1A50,
1D77,
21E0,
23CB,
22EE,
2277,
24D3,
2A15,
306F,
3682,
3C6B,
417F,
4331,
444D,
45E8,
477F,
4700,
4396,
3F35,
3C88,
3AE3,
368F,
300A,
2C2D,
2C5E,
2C28,
2897,
234E,
20EC,
22F7,
250E,
2570,
26B4,
2930,
291E,
26B8,
27B5,
2B46,
2F4C,
33A0,
3889,
3EBE,
4628,
4C5C,
4FB8,
538F,
5990,
5F9A,
62CE,
620F,
5E7E,
5A7A,
550E,
4D17,
43CB,
3AFB,
32A4,
2C93,
29C8,
2700,
207E,
1A0A,
1598,
1330,
12E5,
147C,
18AA,
1F0A,
260D,
2B42,
3021,
3890,
4363,
4CAB,
5418,
595F,
5E21,
62E5,
672B,
693E,
69B7,
68F5,
66CB,
636F,
5F1E,
58C8,
5206,
4C7F,
4566,
3D18,
34D0,
2E8C,
2B14,
2903,
2711,
23E7,
1F62,
19E9,
13CF,
0DCE,
0900,
0689,
056B,
05C3,
0793,
0A2B,
0AA3,
0A83,
0CEE,
12C1,
1ABC,
22E9,
29E6,
30CB,
3772,
3C48,
3F9C,
436C,
4658,
4971,
4BA9,
4D3A,
4CF1,
4AFB,
4610,
4060,
3C1B,
38EC,
3629,
35E2,
3868,
3B86,
3DCF,
3E2E,
3D17,
3C01,
3BAE,
3CC7,
3F7D,
4273,
4475,
4620,
476E,
48D2,
4A55,
4B03,
4BAF,
4E44,
5104,
5264,
5345,
542C,
54A5,
54FA,
5427,
514C,
4D92,
4A22,
4690,
426D,
3E26,
38FE,
336E,
2D3C,
269E,
2130,
1DFE,
1C18,
1B0B,
1A94,
197A,
1868,
168C,
160A,
16C3,
18FA,
1CDD,
2278,
27B6,
2BF3,
2F47,
3202,
3405,
361B,
388A,
3BE9,
3FD5,
4543,
4AA2,
4F10,
515A,
5327,
54BA,
5665,
5639,
53F4,
5078,
4BE8,
479D,
445A,
40AC,
3E02,
3C01,
3A97,
38CF,
370D,
3385,
2F90,
2C92,
2B68,
2B7C,
2CD8,
2DBB,
2D7E,
2C37,
29B5,
2635,
2237,
1FAC,
1FAD,
20A7,
2186,
2180,
202A,
1EA9,
1EAE,
21E7,
260B,
2A98,
2F53,
3170,
3215,
3256,
3202,
3236,
344F,
37CC,
3CAC,
40C0,
4281,
4199,
3FF1,
3E1A,
3D5D,
3D87,
3D67,
3C49,
3C92,
3C11,
39CB,
36F9,
34C7,
320E,
30B6,
323A,
3461,
368E,
3584,
2F35,
2865,
25CA,
2A83,
3688,
439F,
4989,
4622,
3AAC,
2B28,
22AD,
2937,
37DE,
41BA,
43B5,
3D86,
30A2,
243D,
2319,
2D87,
3854,
408C,
4555,
3F6F,
30FB,
262B,
1D38,
1200,
0E7D,
1587,
1A9B,
1BF9,
1EEC,
1D95,
1352,
0C2B,
0E2C,
1599,
2123,
2CE4,
31B9,
2FE9,
29C2,
1DBC,
125B,
11BB,
1A39,
22F0,
296A,
2FDC,
32DB,
302B,
2817,
1F7D,
1710,
0E3C,
0416,
F7DC,
EDFA,
EC99,
F316,
FA64,
FD5F,
FBF1,
F7A2,
F2EB,
F250,
F74E,
F950,
F3C4,
E65C,
D6D0,
CB63,
C71F,
C7CD,
CDBD,
D51E,
D847,
DA1C,
DC89,
DF74,
E621,
EED7,
F41B,
F6AE,
F6C4,
F4CC,
F5C5,
F942,
FE07,
0323,
0615,
0462,
01A3,
FE90,
FB2D,
FBDC,
0005,
0198,
0083,
FFE0,
FF0A,
FF01,
FF08,
FBE5,
F75A,
F565,
F8D2,
FEEE,
0339,
0459,
035A,
01AE,
01DF,
0343,
03F1,
0453,
0614,
0B70,
128F,
16F4,
1801,
15CB,
1186,
0C40,
07FF,
0549,
04F0,
0648,
07D2,
06F3,
04BB,
01CA,
01F3,
06CF,
0C24,
0E1F,
0B76,
0452,
FCFC,
F929,
F889,
F9D4,
F88C,
F532,
F3FB,
F317,
F1C7,
EEED,
ECC5,
EDD0,
F28B,
F81B,
FE9D,
0130,
FE3E,
F89A,
F4CB,
F566,
F717,
F9D7,
FAC3,
F586,
ED25,
E5BA,
DF3C,
DC35,
DE1D,
E1CA,
E3FF,
E3FE,
E0B7,
D9A8,
D467,
D37D,
D4AA,
D763,
DB70,
DFB3,
E0CF,
DF1F,
DBA1,
D466,
CDEC,
CE56,
D156,
D132,
CBBD,
C3B4,
BD33,
B7AE,
B6CF,
B3B2,
AE53,
A9BE,
AA25,
B369,
CCB9,
E384,
E6D2,
D02A,
AE29,
9D4B,
B0E1,
DD5D,
0EE7,
2C13,
1AAF,
E6B5,
BD2E,
B16C,
B8A6,
C698,
D845,
EA8F,
E5F3,
CA4D,
BA61,
BFA8,
CEEF,
E5C2,
F101,
E90A,
DD57,
C927,
BA4B,
BC3B,
BD35,
BCE9,
CACB,
D598,
DE91,
EA8C,
EC83,
E2C4,
D2EC,
BF95,
B9F9,
C62D,
D8C1,
E72D,
E966,
DB93,
C4DB,
AFE6,
A9CE,
B572,
C9D2,
DF00,
F137,
FFAF,
0493,
FAE5,
ED02,
E463,
D93F,
C7D0,
BABE,
B44D,
B45E,
BFF9,
D3E3,
E318,
EA09,
E7E8,
DF9A,
DC7C,
E173,
E74A,
E89F,
E3C3,
D935,
CE3D,
C7F3,
C7FE,
CC66,
D23E,
D468,
D06C,
CC77,
CE41,
D7C2,
E305,
E993,
E8C8,
E323,
DC7B,
D9C3,
DBBA,
E11B,
E532,
E46E,
DF48,
D783,
CE7D,
C80B,
C467,
C2F4,
C128,
BD60,
B84C,
B70F,
BB79,
C2AB,
C67B,
C5D2,
C2BB,
C020,
C046,
C33A,
C5A8,
C796,
C8E5,
CB49,
CD3D,
CC7C,
C8CD,
C610,
C746,
CDAB,
D4B9,
D8E0,
D7F4,
D1EF,
C807,
BCCB,
B4BB,
B2A0,
B47D,
B944,
BD7A,
BC45,
B7BE,
B5E4,
B727,
BA6E,
BFD5,
C614,
C636,
C232,
C1AB,
C4B6,
C5EC,
C47A,
BF2F,
B84E,
B644,
BA3E,
C143,
C892,
CE2D,
D028,
CD3D,
C9CB,
C9C2,
CFB3,
D919,
E210,
E48F,
DFBA,
D3F8,
C509,
B512,
A83B,
A2E9,
A5EB,
AA8F,
AB64,
A6B9,
9FF0,
9B70,
9D79,
A3BE,
ACD2,
B6D2,
C4BC,
D489,
E556,
F3D1,
0287,
0E4F,
152D,
1295,
0EE7,
0B79,
07D6,
FD91,
ED8A,
DD36,
D2FF,
CAAF,
C324,
B471,
AC4A,
A291,
9DA8,
8CDE,
AAA0,
BD92,
C1EE,
D3E9,
E067,
EF4E,
F96E,
0017,
014C,
FCEB,
F4BA,
EE27,
E929,
E602,
D918,
C7D8,
B48B,
A2CB,
92F2,
882F,
8135,
8022,
8388,
8698,
87D7,
8B4C,
91A6,
9D55,
AC82,
BB1B,
C9E3,
D7E9,
E131,
E753,
E802,
E643,
E7E8,
EC7A,
ED88,
EBC9,
E79D,
E1B6,
D960,
CFAF,
C5DD,
BD8A,
B932,
B68F,
B0F9,
ABF1,
AEF8,
B812,
BF57,
C104,
BEDA,
BF50,
C2A6,
C8E5,
CED7,
CEDC,
C6AC,
BD92,
BAF7,
BF12,
C332,
C4CE,
C53E,
BF51,
AE01,
9C96,
9AE5,
A956,
B706,
BCFC,
BD5E,
B6C2,
AC2C,
AC16,
B7FD,
C8E0,
DA2B,
EAE5,
F4D8,
F536,
F1CD,
F17C,
EEFF,
E91A,
E4A0,
E2BC,
DF8F,
DA69,
D27C,
C514,
B0FD,
9C74,
8F60,
8F2A,
99A4,
A71A,
B062,
B35F,
B231,
B3F1,
BB68,
C4A0,
CF0A,
DB44,
E47E,
E968,
EA69,
EB4E,
EEC3,
F3E6,
F4FF,
ED6A,
DE8A,
D347,
D404,
DE85,
EBE0,
F493,
F478,
EB56,
E292,
E1B1,
E95D,
F5D6,
FE64,
FE10,
F69C,
EE76,
EB29,
ED9B,
EDCF,
E9BC,
E405,
E04C,
DB51,
D6C8,
D6A2,
D5B5,
CE7A,
C671,
C029,
B91D,
B475,
B92D,
C5B1,
D029,
D220,
D340,
D96A,
E650,
F576,
0255,
07CA,
07E5,
07C2,
0925,
0AEA,
0DD1,
0AEE,
FB27,
EB83,
E9F9,
EBEB,
E718,
DE6A,
DCD7,
DF11,
E140,
E42F,
E7B3,
E67A,
E409,
E797,
F028,
F9D0,
FDC6,
FC70,
FA2B,
F9D4,
F97B,
F878,
F648,
F325,
F46E,
F992,
FCEB,
FC01,
FCAB,
FF7E,
0597,
0D38,
1341,
1549,
140A,
0E94,
0BA6,
073E,
FE3E,
F2B7,
E85C,
E1D0,
D809,
CA44,
BF2D,
BC08,
BEE7,
C7F5,
CA32,
CA65,
CF46,
DD70,
EEA4,
FF8E,
0F34,
1B44,
21D2,
29B5,
30D1,
368F,
3C23,
3CC0,
3513,
2B7E,
2465,
20F6,
2214,
25EF,
2665,
2635,
2542,
1F7A,
15DF,
0D48,
08FC,
0914,
07E4,
00DF,
F3C3,
E33E,
D407,
C59E,
BDCE,
BB14,
BB40,
C015,
C84B,
D14C,
D8AE,
DEB4,
E769,
F31C,
FB6F,
0310,
0891,
0D0D,
127C,
153F,
13B2,
0E27,
04AF,
FCAC,
FAC7,
FA4B,
F867,
F4C6,
F1FD,
F224,
F555,
F898,
F89C,
F90A,
FCCC,
0236,
08C6,
1081,
15C8,
1A46,
1D06,
1F7A,
23F2,
2780,
28AC,
28AF,
288E,
28C9,
2A7D,
2C4B,
2D93,
2D94,
2FE5,
364C,
3B2A,
3BA3,
39DC,
39BD,
3AE8,
3A45,
3570,
2DDF,
2636,
1DBB,
161C,
1064,
0AED,
0429,
FFF0,
FDFC,
FCBC,
FEA7,
0469,
0D08,
159A,
1E4D,
26F2,
2D76,
2F85,
2DF7,
2C94,
2E3C,
3133,
31CD,
306E,
2DCD,
2E24,
30B0,
30D2,
2FD0,
3201,
37FC,
3C66,
3F97,
43B1,
49AB,
4E19,
5297,
588D,
5F23,
642D,
64B2,
61FB,
601C,
5EFA,
5A78,
53D9,
4C33,
4692,
4715,
4733,
44F8,
41AB,
3E84,
3BAA,
3AEB,
3967,
359F,
321B,
3054,
2E33,
2ADB,
2821,
233C,
1D7E,
1B94,
1AD0,
1836,
1763,
1AFF,
1FAD,
21BF,
2109,
20EE,
238F,
28AC,
2EB2,
349D,
3AAD,
4051,
4227,
4327,
447F,
45ED,
453A,
41F4,
3E83,
3CE5,
3C05,
3829,
31E0,
2E0D,
2E81,
2E96,
2B39,
260A,
238B,
254A,
26F6,
26C4,
272D,
28ED,
2858,
2546,
25DD,
2918,
2D08,
3136,
35EE,
3C14,
438D,
4A34,
4E37,
52A2,
5920,
5F56,
625C,
61CA,
5F04,
5C40,
5807,
50A7,
4710,
3DAA,
34FE,
2EDD,
2C52,
2A47,
244B,
1E2D,
19C1,
16E9,
15F6,
1710,
1B0C,
20E3,
2732,
2BB4,
2F86,
36C4,
40C5,
4973,
504D,
54E4,
596C,
5E2B,
62C7,
654A,
662B,
65CA,
6448,
6182,
5D9D,
578A,
5113,
4BAC,
4453,
3C19,
33E7,
2DDC,
2AD9,
28E4,
2724,
2491,
209E,
1B2A,
14BB,
0E8C,
09B7,
073D,
060E,
066E,
0823,
0A94,
0A81,
09CC,
0C00,
11C9,
19D0,
2241,
2991,
30B9,
37A8,
3CA3,
3FC0,
4357,
4619,
49B7,
4C85,
4EF2,
4F72,
4E13,
4913,
42E1,
3E0E,
3A98,
37A9,
37CC,
3B64,
3F1E,
4129,
40B7,
3E8B,
3C95,
3BEF,
3CDD,
3F58,
4221,
43DD,
44F9,
45AB,
46E9,
487D,
48FF,
4954,
4BA3,
4E31,
4F7F,
505E,
517A,
5262,
5328,
5291,
4F8B,
4B9C,
4870,
4552,
4145,
3D34,
3844,
32C0,
2C4A,
2567,
1FF5,
1D51,
1C2D,
1BD4,
1BE8,
1AEB,
19B7,
1733,
1624,
1684,
18C1,
1D0A,
2340,
28A4,
2C75,
2F22,
312D,
3295,
347A,
373A,
3B60,
3FED,
45D2,
4B3C,
4F67,
5122,
52D3,
54B6,
570A,
573A,
54C0,
50BC,
4B71,
46D3,
43D2,
4050,
3DFE,
3C41,
3B14,
3953,
378B,
336E,
2EB8,
2B40,
2A0F,
2A54,
2C2E,
2D89,
2D89,
2C3B,
2936,
24E8,
1FFC,
1D06,
1D59,
1ECE,
1FE9,
1FC3,
1DF2,
1C0D,
1BFD,
1FE9,
24C3,
2A04,
2F80,
31B2,
320E,
31FB,
3136,
3133,
3381,
3782,
3D56,
423C,
442C,
42A8,
403E,
3E02,
3D9D,
3E9E,
3F5C,
3ECE,
3FC1,
3F47,
3C31,
3848,
3580,
327E,
30F0,
3288,
3493,
366C,
349C,
2D7D,
2671,
2407,
2948,
35C2,
42E8,
48B3,
4541,
39C3,
2A07,
213A,
277B,
35F9,
3F97,
41C4,
3BDB,
2F86,
23C1,
22B0,
2C83,
3676,
3E83,
4415,
3FBE,
32E2,
28C7,
1F19,
1239,
0D2E,
13B3,
1904,
1AAA,
1D88,
1BC8,
10C1,
094F,
0BB9,
13DE,
200D,
2BD8,
3063,
2E28,
27B1,
1B80,
105A,
1016,
18A4,
20B9,
2621,
2C00,
2F0A,
2D29,
25A8,
1D84,
1581,
0D10,
038B,
F7BF,
EDF6,
EC7A,
F2B3,
F93F,
FBA4,
FA5E,
F6BE,
F269,
F15D,
F57B,
F65A,
F03F,
E2C4,
D3D9,
C943,
C5C3,
C695,
CC0D,
D301,
D63F,
D8AE,
DBBD,
DEF4,
E589,
EE25,
F38F,
F6A2,
F770,
F624,
F7A3,
FAE4,
FF10,
03B6,
0713,
066B,
04EE,
02E9,
0001,
0094,
0436,
0529,
0389,
02EC,
0267,
02D2,
0329,
FF81,
F9DE,
F705,
FA18,
0014,
0463,
0572,
040E,
01B1,
00FF,
01B2,
01CA,
01CF,
0374,
0936,
10A5,
151D,
1655,
1429,
0FE0,
0A6E,
05C9,
02B1,
027B,
046B,
06D8,
06A4,
04A4,
0132,
008B,
0543,
0B34,
0DFE,
0BC1,
04AC,
FD40,
F97B,
F8E8,
FA8E,
F949,
F584,
F42E,
F30D,
F16D,
EE2F,
EBDE,
ECE4,
F19A,
F6EE,
FDFD,
0167,
FF28,
F9D9,
F58D,
F573,
F5BE,
F750,
F7F1,
F31A,
EB8C,
E503,
DE72,
DADB,
DC23,
DFAD,
E245,
E24E,
DDFC,
D5F5,
D136,
D1D1,
D483,
D89B,
DCB6,
DF75,
DE40,
DB69,
D873,
D214,
CC36,
CD7D,
D0B1,
CFE9,
C917,
C066,
BA7A,
B5CA,
B6E5,
B4B0,
AF02,
A997,
A8DA,
B0BC,
CACD,
E21F,
E65B,
D182,
B13D,
A103,
B497,
E00D,
1029,
2C86,
1B81,
E8F6,
C15D,
B6B8,
BDFC,
CB35,
DB72,
EC50,
E73F,
CC77,
BDD3,
C42B,
D3F5,
EA3E,
F4AF,
EBD0,
DF73,
CAE1,
BC3E,
BDA8,
BD9A,
BBB5,
C86C,
D31A,
DC94,
E8DF,
EAE6,
E0FE,
D07C,
BD1B,
B850,
C51A,
D7E7,
E679,
E8E3,
DAF4,
C43C,
AFA2,
AA02,
B58B,
C948,
DD7A,
EEB1,
FD53,
03B1,
FC17,
EFE6,
E7B3,
DBAF,
C945,
BC06,
B60C,
B6DF,
C2F0,
D6E0,
E5B8,
EC71,
EA79,
E257,
DEFF,
E330,
E871,
E95F,
E48F,
DA9F,
D07B,
CA6C,
CA37,
CDB4,
D292,
D424,
CFEE,
CC04,
CDC1,
D740,
E229,
E83C,
E750,
E245,
DC5D,
D9EA,
DB66,
DFF2,
E30C,
E193,
DC9B,
D55B,
CC89,
C5F4,
C210,
C03C,
BDE4,
B9E8,
B513,
B459,
B954,
C10B,
C504,
C428,
C0CD,
BE3E,
BEBB,
C24D,
C589,
C84C,
C9F7,
CC6E,
CE5D,
CD3A,
C8E4,
C5C0,
C714,
CE2F,
D66B,
DB92,
DAE1,
D472,
CA22,
BE7C,
B62E,
B434,
B6BB,
BC51,
C11F,
BFC6,
BAC1,
B80A,
B888,
BB6A,
C0B1,
C6B8,
C661,
C1A2,
C09F,
C3C0,
C557,
C41F,
BEB6,
B71E,
B48B,
B8A3,
C0CC,
C924,
CF44,
D174,
CEBA,
CB48,
CB12,
D0CF,
DA25,
E312,
E55E,
E06C,
D499,
C54B,
B4D0,
A74D,
A193,
A477,
A93B,
AAD1,
A81D,
A2CD,
9E75,
9FE7,
A563,
AE56,
B98A,
C93F,
DA35,
EB09,
F842,
053D,
0FAA,
1609,
1379,
1034,
0CAD,
085A,
FD7B,
EC6E,
DC3F,
D25D,
CAD9,
C490,
B648,
AE5F,
A45E,
9F51,
8EE3,
AA25,
BC44,
C0A3,
D350,
E0A1,
EFE5,
FA12,
FFA6,
0024,
FA79,
F1DB,
EBC0,
E7B7,
E583,
D8CE,
C7B5,
B45A,
A22B,
921D,
877A,
80E6,
8089,
84CA,
87DD,
88F1,
8C0B,
91B9,
9D28,
AC8F,
BAA7,
C951,
D75F,
DFF1,
E524,
E527,
E33E,
E5AF,
EB84,
EDE0,
ED91,
EA86,
E553,
DD9B,
D449,
CAB6,
C270,
BE62,
BBD2,
B5EA,
B033,
B27D,
BA76,
C0D2,
C21F,
BFE2,
C0AF,
C41B,
C9B8,
CEA8,
CDF7,
C5AB,
BCC2,
BA3C,
BE30,
C1E1,
C2AF,
C274,
BC12,
AAA7,
997D,
97D3,
A656,
B45D,
BAD2,
BBC8,
B5D1,
AB6E,
AB63,
B6F4,
C73C,
D7DB,
E851,
F2E3,
F4CC,
F2E4,
F394,
F18D,
EBD6,
E76B,
E5E5,
E374,
DED9,
D6EA,
C95C,
B512,
A029,
92BD,
92C3,
9DB8,
AB0C,
B358,
B539,
B366,
B507,
BCE4,
C66A,
D057,
DB43,
E31F,
E754,
E7F5,
E8B2,
EC3E,
F1A3,
F2F6,
EB7D,
DCA2,
D17C,
D27E,
DD29,
EA8E,
F31D,
F315,
E9E3,
E164,
E0ED,
E8BE,
F571,
FE6E,
FE84,
F771,
EFBF,
EC79,
EE7E,
EE3C,
EAA5,
E5AC,
E273,
DD64,
D884,
D856,
D77B,
CFC5,
C734,
C148,
BB0B,
B696,
BABA,
C658,
CFC4,
D0AD,
D1B5,
D887,
E62F,
F55C,
0211,
074F,
0740,
0717,
08A7,
0A5D,
0D33,
0A9C,
FB6C,
EC67,
EB1F,
EC81,
E6E3,
DD0E,
DADD,
DD28,
E01C,
E3CC,
E7AB,
E646,
E331,
E606,
EE09,
F7C5,
FC07,
FB2F,
F8C3,
F7C4,
F6F0,
F5C0,
F3A0,
F0E6,
F2F3,
F8DF,
FD69,
FD97,
FF71,
034D,
09F2,
1166,
176D,
1989,
1894,
1340,
10C6,
0BE7,
0258,
F6B1,
EBE6,
E564,
DC13,
CE96,
C345,
BFE7,
C1E1,
CA65,
CB8F,
CB54,
CF6F,
DCDB,
ED42,
FCF1,
0AD1,
157B,
1B2E,
232E,
2AA1,
3110,
3766,
384A,
309C,
271C,
2044,
1D49,
1EBF,
2340,
247D,
2534,
24F2,
1FB1,
16BC,
0EAE,
0A47,
09F8,
0862,
0173,
F4D5,
E492,
D593,
C6D5,
BEA7,
BB72,
BB6C,
C060,
C85D,
D124,
D8D9,
DF46,
E80C,
F3D2,
FBBF,
02F2,
0825,
0CCD,
12B2,
15DC,
1484,
0EE6,
0545,
FD1F,
FB18,
FABD,
F991,
F6D3,
F4DB,
F56F,
F898,
FBF6,
FC33,
FCA7,
0019,
0511,
0B25,
1282,
1725,
1B11,
1D2B,
1EAD,
21ED,
24C9,
260E,
266D,
2698,
26C4,
2826,
29BA,
2B36,
2BE1,
2EF2,
35C5,
3ACC,
3B74,
39B1,
3994,
3AA9,
3A32,
3604,
2F04,
279B,
1F1E,
17AF,
124C,
0D3F,
06E7,
0318,
0105,
FF5C,
0141,
0741,
104A,
18EC,
2156,
29A1,
2FE4,
31D0,
302C,
2E87,
2FD5,
3293,
32E5,
3165,
2E81,
2E7A,
3090,
3048,
2F25,
3141,
3719,
3B05,
3DD8,
417F,
4716,
4B19,
4F66,
5563,
5C36,
61B9,
62CA,
608A,
5EDB,
5DAE,
589F,
5180,
49A6,
4416,
454F,
4657,
454B,
42B4,
3FCE,
3CE3,
3C17,
3A92,
36B7,
32E9,
30E3,
2EA2,
2B4A,
28B8,
234D,
1C8B,
19C0,
183C,
1559,
14DB,
18E3,
1DC7,
1FE9,
1F4A,
1F80,
2262,
2758,
2D04,
32B9,
38E3,
3F03,
40F1,
41D0,
42E2,
4428,
434E,
403C,
3DB8,
3D1E,
3CF8,
3997,
339B,
2FE4,
309F,
3101,
2DDC,
28D0,
263F,
27B5,
28F9,
283D,
27D6,
28DC,
27C3,
240B,
243B,
2721,
2AF8,
2EF7,
3377,
3985,
4105,
4818,
4CC0,
51B6,
589E,
5EED,
61BE,
6157,
5F58,
5DCC,
5ABB,
53EE,
4A20,
403D,
374E,
3129,
2EE3,
2D8E,
281C,
225E,
1E01,
1AC0,
1927,
19C8,
1D90,
22D6,
2866,
2C28,
2EE9,
34F7,
3E26,
4639,
4C80,
5062,
54A1,
5949,
5E26,
6106,
6242,
623C,
6156,
5F1F,
5BA6,
55DC,
4FB4,
4A6F,
42E2,
3AC5,
32B9,
2CF6,
2A76,
28B5,
2739,
2540,
21E0,
1C81,
15D9,
0F9B,
0AD8,
086C,
0732,
0794,
0926,
0B6F,
0AE0,
09A6,
0BA7,
1159,
1952,
21EA,
2974,
30D1,
37F9,
3D0D,
3FF0,
434A,
45DD,
49EE,
4D3D,
506C,
51A0,
50CE,
4BBE,
4518,
3FC2,
3C07,
38EB,
3962,
3DEB,
422C,
43FF,
42D9,
3FBC,
3D04,
3C16,
3CD4,
3F0B,
41A6,
4323,
43BC,
43E1,
4507,
46AD,
4701,
46F9,
48FA,
4B52,
4C8E,
4D6D,
4EC0,
5012,
5144,
50ED,
4DC9,
49B1,
46C9,
4418,
4017,
3C34,
3780,
3216,
2B74,
2467,
1EF8,
1CD3,
1C63,
1CB7,
1D58,
1C87,
1B3B,
181B,
1681,
1681,
18BA,
1D5E,
2428,
29B0,
2D1C,
2F26,
3080,
314D,
32FD,
35FD,
3AD4,
3FED,
4631,
4B99,
4F7A,
50AC,
5240,
5466,
5753,
57CD,
5515,
508A,
4A90,
45A6,
42E4,
3F92,
3D98,
3C21,
3B34,
3984,
37C1,
3327,
2DC7,
29E6,
28B6,
2930,
2B8C,
2D6A,
2DB1,
2C6A,
28F6,
23EC,
1E23,
1AC9,
1B68,
1D52,
1EA5,
1E5E,
1C1D,
19DD,
19BD,
1E52,
23D1,
29A8,
2FC5,
31FD,
320B,
31A7,
3072,
302F,
32A0,
3712,
3DC9,
4377,
459B,
437F,
404B,
3D9B,
3D7E,
3F4E,
40F4,
410E,
42B7,
4248,
3E5F,
395F,
3603,
32C5,
311B,
32DA,
34CD,
364A,
33B1,
2BD1,
2496,
2263,
2820,
34FC,
421C,
47C4,
4455,
38E7,
290B,
1FEE,
25C8,
33F7,
3D4D,
3FB5,
3A2B,
2E80,
235F,
2247,
2B58,
3454,
3C26,
4281,
3FD3,
34AF,
2B5B,
2105,
1298,
0C09,
11F1,
1762,
1937,
1BF4,
19DB,
0E3F,
06A4,
097D,
1243,
1EE7,
2A92,
2EC4,
2C32,
2592,
1960,
0E86,
0E84,
16F4,
1E40,
2289,
27D9,
2AF8,
29E9,
22FC,
1B4B,
13AE,
0BA8,
02D7,
F797,
EE03,
EC76,
F266,
F831,
FA08,
F8EF,
F5FF,
F20C,
F094,
F3D4,
F3A2,
ED0F,
DF9C,
D165,
C7AD,
C4E9,
C5D8,
CAD3,
D15A,
D4B2,
D7BD,
DB62,
DED5,
E53B,
EDA8,
F32B,
F6B3,
F82C,
F77C,
F970,
FC70,
0008,
0440,
0803,
085B,
080E,
0704,
048D,
0506,
0826,
0882,
065E,
05BE,
0578,
0640,
06DB,
02BF,
FC29,
F88E,
FB54,
012E,
0572,
0666,
049B,
019A,
0015,
0028,
FFBE,
FF72,
0102,
071C,
0EC2,
133B,
1493,
1276,
0E31,
089F,
03A8,
003E,
0028,
029D,
05D5,
063F,
047D,
00A0,
FF42,
03D7,
0A51,
0DD1,
0BE6,
04D6,
FD56,
F9A6,
F92A,
FB30,
F9F4,
F5C8,
F44D,
F2E9,
F0F7,
ED5E,
EAF1,
EBFF,
F0B2,
F5CA,
FD55,
0186,
FFED,
FAEF,
F62A,
F559,
F447,
F4AF,
F501,
F093,
E9DF,
E43C,
DDA2,
D982,
DA31,
DD9D,
E099,
E0A2,
DB2E,
D21B,
CDDA,
D00D,
D46B,
DA0B,
DE52,
DF8C,
DBE8,
D7D5,
D562,
CFE6,
CAB0,
CCDF,
D056,
CEF1,
C6C1,
BD6D,
B817,
B440,
B755,
B60D,
B00D,
A9D8,
A7F5,
AE67,
C90C,
E0BD,
E5D2,
D2E1,
B47B,
A4FA,
B87A,
E2B0,
1118,
2C78,
1BDC,
EAFA,
C584,
BC0E,
C356,
CFC2,
DE73,
EDC5,
E83A,
CE6C,
C126,
C891,
D8D9,
EE90,
F838,
EE8B,
E18A,
CCA8,
BE49,
BF32,
BE23,
BAB7,
C635,
D0AD,
DA95,
E72A,
E94B,
DF5A,
CE5A,
BB0A,
B704,
C446,
D72B,
E5D1,
E868,
DA72,
C3D5,
AFA7,
AA79,
B5D4,
C8D3,
DBF3,
EC1F,
FAD4,
0295,
FD0C,
F291,
EAD2,
DE0E,
CACF,
BD73,
B7F0,
B977,
C5E8,
D9C2,
E82C,
EEA8,
ECD8,
E4E3,
E148,
E4A7,
E949,
E9D1,
E511,
DBC3,
D27E,
CCBA,
CC50,
CEEB,
D2D5,
D3D4,
CF73,
CBA5,
CD57,
D6C2,
E145,
E6DE,
E5D8,
E167,
DC39,
DA04,
DB0C,
DED4,
E10B,
DEF9,
DA36,
D370,
CAC3,
C3FD,
BFD7,
BDAA,
BADE,
B6C2,
B22F,
B1E5,
B752,
BF71,
C38C,
C28A,
BF05,
BC91,
BD65,
C184,
C57C,
C909,
CB14,
CDA5,
CF91,
CE0A,
C90F,
C586,
C6F5,
CEB7,
D805,
DE0C,
DD86,
D6BE,
CC32,
C054,
B7E9,
B60F,
B920,
BF5A,
C4A0,
C329,
BDBC,
BA43,
BA0C,
BC7F,
C18E,
C744,
C669,
C0F3,
BF7C,
C2B8,
C4BD,
C3CF,
BE67,
B63E,
B33F,
B776,
C0A9,
C9F4,
D098,
D307,
D08E,
CD24,
CCBA,
D226,
DB44,
E406,
E618,
E11B,
D558,
C5C3,
B4D1,
A6A5,
A079,
A325,
A7F1,
AA37,
A974,
A5A1,
A179,
A25C,
A712,
AFD2,
BC1F,
CD7D,
DF82,
F052,
FC53,
079F,
10C2,
16A1,
1417,
112C,
0D86,
0889,
FD28,
EB33,
DB34,
D1A7,
CAEF,
C5E1,
B815,
B06A,
A639,
A102,
911D,
A970,
BAB2,
BF20,
D26D,
E09B,
F03F,
FA8B,
FF25,
FF06,
F835,
EF41,
E9AA,
E693,
E53C,
D8B4,
C7B7,
B44C,
A1BA,
917D,
86EE,
80A9,
80DD,
85DC,
88F0,
89E6,
8CB6,
91D2,
9CFC,
AC7D,
BA09,
C894,
D6AD,
DE9B,
E2EA,
E23D,
E019,
E33A,
EA38,
EDD9,
EEEF,
ED06,
E88E,
E16F,
D86F,
CF0F,
C6D9,
C314,
C093,
BA58,
B3F7,
B588,
BC6F,
C1F0,
C2E7,
C0A9,
C1DB,
C56A,
CA78,
CE7E,
CD26,
C4C9,
BC15,
B9A3,
BD69,
C0AD,
C0B7,
BFD5,
B8F6,
A766,
9670,
94B7,
A32A,
B16F,
B857,
B9EA,
B4AA,
AA96,
AAA5,
B5EB,
C59D,
D58A,
E5AB,
F0CD,
F43D,
F3E1,
F59C,
F40F,
EE7F,
EA11,
E8CB,
E6F5,
E2CE,
DADE,
CD3A,
B8D0,
A39E,
95EC,
962E,
A194,
AEBF,
B615,
B6EB,
B488,
B619,
BE5D,
C827,
D188,
DB1E,
E1A5,
E530,
E57E,
E61D,
E9C5,
EF67,
F0EB,
E987,
DAA9,
CF9C,
D0E2,
DBAE,
E910,
F173,
F178,
E836,
DFF5,
DFDF,
E7DB,
F4D9,
FE57,
FEE6,
F840,
F104,
EDC4,
EF59,
EEA7,
EB94,
E761,
E4A1,
DF63,
DA15,
D9E0,
D927,
D103,
C7EB,
C256,
BCE4,
B8A0,
BC3A,
C703,
CF70,
CF58,
D049,
D7BF,
E61A,
F53C,
01B6,
06BE,
0694,
066F,
0826,
09C1,
0C73,
0A1A,
FB7F,
ED14,
EC06,
ECE5,
E68E,
DBA8,
D8E5,
DB3D,
DEE4,
E34A,
E784,
E603,
E268,
E49E,
EC19,
F5E1,
FA65,
F9F3,
F74C,
F5A2,
F463,
F31D,
F119,
EEC4,
F184,
F823,
FDCC,
FF12,
0220,
070D,
0E45,
159C,
1BAD,
1DE1,
1D30,
17F5,
15D6,
1076,
065B,
FA9B,
EF6C,
E8EE,
E002,
D2C6,
C740,
C3A4,
C4BC,
CCB3,
CCD9,
CC3E,
CFA4,
DC50,
EBDE,
FA4E,
0675,
0FBF,
1495,
1C98,
244A,
2B58,
326E,
33A2,
2BFE,
229B,
1BFB,
1964,
1B2F,
2059,
2263,
2401,
246E,
1FB6,
1767,
0FE1,
0B67,
0ABB,
08CC,
01FE,
F5E2,
E5EE,
D735,
C83C,
BFC6,
BC23,
BBEB,
C0F2,
C8AF,
D13E,
D947,
E020,
E8F5,
F4C0,
FC43,
030A,
07F2,
0CC7,
1320,
16A8,
157B,
0FC9,
0605,
FDBD,
FB85,
FB37,
FAAF,
F8D0,
F7A1,
F89B,
FBB4,
FF1E,
FF8D,
0009,
0333,
07C2,
0D6D,
147A,
188C,
1BEA,
1D54,
1DD7,
1FDD,
220A,
236B,
242E,
24A8,
24C0,
25CB,
2725,
28DA,
2A37,
2E0B,
3552,
3A8D,
3B67,
39A1,
3975,
3A68,
3A20,
36A4,
303E,
2912,
208E,
194E,
1445,
0FA8,
09C3,
0662,
0438,
0231,
0423,
0A6F,
13E3,
1C8D,
24A1,
2C88,
3288,
345C,
32AA,
30BF,
31A4,
3419,
3421,
3285,
2F60,
2EF9,
308E,
2FD1,
2E84,
3086,
3635,
39AC,
3C2D,
3F64,
448B,
4811,
4C1A,
5217,
5928,
5F21,
60B3,
5EE4,
5D65,
5C34,
56A9,
4F17,
4710,
419A,
438A,
4583,
45AA,
43CE,
412F,
3E34,
3D5D,
3BE1,
3806,
33FA,
31B4,
2F51,
2BFC,
2996,
23AD,
1BF4,
1851,
1617,
12F2,
12C6,
1735,
1C40,
1E60,
1DC8,
1E45,
2167,
263B,
2B88,
30FF,
373A,
3DC6,
3FC4,
407D,
4148,
426A,
4177,
3EA3,
3D08,
3D64,
3DEC,
3B04,
3563,
31D9,
32DF,
338D,
30A2,
2BBE,
2921,
2A53,
2B34,
29F6,
28CB,
291F,
2781,
2324,
22EC,
257F,
293D,
2D09,
314B,
373E,
3EC3,
463F,
4B8E,
5108,
584A,
5EA5,
613F,
6100,
5FC2,
5F62,
5D6A,
5728,
4D2D,
42E0,
39BA,
3398,
3198,
30F0,
2C08,
26AE,
2263,
1EBD,
1C82,
1CAE,
2042,
24F4,
29C1,
2CBD,
2E6C,
3352,
3BB6,
4336,
48ED,
4C1A,
5006,
548A,
5995,
5CC3,
5E51,
5E9D,
5E47,
5C94,
5984,
5404,
4E2C,
4909,
414D,
3953,
3178,
2C06,
2A10,
2897,
2770,
2610,
2341,
1E03,
1739,
1105,
0C67,
0A15,
08D4,
092F,
0A9B,
0CBE,
0BC1,
0A13,
0BE5,
1176,
1950,
21F6,
29AA,
3134,
388E,
3DB2,
4059,
4373,
45D5,
4A49,
4E07,
51E0,
53B6,
5364,
4E46,
4736,
4167,
3D69,
3A1C,
3AD5,
402F,
44E5,
4687,
44C6,
40DB,
3D7D,
3C50,
3CD9,
3EC7,
4137,
427E,
42A0,
424A,
4362,
451E,
4540,
44D9,
4687,
48A6,
49D2,
4AB5,
4C3E,
4DF6,
4F8E,
4F78,
4C43,
4809,
4561,
4313,
3F13,
3B54,
36DC,
3196,
2ADB,
23B6,
1E4F,
1C99,
1CCD,
1DC5,
1EF3,
1E58,
1D00,
194F,
172D,
16C9,
18F3,
1DEB,
2541,
2AF1,
2E03,
2F72,
301C,
3053,
31CA,
34FD,
3A70,
4002,
4693,
4BF0,
4F86,
5036,
51AE,
540D,
5781,
5834,
5532,
5023,
4986,
4454,
41CB,
3EA8,
3D04,
3BD3,
3B26,
398E,
37DB,
32D8,
2CE4,
28A8,
277D,
2831,
2B13,
2D7A,
2E14,
2CE1,
2910,
235B,
1CC5,
190C,
19F1,
1C47,
1DCE,
1D65,
1ABD,
182E,
1805,
1D3A,
234C,
299F,
3042,
3273,
3232,
317E,
2FD8,
2F4D,
31D4,
36A7,
3E34,
44A7,
4702,
4452,
404A,
3D14,
3D2F,
3FC6,
425F,
4337,
45A2,
453F,
407D,
3A67,
3679,
330B,
315E,
3359,
353A,
3651,
32EA,
2A53,
22F1,
20F7,
272C,
345E,
4170,
46F5,
4392,
3844,
2853,
1EE1,
243C,
3202,
3B10,
3DBC,
38A4,
2DB0,
232D,
21F1,
2A21,
3215,
39A2,
40CC,
3FD9,
367F,
2DFA,
2309,
1321,
0B14,
104C,
15C5,
17B1,
1A42,
17DE,
0BD3,
042F,
077F,
10D6,
1DCD,
2937,
2D04,
2A2C,
2386,
1774,
0CEB,
0D13,
153C,
1BA0,
1EC6,
238E,
26CD,
268F,
2034,
18EA,
11AA,
0A13,
0200,
F760,
EE15,
EC7E,
F221,
F731,
F886,
F79E,
F55B,
F1C8,
EFE7,
F252,
F11E,
EA23,
DCCA,
CF4F,
C673,
C460,
C566,
C9E7,
D006,
D380,
D728,
DB5A,
DEF9,
E520,
ED52,
F2E6,
F6D9,
F8EF,
F8CC,
FB22,
FDE0,
00EE,
04C2,
08E6,
0A33,
0B03,
0ADC,
08CD,
092F,
0BD4,
0BA2,
0901,
0856,
083C,
094F,
0A22,
05A1,
FE36,
F9F9,
FC82,
023A,
066C,
073B,
050A,
016D,
FF25,
FEAA,
FDCE,
FD42,
FEC5,
052C,
0CF5,
1161,
12D1,
10C3,
0C87,
06DD,
01A5,
FDF7,
FDFC,
00E4,
04CF,
05CB,
0448,
0014,
FE14,
028A,
097E,
0D9B,
0BE8,
04CD,
FD38,
F9A0,
F942,
FBAE,
FA80,
F5F0,
F449,
F29F,
F058,
EC6A,
E9ED,
EB10,
EFC6,
F4A6,
FCA0,
018A,
008C,
FBD7,
F69A,
F514,
F2AE,
F1F2,
F1F4,
EDEB,
E811,
E354,
DCB6,
D814,
D830,
DB86,
DEEA,
DEE9,
D83A,
CE01,
CA31,
CE10,
D443,
DB93,
E02B,
DFE1,
D9AF,
D44A,
D251,
CDB8,
C930,
CC53,
D020,
CE24,
C493,
BA9E,
B5D6,
B2D8,
B7E7,
B78C,
B134,
AA3C,
A735,
AC30,
C74F,
DF4B,
E525,
D421,
B7A4,
A8E4,
BC4C,
E52F,
11C2,
2C0E,
1BD2,
ECAB,
C96A,
C12D,
C87C,
D412,
E12D,
EEE1,
E8D2,
D004,
C425,
CCA9,
DD75,
F2A3,
FB92,
F12A,
E386,
CE57,
C03D,
C0A7,
BE9E,
B9BC,
C3FF,
CE33,
D881,
E565,
E7AC,
DDC9,
CC69,
B934,
B5E3,
C389,
D678,
E528,
E7E9,
D9F2,
C37B,
AFB8,
AAF2,
B613,
C84B,
DA55,
E977,
F834,
0144,
FDBE,
F4F0,
EDA8,
E03A,
CC40,
BECE,
B9BD,
BBED,
C8B0,
DC66,
EA5D,
F099,
EEEF,
E721,
E33B,
E5C4,
E9C3,
E9E6,
E535,
DC85,
D422,
CEB4,
CE20,
CFE6,
D2E7,
D35B,
CEDA,
CB35,
CCE0,
D62C,
E047,
E56B,
E450,
E072,
DBF4,
D9F6,
DA94,
DDAB,
DF1D,
DC8B,
D7FF,
D1A1,
C905,
C1FF,
BD94,
BB16,
B7E9,
B3BA,
AF67,
AF79,
B53F,
BDB2,
C1EC,
C0D0,
BD33,
BAE9,
BC12,
C0AF,
C554,
C9A1,
CC12,
CEC6,
D0B2,
CEC3,
C924,
C538,
C6C0,
CF1B,
D965,
E02F,
DFC6,
D8B2,
CE0B,
C21E,
B9B0,
B7F5,
BB74,
C229,
C7CF,
C63D,
C07A,
BC59,
BB7A,
BD77,
C239,
C78B,
C623,
BFF6,
BE13,
C173,
C3EF,
C35D,
BE0F,
B57B,
B229,
B683,
C0AF,
CADF,
D208,
D4C5,
D29A,
CF3D,
CE97,
D39B,
DC5E,
E4DA,
E6AE,
E1B2,
D613,
C645,
B4DC,
A600,
9F54,
A1B6,
A673,
A955,
AA79,
A820,
A42E,
A48E,
A886,
B10B,
BE5C,
D147,
E44D,
F517,
FFF7,
09AE,
11A1,
1706,
147E,
11DA,
0E0E,
086B,
FC95,
E9CC,
D9FC,
D0C0,
CACE,
C6EC,
B9A2,
B22F,
A7DF,
A274,
9339,
A895,
B8EE,
BD78,
D150,
E05F,
F05F,
FAD6,
FE91,
FDF1,
F622,
ECF3,
E7E8,
E5BF,
E52E,
D8CC,
C7E5,
B46F,
A186,
9124,
86A1,
8094,
8136,
86D5,
89E5,
8AC8,
8D60,
9200,
9CE2,
AC5C,
B94E,
C7B5,
D5D7,
DD31,
E0A7,
DF48,
DCDA,
E08F,
E89C,
ED76,
EFE4,
EF1E,
EB66,
E4E0,
DC27,
D2F2,
CACD,
C755,
C4DE,
BE4D,
B74A,
B827,
BE09,
C2BE,
C369,
C13A,
C2DD,
C69A,
CB2E,
CE61,
CC72,
C40D,
BB96,
B938,
BCCB,
BFA1,
BEF3,
BD70,
B60F,
A455,
9385,
91AA,
9FEA,
AE4F,
B5A0,
B7D6,
B35F,
A9B5,
A9ED,
B4F1,
C40C,
D33E,
E2F8,
EE98,
F38A,
F4C5,
F793,
F682,
F114,
EC94,
EB71,
EA14,
E64D,
DE5F,
D0B2,
BC3F,
A6DD,
98FA,
9979,
A544,
B240,
B8A9,
B884,
B5A3,
B734,
BFDF,
C9E0,
D2A5,
DADF,
E019,
E305,
E30C,
E396,
E75D,
ED38,
EEE5,
E78E,
D8AB,
CDB5,
CF3D,
DA23,
E76F,
EF9B,
EFAA,
E658,
DE4F,
DE92,
E6BD,
F413,
FE20,
FF34,
F907,
F244,
EF08,
F02C,
EF10,
EC89,
E928,
E6D7,
E151,
DB7E,
DB42,
DABC,
D237,
C89C,
C35C,
BEB1,
BAA0,
BDB7,
C7B8,
CF35,
CE26,
CF03,
D71A,
E618,
F51B,
0147,
0618,
05DE,
05C8,
07A2,
0915,
0B92,
0967,
FB60,
ED8F,
ECB4,
ED1D,
E620,
DA42,
D6F9,
D95D,
DDA3,
E2B2,
E745,
E5B6,
E1B3,
E35F,
EA58,
F421,
F8DD,
F8BB,
F5C6,
F36F,
F1D6,
F092,
EEB6,
ECC3,
F022,
F761,
FE15,
0070,
04BB,
0ABD,
128B,
19D5,
1FF9,
224B,
21D6,
1CAB,
1ACE,
14E6,
0A43,
FE72,
F2EE,
EC6D,
E3D6,
D6D7,
CB21,
C746,
C781,
CEE5,
CE18,
CD28,
CFE7,
DBD3,
EA7B,
F7A9,
0221,
0A10,
0E07,
15F4,
1DC7,
2562,
2D36,
2EC2,
2738,
1DFA,
178C,
154D,
176F,
1D42,
201B,
229C,
23B6,
1F8B,
17E6,
10E6,
0C5E,
0B61,
0925,
027E,
F6EA,
E753,
D8ED,
C9D7,
C12F,
BD2B,
BCC0,
C1CB,
C942,
D19A,
D9F8,
E140,
EA22,
F5DF,
FCF6,
0355,
07F6,
0CF8,
13BE,
179A,
168E,
10CB,
06EE,
FE87,
FC12,
FBBC,
FBC6,
FABE,
FA54,
FBAD,
FEAE,
0216,
02AF,
0339,
0621,
0A51,
0FA0,
166A,
19FA,
1CCF,
1D7F,
1CF6,
1DBE,
1F40,
20C0,
21E9,
22B3,
22B5,
2364,
2487,
267E,
2892,
2D2C,
34EB,
3A63,
3B71,
39A6,
395D,
3A22,
3A0C,
374C,
3189,
2A98,
2209,
1AF7,
164D,
1225,
0CB9,
09CA,
078F,
053A,
0748,
0DEE,
17C9,
2070,
2823,
2F9B,
3558,
371D,
3563,
332E,
339C,
35BA,
3577,
33BF,
3060,
2F94,
30A0,
2F67,
2DE8,
2FC8,
354A,
3854,
3A8F,
3D58,
4204,
44FB,
48AE,
4EA2,
55F3,
5C58,
5E5F,
5CFA,
5BAC,
5A7E,
548B,
4C95,
446B,
3F18,
41BE,
44AC,
4609,
44EE,
4299,
3F91,
3EAF,
3D47,
397F,
3540,
32B7,
302C,
2CE0,
2AA9,
244D,
1BAC,
173D,
145A,
10F9,
111E,
15EB,
1B11,
1D1C,
1C7D,
1D37,
2099,
254E,
2A38,
2F66,
35AA,
3C90,
3E97,
3F26,
3FAD,
40AE,
3FAD,
3D25,
3C6D,
3DB1,
3ED9,
3C6B,
3734,
33E9,
353F,
3639,
3387,
2ECE,
2C2A,
2D1B,
2D9E,
2BE8,
2A08,
29AE,
2789,
2289,
21E8,
242A,
27CE,
2B63,
2F62,
3535,
3CBA,
449B,
4A90,
5087,
5813,
5E6C,
60CC,
60B4,
6032,
60F0,
6003,
5A45,
5028,
4585,
3C37,
3621,
3467,
3462,
3003,
2B10,
26DD,
22D8,
1FFD,
1FB7,
2315,
2733,
2B39,
2D69,
2E06,
31CE,
396B,
405C,
4585,
47FD,
4B8C,
4FE1,
550A,
5877,
5A4E,
5AE5,
5B10,
59D6,
572D,
51FB,
4C72,
4773,
3F90,
37C2,
3024,
2B0B,
29A8,
2888,
27C5,
26FE,
24BE,
1FAD,
18DA,
12C4,
0E5D,
0C30,
0AEA,
0B38,
0C79,
0E7A,
0D1D,
0B0C,
0CB2,
1218,
19BE,
225A,
2A28,
31D6,
3959,
3E83,
40EE,
43C5,
45F2,
4AB9,
4ED5,
533F,
55A4,
55C8,
50A1,
4930,
42F4,
3EB8,
3B37,
3C21,
422B,
4742,
48BA,
467A,
41E2,
3DF9,
3C96,
3CE6,
3E86,
40CB,
41E5,
419D,
40DC,
41F0,
43C3,
43B3,
42E9,
4442,
4626,
4740,
4828,
49E7,
4C01,
4DF7,
4E25,
4AEB,
4698,
442B,
4235,
3E2C,
3A88,
3650,
3136,
2A75,
234C,
1DF0,
1C9B,
1D62,
1EF5,
20AF,
2055,
1EF8,
1AC3,
181D,
1753,
1966,
1EA8,
2680,
2C58,
2F1B,
2FF8,
2FF7,
2F9E,
30DA,
3431,
3A2A,
4022,
46EC,
4C34,
4F7D,
4FB5,
5110,
539D,
5783,
5860,
550B,
4F7C,
484A,
42D6,
4082,
3D8D,
3C3A,
3B4F,
3AE4,
396C,
37D1,
3279,
2C08,
2780,
265E,
2751,
2ABB,
2DB0,
2EA6,
2D93,
2978,
232C,
1BDC,
17CD,
18F0,
1BA8,
1D5B,
1CD0,
19CB,
16FA,
16CD,
1C99,
232A,
29DE,
30EB,
3309,
3279,
3177,
2F61,
2E85,
3111,
3637,
3E8E,
45C1,
4856,
4517,
402F,
3C62,
3CA6,
3FFD,
4393,
453F,
4874,
481D,
427F,
3B54,
36DC,
334F,
31B7,
33FF,
35D0,
3678,
323E,
28FB,
217D,
1FBE,
2662,
33DF,
40D7,
4638,
42EE,
37CF,
27D6,
1E0B,
22CF,
3012,
38D5,
3BCF,
373A,
2D0B,
231E,
21A1,
28D2,
2FAD,
36EC,
3EE9,
3FBF,
3841,
3094,
2517,
13CB,
0A49,
0EC0,
1428,
1613,
186B,
15C6,
0975,
01E8,
05BA,
0F94,
1CBB,
27C2,
2B20,
2811,
2186,
15B6,
0B84,
0BBD,
1377,
18D8,
1AD7,
1F1F,
2288,
2318,
1D49,
165C,
0F74,
0851,
010A,
F721,
EE34,
EC95,
F1E5,
F63D,
F71A,
F669,
F4D4,
F1A0,
EF5B,
F0F4,
EECF,
E77D,
DA4F,
CD9A,
C59C,
C431,
C546,
C94F,
CF0B,
D2AF,
D6F2,
DBA5,
DF61,
E53C,
ED26,
F2C3,
F716,
F9BB,
FA12,
FCB7,
FF32,
01BF,
0538,
09B9,
0BEE,
0DC8,
0E70,
0CBE,
0D0D,
0F3F,
0E88,
0B72,
0AB2,
0AB6,
0BFF,
0CFF,
0828,
0007,
FB48,
FDA3,
0338,
0750,
07F4,
055D,
012F,
FE33,
FD3A,
FC00,
FB43,
FCBF,
0366,
0B3D,
0F8D,
110E,
0F12,
0AE2,
0528,
FFBF,
FBD9,
FBF5,
FF42,
03C8,
0546,
0403,
FF8B,
FCFD,
0157,
08B4,
0D53,
0BC0,
048C,
FCE2,
F965,
F92E,
FC04,
FAE6,
F5F8,
F420,
F22E,
EF91,
EB55,
E8D5,
EA17,
EED4,
F37F,
FBDD,
0173,
0107,
FC93,
F6E2,
F4A7,
F0F7,
EF20,
EECC,
EB27,
E627,
E252,
DBB6,
D698,
D629,
D972,
DD41,
DD2C,
D52A,
C9B0,
C645,
CBDF,
D40E,
DD39,
E246,
E07D,
D79F,
D0CF,
CF48,
CB8F,
C7BE,
CBE0,
D017,
CD8C,
C299,
B804,
B3C4,
B19F,
B8A4,
B938,
B282,
AAD0,
A6A6,
AA25,
C5A2,
DDCE,
E45A,
D548,
BAC2,
ACCC,
C018,
E78E,
1227,
2B42,
1B5F,
EE09,
CD12,
C61A,
CD74,
D82E,
E3A5,
EFA9,
E90E,
D146,
C6D8,
D07A,
E1CC,
F677,
FEBE,
F3B1,
E56E,
CFFA,
C227,
C213,
BF16,
B8D0,
C1D5,
CBB8,
D666,
E39D,
E616,
DC58,
CAB7,
B7A7,
B4FC,
C2F3,
D5DA,
E489,
E76F,
D97E,
C338,
AFE2,
AB77,
B654,
C7BA,
D8A7,
E6C0,
F575,
FFBE,
FE2C,
F701,
F034,
E237,
CD9F,
C01F,
BB7D,
BE4B,
CB50,
DED4,
EC50,
F248,
F0BF,
E912,
E4DC,
E68B,
E9E5,
E9A5,
E501,
DCEC,
D56D,
D063,
CFB0,
D0B1,
D2D3,
D2C3,
CE2E,
CABD,
CC66,
D587,
DF35,
E3E9,
E2BC,
DF6C,
DB92,
D9C7,
DA05,
DC80,
DD49,
DA4D,
D5F9,
CFF4,
C758,
C008,
BB57,
B890,
B512,
B0DD,
ACC7,
AD21,
B328,
BBDB,
C031,
BF07,
BB66,
B950,
BACB,
BFD9,
C51A,
CA1C,
CCFA,
CFD8,
D1C4,
CF6D,
C92D,
C4DF,
C67F,
CF63,
DA8E,
E200,
E1A6,
DA55,
CFB8,
C3E4,
BB8C,
B9ED,
BDBE,
C4CA,
CAB6,
C90D,
C307,
BE53,
BCDA,
BE59,
C2BC,
C798,
C59A,
BEB9,
BC70,
BFF9,
C2F9,
C2D2,
BDBA,
B4E3,
B15A,
B5DA,
C0ED,
CBF2,
D3A2,
D6BD,
D4ED,
D19D,
D0B3,
D536,
DD7F,
E598,
E727,
E239,
D6D2,
C6D8,
B4FC,
A56E,
9E35,
A03A,
A4D2,
A83D,
AB36,
AA53,
A6A1,
A689,
A9D0,
B210,
C04B,
D4A1,
E893,
F954,
0328,
0B69,
1245,
1737,
14AB,
123D,
0E43,
07FF,
FBC5,
E840,
D8A2,
CFB2,
CA82,
C7BF,
BB00,
B3BE,
A960,
A3BB,
954B,
A798,
B6FE,
BBB5,
D000,
DFF1,
F044,
FAF1,
FDE9,
FCE4,
F440,
EAF1,
E67B,
E53B,
E554,
D913,
C83B,
B4BF,
A18E,
9110,
8692,
80A9,
8196,
87B3,
8ABB,
8B95,
8E07,
9243,
9CD9,
AC2A,
B875,
C6B6,
D4DF,
DBB4,
DE5D,
DC4A,
D985,
DDB1,
E6B2,
ECB8,
F070,
F0C9,
EDDA,
E7E9,
DF6E,
D65D,
CE4D,
CB22,
C8B0,
C1C9,
BA29,
BA58,
BF41,
C339,
C3A3,
C196,
C3B7,
C7AE,
CBDA,
CE52,
CBDA,
C378,
BB42,
B8F9,
BC54,
BEBF,
BD67,
BB48,
B361,
A178,
90C3,
8EAF,
9C9A,
AB02,
B2B2,
B590,
B1F4,
A8CD,
A93D,
B405,
C28A,
D0F7,
E038,
EC44,
F2B0,
F58B,
F974,
F8E2,
F391,
EEEE,
EDD1,
ECCE,
E952,
E167,
D3BF,
BF57,
A9DD,
9BDF,
9C9C,
A8C5,
B58F,
BB14,
BA04,
B6B9,
B855,
C166,
CB92,
D3B1,
DA88,
DE7E,
E0D4,
E09F,
E11C,
E507,
EB17,
ECE5,
E595,
D6AB,
CBCF,
CD95,
D88A,
E5AE,
ED99,
EDAC,
E44F,
DC79,
DD09,
E566,
F320,
FDC8,
FF6B,
F9C2,
F37A,
F041,
F0F2,
EF76,
ED83,
EAFD,
E913,
E32A,
DCBC,
DC77,
DC34,
D35E,
C944,
C45A,
C072,
BC93,
BF30,
C878,
CF10,
CD19,
CDE4,
D69B,
E62A,
F4FB,
00C6,
055C,
0520,
0521,
071B,
085A,
0A91,
0887,
FB14,
EDDA,
ED2D,
ED2C,
E59C,
D8E0,
D51F,
D78C,
DC5E,
E208,
E6F1,
E55E,
E10F,
E246,
E8C2,
F284,
F76E,
F787,
F431,
F12B,
EF4A,
EE1E,
EC78,
EAE3,
EED0,
F69B,
FE46,
01B7,
0741,
0E5A,
16C4,
1E0F,
244F,
26BF,
2680,
215B,
1FA7,
1930,
0E09,
022E,
F666,
EFDA,
E787,
DAC1,
CEE3,
CAC8,
CA2C,
D0F6,
CF48,
CE0E,
D037,
DB61,
E91B,
F505,
FDD9,
0473,
078B,
0F45,
1720,
1F37,
27C4,
29AF,
224E,
1940,
1302,
1110,
138A,
1A07,
1DB1,
210E,
22D1,
1F37,
183D,
11C3,
0D35,
0BEC,
096D,
02F1,
F7E9,
E8BB,
DAB5,
CB9E,
C2DB,
BE81,
BDE1,
C2E3,
CA0F,
D232,
DAE6,
E29F,
EB88,
F728,
FDD4,
03D0,
082F,
0D5F,
148B,
18B0,
17BB,
11E9,
07FF,
FF7E,
FCC1,
FC51,
FCDA,
FCA1,
FCF5,
FEA6,
0189,
04E4,
05A3,
063C,
08E9,
0CC4,
11C4,
1854,
1B70,
1DBF,
1DAD,
1C0D,
1B97,
1C71,
1E10,
1FA1,
20B9,
20A0,
20F1,
21E4,
2425,
26F6,
2C56,
3492,
3A4E,
3B93,
39C1,
3950,
39DE,
39FC,
3802,
32E8,
2C30,
2391,
1CAB,
1864,
14B4,
0FC7,
0D4D,
0B08,
0875,
0AAE,
11B7,
1BF6,
2490,
2BD5,
32D8,
3852,
3A0E,
3854,
35D1,
35BA,
3773,
36E1,
350F,
317A,
3048,
30C5,
2F09,
2D53,
2F0F,
345D,
3702,
3902,
3B5F,
3F85,
41E0,
452D,
4B10,
529D,
5966,
5BD5,
5AD0,
59B4,
5892,
524B,
4A02,
41C0,
3C98,
3FF1,
43D6,
4669,
4613,
440C,
40F9,
400B,
3EC0,
3B1A,
36B3,
33E2,
312A,
2DEA,
2BE7,
2525,
1BAD,
167F,
1300,
0F6C,
0FDE,
1502,
1A37,
1C1B,
1B67,
1C59,
1FFB,
2494,
2915,
2DF1,
3431,
3B62,
3D6C,
3DD1,
3E15,
3EFA,
3DF9,
3BC6,
3BED,
3E09,
3FC5,
3DD0,
3912,
3618,
37C3,
3907,
368E,
3200,
2F59,
300D,
3035,
2E12,
2B8A,
2A8B,
27DE,
223C,
212F,
2320,
26AA,
2A03,
2DBC,
3369,
3AEB,
432C,
49C3,
5031,
57F8,
5E44,
6068,
6075,
60AA,
6279,
6285,
5D43,
5312,
482C,
3EC4,
38C3,
374E,
37E2,
340C,
2F82,
2B6A,
270B,
2394,
22DF,
2605,
298C,
2CC9,
2E29,
2DB9,
306B,
3747,
3DAA,
4247,
440B,
4735,
4B50,
508A,
542A,
563F,
5719,
57B8,
56EC,
54A6,
4FC6,
4A8F,
45B4,
3DB6,
361B,
2EC6,
2A11,
2945,
288E,
283A,
280A,
2657,
2181,
1ABA,
14D8,
10B6,
0EB5,
0D6B,
0DA7,
0EBB,
109D,
0EF0,
0C8C,
0E08,
1336,
1A96,
2311,
2AE8,
32B4,
3A57,
3F7F,
41AB,
443B,
4632,
4B3C,
4FA4,
5489,
576A,
57FA,
52CE,
4B0A,
446C,
3FF7,
3C42,
3D4D,
43E6,
494C,
4AA0,
47F8,
42D4,
3E7A,
3CEA,
3CFE,
3E4B,
4066,
415B,
40B8,
3F9B,
40B4,
429E,
4259,
412D,
422D,
43D7,
44DE,
45C9,
47BD,
4A32,
4C80,
4CF4,
49BF,
455A,
4326,
417D,
3D63,
39D2,
35DB,
30F7,
2A3F,
2325,
1DD8,
1CD6,
1E21,
2047,
2289,
2277,
211D,
1C70,
194D,
181B,
1A10,
1F92,
27E1,
2DDF,
305E,
30B5,
300F,
2F2D,
302E,
3399,
3A01,
404B,
473C,
4C66,
4F62,
4F2A,
506A,
5317,
575C,
5851,
54A2,
4E99,
46E5,
4134,
3F11,
3C47,
3B41,
3A9A,
3A71,
3920,
37A7,
320E,
2B36,
2670,
255C,
2690,
2A82,
2E0A,
2F63,
2E7B,
2A29,
235D,
1B67,
170C,
1864,
1B71,
1D4A,
1C9C,
1945,
163E,
1615,
1C6B,
2367,
2A61,
31BD,
33BE,
32DF,
3193,
2F0C,
2DD6,
3058,
35C4,
3EDB,
46C9,
499C,
45D0,
3FFC,
3B87,
3BE5,
3FF6,
4492,
4728,
4B2C,
4ADF,
4463,
3C29,
372F,
3394,
322C,
34D1,
3693,
36BE,
31AD,
27CB,
203A,
1EB6,
25C4,
337E,
4052,
458F,
4266,
3786,
2793,
1D6B,
2180,
2E26,
369F,
39EF,
35EE,
2C8E,
232C,
2150,
2764,
2D18,
3405,
3CD5,
3F81,
39EC,
331F,
2725,
1491,
09A4,
0D4B,
128A,
145C,
166C,
1391,
0720,
FFCD,
042B,
0E7C,
1BB2,
2637,
291A,
25E4,
1F96,
1426,
0A51,
0A83,
11A7,
15EC,
16C2,
1A92,
1E2F,
1F87,
1A3E,
13A2,
0D0E,
0667,
FFFB,
F6DC,
EE5F,
ECBB,
F1AF,
F553,
F5C2,
F550,
F467,
F191,
EEEE,
EFBC,
ECB4,
E519,
D829,
CC43,
C524,
C457,
C577,
C909,
CE68,
D23C,
D718,
DC3F,
E009,
E58A,
ED22,
F2C1,
F76A,
FA8E,
FB4E,
FE2F,
0063,
027A,
05A1,
0A7A,
0D89,
1059,
11BC,
105F,
109E,
1263,
1131,
0DAF,
0CD5,
0CE6,
0E54,
0F76,
0A56,
01A0,
FC7A,
FEB4,
0428,
0820,
0893,
0599,
00E3,
FD41,
FBDB,
FA57,
F976,
FAF2,
01CB,
0999,
0DC2,
0F4E,
0D66,
0945,
0382,
FDF6,
F9E5,
FA14,
FDB6,
02C0,
04B1,
03AB,
FF00,
FBFA,
0038,
07ED,
0CF5,
0B68,
040F,
FC50,
F8F0,
F8E7,
FC2A,
FB21,
F5DA,
F3CD,
F192,
EE9F,
EA1E,
E7A5,
E90F,
EDD7,
F252,
FB07,
013F,
015C,
FD25,
F703,
F414,
EF26,
EC3A,
EB8F,
E84B,
E426,
E137,
DAA5,
D510,
D41F,
D765,
DBA1,
DB6F,
D200,
C52D,
C216,
C97A,
D3CC,
DEFB,
E4A6,
E161,
D5BA,
CD67,
CC46,
C96C,
C656,
CB82,
D038,
CD27,
C0D3,
B5A1,
B1E1,
B094,
B98C,
BB0E,
B3F4,
AB92,
A648,
A847,
C403,
DC49,
E370,
D654,
BDCF,
B0AC,
C3D9,
E9CE,
124A,
2A16,
1A82,
EF0F,
D076,
CACF,
D237,
DC13,
E5DC,
F01E,
E8EE,
D233,
C93E,
D401,
E5DA,
FA0B,
01B8,
F621,
E744,
D193,
C409,
C378,
BF8A,
B7F2,
BFB6,
C93F,
D449,
E1D9,
E492,
DB0D,
C946,
B666,
B452,
C28A,
D559,
E3FA,
E6FD,
D918,
C308,
B01F,
AC07,
B693,
C71E,
D6EA,
E3FA,
F298,
FE00,
FE52,
F8C1,
F272,
E400,
CEE7,
C163,
BD2E,
C08D,
CDC9,
E10A,
EE02,
F3B1,
F243,
EAB2,
E626,
E6FC,
E9AF,
E90F,
E478,
DCFA,
D65F,
D1C6,
D102,
D14B,
D29B,
D20F,
CD71,
CA3F,
CBE9,
D4D5,
DE11,
E259,
E11D,
DE54,
DB14,
D976,
D962,
DB56,
DB92,
D840,
D421,
CE65,
C5BC,
BE1A,
B923,
B61A,
B25C,
AE2B,
AA4E,
AADD,
B10D,
B9ED,
BE5D,
BD31,
B99E,
B7C7,
B990,
BEFE,
C4CC,
CA79,
CDCA,
D0DA,
D2C7,
D007,
C92A,
C47D,
C630,
CF8D,
DB80,
E37B,
E326,
DBA8,
D135,
C5A2,
BD78,
BBF4,
BFFE,
C73B,
CD56,
CB99,
C562,
C030,
BE28,
BF23,
C315,
C76A,
C4CF,
BD3C,
BA93,
BE4A,
C1D7,
C22C,
BD68,
B476,
B0D4,
B57F,
C164,
CD30,
D56D,
D8F3,
D78A,
D449,
D311,
D6FB,
DEA8,
E644,
E788,
E2B1,
D794,
C77B,
B52F,
A4EC,
9D1E,
9EB4,
A311,
A6EF,
ABA9,
AC36,
A8CB,
A84D,
AAF0,
B2E3,
C1ED,
D788,
EC4F,
FD02,
05E5,
0CCC,
12B0,
1734,
14A0,
1256,
0E27,
0746,
FABA,
E692,
D729,
CE83,
CA10,
C85C,
BC2E,
B517,
AABC,
A4D9,
9751,
A65D,
B4CE,
B9C4,
CE74,
DF48,
EFE9,
FAD6,
FD28,
FBDC,
F28C,
E936,
E55B,
E4FA,
E5A4,
D977,
C8A3,
B520,
A1B1,
911C,
8697,
80BB,
81D2,
884F,
8B4A,
8C24,
8E81,
9272,
9CBC,
ABCB,
B766,
C581,
D3B3,
DA16,
DBFD,
D937,
D60C,
DA96,
E474,
EB97,
F08B,
F201,
EFDF,
EA82,
E239,
D941,
D147,
CE68,
CBF5,
C4B3,
BC7B,
BC00,
C003,
C34D,
C382,
C1A8,
C453,
C890,
CC6B,
CE41,
CB4E,
C2F4,
BB02,
B8CB,
BBEC,
BDF1,
BBFE,
B94A,
B0D7,
9EB3,
8E08,
8BA5,
991D,
A771,
AF76,
B303,
B051,
A7C4,
A878,
B30E,
C100,
CEA5,
DD60,
E9C9,
F1A9,
F62E,
FB38,
FB27,
F5EC,
F116,
EFE4,
EF1B,
EBD3,
E3EB,
D650,
C1FD,
AC7C,
9E72,
9F71,
ABF7,
B892,
BD3F,
BB55,
B7B1,
B966,
C2DD,
CD2C,
D49B,
DA10,
DCCD,
DE98,
DE2E,
DEA7,
E2BB,
E8FD,
EAE5,
E397,
D4A2,
C9DC,
CBDF,
D6DC,
E3C8,
EB68,
EB7B,
E213,
DA69,
DB3E,
E3D1,
F1FD,
FD4C,
FF88,
FA6A,
F49E,
F164,
F1A3,
EFD1,
EE7B,
ECD8,
EB4A,
E4E2,
DDC0,
DD71,
DD81,
D466,
C9D0,
C53C,
C212,
BE64,
C090,
C92D,
CEEF,
CC1D,
CCDC,
D635,
E64B,
F4DA,
0035,
048E,
0459,
047D,
0691,
0794,
0976,
077E,
FA9B,
EDF1,
ED6B,
ED0F,
E4FC,
D778,
D34B,
D5C2,
DB0F,
E147,
E680,
E4F4,
E070,
E146,
E74C,
F0FF,
F612,
F652,
F288,
EED1,
ECB8,
EBBC,
EA57,
E91C,
ED86,
F5CF,
FE5F,
02E6,
09B5,
11EA,
1AF4,
2250,
28B6,
2B48,
2B35,
260C,
2467,
1D59,
11AF,
05CF,
F9CC,
F32A,
EB07,
DE72,
D270,
CE16,
CCAA,
D2D6,
D055,
CEDC,
D081,
DAEE,
E7B7,
F25F,
F99D,
FEEE,
0125,
0896,
1060,
18E3,
2227,
247A,
1D4F,
147B,
0E6B,
0CBF,
0F94,
16BD,
1B37,
1F6B,
21D1,
1ECB,
187D,
1285,
0DF4,
0C66,
09AA,
0359,
F8DA,
EA1A,
DC7B,
CD79,
C4AC,
C008,
BF2F,
C41C,
CAFC,
D2F1,
DC00,
E42C,
ED1B,
F890,
FED6,
047A,
08A2,
0DFF,
158B,
19ED,
1907,
1328,
093A,
00A2,
FD96,
FCF9,
FDED,
FE79,
FF85,
0187,
044A,
0790,
086F,
091C,
0B96,
0F26,
13E4,
1A43,
1CF8,
1EC5,
1DE8,
1B28,
1974,
19A9,
1B66,
1D5F,
1EC1,
1E89,
1E7D,
1F48,
21DF,
2572,
2B9C,
345A,
3A63,
3BE3,
3A0A,
3967,
39B5,
3A0B,
38DE,
3472,
2DEB,
2534,
1E75,
1A94,
175D,
12F1,
10ED,
0EA5,
0BE1,
0E54,
15CD,
206E,
28F4,
2FC3,
364C,
3B85,
3D43,
3B8D,
38B7,
380C,
3952,
3870,
3684,
32BC,
3123,
310D,
2ECA,
2CD8,
2E6C,
3384,
35CF,
379C,
3992,
3D29,
3EDD,
41B7,
4783,
4F4C,
566D,
5935,
5888,
57A0,
5691,
500A,
477D,
3F2C,
3A35,
3E3F,
431C,
46E2,
4755,
459E,
4282,
4187,
405F,
3CEA,
3861,
353F,
3251,
2F22,
2D55,
2637,
1BF8,
1618,
120C,
0E4D,
0F0A,
147F,
19B6,
1B63,
1A8F,
1BB3,
1F99,
241A,
2830,
2CB0,
32E5,
3A53,
3C5D,
3C97,
3C9C,
3D69,
3C73,
3AA1,
3BA0,
3E89,
40CB,
3F4F,
3B18,
3880,
3A85,
3C12,
39CD,
3567,
32C0,
3339,
330A,
3082,
2D62,
2BC4,
288C,
2248,
20CC,
226D,
25DB,
28F7,
2C67,
31EB,
3969,
4206,
493F,
501F,
5816,
5E4A,
6032,
6065,
614A,
641C,
6512,
6041,
5604,
4AED,
4177,
3B90,
3A60,
3B81,
3831,
3412,
3017,
2B62,
2750,
262F,
2919,
2C09,
2E7E,
2F0D,
2D94,
2F3A,
355B,
3B36,
3F47,
405A,
431A,
46F4,
4C33,
4FFD,
524A,
535F,
5463,
53F7,
5213,
4D86,
48A1,
43EA,
3BD9,
3478,
2D78,
292D,
28FC,
28BC,
28E0,
2946,
281F,
238C,
1CE6,
1747,
1374,
11A3,
1057,
107A,
1160,
1328,
1139,
0E91,
0FE5,
14D2,
1BDB,
2423,
2BF8,
33DC,
3B9A,
40B9,
42A3,
44EB,
46A9,
4BE7,
508E,
55D9,
5927,
5A19,
54EC,
4CDF,
45EB,
4141,
3D5A,
3E77,
457F,
4B22,
4C58,
4960,
43CE,
3F1A,
3D64,
3D3A,
3E30,
4022,
40FC,
400A,
3EA0,
3FC4,
41C6,
414C,
3FBD,
4065,
41D3,
42C5,
43B3,
45D9,
48A4,
4B43,
4BFD,
48D8,
4467,
4265,
40FE,
3CC9,
3945,
3590,
30E8,
2A48,
234A,
1E10,
1D54,
1F15,
21C3,
2489,
24C4,
2373,
1E5A,
1AC1,
1928,
1AF7,
20B0,
296D,
2F90,
31D9,
31B4,
3071,
2F10,
2FD5,
3348,
3A0B,
4093,
4799,
4CA0,
4F51,
4EB2,
4FD7,
5299,
5728,
5826,
5416,
4D9A,
4572,
3F8B,
3D92,
3AF1,
3A31,
39CC,
39E5,
38C2,
3771,
31AA,
2A7D,
2586,
2485,
25FF,
2A77,
2E95,
3058,
2FA5,
2B2F,
23F7,
1B71,
16D1,
1855,
1BAC,
1DA1,
1CD0,
1931,
1600,
15E2,
1CB8,
240B,
2B32,
32C4,
34A2,
3376,
31E1,
2EE7,
2D4D,
2FB8,
3560,
3F31,
47DA,
4AEE,
4697,
3FCB,
3A99,
3B02,
3FC9,
4578,
490C,
4DE4,
4D9D,
463D,
3CF8,
3788,
33F4,
32D3,
35E3,
3795,
3738,
3149,
26CF,
1F32,
1DEB,
255A,
334B,
3FF6,
4510,
4211,
377A,
2793,
1D07,
2058,
2C4D,
3481,
3831,
34D0,
2C44,
235E,
2102,
25DE,
2A62,
30FC,
3AA5,
3F2F,
3B8B,
35A3,
293B,
1572,
0926,
0BEE,
10EF,
1291,
1449,
113F,
04D1,
FDD8,
02D2,
0D92,
1ABD,
24A6,
2704,
23B5,
1DBF,
12CB,
0953,
0965,
0FD2,
12E4,
1294,
15F4,
19CF,
1BE7,
171B,
10C5,
0A7E,
045A,
FED5,
F693,
EE94,
ECEA,
F179,
F46B,
F477,
F44B,
F40F,
F198,
EE9C,
EEA2,
EAC3,
E2EC,
D646,
CB35,
C4F3,
C4BB,
C5E1,
C901,
CE0B,
D217,
D787,
DD17,
E0DF,
E5FE,
ED40,
F2DC,
F7D1,
FB64,
FC7A,
FF85,
0174,
031E,
05FD,
0B29,
0F05,
12BB,
14C6,
13B7,
13E8,
1548,
13A3,
0FBC,
0EC2,
0ED5,
1057,
1190,
0C32,
0303,
FD91,
FFB7,
050D,
08E2,
091F,
05C3,
008F,
FC53,
FA8F,
F8D2,
F7DD,
F95E,
005B,
080F,
0C07,
0D97,
0BC4,
07B3,
01EB,
FC47,
F817,
F858,
FC40,
01B7,
040B,
0340,
FE6F,
FB03,
FF2A,
0725,
0C7C,
0ADF,
0352,
FB7C,
F83A,
F866,
FC19,
FB29,
F58D,
F348,
F0C3,
ED7C,
E8BD,
E653,
E7F0,
ECC5,
F116,
FA1C,
00ED,
018D,
FD8C,
F6FC,
F359,
ED36,
E93D,
E836,
E54F,
E204,
DFFA,
D978,
D370,
D205,
D554,
DA03,
D9A8,
CEB1,
C063,
BD8F,
C6CB,
D36B,
E0CD,
E742,
E286,
D3F3,
CA01,
C93A,
C738,
C4E4,
CB25,
D071,
CCE5,
BF2B,
B35B,
B013,
AF9E,
BA85,
BCF5,
B56F,
AC63,
A5FA,
A676,
C260,
DAB0,
E25D,
D736,
C0B1,
B467,
C77A,
EBE6,
1232,
289B,
1944,
EFB2,
D380,
CF33,
D6B4,
DFB5,
E7CB,
F03C,
E86C,
D2BB,
CB43,
D72D,
E996,
FD5B,
0482,
F876,
E903,
D317,
C5D0,
C4C2,
BFE4,
B707,
BD8E,
C6B7,
D221,
E018,
E31E,
D9E3,
C808,
B559,
B3CE,
C23B,
D4E9,
E375,
E68D,
D8B1,
C2D6,
B053,
AC80,
B6B6,
C664,
D512,
E11E,
EF9A,
FC0B,
FE2D,
FA28,
F458,
E586,
D004,
C281,
BEB4,
C29E,
D007,
E2FF,
EF6E,
F4CF,
F373,
EBF5,
E710,
E70F,
E91D,
E81E,
E390,
DCA1,
D6E9,
D2CC,
D205,
D1A7,
D230,
D12F,
CC91,
C9A7,
CB58,
D408,
DCD0,
E0B0,
DF67,
DD1D,
DA6A,
D8F6,
D89D,
DA21,
D9EB,
D655,
D265,
CCE1,
C41B,
BC20,
B6E4,
B39E,
AFAD,
AB86,
A7DA,
A88D,
AED1,
B7D2,
BC5D,
BB3A,
B7C5,
B634,
B848,
BE09,
C454,
CAA4,
CE6E,
D1B8,
D3A8,
D080,
C908,
C3FE,
C5C0,
CF88,
DC2B,
E498,
E43E,
DCA0,
D275,
C742,
BF5B,
BDEF,
C21B,
C96B,
CF9F,
CDD1,
C777,
C1D8,
BF4A,
BFBB,
C32E,
C6EE,
C3AD,
BB68,
B864,
BC4E,
C072,
C155,
BCFF,
B41A,
B07C,
B559,
C203,
CE8D,
D75F,
DB61,
DA6A,
D735,
D5A3,
D8DD,
DFD3,
E6D8,
E7CA,
E311,
D84A,
C817,
B559,
A45B,
9BED,
9D05,
A112,
A54C,
ABB3,
ADA6,
AA8D,
A9BA,
ABC9,
B36B,
C32B,
D9EB,
EF75,
001C,
082B,
0DDD,
12E8,
1706,
1466,
122C,
0DC1,
0647,
F973,
E4BB,
D584,
CD22,
C966,
C8B0,
BD17,
B624,
ABD8,
A5AF,
9928,
A4E6,
B260,
B7AA,
CCB0,
DE65,
EF4B,
FA7F,
FC4A,
FAD6,
F104,
E7C1,
E486,
E4FC,
E619,
D9F5,
C91B,
B592,
A1ED,
9145,
86B1,
80CB,
81EA,
88AA,
8B91,
8C74,
8ECD,
928D,
9C8A,
AB3D,
B622,
C417,
D254,
D855,
D986,
D60C,
D26F,
D73D,
E1E0,
EA14,
F033,
F2C3,
F174,
ECA8,
E487,
DB9E,
D3BB,
D129,
CEAD,
C70C,
BE3E,
BD21,
C04B,
C2FA,
C305,
C172,
C4B3,
C943,
CCE2,
CE2C,
CACD,
C280,
BAD3,
B8AF,
BB93,
BD37,
BAB8,
B775,
AE71,
9C09,
8B57,
888D,
9575,
A39C,
ABEF,
B031,
AE77,
A699,
A79D,
B20B,
BF6D,
CC45,
DA6B,
E722,
F070,
F6A8,
FCDC,
FD4F,
F824,
F30A,
F1A9,
F0F9,
EDCF,
E5EA,
D863,
C42F,
AEB6,
A0AF,
A1F5,
AEDA,
BB4B,
BF2D,
BC79,
B88D,
BA65,
C443,
CEAE,
D566,
D97A,
DB0A,
DC51,
DBB8,
DC34,
E078,
E6EA,
E8E6,
E193,
D290,
C7DF,
CA1C,
D519,
E1BD,
E908,
E916,
DFA7,
D822,
D931,
E1FF,
F0A9,
FCAB,
FF88,
FAFD,
F5AB,
F26D,
F23A,
F01E,
EF6F,
EEB9,
ED7D,
E678,
DE86,
DE2D,
DEA0,
D54C,
CA40,
C602,
C392,
C013,
C1D5,
C9D8,
CED2,
CB32,
CBEA,
D5E8,
E67C,
F4BB,
FF97,
03AE,
038B,
03D9,
0605,
06C3,
0841,
064F,
F9F7,
EDD8,
ED71,
ECC6,
E440,
D60A,
D17F,
D401,
D9BA,
E073,
E5F7,
E476,
DFD2,
E05A,
E5F0,
EF90,
F4C4,
F518,
F0C8,
EC5E,
EA1E,
E969,
E851,
E76C,
EC45,
F4FB,
FE61,
0400,
0C1A,
156F,
1F1D,
2699,
2D2E,
2FE6,
2FF5,
2ABC,
290D,
215F,
1532,
0950,
FD1D,
F65C,
EE55,
E1E8,
D5C8,
D12E,
CEFA,
D483,
D13E,
CF90,
D0C1,
DA78,
E64E,
EFB8,
F56D,
F97D,
FAD7,
01E5,
0985,
1267,
1C60,
1F22,
183B,
0FAB,
09CB,
0861,
0B95,
136B,
18B6,
1DB7,
20BB,
1E4D,
18AC,
1333,
0EA2,
0CD3,
09DC,
03B5,
F9B9,
EB6D,
DE3A,
CF64,
C69E,
C1B9,
C0A4,
C570,
CC03,
D3D2,
DD3F,
E5E1,
EED3,
FA12,
FFFA,
0553,
094E,
0ED9,
16BC,
1B50,
1A6E,
1485,
0AA0,
01F9,
FE95,
FDB9,
FF03,
004B,
0208,
045A,
06F9,
0A22,
0B1F,
0BE4,
0E32,
1181,
1609,
1C3C,
1E94,
1FE2,
1E33,
1A49,
1758,
16EB,
18C3,
1B21,
1CC7,
1C6C,
1C06,
1CB5,
1FAD,
240A,
2AFE,
3443,
3AA2,
3C61,
3A84,
39A6,
39AD,
3A3E,
39E5,
362B,
2FCD,
26F5,
2059,
1CDD,
1A20,
1638,
14AB,
1266,
0F81,
123C,
1A2F,
252F,
2D99,
33EC,
39F7,
3EF3,
40BB,
3F0C,
3BDE,
3A91,
3B56,
3A20,
381A,
3423,
3223,
3176,
2EA8,
2C79,
2DE3,
32C4,
34BC,
3661,
37F3,
3AF4,
3BF7,
3E52,
4402,
4C03,
5372,
5683,
5624,
5571,
547F,
4DCC,
450B,
3CB2,
37F4,
3CAA,
427E,
4777,
48B4,
474E,
4429,
4321,
4223,
3EE9,
3A45,
36C7,
3399,
307C,
2EEB,
277C,
1C88,
1605,
117A,
0D98,
0E9E,
145E,
198E,
1AF3,
19F4,
1B46,
1F75,
23E5,
278B,
2BA3,
31C3,
3964,
3B6B,
3B7D,
3B47,
3C01,
3B22,
39BB,
3B8E,
3F36,
41F2,
40EE,
3D4C,
3B29,
3D8C,
3F60,
3D4A,
390A,
3660,
36A1,
361F,
333B,
2F92,
2D5B,
2994,
22AE,
20BD,
2210,
2561,
283E,
2B63,
30BC,
3831,
4126,
4900,
504E,
586B,
5E7F,
602D,
6085,
6216,
65DA,
67AA,
6343,
5902,
4DCA,
4452,
3E8D,
3D9E,
3F41,
3C74,
38BF,
34E4,
2FDD,
2B32,
29A4,
2C4F,
2EA9,
3056,
3012,
2D96,
2E3B,
33A7,
38FB,
3C83,
3CE8,
3F39,
42CC,
4807,
4BF2,
4E70,
4FBA,
5112,
50FD,
4F75,
4B40,
46AB,
4219,
3A01,
32E3,
2C42,
2868,
28D6,
2917,
29BB,
2AB6,
2A18,
25D5,
1F5F,
1A11,
1696,
14F8,
13A8,
13AF,
1466,
1617,
13F6,
1118,
1245,
16E6,
1D89,
258C,
2D52,
354B,
3D1E,
422D,
43D6,
45D2,
4756,
4CBB,
5193,
5731,
5ADD,
5C28,
56FF,
4EB3,
4775,
429D,
3E85,
3FA6,
4702,
4CCE,
4DEC,
4AB9,
44D4,
3FDD,
3E07,
3D9C,
3E39,
4003,
40CA,
3F97,
3DED,
3F22,
413B,
408A,
3E9A,
3EEA,
401D,
40F8,
41E6,
443B,
4756,
4A3F,
4B40,
4833,
43BA,
41E5,
40B6,
3C5F,
38E0,
356F,
3109,
2A8B,
23B8,
1E93,
1E12,
203E,
236A,
26AE,
273B,
25F7,
207D,
1C77,
1A78,
1C1B,
2203,
2B21,
3169,
3386,
32F3,
311B,
2F45,
2FCF,
333E,
3A46,
40FC,
4806,
4CE3,
4F49,
4E4E,
4F57,
5222,
56E8,
57DE,
536A,
4C82,
43F7,
3DDF,
3C0B,
398F,
390F,
38E9,
3946,
3856,
3733,
314F,
29E1,
24C5,
23DC,
259D,
2A9B,
2F4F,
3182,
310E,
2C87,
24F9,
1BF9,
171E,
18C5,
1C56,
1E5E,
1D69,
198D,
163F,
1633,
1D7A,
2510,
2C4C,
33FD,
35B2,
343D,
3262,
2EF1,
2CEA,
2F2F,
350D,
3F93,
48FA,
4C53,
4771,
3F9C,
3999,
39FF,
3F7A,
4649,
4AEE,
509E,
5057,
480F,
3DC5,
37EB,
3473,
33B4,
373B,
38DB,
37E5,
3113,
2609,
1E66,
1D5B,
2525,
3345,
3FC2,
44B9,
41ED,
37A9,
27D5,
1CDD,
1F53,
2A86,
327B,
3695,
33DF,
2C28,
23AC,
20B1,
243A,
2786,
2DCE,
3855,
3EC5,
3D19,
3819,
2B50,
166C,
08CB,
0AAA,
0F55,
10AF,
1200,
0ECA,
0282,
FC04,
01AB,
0CD6,
19DD,
2310,
24DF,
2183,
1C01,
11A3,
088A,
0862,
0DF4,
0FC1,
0E4D,
1149,
1568,
1839,
13E0,
0DC2,
07C3,
022B,
FD9A,
F648,
EED4,
ED22,
F140,
F381,
F335,
F358,
F3CC,
F1B4,
EE64,
EDA7,
E8FB,
E0F0,
D4A1,
CA6A,
C507,
C55A,
C682,
C936,
CDF2,
D23C,
D83E,
DE28,
E1E2,
E697,
ED7F,
F313,
F84C,
FC3F,
FD97,
00B8,
0263,
03A8,
0649,
0BC4,
1061,
14EC,
1790,
16C8,
16EF,
17EE,
15DF,
119B,
107C,
1085,
120E,
1353,
0DC1,
0432,
FE8D,
00AA,
05E6,
0997,
099C,
05E0,
0035,
FB6C,
F957,
F773,
F678,
F801,
FF15,
069C,
0A5A,
0BEA,
0A2D,
062B,
0061,
FAB0,
F66C,
F6BD,
FADE,
00AD,
0353,
02BD,
FDD3,
FA13,
FE22,
0655,
0BE3,
0A1E,
0251,
FA60,
F73F,
F7A7,
FBCA,
FAF5,
F50B,
F28C,
EFBE,
EC24,
E72F,
E4DF,
E6B4,
EB9A,
EFC6,
F916,
007B,
019A,
FDCB,
F6CF,
F276,
EB28,
E629,
E4C2,
E234,
DFC1,
DE9B,
D82E,
D1B7,
CFDA,
D33F,
D869,
D7D9,
CB3C,
BB50,
B8AB,
C3D0,
D2E8,
E2AF,
EA1D,
E3EE,
D24B,
C69C,
C621,
C4F2,
C363,
CAC6,
D0C0,
CCC4,
BDA1,
B132,
AE59,
AEBC,
BB90,
BEEC,
B6F1,
AD42,
A5BA,
A4B3,
C0B7,
D901,
E122,
D7EB,
C366,
B7FB,
CAFC,
EDDA,
11E2,
26CF,
17A0,
EFF0,
D62C,
D344,
DAEA,
E315,
E974,
F005,
E788,
D2DF,
CCE7,
D9FF,
ED00,
0066,
071E,
FAB3,
EAAD,
D48A,
C782,
C5F4,
C025,
B60F,
BB59,
C422,
CFF1,
DE5E,
E1C0,
D8DD,
C6FE,
B481,
B370,
C20A,
D490,
E2FF,
E621,
D849,
C29F,
B07B,
ACE0,
B6BA,
C589,
D31C,
DE29,
EC77,
F9DA,
FDBA,
FB35,
F5E4,
E6C8,
D0F4,
C378,
C010,
C47D,
D20E,
E4B3,
F096,
F5A1,
F44E,
ECDA,
E799,
E6C4,
E830,
E6D4,
E24A,
DBE3,
D70B,
D377,
D2BB,
D1C7,
D195,
D025,
CB8F,
C8F7,
CAB4,
D31F,
DB71,
DEEC,
DD98,
DBC3,
D991,
D846,
D7B8,
D8E3,
D854,
D488,
D0C1,
CB63,
C273,
BA1B,
B49A,
B11D,
AD05,
A8EC,
A56A,
A62E,
AC75,
B589,
BA31,
B922,
B5DA,
B496,
B6F1,
BCF7,
C3B1,
CA9C,
CEE6,
D273,
D466,
D0D6,
C8C7,
C361,
C530,
CF53,
DC8E,
E556,
E4F0,
DD3F,
D376,
C8C4,
C131,
BFDE,
C416,
CB5C,
D194,
CFB9,
C946,
C34A,
C03E,
C01F,
C306,
C623,
C234,
B93C,
B5E0,
BA02,
BEC8,
C04A,
BC7E,
B3D0,
B054,
B56B,
C2CC,
D00D,
D980,
DE10,
DD92,
DA64,
D86C,
DAE1,
E104,
E759,
E7F2,
E35B,
D8F3,
C8AC,
B577,
A3B8,
9AA1,
9B2C,
9ED5,
A356,
AB4F,
AEA0,
ABE4,
AACF,
AC5C,
B3A9,
C406,
DBC9,
F203,
02A1,
09F8,
0E9C,
12EE,
16AE,
13FD,
11C2,
0D12,
0502,
F7F2,
E2BD,
D3B4,
CB91,
C888,
C8BF,
BDBD,
B6E5,
ACB3,
A640,
9AD0,
A333,
AFB3,
B569,
CAB5,
DD48,
EE67,
F9E6,
FB49,
F9CE,
EFA4,
E68F,
E3FB,
E53C,
E6B0,
DA8B,
C9A1,
B614,
A241,
918A,
86DD,
80D9,
81E0,
88C4,
8B93,
8C86,
8EEC,
9291,
9C42,
AA7F,
B4A6,
C277,
D0C0,
D66F,
D6F6,
D2C8,
CEAD,
D3A7,
DEF7,
E82B,
EF64,
F30B,
F296,
EE5C,
E658,
DD74,
D5AA,
D363,
D0D9,
C8D3,
BF72,
BDB7,
C01A,
C23D,
C22C,
C0F3,
C4D7,
C9C5,
CD3F,
CE16,
CA58,
C21D,
BAB6,
B8A1,
BB47,
BC92,
B997,
B5CB,
AC31,
997D,
88B2,
856A,
91A2,
9F86,
A81E,
AD1A,
AC67,
A54E,
A6AD,
B0FB,
BDCF,
C9D3,
D758,
E44C,
EF02,
F6F6,
FE5D,
FF57,
FA37,
F4C8,
F31E,
F267,
EF45,
E762,
D9F6,
C5E9,
B085,
A292,
A426,
B16D,
BDBC,
C0E2,
BD74,
B94E,
BB54,
C598,
D018,
D614,
D8CA,
D937,
DA00,
D93C,
D9C1,
DE3C,
E4DC,
E6E4,
DF89,
D079,
C5DB,
C850,
D343,
DF8C,
E677,
E67C,
DD0A,
D5A5,
D6E4,
DFEF,
EF23,
FBE2,
FF68,
FB77,
F69C,
F356,
F2B4,
F05D,
F05E,
F09F,
EFAA,
E7EA,
DF0E,
DEA8,
DF8E,
D60E,
CA92,
C6AF,
C4F5,
C1A2,
C302,
CA79,
CEB7,
CA58,
CB11,
D5B8,
E6BE,
F4A0,
FEEA,
02BD,
02B4,
0335,
0574,
05E5,
06F3,
04FA,
F92A,
ED91,
ED43,
EC55,
E36B,
D498,
CFBD,
D24C,
D863,
DF90,
E555,
E3E4,
DF31,
DF7C,
E4A9,
EE30,
F383,
F3D8,
EEEE,
E9CF,
E77A,
E723,
E665,
E5D3,
EB09,
F41F,
FE4D,
0506,
0E73,
18EA,
233F,
2AEA,
31B6,
3495,
34BE,
2F69,
2D96,
2540,
1891,
0CB0,
0056,
F96B,
F16D,
E520,
D8E9,
D40F,
D11C,
D5FB,
D202,
D026,
D0F6,
D9FC,
E4E0,
ED10,
F14B,
F421,
F49E,
FB32,
0291,
0BC2,
166C,
19A6,
1311,
0AD2,
0526,
03FC,
0794,
101A,
1633,
1BF8,
1F94,
1DC1,
18CF,
13D3,
0F44,
0D35,
0A06,
0404,
FA85,
ECB0,
DFEF,
D159,
C8AA,
C38D,
C239,
C6D9,
CD1E,
D4D1,
DEA1,
E7BC,
F0AD,
FBAB,
013C,
065B,
0A35,
0FED,
181F,
1CD7,
1BF1,
1602,
0C33,
0384,
FFC1,
FE95,
0021,
021C,
0486,
0721,
099B,
0CA3,
0DBB,
0E9E,
10C7,
13DE,
1839,
1E44,
2045,
2116,
1E8E,
1971,
1544,
1438,
1626,
18E2,
1AC6,
1A45,
198A,
1A2B,
1D92,
22BD,
2A7E,
344E,
3B0A,
3D0F,
3B31,
3A13,
39CE,
3A9D,
3B1F,
3818,
31DC,
28DA,
225A,
1F44,
1D01,
199F,
1888,
164E,
1356,
1666,
1EDD,
2A38,
3280,
384F,
3DDA,
429C,
4476,
42D3,
3F45,
3D48,
3D7E,
3BF1,
39CF,
35AC,
3345,
3200,
2EA7,
2C38,
2D79,
3220,
33D0,
3554,
3684,
38E8,
3934,
3B06,
4093,
48C9,
5077,
53C0,
53A5,
5328,
525D,
4B93,
42AF,
3A58,
35D9,
3B37,
4200,
4826,
4A30,
491D,
45F0,
44D8,
4408,
4115,
3C59,
3874,
34F9,
31F2,
30A1,
28EE,
1D57,
1641,
1147,
0D4B,
0E98,
149E,
19BC,
1ACB,
1997,
1B16,
1F93,
23F6,
2727,
2ACE,
30CF,
3897,
3A9B,
3A85,
3A19,
3AC6,
3A0C,
391A,
3BBD,
4019,
4343,
42B4,
3FB6,
3E1B,
40E2,
42FA,
410E,
3CEB,
3A3F,
3A47,
3975,
363E,
321A,
2F51,
2AF9,
236E,
2103,
2208,
253B,
27D7,
2AB0,
2FD9,
3743,
408A,
4903,
50BD,
58F7,
5EE2,
6057,
60D7,
630D,
67B6,
6A4F,
6649,
5C0D,
50C5,
4759,
41BC,
410D,
4324,
40D7,
3D8C,
39D2,
347D,
2F3A,
2D3F,
2FA5,
316A,
3250,
3138,
2DC0,
2D6E,
3229,
36F9,
39F8,
39B2,
3B8F,
3ED7,
4405,
480C,
4AB5,
4C2C,
4DCA,
4DFE,
4CD1,
48F6,
44B3,
4047,
3833,
3160,
2B2B,
27CA,
28DB,
29A6,
2AD1,
2C5D,
2C49,
285E,
222B,
1D39,
1A1A,
18B0,
175D,
1742,
17CB,
196A,
1726,
1420,
1524,
196D,
1F9C,
2749,
2EF7,
3700,
3EE2,
43DA,
453F,
46EC,
4836,
4DB5,
52B2,
5891,
5C8E,
5E2A,
590B,
508A,
4910,
4411,
3FCB,
40E6,
4876,
4E59,
4F64,
4C09,
45ED,
40C5,
3ED6,
3E2A,
3E6A,
400D,
40CB,
3F63,
3D86,
3ECF,
40FB,
4014,
3DC5,
3DBF,
3EB7,
3F77,
4061,
42E1,
4645,
4971,
4ABA,
47CE,
4351,
41A3,
40A2,
3C23,
38A5,
3579,
3159,
2B09,
246C,
1F61,
1F12,
219E,
253E,
28F8,
29DA,
28A5,
22D5,
1E6C,
1C0B,
1D7D,
238A,
2CFC,
3364,
3562,
346E,
320D,
2FCE,
301E,
337C,
3AB5,
4184,
4882,
4D30,
4F4C,
4DFE,
4EEB,
51B1,
5699,
577B,
529D,
4B53,
4277,
3C35,
3A7F,
3826,
37DD,
37F5,
3898,
37DF,
36EF,
3101,
2963,
242E,
2362,
256E,
2AED,
3038,
32E0,
32B5,
2E30,
2662,
1CFF,
17F3,
19B4,
1D6F,
1F81,
1E67,
1A59,
16FA,
1705,
1EB0,
2673,
2DAC,
3566,
36EE,
3535,
3316,
2F2A,
2CAB,
2EBE,
34C9,
4004,
4A2B,
4DCE,
4861,
3F73,
3889,
38DE,
3F0D,
4708,
4CD2,
535B,
530E,
49D9,
3E90,
385C,
351A,
34D7,
38DF,
3A68,
38C9,
310A,
2579,
1DD6,
1D03,
2520,
3368,
3FB2,
4489,
41F8,
3812,
2855,
1CE9,
1E6E,
28CD,
308A,
3519,
3319,
2C37,
2410,
2053,
2270,
247F,
2A77,
35E0,
3E3C,
3E8E,
3A7A,
2D60,
1779,
0892,
097B,
0DBC,
0EB3,
0F8A,
0C2D,
002D,
FA4C,
00B4,
0C47,
1914,
2177,
22AB,
1F4E,
1A5C,
10AC,
07F1,
0777,
0C0C,
0C81,
09EE,
0C8F,
10F9,
1479,
1088,
0A96,
04DE,
FFDD,
FC4E,
F5FE,
EF23,
ED62,
F102,
F291,
F1F7,
F274,
F39D,
F1E5,
EE48,
ECCA,
E759,
DF23,
D338,
C9E0,
C55D,
C634,
C75A,
C9A7,
CE1F,
D2AD,
D93B,
DF70,
E30D,
E751,
EDDC,
F368,
F8DA,
FD1C,
FEA3,
01C9,
032D,
0417,
0684,
0C48,
119B,
16EB,
1A1A,
1993,
19B2,
1A57,
17E6,
134D,
1205,
11FA,
137C,
14C4,
0F08,
0533,
FF71,
0191,
06B4,
0A41,
0A0C,
05F3,
FFDB,
FA8E,
F836,
F63A,
F545,
F6DB,
FDF6,
053E,
08BB,
0A47,
08A1,
04AA,
FEE2,
F92D,
F4E1,
F53F,
F98F,
FFA1,
0286,
021F,
FD26,
F922,
FD1B,
0576,
0B22,
091F,
0105,
F8F8,
F5F9,
F6A3,
FB37,
FA80,
F44E,
F193,
EE80,
EA97,
E575,
E344,
E557,
EA4F,
EE5D,
F7F3,
FFEA,
0185,
FDE4,
F67E,
F16C,
E8FC,
E2FD,
E132,
DEF9,
DD5E,
DD1B,
D6C8,
CFE5,
CD9D,
D127,
D6D3,
D603,
C7A1,
B5F1,
B365,
C083,
D240,
E4A2,
ED3B,
E59E,
D0C2,
C336,
C2F9,
C297,
C1D1,
CA63,
D125,
CCC3,
BC35,
AF24,
ACB2,
ADED,
BCAD,
C0F4,
B879,
AE2C,
A587,
A2FB,
BF08,
D73C,
DFBC,
D873,
C5EE,
BB69,
CE5F,
EFAA,
115A,
24B2,
1593,
EFC4,
D875,
D700,
DEDA,
E636,
EAD8,
EF78,
E642,
D29E,
CE2C,
DC79,
F019,
032F,
0989,
FCD8,
EC45,
D5EE,
C922,
C711,
C04D,
B507,
B916,
C17E,
CDBB,
DCAF,
E07D,
D800,
C62C,
B3DF,
B33C,
C1FC,
D453,
E29A,
E5B8,
D7DE,
C25F,
B091,
AD25,
B69D,
C48B,
D107,
DB19,
E92D,
F76A,
FCF4,
FBE3,
F714,
E7C2,
D1B3,
C445,
C141,
C62D,
D3E0,
E62B,
F17B,
F627,
F4CF,
ED5D,
E7BD,
E61C,
E6E8,
E531,
E0A7,
DABF,
D6C5,
D3C8,
D325,
D1AA,
D0C9,
CEF0,
CA6A,
C82C,
C9FA,
D219,
D9F2,
DD0A,
DBAD,
DA44,
D888,
D763,
D6B2,
D79C,
D6CB,
D2D7,
CF30,
C9E7,
C0C3,
B809,
B247,
AE97,
AA61,
A658,
A2F8,
A3BD,
A9F4,
B312,
B7D8,
B6EA,
B3DE,
B2EE,
B58A,
BBC8,
C2E2,
CA5F,
CF2F,
D307,
D500,
D108,
C868,
C2A9,
C47D,
CEEB,
DCA8,
E5B4,
E53D,
DD88,
D43B,
CA26,
C2FA,
C1BD,
C5EF,
CD0F,
D339,
D152,
CAD2,
C484,
C0FF,
C04C,
C29A,
C508,
C062,
B6B5,
B303,
B761,
BCD4,
BF07,
BBE4,
B396,
B05B,
B5B6,
C3C2,
D1B7,
DBD6,
E107,
E10A,
DDDD,
DB70,
DD09,
E23E,
E7CB,
E801,
E38F,
D98E,
C936,
B587,
A302,
993B,
992C,
9C5C,
A10B,
AA7B,
AF20,
ACCD,
AB8B,
ACA9,
B3A1,
C480,
DD21,
F3F8,
048E,
0B4C,
0F07,
12C2,
162D,
1367,
1118,
0C1C,
0379,
F637,
E099,
D1BC,
C9D2,
C776,
C888,
BE22,
B75C,
AD4F,
A68B,
9C46,
A141,
ACC6,
B304,
C887,
DBEE,
ED39,
F906,
FA1F,
F8BF,
EE6B,
E5A0,
E3B7,
E5BA,
E767,
DB35,
CA33,
B6A4,
A2AC,
91EB,
871B,
80E4,
81B4,
889F,
8B4F,
8C59,
8EDC,
927F,
9BE2,
A990,
B2F4,
C09F,
CEF5,
D462,
D44B,
CF6A,
CAC5,
CFD4,
DBB9,
E5DB,
EE1C,
F2D6,
F342,
EF99,
E7AB,
DEC2,
D711,
D516,
D275,
CA04,
C013,
BDC0,
BF6C,
C115,
C0F5,
C02A,
C4BD,
CA18,
CD82,
CDFF,
C9EF,
C1CB,
BAA9,
B8A2,
BB08,
BBFF,
B89A,
B44D,
AA17,
970F,
861C,
823E,
8DA6,
9B2F,
A403,
A9BE,
AA22,
A3E2,
A5A6,
AFDB,
BC23,
C74E,
D421,
E141,
ED58,
F713,
FFB5,
013A,
FC20,
F64F,
F441,
F364,
F032,
E850,
DB07,
C728,
B1E6,
A417,
A601,
B3B0,
BFE7,
C25E,
BE47,
B9F8,
BC35,
C6DF,
D16C,
D6A8,
D802,
D759,
D7A8,
D6BA,
D74C,
DC05,
E2D1,
E4E0,
DD7B,
CE5D,
C3D3,
C67B,
D15A,
DD34,
E3B3,
E3AB,
DA3C,
D2F2,
D457,
DDA2,
ED69,
FAEE,
FF22,
FBD2,
F76E,
F41C,
F30E,
F08B,
F149,
F28B,
F1D1,
E936,
DF52,
DEDF,
E048,
D6AC,
CAC7,
C744,
C63E,
C313,
C417,
CB0F,
CEA0,
C98F,
CA50,
D5A6,
E716,
F48C,
FE34,
01BA,
01D3,
028E,
04DC,
04F9,
058B,
0380,
F837,
ED1E,
ECE2,
EBBC,
E27A,
D323,
CE07,
D0A8,
D710,
DEA2,
E49F,
E33D,
DE8B,
DEA7,
E372,
ECDC,
F24A,
F28E,
ECF9,
E722,
E4C8,
E4E7,
E490,
E44D,
E9D2,
F33A,
FE22,
05FA,
10C0,
1C5D,
275B,
2F41,
364D,
3956,
398D,
3413,
3202,
28FA,
1BC9,
0FEA,
0374,
FC55,
F44C,
E819,
DBD1,
D6BB,
D30F,
D73F,
D29D,
D09C,
D11D,
D97C,
E36E,
EA69,
ED34,
EEDA,
EE7C,
F47B,
FB81,
04F4,
1049,
1402,
0DD0,
05F1,
0080,
FF97,
039A,
0CD0,
13B4,
1A32,
1E5F,
1D2B,
18EB,
1468,
0FDE,
0D8E,
0A28,
0444,
FB3B,
EDDF,
E195,
D353,
CACD,
C57F,
C3E8,
C850,
CE48,
D5E9,
E022,
E9B7,
F2A3,
FD56,
029E,
0794,
0B59,
113E,
19B2,
1E81,
1D8D,
179F,
0DF4,
0547,
011F,
FF94,
014E,
03F2,
0702,
09E4,
0C38,
0F1A,
104D,
1152,
135F,
1648,
1A7D,
205D,
220D,
2261,
1EFA,
18A2,
133C,
1191,
138F,
16A0,
18B8,
180F,
1708,
17AB,
1B8F,
2190,
2A1E,
347C,
3B9C,
3DED,
3C16,
3AB3,
3A1C,
3B2C,
3C8F,
3A3E,
341C,
2AE5,
247B,
21CA,
2001,
1D26,
1C85,
1A5E,
1762,
1AD4,
23D8,
2F8A,
37A6,
3CED,
41F7,
4683,
4875,
46E0,
42EB,
4030,
3FC9,
3DE1,
3BA0,
3755,
3487,
32A9,
2EC5,
2C19,
2D31,
319E,
330D,
3477,
3548,
370A,
3699,
37DA,
3D3E,
45A3,
4D7F,
50ED,
510B,
50C7,
502C,
4963,
406C,
3821,
33E9,
39E9,
41A3,
48F2,
4BCA,
4B0A,
47D5,
46AB,
460D,
436B,
3E9B,
3A3E,
3668,
337B,
326E,
2A85,
1E5E,
16C7,
1171,
0D64,
0EF8,
153E,
1A41,
1AEA,
1978,
1B24,
1FF6,
2451,
2709,
2A31,
300A,
37EE,
39F1,
39B6,
391A,
39BF,
3935,
38C5,
3C35,
4138,
44C4,
44AA,
425E,
415E,
448E,
46E7,
451D,
4111,
3E5F,
3E2E,
3D0E,
398C,
34FD,
31A9,
2CBB,
248A,
21A0,
2255,
2569,
27C3,
2A4E,
2F44,
369D,
4030,
4945,
5169,
59B8,
5F75,
60B4,
615C,
6431,
69AF,
6D00,
6955,
5F27,
53E0,
4A8F,
4522,
44AF,
472D,
455B,
427B,
3EE4,
3944,
336B,
30FF,
331A,
3449,
346B,
327F,
2E12,
2CD4,
30E1,
352D,
37A3,
36B5,
381C,
3B15,
4030,
444E,
471D,
48B9,
4A8D,
4AFE,
4A2A,
46AD,
42BB,
3E77,
3674,
2FF9,
2A3C,
275D,
2912,
2A71,
2C26,
2E42,
2EB6,
2B2F,
254E,
20C1,
1E01,
1CCA,
1B72,
1B33,
1B8F,
1D20,
1AC6,
17A5,
187F,
1C66,
2212,
2959,
30E5,
38F9,
40E5,
45BF,
46DD,
4838,
4947,
4ED5,
53EB,
59F9,
5E3A,
6022,
5B13,
526A,
4AC0,
45A3,
4135,
423F,
49E8,
4FCF,
50C9,
4D59,
471C,
41D8,
3FD7,
3EE7,
3ECA,
4047,
4103,
3F73,
3D6E,
3ECD,
4109,
3FEA,
3D40,
3CE7,
3DA4,
3E44,
3F25,
41CD,
4571,
48D9,
4A69,
47A4,
432A,
419E,
40C0,
3C14,
3893,
35AE,
31D8,
2BBF,
2566,
207A,
2056,
2338,
2742,
2B69,
2C9F,
2B7B,
2560,
209E,
1DE1,
1F1D,
2547,
2EFD,
3582,
376B,
3623,
3343,
30A9,
30C2,
3402,
3B58,
422E,
490E,
4D86,
4F5A,
4DC1,
4E91,
5146,
563C,
56FB,
51B3,
4A0F,
40F7,
3A91,
38F4,
36BA,
36A1,
36F5,
37DE,
3761,
36A9,
30C1,
2906,
23C5,
231B,
2574,
2B71,
3151,
3472,
3498,
3027,
2833,
1E85,
1954,
1B25,
1EFA,
2109,
1FCA,
1B96,
1832,
1858,
2056,
2830,
2F4E,
36FC,
3855,
365D,
33FB,
2F90,
2C8E,
2E62,
3497,
4088,
4B75,
4F65,
496C,
3F52,
376B,
37A2,
3E84,
47BA,
4EBD,
561D,
55C2,
4B9A,
3F5B,
38E1,
35EF,
3641,
3AD4,
3C3F,
39E5,
3130,
251E,
1D81,
1CE4,
254A,
33B2,
3FC5,
447D,
4230,
38B0,
2910,
1D27,
1DA5,
271F,
2EAF,
33BE,
327C,
2C6C,
2483,
1FE2,
2077,
2145,
26F3,
3343,
3D8E,
3FE1,
3CBD,
2F64,
1898,
087A,
0862,
0C20,
0C9C,
0CE4,
0961,
FDCB,
F8AD,
FFEA,
0BE5,
1860,
1FDB,
206A,
1D17,
18CD,
0FE4,
0788,
06A0,
0A17,
0922,
0578,
07C7,
0C83,
10A7,
0D13,
0741,
01CC,
FD6E,
FAF3,
F5B9,
EF81,
EDAB,
F0BC,
F198,
F0BB,
F19F,
F381,
F22C,
EE4A,
EC0E,
E5DE,
DD83,
D209,
C996,
C5F3,
C747,
C869,
CA53,
CE90,
D36A,
DA7C,
E0EC,
E45D,
E82A,
EE58,
F3DA,
F97C,
FDFC,
FF9C,
02B4,
03D2,
0469,
06A9,
0CB3,
12B0,
18B8,
1C65,
1C1C,
1C35,
1C83,
19B9,
14D2,
135F,
1339,
14A7,
15E8,
100C,
0609,
003F,
0269,
0778,
0AE1,
0A72,
0602,
FF82,
F9BD,
F72C,
F527,
F446,
F5EA,
FCFB,
03F3,
0728,
08AE,
071D,
0330,
FD69,
F7BA,
F36F,
F3DD,
F850,
FE8E,
01A0,
0160,
FC62,
F82A,
FC0E,
0480,
0A32,
07DC,
FF69,
F73F,
F464,
F554,
FA58,
F9C2,
F34F,
F058,
ED05,
E8D3,
E38E,
E182,
E3D7,
E8E0,
ECD5,
F6AD,
FF35,
014D,
FDD9,
F60A,
F03C,
E6B2,
DFB8,
DD84,
DB9E,
DADB,
DB7A,
D545,
CDF7,
CB4E,
CF0E,
D545,
D428,
C3DE,
B043,
ADB7,
BCDF,
D173,
E6A7,
F0A1,
E79A,
CF59,
BFCF,
BFC1,
C025,
C02D,
C9FA,
D19E,
CCE3,
BAE5,
AD31,
AB1F,
AD34,
BDDE,
C30D,
BA06,
AF22,
A561,
A14F,
BD52,
D55F,
DE28,
D8CB,
C846,
BEAF,
D1A4,
F156,
109A,
2242,
1318,
EF27,
DA59,
DA65,
E283,
E91A,
EBF9,
EE97,
E49A,
D1F8,
CF11,
DE9A,
F2E0,
05B3,
0BC5,
FEE5,
EDCC,
D74A,
CAB5,
C81D,
C05E,
B3EF,
B6C4,
BECC,
CB83,
DB12,
DF5C,
D74F,
C592,
B374,
B333,
C214,
D435,
E248,
E553,
D76C,
C212,
B093,
AD4B,
B65B,
C369,
CED1,
D7EB,
E5B9,
F4B9,
FBD9,
FC2E,
F7E2,
E870,
D23E,
C4E7,
C246,
C7AD,
D57E,
E767,
F21D,
F660,
F4F3,
ED79,
E77A,
E515,
E545,
E335,
DEA5,
D934,
D616,
D3BD,
D343,
D153,
CFCC,
CD90,
C922,
C746,
C92A,
D0F6,
D851,
DB08,
D9A1,
D89B,
D749,
D64B,
D589,
D64A,
D550,
D13F,
CDAE,
C869,
BF08,
B5EC,
AFEB,
AC0D,
A7C2,
A3C9,
A082,
A138,
A74F,
B06B,
B554,
B494,
B1D2,
B13B,
B415,
BA7A,
C1E4,
C9EA,
CF48,
D373,
D574,
D115,
C7EA,
C1D6,
C3A9,
CE51,
DC77,
E5B4,
E526,
DD7C,
D4C4,
CB67,
C4B4,
C38C,
C7A6,
CE88,
D490,
D29F,
CC1A,
C583,
C18B,
C03E,
C1E9,
C39A,
BE34,
B3D1,
AFCB,
B468,
BA92,
BD8B,
BB2E,
B36C,
B093,
B63C,
C4EA,
D38E,
DE69,
E44E,
E4D9,
E1A3,
DEB1,
DF59,
E387,
E832,
E7F9,
E3AD,
DA17,
C9B2,
B585,
A238,
97BB,
9705,
99A8,
9E6B,
A933,
AF1F,
AD45,
ABEC,
ACB3,
B353,
C498,
DDF1,
F54F,
05DF,
0C23,
0F20,
1266,
1583,
12A4,
102F,
0AE0,
01AE,
F444,
DE50,
CF9C,
C7E5,
C633,
C80D,
BE45,
B78A,
ADAB,
A692,
9D89,
9FCF,
AA44,
B118,
C699,
DAA1,
EBE3,
F7E4,
F8D3,
F7B4,
ED79,
E526,
E3F2,
E6A7,
E86B,
DC3A,
CB3C,
B7D5,
A3E8,
9341,
885A,
81EA,
8263,
892A,
8BB0,
8CD5,
8F7E,
932F,
9C32,
A91D,
B1A6,
BF12,
CD59,
D289,
D1E0,
CC59,
C72A,
CC2A,
D872,
E35A,
EC7D,
F239,
F38C,
F07C,
E8AB,
DFC5,
D83E,
D68F,
D3D5,
CB06,
C09D,
BDBD,
BEC1,
BFFE,
BFDF,
BF98,
C4DD,
CAA6,
CE10,
CE4B,
CA00,
C206,
BB37,
B93F,
BB5E,
BC08,
B852,
B393,
A8D4,
9599,
848F,
800A,
8A6D,
9769,
A05D,
A6CF,
A855,
A310,
A53E,
AF4D,
BAF1,
C527,
D120,
DE40,
EB95,
F70A,
00DD,
02EF,
FDE1,
F7AC,
F527,
F406,
F0B2,
E8E1,
DBDA,
C856,
B36D,
A5EE,
A832,
B636,
C248,
C41E,
BF78,
BB15,
BD8D,
C885,
D304,
D774,
D77A,
D5C7,
D59E,
D486,
D528,
DA1D,
E106,
E311,
DBAF,
CCA5,
C243,
C514,
CFBD,
DAFB,
E0F5,
E0DD,
D78D,
D069,
D1E7,
DB5F,
EBA3,
F9D8,
FEB5,
FC10,
F829,
F4CE,
F35A,
F0C4,
F24B,
F493,
F40B,
EA85,
DF92,
DF11,
E10C,
D775,
CB4C,
C833,
C7DF,
C4DE,
C58A,
CC05,
CEEE,
C945,
CA15,
D608,
E7B4,
F498,
FD79,
00A5,
00E6,
01E0,
0433,
03F5,
0400,
01DD,
F730,
ECAA,
EC78,
EB26,
E1AD,
D206,
CCC5,
CF7A,
D619,
DDF2,
E40E,
E2BB,
DE20,
DE1B,
E281,
EBB7,
F134,
F156,
EB0F,
E48B,
E243,
E2EE,
E30A,
E314,
E8CD,
F267,
FDE5,
06CE,
12DD,
1F87,
2B18,
3336,
3A79,
3DA8,
3DE5,
3846,
35E1,
2C31,
1E97,
12D5,
0667,
FF19,
F703,
EAFA,
DEC3,
D97C,
D52B,
D89A,
D368,
D14E,
D194,
D943,
E235,
E7F4,
E959,
E9D5,
E8A0,
EDE5,
F46D,
FDFF,
09E2,
0E1A,
0867,
0107,
FBE8,
FB41,
FFAF,
0980,
111C,
1838,
1CE6,
1C58,
18D3,
14CF,
1053,
0DC7,
0A2E,
046C,
FBDF,
EF18,
E360,
D5A2,
CD64,
C7FA,
C620,
CA3C,
CFDD,
D769,
E1FD,
EBF7,
F4CA,
FF12,
0415,
08EC,
0CA5,
12A8,
1B40,
200D,
1F04,
1928,
0FC7,
0739,
02B2,
00B8,
0289,
05C5,
0970,
0C8E,
0EBA,
116E,
12B9,
13E4,
15DA,
1898,
1CA4,
2248,
23A5,
237D,
1F39,
17AE,
111E,
0EDA,
10D9,
142F,
166C,
159B,
1455,
150D,
1974,
2042,
298B,
3465,
3BE1,
3E81,
3CBD,
3B16,
3A2A,
3B7C,
3DC0,
3C29,
3624,
2CC2,
2673,
242A,
22DC,
208E,
2064,
1E5B,
1B71,
1F49,
28CF,
34BB,
3C94,
4143,
45C1,
4A12,
4C20,
4A9D,
4642,
42C3,
41B3,
3F70,
3D12,
38A8,
357C,
330A,
2EA8,
2BC7,
2CB8,
30E1,
3215,
3367,
33D9,
34F2,
33C5,
346D,
3997,
4210,
49F9,
4D70,
4DBD,
4DB3,
4D53,
46AF,
3DCA,
35A8,
31C6,
3854,
40E8,
4949,
4CE7,
4C7B,
4944,
4809,
47A1,
455E,
4084,
3BA9,
3771,
34A3,
33E2,
2BE2,
1F5C,
1767,
11D2,
0DC8,
0F9D,
1613,
1AE9,
1B1D,
1967,
1B3D,
2063,
24B3,
26E6,
297E,
2F18,
36FE,
38FE,
38A4,
37DF,
3881,
3836,
3853,
3C84,
4219,
45F4,
464C,
44C3,
4472,
480A,
4A9A,
48EE,
44F8,
4241,
41D5,
406B,
3CAE,
37CD,
33FC,
2E80,
25B8,
2250,
22B4,
25A0,
27B3,
29EC,
2EA1,
35D4,
3F96,
4931,
51AC,
59FA,
5F78,
6082,
6153,
64BA,
6AEF,
6EE1,
6B91,
618F,
5672,
4D5E,
4832,
47F7,
4AC9,
4971,
46FF,
4394,
3DB8,
3756,
347D,
3640,
36D7,
3638,
337F,
2E2F,
2C13,
2F70,
3330,
3518,
338A,
3477,
3718,
3C11,
403A,
4325,
44DB,
46D1,
4771,
46F5,
43E1,
4048,
3C35,
3463,
2E58,
292B,
26DD,
2934,
2B28,
2D67,
300B,
3105,
2DF1,
287C,
2462,
2207,
2103,
1FA8,
1F43,
1F72,
20F5,
1E9A,
1B71,
1C1D,
1F8E,
24A0,
2B65,
32B5,
3AC0,
429E,
4749,
481D,
4921,
49F4,
4F7A,
5494,
5AB4,
5F25,
6150,
5C62,
53AF,
4BF4,
46CC,
4248,
4336,
4ACB,
5098,
5180,
4E12,
47D9,
4295,
408B,
3F5C,
3EE0,
4035,
40F5,
3F4C,
3D2D,
3E9E,
40E2,
3F8E,
3C93,
3BEA,
3C6E,
3CE9,
3DB9,
407B,
4450,
47E3,
49B7,
4726,
42BA,
414E,
408D,
3BBA,
383A,
35A2,
3221,
2C54,
2656,
2199,
219A,
24C5,
2926,
2DA6,
2F2B,
2E18,
27CA,
22C8,
1FBB,
20BD,
26EC,
30C3,
374F,
392A,
379F,
3455,
3173,
3158,
346A,
3BB8,
4276,
4918,
4D4B,
4ED4,
4CFC,
4DAD,
503E,
5522,
55B0,
5009,
482A,
3EFC,
3886,
36FE,
34E5,
34F4,
3582,
36B2,
3675,
35F7,
3031,
287A,
2344,
22C6,
2569,
2BCF,
3233,
35CA,
3649,
3209,
2A17,
204C,
1B0E,
1CDF,
20B5,
22B3,
2151,
1D09,
19B3,
19F8,
2226,
29ED,
30CD,
384C,
3973,
3749,
34AA,
2FC2,
2C39,
2DBF,
3410,
40A0,
4C41,
507A,
4A01,
3EC0,
35D6,
35E0,
3D68,
47D2,
5011,
5836,
57C2,
4CB9,
3FA8,
390B,
368D,
378D,
3CA6,
3DE8,
3AC4,
3124,
24B1,
1D2D,
1CC2,
2555,
33B8,
3F77,
440A,
420D,
3910,
29B1,
1D5A,
1CBA,
2530,
2C8D,
321D,
31A1,
2C69,
24B5,
1F16,
1E0B,
1D99,
22F8,
3018,
3C3B,
408A,
3E5D,
30F3,
1991,
0870,
074F,
0A6D,
0A51,
09F5,
0653,
FB5F,
F734,
FF4D,
0B99,
1796,
1E01,
1DDE,
1AA7,
1726,
0F2C,
073D,
05D0,
0801,
0599,
00E8,
02EB,
07F5,
0CA6,
0969,
03B6,
FE91,
FAEB,
F998,
F591,
F012,
EE22,
F08C,
F0B1,
EF9E,
F0F5,
F392,
F2A7,
EE8F,
EB9B,
E4BF,
DC57,
D16F,
C9F6,
C73B,
C902,
CA1A,
CBA6,
CFAA,
D4C9,
DC47,
E2D4,
E604,
E94E,
EF14,
F47F,
FA3D,
FEE0,
0080,
0370,
0446,
0492,
06AA,
0CE8,
1376,
1A1A,
1E34,
1E26,
1E3A,
1E38,
1B20,
1600,
1462,
141A,
1568,
1696,
10B0,
06A9,
00F7,
032D,
081F,
0B61,
0ABC,
0603,
FF32,
F90B,
F651,
F454,
F393,
F543,
FC2A,
02B3,
0595,
070F,
0597,
01B6,
FBFA,
F665,
F230,
F2AD,
F730,
FD78,
009D,
0079,
FB89,
F735,
FAFC,
0365,
08F9,
063F,
FD7A,
F542,
F294,
F3CF,
F933,
F8C1,
F223,
EEF7,
EB73,
E709,
E1B5,
DFD8,
E269,
E777,
EB53,
F558,
FE5F,
00F1,
FDB0,
F58B,
EF08,
E480,
DCA0,
DA04,
D871,
D885,
DA01,
D3FD,
CC55,
C959,
CD59,
D417,
D2A3,
C072,
AAEB,
A84B,
B96C,
D0DA,
E8EC,
F46B,
EA12,
CE76,
BCEC,
BCFE,
BE1E,
BEF8,
C9F6,
D285,
CD88,
BA3E,
AC03,
AA4E,
AD39,
BFA6,
C5AD,
BC22,
B0C1,
A5FA,
A06E,
BC1D,
D3C2,
DCAD,
D93E,
CAD7,
C248,
D521,
F2FB,
0F81,
1F3A,
1008,
EE37,
DC19,
DDB5,
E618,
EBEA,
ECFE,
ED85,
E2C9,
D14C,
CFF9,
E0A4,
F56C,
07E3,
0DB3,
00D8,
EF68,
D8ED,
CCA5,
C987,
C0D6,
B360,
B4F7,
BC93,
C9B9,
D9D7,
DEA4,
D723,
C5AA,
B3DC,
B3F0,
C2D0,
D492,
E247,
E526,
D743,
C22F,
B11B,
ADF4,
B686,
C29B,
CCDD,
D4F3,
E251,
F1DD,
FA6D,
FC19,
F85B,
E8FE,
D2EE,
C5D0,
C398,
C96C,
D73F,
E89A,
F299,
F65D,
F4CE,
ED50,
E700,
E3E6,
E380,
E11B,
DC89,
D790,
D553,
D3AF,
D370,
D11F,
CEFF,
CC69,
C823,
C6B4,
C8B0,
D012,
D6DC,
D92E,
D7C0,
D714,
D625,
D551,
D494,
D543,
D439,
D01E,
CC9F,
C757,
BDC5,
B45B,
AE2B,
AA2B,
A5DA,
A1F9,
9EC8,
9F5E,
A539,
AE38,
B33E,
B2BA,
B057,
B020,
B32A,
B99A,
C134,
C9A8,
CF8F,
D40B,
D612,
D159,
C7BF,
C165,
C32E,
CDE7,
DC42,
E589,
E4E4,
DD63,
D566,
CCEC,
C6CF,
C5BF,
C9AA,
D028,
D5F2,
D3FB,
CD83,
C6B8,
C257,
C071,
C16E,
C253,
BC30,
B129,
ACD8,
B1AE,
B88C,
BC57,
BAE3,
B3EA,
B19B,
B792,
C6BA,
D5EF,
E17F,
E81E,
E933,
E5F0,
E26F,
E212,
E518,
E8BE,
E80D,
E3ED,
DAD8,
CA88,
B604,
A214,
96F5,
958D,
978A,
9C3C,
A822,
AF3C,
ADEC,
AC9A,
AD1D,
B35B,
C4C6,
DE79,
F619,
0684,
0C64,
0EC8,
11B5,
1487,
1191,
0EEC,
094E,
FFA5,
F235,
DC2C,
CDB9,
C63F,
C533,
C7BE,
BEA9,
B7FF,
AE69,
A706,
9F59,
9FC3,
A904,
B06C,
C57E,
D9BE,
EA9B,
F698,
F778,
F6C1,
ECFA,
E55E,
E4E6,
E830,
E9E6,
DDE0,
CD2A,
BA40,
A6BC,
9678,
8BA1,
8503,
8509,
8B74,
8DC1,
8F00,
91D1,
9594,
9E11,
A9EF,
B17B,
BE6F,
CC6C,
D15A,
D033,
CA24,
C47C,
C941,
D59B,
E0FE,
EABE,
F158,
F38D,
F120,
E984,
E0BD,
D982,
D821,
D553,
CC48,
C19A,
BE45,
BEB3,
BF94,
BF86,
BFD6,
C5BE,
CBE5,
CF58,
CF6B,
CB08,
C35B,
BCF7,
BB13,
BCE1,
BD46,
B963,
B451,
A939,
961A,
8534,
8009,
8921,
9544,
9E27,
A533,
A7DA,
A3B1,
A647,
B00B,
BADF,
C3F3,
CED6,
DBAA,
E9F1,
F6EC,
01C6,
045E,
FF6F,
F8E7,
F5E1,
F463,
F0E4,
E944,
DCBB,
C9EA,
B5BD,
A8D5,
AB72,
B996,
C55D,
C6A0,
C193,
BD3F,
BFED,
CAFE,
D53C,
D8D4,
D796,
D4F5,
D457,
D317,
D3C8,
D8E8,
DFCC,
E1C5,
DA86,
CBD4,
C1C8,
C4AE,
CEE7,
D948,
DE98,
DE6E,
D56E,
CE8C,
D010,
D98D,
EA0B,
F8B4,
FE24,
FC36,
F8D6,
F57B,
F3B1,
F12A,
F37B,
F6C1,
F65E,
EBFC,
E014,
DF88,
E218,
D8C1,
CC95,
C9F9,
CA4E,
C77F,
C7D8,
CDCA,
D010,
C9FA,
CADF,
D73C,
E8CE,
F4DF,
FCCA,
FF88,
FFF2,
0128,
0371,
02D7,
0255,
001D,
F636,
EC67,
EC38,
EACA,
E14E,
D1B5,
CC78,
CF3D,
D5EC,
DDDA,
E3E9,
E2A6,
DE3E,
DE23,
E21C,
EAF5,
F068,
F059,
E96E,
E25C,
E040,
E188,
E21F,
E270,
E834,
F1CB,
FD9C,
076D,
148E,
2208,
2DF3,
3630,
3D90,
40D9,
4111,
3B5B,
3895,
2E63,
209D,
152B,
0905,
019E,
F98D,
EDDC,
E1F3,
DC96,
D7BF,
DA5E,
D4C1,
D2A0,
D2BF,
D9AD,
E184,
E5FD,
E60C,
E56E,
E36F,
E7D0,
EDA8,
F720,
0354,
07FB,
02EC,
FC3C,
F78D,
F730,
FBF8,
0637,
0E60,
15E8,
1AF7,
1B10,
1852,
14D8,
107E,
0DC0,
0A02,
046F,
FC74,
F074,
E57F,
D890,
D0CB,
CB63,
C94D,
CD03,
D23B,
D99E,
E462,
EE95,
F725,
00D1,
058B,
0A47,
0DF1,
13F5,
1C7D,
2123,
2002,
1A58,
117A,
093A,
0468,
01FE,
03C9,
0780,
0BAB,
0EF5,
10F2,
136C,
14CA,
161C,
17FC,
1A8C,
1E61,
23AA,
24AF,
240F,
1F02,
1669,
0ED8,
0C08,
0DF4,
1170,
13BC,
12C7,
1159,
1237,
171A,
1E97,
286D,
3391,
3B4D,
3E36,
3C97,
3AB5,
3978,
3B07,
3E1E,
3D44,
376C,
2DFE,
27DD,
2600,
252E,
2372,
23BB,
21E1,
1F25,
235A,
2D3B,
3925,
4095,
4498,
487A,
4C84,
4EA9,
4D3E,
488D,
4450,
4294,
3FFF,
3D8A,
3916,
359E,
32A9,
2DE4,
2AE2,
2BAE,
2F84,
3082,
31B9,
31CF,
323B,
305D,
306B,
3540,
3D9E,
455D,
48B8,
4925,
4955,
493B,
42EF,
3A55,
3288,
2F13,
3606,
3F42,
487F,
4CCE,
4CB4,
4989,
4840,
480F,
4639,
416C,
3C18,
3782,
34E1,
3472,
2C8E,
1FF8,
17E0,
123C,
0E52,
105F,
16E4,
1B70,
1B25,
192C,
1B25,
208F,
24C7,
2669,
285D,
2D98,
3555,
374D,
36DB,
35F7,
369A,
3699,
374D,
3C26,
4226,
4630,
46F2,
463A,
46A9,
4A99,
4D4F,
4BBF,
47E4,
452F,
448A,
42DE,
3F00,
39F4,
35C1,
2FCD,
2699,
22BF,
22D0,
2587,
274C,
292B,
2D88,
3472,
3E2D,
481C,
50C8,
58EC,
5E12,
5EE9,
5FDF,
63BD,
6A78,
6EE4,
6BF4,
6253,
57A1,
4F01,
4A31,
4A29,
4D30,
4C4F,
4A51,
4721,
4129,
3A5E,
3721,
387E,
387F,
372B,
33B8,
2DAB,
2ACD,
2D72,
309A,
31F0,
2FD4,
3044,
3284,
3741,
3B60,
3E58,
4018,
4215,
42D4,
42AE,
4011,
3CDE,
390F,
319D,
2C26,
27AB,
25FC,
28E9,
2B69,
2E25,
313F,
32B7,
3029,
2B40,
27AD,
25BB,
24E9,
2390,
2306,
230B,
247C,
2237,
1F20,
1F99,
227E,
26D9,
2CF5,
33E3,
3BBB,
4363,
47C6,
484D,
48F6,
498C,
4EE8,
53E7,
59EE,
5E6F,
60CE,
5C1F,
5394,
4BF8,
46E7,
426A,
4333,
4A79,
4FFF,
50D5,
4D84,
477C,
425F,
405D,
3EF6,
3E22,
3F49,
4010,
3E62,
3C3C,
3DB7,
3FF1,
3E70,
3B38,
3A4A,
3A95,
3AE3,
3B9A,
3E63,
424D,
45F2,
47FD,
45AF,
4169,
401F,
3F74,
3A8F,
371D,
34DC,
31BD,
2C5A,
26DB,
2267,
228A,
25E8,
2A80,
2F35,
30FD,
2FFC,
29A2,
2485,
2143,
2204,
2815,
31CE,
383C,
3A0B,
3854,
34BE,
31B2,
316A,
3437,
3B4B,
41C0,
47F8,
4BD0,
4D0B,
4B05,
4B92,
4DE8,
5291,
52E3,
4CFA,
450F,
3C08,
35A7,
3435,
3242,
326F,
3333,
34A5,
34A8,
3467,
2EEA,
276A,
2264,
2219,
24F9,
2BA2,
3266,
3660,
373A,
334F,
2B9C,
21FC,
1CD3,
1E94,
2247,
2421,
22A3,
1E66,
1B35,
1B99,
23BB,
2B37,
31A6,
38C5,
39B9,
376F,
34A2,
2F51,
2B48,
2C70,
32C0,
3FBB,
4BE1,
5052,
4976,
3D33,
335E,
3331,
3B3A,
46B1,
500E,
58CA,
5836,
4C7C,
3EE5,
385B,
3679,
3837,
3DC0,
3ECB,
3ADB,
3075,
23E2,
1C99,
1C59,
24E7,
32FE,
3E36,
4293,
40F5,
38A7,
29CC,
1D37,
1B6F,
22B5,
29D0,
2FD0,
301D,
2BC4,
2449,
1DA7,
1AF4,
194F,
1E55,
2C09,
39C0,
3FE7,
3EB7,
318C,
1A1F,
0861,
063A,
0897,
07CD,
06BC,
0309,
F903,
F5FE,
FEDF,
0B49,
1683,
1BB4,
1ADA,
17D5,
153D,
0E65,
06FF,
04FC,
05C7,
01F3,
FC63,
FE1E,
0360,
0879,
0592,
000B,
FB48,
F874,
F859,
F5A0,
F0F6,
EEEB,
F095,
F003,
EECC,
F09B,
F3EB,
F371,
EF40,
EBA7,
E445,
DBF8,
D1D8,
CB78,
C9AB,
CBD2,
CCDA,
CE0C,
D1D1,
D722,
DEDF,
E559,
E82B,
EAE4,
F02F,
F56D,
FB23,
FFC2,
0147,
03EF,
047B,
0483,
0674,
0CC4,
13B8,
1ACC,
1F34,
1F5E,
1F70,
1F22,
1BD5,
169B,
14DA,
146D,
158D,
169B,
10CD,
0705,
0194,
03CF,
0893,
0BA4,
0AD0,
05EC,
FEF3,
F890,
F5C1,
F3E2,
F34C,
F500,
FB8E,
017E,
03FF,
0565,
040A,
003F,
FAA7,
F54A,
F148,
F1D2,
F649,
FC6A,
FF7F,
FF6B,
FAA5,
F657,
F9F4,
021F,
0764,
0444,
FB4C,
F329,
F0B4,
F236,
F7DD,
F790,
F0EE,
EDA0,
EA04,
E581,
E040,
DE9C,
E15B,
E655,
EA0E,
F412,
FD71,
0073,
FD73,
F51E,
EE00,
E2B7,
DA20,
D725,
D5E7,
D6CB,
D915,
D35D,
CB80,
C849,
CC8A,
D3BB,
D1EA,
BE0A,
A6D7,
A413,
B6E6,
D0E5,
EB94,
F896,
ED26,
CE91,
BB3F,
BB61,
BD2C,
BECF,
CAD2,
D43A,
CF1F,
BAE3,
AC63,
AB09,
AEBA,
C28A,
C945,
BF54,
B3B2,
A81D,
A13B,
BC0D,
D2D7,
DBA5,
DA20,
CE04,
C6A6,
D91E,
F4A8,
0DF5,
1B6C,
0C55,
ED21,
DDF7,
E121,
E9BA,
EEC0,
EE0D,
EC77,
E121,
D10B,
D14B,
E2CF,
F7C0,
099A,
0F24,
02A0,
F130,
DB28,
CF5D,
CBC4,
C244,
B40B,
B469,
BB80,
C8E8,
D963,
DEAB,
D7DA,
C6F7,
B5C0,
B61E,
C4BB,
D5CC,
E2DC,
E56D,
D7BB,
C33C,
B2D6,
AFD4,
B7C2,
C2B2,
CBAF,
D2A9,
DF54,
EF0B,
F8C6,
FBAC,
F88A,
E998,
D422,
C77E,
C5B7,
CBDD,
D973,
E9F3,
F30E,
F636,
F479,
ED0C,
E68B,
E2DB,
E1EA,
DF3F,
DAB8,
D640,
D4E4,
D407,
D412,
D17C,
CED9,
CBFC,
C7F5,
C6FD,
C90D,
CFE1,
D5FB,
D7E0,
D672,
D617,
D581,
D4DD,
D43C,
D4F0,
D3F2,
CFE7,
CC7D,
C738,
BD9B,
B411,
ADD0,
A9C3,
A586,
A1CD,
9EB6,
9F1B,
A494,
AD46,
B258,
B21F,
B032,
B05C,
B383,
B9D1,
C166,
CA16,
D06D,
D52E,
D733,
D23C,
C86A,
C1EC,
C39B,
CE23,
DC5B,
E573,
E4BB,
DD91,
D680,
CF1E,
C9BB,
C8C9,
CC67,
D256,
D7B8,
D5C2,
CF77,
C89B,
C3EA,
C174,
C1BA,
C1CA,
BB00,
AF87,
AB00,
AFFA,
B774,
BC0F,
BBA4,
B5B9,
B41B,
BA53,
C9A8,
D929,
E549,
EC95,
EE2C,
EADD,
E6CE,
E561,
E725,
E9A5,
E873,
E48C,
DC1D,
CC29,
B7A6,
A36D,
97E0,
95C9,
9707,
9B78,
A81A,
B02A,
AF79,
AE4D,
AEA6,
B46A,
C592,
DF05,
F668,
066A,
0BF0,
0DE1,
108F,
1313,
1011,
0D39,
0761,
FD71,
F03E,
DA92,
CC98,
C572,
C507,
C820,
BFE1,
B95D,
B03E,
A8AE,
A280,
9F75,
A78F,
AFA5,
C43F,
D8A4,
E909,
F4FB,
F5EF,
F5C0,
EC9A,
E5CC,
E60E,
E9DB,
EB67,
DF82,
CF0C,
BC9F,
A986,
99A3,
8ED0,
87F5,
8774,
8D6C,
8F7D,
90D9,
93DE,
97C7,
9FC2,
AA86,
B11C,
BD9F,
CB55,
D012,
CE7E,
C7F1,
C1CD,
C642,
D294,
DE54,
E892,
EFF8,
F30C,
F13F,
E9D0,
E11D,
DA2A,
D912,
D628,
CCDE,
C1F3,
BE34,
BE24,
BEBE,
BED1,
BFC9,
C65A,
CCE7,
D07A,
D081,
CC14,
C4B3,
BEB3,
BCDE,
BE5C,
BE88,
BA8C,
B532,
A9C3,
96BC,
85EC,
8008,
87C4,
92FE,
9BC6,
A367,
A72F,
A42C,
A72C,
B0AD,
BAB9,
C2B3,
CC79,
D8F0,
E815,
F68C,
026C,
058B,
00B7,
F9D6,
F640,
F447,
F088,
E917,
DD0C,
CAEA,
B77A,
AB35,
AE30,
BC7F,
C80E,
C8D7,
C37A,
BF40,
C226,
CD4C,
D747,
DA12,
D7A9,
D430,
D31E,
D1AF,
D271,
D7C1,
DE9F,
E080,
D965,
CB0D,
C153,
C447,
CE06,
D77A,
DC1A,
DBDD,
D335,
CC91,
CE10,
D794,
E850,
F76B,
FD69,
FC2D,
F94A,
F5EB,
F3D7,
F175,
F497,
F8DA,
F88F,
ED37,
E048,
DFB0,
E2E2,
D9DA,
CDB9,
CB9D,
CC90,
C9EA,
C9F8,
CF73,
D12B,
CABD,
CBBD,
D885,
E9F4,
F531,
FC1E,
FE69,
FEFE,
0072,
02AA,
01B2,
00A3,
FE51,
F529,
EC07,
EBD3,
EA4F,
E0DB,
D166,
CC41,
CF1F,
D5D6,
DDC7,
E3B9,
E27C,
DE4A,
DE26,
E1BB,
EA3B,
EFA4,
EF57,
E7BF,
E024,
DE43,
E037,
E151,
E1E1,
E7A2,
F12A,
FD3F,
07F4,
1621,
245F,
309F,
3901,
4082,
43E7,
4411,
3E3D,
3B01,
3048,
2256,
1732,
0B5D,
03D7,
FBBA,
F058,
E4C4,
DF54,
DA07,
DBD6,
D5E1,
D3BF,
D3CD,
DA0E,
E0DC,
E424,
E2F7,
E155,
DE99,
E204,
E71D,
F06C,
FCE5,
01FB,
FD9D,
F7A7,
F373,
F364,
F88A,
0330,
0BD7,
13B8,
191B,
19D8,
17DC,
14E3,
10A9,
0DB7,
09D0,
0460,
FCE4,
F1A1,
E768,
DB52,
D40D,
CEB0,
CC5E,
CFA9,
D47F,
DBC9,
E6C2,
F12C,
F976,
0287,
070E,
0BC6,
0F73,
1573,
1DDA,
224A,
2109,
1B99,
134B,
0B65,
064A,
0367,
0518,
093A,
0DDB,
114B,
131E,
1561,
16D4,
1851,
1A26,
1C93,
2033,
2517,
25C2,
24AE,
1EDE,
1541,
0CBF,
0969,
0B34,
0EC3,
1110,
0FFA,
0E77,
0F92,
14FC,
1D24,
2780,
32EA,
3AE9,
3E22,
3CB3,
3A99,
390D,
3AD7,
3EBC,
3E95,
38E0,
2F5C,
295E,
27E5,
2786,
2656,
270C,
2569,
22E8,
277F,
31BB,
3D9D,
44A0,
47FB,
4B49,
4F13,
5153,
4FFE,
4AF3,
45F6,
4389,
40A2,
3E11,
3993,
35D4,
3266,
2D4B,
2A31,
2AE0,
2E68,
2F38,
3058,
3015,
2FDB,
2D57,
2CCF,
314D,
3984,
4104,
442E,
44AE,
4516,
454A,
3F6B,
372C,
2FBC,
2CB7,
3403,
3DD6,
47DB,
4CD0,
4D04,
49E3,
4888,
488E,
4728,
4266,
3C8B,
3788,
3513,
34F9,
2D41,
20B6,
1894,
12F6,
0F37,
117B,
180B,
1C4A,
1B78,
1937,
1B56,
210A,
2531,
2642,
278A,
2C60,
33EE,
35E3,
355E,
3464,
350D,
3561,
36B2,
3C2A,
4288,
46B2,
47D6,
47F3,
492A,
4D73,
5048,
4EC9,
4AFD,
4843,
4763,
4577,
4181,
3C5C,
37D2,
316A,
27CD,
2382,
2342,
25C2,
273E,
28C6,
2CCA,
3364,
3D0E,
4746,
5022,
581D,
5CEC,
5D97,
5EB4,
62FA,
6A20,
6EF0,
6C58,
631F,
58E8,
50C8,
4C58,
4C7B,
4FA5,
4F2F,
4D9F,
4AA9,
449A,
3D6C,
39C9,
3AB9,
3A2B,
382D,
340B,
2D53,
29C7,
2BBF,
2E54,
2F1F,
2C80,
2C79,
2E5A,
32DB,
36F1,
39F1,
3BB4,
3DA6,
3E78,
3EA1,
3C7C,
39A9,
361D,
2F19,
2A3F,
267D,
2571,
28EE,
2BF8,
2F2B,
32B1,
34A1,
329C,
2E44,
2B32,
29A1,
28FA,
27A3,
26F4,
26D3,
2834,
2611,
2316,
235C,
25B1,
2951,
2EC1,
3546,
3CE7,
4453,
4869,
48A4,
48F5,
4953,
4E7D,
5359,
5939,
5DC2,
604F,
5BE5,
538F,
4C20,
4731,
42C7,
4367,
4A47,
4F76,
5039,
4D10,
4748,
4260,
406A,
3ED2,
3DA9,
3EA5,
3F79,
3DD0,
3BAC,
3D2B,
3F55,
3DA9,
3A3C,
3912,
3929,
3947,
39DD,
3CA6,
4099,
4444,
4681,
4479,
405C,
3F2E,
3E93,
399D,
3637,
344A,
3189,
2C93,
2798,
2373,
23B6,
2741,
2C02,
30DB,
32DB,
31E6,
2B8B,
2666,
22FB,
237F,
2968,
32F0,
3936,
3B02,
392F,
355F,
323C,
31CE,
3450,
3B18,
4135,
46F6,
4A6F,
4B5E,
4934,
499D,
4BAD,
5008,
5016,
49F4,
420D,
3942,
32FB,
3198,
2FC9,
300C,
3101,
32B6,
32F8,
32F0,
2DC8,
268E,
21C3,
21B2,
24CF,
2BAC,
32C4,
371E,
3856,
34CF,
2D72,
2417,
1F11,
20B7,
2437,
25E2,
244B,
2022,
1D1E,
1DA0,
25A0,
2CBA,
32A7,
395A,
3A21,
37C3,
34CA,
2F0D,
2A80,
2B44,
3194,
3EFD,
4BAA,
5054,
4916,
3BCB,
3100,
3091,
3918,
459C,
501B,
595E,
589C,
4C38,
3E2E,
37D3,
36A8,
3934,
3F2B,
3FF3,
3B2B,
2FFE,
2352,
1C46,
1C26,
24A1,
3266,
3D18,
4144,
400B,
386B,
2A13,
1D39,
1A40,
205A,
2744,
2DBB,
2ECB,
2B3D,
23DA,
1C1C,
17BD,
14F8,
19B2,
27F6,
372B,
3F11,
3ED6,
31FF,
1AAD,
0871,
0547,
06D4,
0547,
036F,
FFA9,
F6A7,
F4E3,
FE9E,
0B27,
1596,
1982,
17ED,
1520,
137D,
0DCF,
06EA,
043B,
0392,
FE58,
F7FC,
F97E,
FEF9,
0466,
01C5,
FC5E,
F7F9,
F5FF,
F722,
F5BC,
F1E6,
EFB5,
F091,
EF4B,
EDFD,
F050,
F454,
F44E,
F00F,
EBD8,
E3F9,
DBC9,
D274,
CD24,
CC3D,
CEB9,
CFAF,
D093,
D428,
D9AB,
E198,
E7EB,
EA55,
EC80,
F159,
F66C,
FC11,
0099,
01ED,
043D,
0481,
0451,
0623,
0C7F,
13C9,
1B3D,
1FEA,
2049,
205B,
1FC8,
1C4E,
1705,
1523,
148E,
157A,
1662,
10B5,
073E,
021A,
045C,
08F5,
0BDA,
0ADF,
05DC,
FEC5,
F831,
F556,
F39B,
F337,
F4EE,
FB13,
0060,
0282,
03D3,
0292,
FED7,
F95D,
F43D,
F076,
F111,
F573,
FB59,
FE48,
FE37,
F9A0,
F567,
F8DB,
00BB,
059E,
0209,
F8D8,
F0CA,
EE90,
F05A,
F63A,
F610,
EF74,
EC0A,
E862,
E3D4,
DEB1,
DD45,
E02C,
E50E,
E8AC,
F2AF,
FC67,
FFDC,
FD1B,
F499,
ECE1,
E0E4,
D7A4,
D44A,
D35B,
D506,
D811,
D2A6,
CA96,
C731,
CBC6,
D370,
D138,
BB98,
A29F,
9F9B,
B41D,
D0C4,
EE2F,
FCE1,
F06B,
CED0,
B9A8,
B9C8,
BC2F,
BE97,
CB9B,
D5ED,
D0C2,
BB9E,
ACDC,
ABD5,
B046,
C565,
CCC5,
C266,
B68B,
AA33,
A20D,
BBF8,
D1DD,
DA78,
DAC2,
D0D7,
CAA7,
DCCF,
F620,
0C41,
176F,
0851,
EB9A,
DF4E,
E408,
ECEB,
F13C,
EED1,
EB21,
DF2D,
D06D,
D235,
E48E,
F9A8,
0AF5,
104E,
0439,
F2D8,
DD4A,
D1F5,
CDDF,
C38D,
B49E,
B3D0,
BA6F,
C828,
D911,
DEE0,
D8C1,
C873,
B7C9,
B864,
C6BF,
D721,
E380,
E5AD,
D81A,
C422,
B45D,
B179,
B8C6,
C29F,
CA69,
D056,
DC47,
EC10,
F6D2,
FAD8,
F84C,
E9D8,
D50E,
C8EA,
C792,
CE08,
DB66,
EB0D,
F342,
F5C4,
F3C5,
EC5D,
E5B1,
E17E,
E00F,
DD21,
D89D,
D499,
D413,
D402,
D465,
D19C,
CE84,
CB64,
C7A1,
C722,
C94B,
CF8E,
D4F9,
D675,
D507,
D4EE,
D4A6,
D432,
D3C2,
D495,
D3B8,
CFC4,
CC61,
C711,
BD65,
B3C1,
AD75,
A95F,
A53A,
A1A4,
9E9E,
9EC7,
A3D2,
AC31,
B153,
B172,
B005,
B092,
B3CF,
B9EA,
C167,
CA43,
D109,
D613,
D81A,
D2EC,
C8F0,
C257,
C3E4,
CE29,
DC26,
E502,
E439,
DD72,
D755,
D114,
CC71,
CB9D,
CEE6,
D43A,
D929,
D730,
D112,
CA28,
C52A,
C22A,
C1BB,
C0F3,
B97E,
AD94,
A8DA,
ADF8,
B612,
BB88,
BC39,
B77F,
B6B0,
BD33,
CCAD,
DC79,
E937,
F13A,
F350,
EFE5,
EB3C,
E8B9,
E932,
EA80,
E8C4,
E50C,
DD39,
CDA0,
B91C,
A4A1,
98AD,
95E3,
9657,
9A6D,
A798,
B084,
B07E,
AF92,
AFDE,
B530,
C5F8,
DF02,
F614,
05B3,
0B05,
0CB5,
0F47,
118A,
0E7B,
0B63,
054F,
FB1F,
EE2E,
D8EE,
CB62,
C485,
C4AF,
C83A,
C0CB,
BA63,
B1BC,
A9FE,
A547,
9EDF,
A5E3,
AEC1,
C2DC,
D74E,
E728,
F309,
F430,
F4A9,
EC4E,
E667,
E763,
EBA4,
ECEB,
E11E,
D0E3,
BEF2,
AC45,
9CBF,
91E8,
8AC1,
89A6,
8F17,
90EA,
9266,
95A7,
99C9,
A142,
AAE2,
B08B,
BCA1,
CA15,
CEB0,
CCC1,
C5C0,
BF1C,
C32F,
CF5C,
DB5C,
E5F9,
EE1A,
F20C,
F0DA,
E990,
E0E5,
DA39,
D963,
D657,
CCCB,
C1A8,
BD8D,
BD17,
BD80,
BDC4,
BF73,
C6B2,
CDAF,
D177,
D18F,
CD26,
C610,
C06C,
BE9E,
BFCD,
BFC9,
BBC8,
B631,
AA6E,
977D,
86B5,
8008,
8655,
9097,
9939,
A16C,
A655,
A47D,
A7EB,
B132,
BA7E,
C160,
CA05,
D60C,
E5FB,
F5E7,
02CC,
0674,
01BC,
FA7B,
F646,
F3B9,
EFA1,
E85C,
DCD0,
CB59,
B8AA,
AD0F,
B072,
BEF8,
CA61,
CACA,
C532,
C11D,
C43D,
CF73,
D928,
DB33,
D7B8,
D37B,
D1F3,
D04E,
D11F,
D6A4,
DD78,
DF3D,
D847,
CA4D,
C0E2,
C3DB,
CD14,
D58D,
D975,
D926,
D0E0,
CA77,
CBE8,
D571,
E66F,
F5FA,
FC81,
FBF2,
F982,
F61B,
F3C8,
F1A7,
F5A1,
FAE0,
FA9D,
EE36,
E02D,
DF8B,
E36C,
DAC3,
CEBD,
CD24,
CEA9,
CC23,
CBEE,
D103,
D23F,
CB8B,
CCAF,
D9E3,
EB27,
F58E,
FB79,
FD4A,
FE08,
FFB9,
01D9,
0083,
FEE9,
FC79,
F40C,
EB8D,
EB4C,
E9B9,
E054,
D119,
CC1F,
CF23,
D5DB,
DDBF,
E380,
E23D,
DE43,
DE1C,
E15B,
E983,
EEE4,
EE4E,
E5FF,
DDDF,
DC48,
DEF8,
E09A,
E165,
E714,
F082,
FCCD,
0863,
1797,
2690,
331C,
3BA9,
434E,
46D1,
46E6,
40ED,
3D25,
31E1,
23C2,
18EA,
0D6E,
05C4,
FD8D,
F271,
E739,
E1BB,
DC07,
DD06,
D6C7,
D4AC,
D4BE,
DA66,
E03E,
E269,
E019,
DD87,
DA18,
DC7E,
E0C7,
E9DE,
F68E,
FC16,
F872,
F345,
EF9A,
EFDE,
F566,
006C,
0986,
11AB,
1753,
18B3,
1773,
14F1,
10D6,
0DAE,
099A,
043F,
FD2D,
F29D,
E919,
DDE3,
D728,
D1DC,
CF4F,
D22B,
D6A8,
DDE8,
E91C,
F3B8,
FBBD,
0435,
089E,
0D6D,
112B,
1724,
1F58,
2382,
221B,
1CEA,
153C,
0DBB,
085B,
04F6,
067C,
0AFB,
1007,
1399,
1547,
1757,
18E0,
1A8F,
1C63,
1EB6,
2221,
2692,
26E0,
255A,
1ECD,
1436,
0AD4,
06FB,
0896,
0C24,
0E62,
0D30,
0BAF,
0D1E,
1319,
1BE9,
26C3,
3272,
3AB6,
3E44,
3D12,
3AC7,
38EC,
3AF1,
3F9C,
4020,
3A82,
30E0,
2AFA,
29DC,
29E9,
293C,
2A5A,
28F4,
26BD,
2BBB,
3652,
4223,
48B8,
4B6F,
4E2F,
51C0,
541C,
52DB,
4D74,
47B3,
4492,
4157,
3EA5,
3A1D,
361C,
323E,
2CDC,
29B7,
2A51,
2D91,
2E3B,
2F44,
2EAC,
2DD2,
2AB4,
299E,
2DC2,
35C5,
3CEF,
3FD3,
4058,
40F9,
4181,
3C22,
344E,
2D45,
2AB4,
324B,
3CA4,
475B,
4CEE,
4D68,
4A4F,
48E0,
491C,
4827,
4370,
3CFD,
377E,
3533,
3570,
2DF4,
2190,
197E,
13FE,
1076,
12F1,
1989,
1D78,
1C18,
198B,
1BD1,
21D9,
25F5,
2673,
2709,
2B72,
32CC,
34C2,
3432,
3328,
33DD,
3492,
3688,
3C98,
4346,
4783,
48FE,
49F2,
4BFB,
509D,
538A,
5211,
4E47,
4B80,
4A63,
4839,
4433,
3F05,
3A2F,
3353,
2954,
2496,
2407,
2650,
2786,
28BC,
2C65,
32AA,
3C35,
46AC,
4FB8,
578B,
5C06,
5C8E,
5DD1,
6271,
69E8,
6F06,
6CBF,
63F7,
5A4A,
52B7,
4EAC,
4EF1,
522B,
5215,
50ED,
4E30,
480E,
4082,
3C76,
3CF1,
3BDB,
393E,
3475,
2D25,
28FD,
2A52,
2C59,
2CA0,
298B,
2913,
2A99,
2EDD,
32EA,
35F2,
37B0,
3987,
3A5D,
3AD3,
3924,
36AB,
3362,
2CDB,
28A7,
25A6,
2542,
294A,
2CDA,
307C,
3466,
36C8,
354D,
318A,
2EF2,
2DB7,
2D34,
2BDD,
2B0D,
2AC8,
2C1B,
2A24,
274F,
275F,
2922,
2C06,
30C5,
36DD,
3E40,
4569,
4930,
4921,
491C,
4948,
4E3B,
52EC,
5898,
5D1F,
5FD7,
5BB9,
53A4,
4C70,
47B0,
4366,
43DD,
4A42,
4F09,
4FB7,
4CBD,
4742,
4298,
40B5,
3EF2,
3D7B,
3E4D,
3F32,
3D98,
3B7C,
3CF9,
3F0B,
3D35,
399E,
383F,
3828,
3812,
3881,
3B41,
3F30,
42D5,
453F,
437E,
3F8D,
3E77,
3DE7,
38E2,
3589,
33EB,
3183,
2CFB,
288A,
24BB,
251F,
28D4,
2DB0,
329A,
34C7,
33D6,
2D83,
2868,
24E5,
252D,
2AE7,
342A,
3A3D,
3C0D,
3A2D,
3635,
330D,
3280,
34B2,
3B1F,
40D6,
4611,
4927,
49CD,
4786,
47C9,
4988,
4D85,
4D4B,
46F8,
3F25,
36AA,
3085,
2F29,
2D7B,
2DCC,
2EF3,
30EA,
3167,
3194,
2CCB,
25E6,
2164,
2194,
24EB,
2BEF,
334C,
3801,
3999,
3686,
2F97,
269C,
21C6,
2348,
2683,
27F7,
2648,
223D,
1F6C,
2008,
27CD,
2E6C,
33CB,
3A07,
3AAA,
3843,
351F,
2EF3,
29DD,
2A37,
308D,
3E67,
4B9F,
5083,
48E4,
3A8A,
2EBE,
2E05,
3706,
4498,
5039,
59F4,
58F7,
4BED,
3D86,
3777,
371F,
3A8A,
40E8,
4163,
3BB3,
2FBF,
2302,
1C30,
1C25,
247C,
31E8,
3C16,
4018,
3F49,
3858,
2A81,
1D5B,
1928,
1E19,
24E5,
2BDB,
2DA8,
2ACD,
2363,
1A70,
1461,
108F,
150E,
23DE,
3478,
3E03,
3EB5,
3248,
1B3B,
089F,
0475,
0521,
02BB,
000B,
FC2C,
F446,
F3E0,
FE85,
0B32,
14CA,
1769,
1514,
1286,
11E2,
0D65,
06F8,
038A,
015C,
FAC1,
F3B1,
F507,
FABB,
0068,
FDFF,
F8AB,
F4A4,
F38D,
F5F2,
F5E5,
F2E2,
F080,
F07F,
EE86,
ED2F,
F012,
F4CD,
F53E,
F0FE,
EC30,
E3D9,
DBC9,
D33F,
CEF9,
CEEE,
D1B6,
D299,
D33B,
D6AC,
DC63,
E46F,
EA88,
EC7F,
EE1F,
F28F,
F77A,
FD05,
0165,
0273,
045A,
0459,
03FA,
05B5,
0C17,
13A9,
1B6F,
205A,
20ED,
20FF,
202E,
1C91,
1742,
1541,
1483,
1536,
15F3,
106E,
0759,
028C,
04D4,
0944,
0C05,
0AEB,
05D5,
FEAC,
F7F0,
F50F,
F37F,
F350,
F505,
FAB2,
FF54,
0118,
0255,
012B,
FD75,
F816,
F338,
EFB3,
F062,
F4AA,
FA40,
FCF3,
FCD7,
F872,
F45D,
F7AB,
FF34,
03A2,
FF8D,
F61C,
EE23,
EC25,
EE39,
F445,
F43C,
EDB2,
EA33,
E68E,
E203,
DD0B,
DBD4,
DED9,
E39D,
E729,
F12C,
FB41,
FF2C,
FCAA,
F400,
EBA9,
DF07,
D529,
D171,
D0CD,
D335,
D6F3,
D1D5,
C996,
C60D,
CB0A,
D336,
D08B,
B919,
9E3F,
9AE0,
B10E,
D075,
F0BF,
014D,
F3E1,
CF33,
B826,
B835,
BB28,
BE4E,
CC52,
D79C,
D270,
BC6D,
AD6D,
ACB3,
B1E0,
C83A,
D031,
C559,
B94C,
AC3D,
A2E3,
BBDD,
D0D3,
D925,
DB24,
D352,
CE51,
E039,
F765,
0A64,
133F,
03FA,
E99F,
E020,
E66E,
EFB0,
F365,
EF4E,
E987,
DCED,
CF76,
D2BD,
E5E8,
FB2B,
0BF7,
1132,
05A4,
F460,
DF55,
D470,
CFDD,
C4B5,
B518,
B32C,
B95D,
C778,
D8E3,
DF45,
D9D6,
CA1C,
B9F5,
BAC2,
C8DE,
D893,
E433,
E5E4,
D859,
C4D9,
B5AD,
B2E1,
B992,
C260,
C909,
CDF6,
D927,
E8E7,
F490,
F99C,
F7A4,
E9BE,
D5B4,
CA16,
C92D,
CFF4,
DD1C,
EBED,
F33C,
F50A,
F2B3,
EB44,
E472,
DFD2,
DDF2,
DAC2,
D639,
D29D,
D2E4,
D3A7,
D46D,
D182,
CDFE,
CAA0,
C724,
C720,
C966,
CF15,
D3D1,
D4E7,
D378,
D396,
D38F,
D350,
D326,
D430,
D387,
CFB1,
CC48,
C6DD,
BD22,
B36B,
AD19,
A8FC,
A4F3,
A17C,
9E7E,
9E60,
A2F4,
AAFA,
B031,
B0B5,
AFD3,
B0C3,
B40E,
B9E6,
C135,
CA2E,
D162,
D6B8,
D8C3,
D369,
C954,
C2A7,
C40B,
CDFA,
DBA7,
E43B,
E366,
DD0C,
D7E8,
D2CF,
CEF1,
CE3C,
D12D,
D5DC,
DA4B,
D84D,
D257,
CB60,
C617,
C292,
C171,
BFCE,
B7AB,
AB50,
A662,
ABA5,
B463,
BAC0,
BCA3,
B93B,
B956,
C031,
CFCA,
DFE4,
ED4D,
F614,
F8A0,
F508,
EFB7,
EC1A,
EB43,
EB51,
E901,
E56D,
DE2C,
CEEA,
BA65,
A5AF,
995C,
95E1,
957F,
991D,
A69E,
B04B,
B0FD,
B06D,
B0C7,
B5B1,
C5FE,
DE78,
F522,
0465,
09A9,
0B48,
0DE1,
0FEC,
0CCF,
096E,
031B,
F8B4,
EC07,
D742,
CA19,
C379,
C42C,
C80E,
C168,
BB14,
B2E3,
AAF5,
A7AC,
9DFF,
A3F9,
ADBD,
C151,
D5B9,
E4F5,
F0B9,
F234,
F374,
EC0F,
E729,
E8E1,
ED87,
EE6F,
E2B3,
D2B0,
C13A,
AEF9,
9FCB,
94E4,
8D65,
8BA1,
9078,
920D,
93AA,
9731,
9B99,
A291,
AB01,
AFC7,
BB76,
C8AB,
CD36,
CAFB,
C38E,
BC6A,
C007,
CBF5,
D816,
E2F2,
EBBC,
F08B,
EFF3,
E8C6,
E019,
D9AF,
D916,
D5DE,
CC0E,
C0BC,
BC51,
BB8B,
BBD8,
BC5D,
BED5,
C6C9,
CE3E,
D252,
D295,
CE3F,
C771,
C220,
C054,
C132,
C109,
BD16,
B74A,
AB37,
985C,
8790,
8008,
84D4,
8E10,
9681,
9F3E,
A54A,
A4A5,
A883,
B196,
BA29,
BFF7,
C774,
D2F9,
E39C,
F4F8,
02E3,
0718,
027C,
FAD7,
F5F5,
F2B9,
EE32,
E717,
DC0C,
CB3C,
B94F,
AE67,
B239,
C103,
CC5C,
CC7D,
C6BF,
C2D8,
C633,
D173,
DAE2,
DC3B,
D7C9,
D2D9,
D0D8,
CEEF,
CFCD,
D58C,
DC54,
DDF7,
D729,
C992,
C074,
C368,
CC0F,
D37C,
D6A4,
D642,
CE6C,
C83C,
C995,
D323,
E466,
F460,
FB68,
FB80,
F97B,
F607,
F383,
F1BE,
F69B,
FCD3,
FC8A,
EEFA,
DFC5,
DF1B,
E3B7,
DB7F,
CFA5,
CE93,
D09E,
CE30,
CDBE,
D27D,
D34F,
CC68,
CDB6,
DB55,
EC67,
F5F8,
FADC,
FC2C,
FD0F,
FEF9,
00FA,
FF48,
FD22,
FA95,
F2E3,
EAFF,
EAA7,
E908,
DFB8,
D0CC,
CC13,
CF4A,
D600,
DDC5,
E342,
E1E9,
DE24,
DE02,
E0F3,
E8C9,
EE26,
ED39,
E42B,
DB8B,
DA4D,
DDC8,
DFF7,
E0F6,
E686,
EFD2,
FC47,
08BB,
18F1,
2899,
3568,
3E24,
45F0,
4993,
498D,
4368,
3F01,
332C,
24DF,
1A51,
0F38,
0767,
FF08,
F42C,
E956,
E3CF,
DDC1,
DDF0,
D775,
D568,
D594,
DAB6,
DFAA,
E0CC,
DD6E,
D9FF,
D5EA,
D73B,
DAA5,
E375,
F04D,
F646,
F368,
EF16,
EC03,
ECA1,
F28E,
FDF0,
076D,
0FC1,
15A3,
17A2,
1718,
1506,
1109,
0DA6,
0960,
040B,
FD4F,
F366,
EA90,
E041,
DA16,
D4E5,
D21D,
D487,
D8B4,
DFFB,
EB6F,
F63B,
FDF9,
05DA,
0A3E,
0F3D,
131E,
1908,
20F8,
24CB,
2336,
1E4E,
174E,
103E,
0A9D,
06B2,
07FB,
0CC9,
1236,
15E7,
1775,
1957,
1AFA,
1CE1,
1EC0,
2102,
2433,
281F,
2807,
2612,
1ECE,
1348,
0917,
04BC,
0616,
098C,
0BAE,
0A65,
08FF,
0ADC,
1173,
1AE7,
2637,
3227,
3AB2,
3E9F,
3DB9,
3B40,
3919,
3B58,
40C2,
41E8,
3C57,
328C,
2CB4,
2BE8,
2C57,
2C28,
2DA7,
2C87,
2AA7,
300F,
3AFF,
46BA,
4CDC,
4EF4,
512E,
548A,
5704,
55D3,
500D,
4987,
45B0,
4221,
3F45,
3AB2,
3673,
3230,
2C97,
2975,
2A06,
2D03,
2D8F,
2E7D,
2D93,
2C21,
2879,
26DD,
2AA3,
3264,
3921,
3BA7,
3C26,
3CFC,
3DE0,
3914,
31BC,
2B22,
290B,
30E1,
3BAE,
4702,
4D25,
4DE1,
4ACD,
4947,
49B6,
4934,
4485,
3D6A,
375C,
353B,
35D2,
2EA2,
2281,
1A9A,
1550,
120C,
14BF,
1B5F,
1EFB,
1D07,
1A29,
1C9C,
2300,
2715,
26FE,
26DA,
2AD1,
31F1,
33F0,
335A,
3248,
330D,
342E,
36D2,
3D75,
4467,
48A9,
4A72,
4C3E,
4F22,
541C,
5719,
559D,
51C8,
4EEB,
4D8C,
4B23,
4715,
41EF,
3CD6,
3589,
2B2D,
25FD,
251F,
272F,
2824,
290D,
2C58,
3240,
3B9D,
4649,
4F87,
5736,
5B62,
5BCF,
5D38,
6221,
69CF,
6F27,
6D2C,
64DD,
5BCB,
54D5,
5132,
5190,
54C8,
5506,
543F,
51B9,
4B8A,
43A3,
3F29,
3F27,
3D8E,
3A5C,
34F7,
2D1F,
286C,
2929,
2AA7,
2A70,
26F3,
260F,
273F,
2B45,
2F4C,
325B,
340D,
35B8,
3687,
3744,
360A,
33E8,
30E1,
2AE6,
2762,
252B,
2575,
2A05,
2E16,
321F,
3663,
3931,
3843,
3515,
32EE,
31FD,
3196,
3041,
2F51,
2EEB,
302F,
2E6F,
2BC7,
2BA1,
2CCE,
2EF7,
3301,
38A6,
3FC5,
46A4,
4A16,
49C1,
4968,
496A,
4E20,
52A0,
580D,
5C8B,
5F6B,
5BA2,
53DB,
4CF0,
486B,
444F,
449E,
4A74,
4EC4,
4F59,
4C91,
476C,
430B,
4140,
3F5A,
3D9C,
3E45,
3F3E,
3DBA,
3BAB,
3D1E,
3F0F,
3D12,
3959,
37D0,
378F,
3741,
3782,
3A30,
3E10,
41A2,
4431,
42B9,
3EF7,
3DF7,
3D6E,
385F,
3512,
33BF,
31AA,
2D90,
29B0,
2640,
26C8,
2AA4,
2F90,
3476,
36C3,
35CC,
2F89,
2A8A,
2700,
2712,
2C94,
357D,
3B50,
3D29,
3B49,
373A,
3420,
337E,
355B,
3B5F,
40A1,
454A,
47F8,
4857,
45FA,
4613,
4778,
4B07,
4A80,
4408,
3C5A,
3443,
2E46,
2CED,
2B5E,
2BB6,
2D0C,
2F47,
2FFB,
3056,
2BF7,
2575,
214A,
21C4,
2552,
2C6B,
3400,
3909,
3B03,
3872,
3209,
2989,
24EF,
2644,
292B,
2A5E,
289A,
24B7,
221D,
22CD,
2A3C,
304A,
350B,
3AC9,
3B50,
38EE,
35A1,
2F02,
295D,
294A,
2FAA,
3DFE,
4BC6,
50E4,
48E5,
3973,
2C9C,
2B91,
350A,
43AB,
506D,
5A8E,
5948,
4B9C,
3CEE,
374A,
37E4,
3C3C,
42FB,
431B,
3C75,
2FB6,
22EE,
1C55,
1C50,
2474,
317F,
3B2B,
3F09,
3EA9,
3868,
2B0E,
1D96,
1822,
1BEF,
22B1,
2A2D,
2CAF,
2A70,
22DB,
189A,
10D9,
0C0F,
1065,
1FBC,
31A1,
3CB8,
3E51,
3265,
1BC5,
08EB,
03C4,
037E,
002A,
FC8E,
F890,
F1DB,
F2EF,
FE90,
0B65,
1420,
1567,
124F,
1004,
106A,
0D25,
0725,
02E3,
FF22,
F72C,
EF80,
F0B7,
F6A1,
FC7C,
FA3A,
F4EF,
F146,
F11C,
F4CC,
F61D,
F3EB,
F14C,
F05E,
EDB3,
EC5E,
EFE0,
F557,
F644,
F210,
ECB0,
E3E7,
DBF7,
D43A,
D0F5,
D1BF,
D4C7,
D597,
D602,
D95E,
DF49,
E763,
ED2D,
EEA6,
EFBF,
F3D0,
F897,
FE00,
0225,
02D8,
0446,
0403,
037C,
0529,
0B89,
1355,
1B62,
2085,
214C,
2161,
2057,
1C9F,
1755,
1536,
1450,
14C7,
1556,
1001,
075D,
02EE,
0537,
0981,
0C24,
0AF5,
05D8,
FEA8,
F7CE,
F4EA,
F38A,
F392,
F541,
FA65,
FE53,
FFBD,
00E6,
FFD0,
FC15,
F6CB,
F232,
EEFA,
EFC0,
F3E8,
F91C,
FB7C,
FB44,
F716,
F331,
F65C,
FD83,
0168,
FCC8,
F315,
EB32,
E973,
EBD1,
F1FC,
F210,
EBA1,
E818,
E486,
E011,
DB4E,
DA49,
DD61,
E1FF,
E580,
EF87,
F9FE,
FE65,
FC25,
F352,
EA59,
DD1D,
D2AE,
CE98,
CE3B,
D157,
D5BA,
D0E8,
C87B,
C4DC,
CA57,
D30D,
CFE4,
B68C,
99B3,
95DC,
ADB8,
CFF8,
F344,
05DF,
F78B,
CFB8,
B6B7,
B6A6,
BA19,
BDF6,
CCF5,
D946,
D426,
BD4D,
AE15,
ADA2,
B389,
CB0B,
D389,
C82D,
BBF5,
AE3A,
A3BD,
BBBB,
CFB8,
D7AA,
DB45,
D576,
D1A5,
E35E,
F877,
085C,
0EDA,
FF4C,
E730,
E06E,
E856,
F20E,
F53F,
EF88,
E7A9,
DA64,
CE2A,
D2EA,
E6E2,
FC4D,
0CA3,
11D0,
06DF,
F5CA,
E14E,
D6D5,
D1C2,
C5BE,
B579,
B279,
B84A,
C6D7,
D8D8,
DFD9,
DB18,
CBF1,
BC44,
BD3A,
CB1A,
DA20,
E4F1,
E60A,
D873,
C55C,
B6C2,
B40B,
BA24,
C1F4,
C78A,
CB84,
D5EE,
E58D,
F1FE,
F7FA,
F692,
E94B,
D613,
CB04,
CA8B,
D1A4,
DE9E,
EC9A,
F301,
F40C,
F144,
E9C0,
E2D0,
DDD9,
DB94,
D823,
D38D,
D04C,
D158,
D2F6,
D42D,
D12E,
CD45,
C9AC,
C67B,
C6F3,
C95B,
CE74,
D27E,
D330,
D1C0,
D209,
D23A,
D234,
D265,
D3BE,
D35E,
CFAB,
CC2D,
C69B,
BCD1,
B30E,
ACB9,
A897,
A4AE,
A153,
9E55,
9DE6,
A1F9,
A99F,
AEF0,
AFE7,
AF9D,
B0F1,
B443,
B9C6,
C0D2,
C9D4,
D176,
D71B,
D92E,
D3B2,
C996,
C2DF,
C411,
CD97,
DADE,
E321,
E247,
DC64,
D83D,
D450,
D13C,
D0A9,
D33D,
D741,
DB28,
D91D,
D34A,
CC42,
C6B0,
C2AC,
C0DD,
BE5B,
B583,
A8B8,
A397,
A8FE,
B263,
B9B5,
BCDD,
BAEA,
BC0B,
C34E,
D302,
E36D,
F192,
FB26,
FE1F,
FA48,
F441,
EF85,
ED5A,
EC1C,
E92B,
E5AD,
DEF3,
D004,
BB7D,
A695,
99F0,
95C3,
9481,
978C,
A52C,
AF7F,
B0F9,
B0E0,
B165,
B5F1,
C5A8,
DD6A,
F39A,
0286,
07DF,
099D,
0C5E,
0E3B,
0B11,
075D,
00CC,
F634,
E9CD,
D58F,
C8BD,
C24E,
C37E,
C79D,
C1B9,
BB70,
B3B2,
AB93,
A9AB,
9CCD,
A1CC,
AC94,
BF9A,
D3DF,
E266,
EE04,
EFF2,
F219,
EBD5,
E809,
EA80,
EF7E,
EFF2,
E440,
D472,
C378,
B1A3,
A2C5,
97C3,
8FE2,
8D65,
9193,
92EA,
94A9,
987D,
9D38,
A3B0,
AAE5,
AED1,
BA1F,
C719,
CBA2,
C92B,
C15D,
B9B7,
BCCC,
C860,
D480,
DF79,
E8DB,
EE85,
EE86,
E770,
DEB6,
D88D,
D828,
D4BE,
CAA7,
BF2D,
BA7E,
B980,
B9C5,
BA9D,
BDF1,
C6A0,
CE96,
D30C,
D395,
CF60,
C8D7,
C3CF,
C1FD,
C289,
C244,
BE70,
B879,
AC1B,
9956,
887B,
8008,
8341,
8B67,
939A,
9CDD,
A40B,
A4A1,
A8F2,
B1D6,
B9B6,
BE72,
C4BF,
CFAF,
E0F4,
F3B9,
02AA,
0772,
02F5,
FAEB,
F54F,
F14B,
EC3E,
E54B,
DAC2,
CA95,
B96A,
AF3D,
B388,
C2A5,
CE03,
CDF7,
C827,
C476,
C80C,
D34E,
DC76,
DD2F,
D7E0,
D24E,
CFCB,
CD8F,
CE77,
D475,
DB2D,
DCAA,
D608,
C8DA,
C006,
C2E9,
CAF1,
D141,
D3A1,
D32E,
CBD4,
C5DE,
C716,
D0AA,
E235,
F299,
FA1C,
FAD5,
F930,
F5AA,
F304,
F1BA,
F784,
FEB5,
FE56,
EF82,
DF0E,
DE60,
E3C7,
DC12,
D075,
CFEF,
D274,
D013,
CF69,
D3E2,
D45B,
CD52,
CED0,
DCDA,
EDB2,
F670,
FA48,
FB0F,
FC13,
FE30,
0009,
FDFB,
FB4F,
F8A7,
F1B0,
EA61,
E9E9,
E83F,
DF07,
D080,
CC1C,
CF96,
D648,
DDDF,
E300,
E181,
DDEB,
DDD1,
E080,
E808,
ED63,
EC17,
E240,
D926,
D84E,
DCA2,
DF64,
E090,
E5F6,
EF17,
FBAB,
08FB,
1A2F,
2A7B,
3782,
4070,
4864,
4C2B,
4C05,
45AF,
4095,
3427,
25AA,
1B64,
10B8,
08BF,
002C,
F58A,
EB1E,
E592,
DF38,
DE96,
D7ED,
D5F5,
D650,
DAFF,
DF23,
DF4D,
DAF7,
D6BE,
D20D,
D23A,
D4B4,
DD2E,
EA1E,
F087,
EE7D,
EB17,
E8AE,
E9AF,
F005,
FBBA,
058E,
0DFC,
140B,
16A8,
16CF,
1522,
1141,
0DA0,
0922,
03C4,
FD47,
F3FA,
EBC9,
E268,
DCD5,
D7C5,
D4C5,
D6BB,
DAA1,
E200,
EDBA,
F8B4,
002B,
077A,
0BF1,
113C,
154E,
1B24,
22BA,
2625,
245D,
1FC3,
1982,
12F2,
0D15,
089E,
099B,
0EAB,
1470,
183B,
19B1,
1B68,
1D2A,
1F51,
2147,
2380,
2672,
29C1,
2938,
26D3,
1EE1,
1278,
0787,
02AD,
03B1,
06F7,
08ED,
0797,
0668,
08CD,
100B,
1A1E,
25DE,
320B,
3AE1,
3F33,
3EA9,
3C0B,
399A,
3C10,
4230,
43F0,
3E63,
3466,
2E90,
2E0C,
2ED5,
2F1C,
30F8,
3025,
2EAA,
347E,
3FC4,
4B60,
5110,
528D,
5446,
5771,
5A08,
58E4,
52BF,
4B73,
46E3,
42FF,
3FF2,
3B4E,
36D6,
323A,
2C7C,
296E,
2A04,
2CC3,
2D36,
2E06,
2CCB,
2AC8,
26A7,
2491,
27F8,
2F64,
359A,
37AD,
3818,
3923,
3A67,
3643,
2F75,
2956,
27BE,
2FC7,
3AF4,
46CE,
4D77,
4E6C,
4B59,
49BA,
4A5B,
4A4D,
45A2,
3DCD,
371F,
3524,
3619,
2F47,
2387,
1BE8,
16EB,
13F9,
16E6,
1D8E,
20D6,
1E48,
1B16,
1DBA,
2483,
2898,
27E9,
2703,
2A81,
3163,
3371,
32DB,
31C6,
32A2,
3439,
3796,
3EC8,
45F6,
4A2E,
4C39,
4EDD,
52A4,
57F4,
5AFB,
5970,
5583,
5287,
50E2,
4E38,
4A27,
4519,
3FC7,
380C,
2D5A,
27B9,
268B,
2862,
291A,
29BA,
2CA5,
3225,
3B44,
461A,
4F8D,
571E,
5B02,
5B5D,
5CEC,
620D,
69D6,
6F52,
6DA0,
65D6,
5D70,
5725,
53EE,
545D,
577E,
5804,
5798,
5548,
4F11,
46D4,
41E5,
415C,
3F44,
3B88,
358F,
2D3F,
2814,
2840,
293B,
288F,
24B7,
236D,
244A,
2815,
2C17,
2F2E,
30CE,
323C,
32F8,
33F8,
3334,
3161,
2E9E,
293E,
2676,
2513,
2612,
2B26,
2FB3,
341A,
38AF,
3BE4,
3B82,
38EA,
3728,
3672,
361F,
34CD,
33C1,
333D,
3470,
32EE,
307C,
301D,
30B3,
3222,
3577,
3AA3,
4175,
4800,
4B1A,
4A81,
49DA,
49B8,
4E2E,
5278,
579A,
5C0A,
5F10,
5BA4,
5438,
4DA4,
4968,
458B,
45B5,
4AEB,
4EB3,
4F29,
4C95,
47CC,
43BB,
420F,
400E,
3E11,
3E90,
3F9E,
3E3A,
3C3C,
3D9A,
3F5F,
3D3E,
396C,
37C2,
375E,
36D3,
36E1,
3973,
3D35,
40A7,
4353,
4223,
3E95,
3DAA,
3D25,
3814,
34D4,
33C6,
31FC,
2E50,
2B08,
2802,
28B4,
2CB8,
31A7,
3673,
38CF,
37C6,
319B,
2CCC,
294E,
292F,
2E70,
36EA,
3C6F,
3E54,
3C81,
386D,
3572,
34C4,
364B,
3BD9,
4099,
44A1,
46E2,
46FB,
448B,
4479,
457A,
488B,
47B5,
4125,
39AD,
320E,
2C40,
2AE4,
2973,
29CD,
2B54,
2DD2,
2EB8,
2F3A,
2B4C,
253E,
2178,
2245,
2608,
2D26,
34E0,
3A36,
3C93,
3A92,
34C7,
2CDC,
288D,
29AC,
2C2E,
2D18,
2B44,
2790,
2530,
25EC,
2CE7,
324B,
3664,
3B9D,
3C15,
39C4,
364E,
2F37,
2900,
287C,
2EEF,
3DC6,
4C25,
517C,
491C,
388C,
2A9F,
293B,
332A,
42D9,
50BB,
5B2E,
598E,
4B45,
3C67,
3751,
38FD,
3E51,
4567,
451D,
3D70,
2FE3,
2316,
1CB2,
1CA5,
2481,
3123,
3A4F,
3E0F,
3E24,
3895,
2BB6,
1DE4,
1727,
19D7,
20A6,
28B1,
2BDF,
2A1F,
223D,
1695,
0D1E,
0774,
0BB4,
1B8E,
2EA3,
3B2B,
3DA3,
3253,
1C4C,
0953,
0334,
01EB,
FD93,
F8F3,
F4D0,
EF62,
F20E,
FEBC,
0BC0,
1395,
137B,
0F9B,
0D98,
0F0F,
0D08,
076C,
0240,
FCDC,
F394,
EB65,
EC8A,
F2A8,
F89D,
F674,
F12A,
EDE0,
EEAD,
F3B0,
F666,
F503,
F219,
F02C,
ECCE,
EB8A,
EFB9,
F5F2,
F763,
F348,
ED5C,
E424,
DC53,
D565,
D318,
D4AF,
D7EE,
D8A9,
D8EA,
DC3F,
E25C,
EA73,
EFDA,
F0C8,
F15F,
F51B,
F9C2,
FF00,
02D8,
031B,
0401,
037D,
02D6,
047B,
0AD5,
12CD,
1B15,
206F,
216C,
2186,
2047,
1C7D,
1740,
1507,
13FA,
1433,
148F,
0F73,
0750,
0343,
0586,
09A9,
0C36,
0AFC,
05E8,
FEBD,
F7CD,
F4E9,
F3B9,
F3F8,
F59A,
FA25,
FD56,
FE6A,
FF81,
FE79,
FAAF,
F576,
F125,
EE42,
EF24,
F328,
F7E5,
F9DC,
F977,
F582,
F1DC,
F4E9,
FBA1,
FEEF,
F9B8,
EFC1,
E7F4,
E678,
E91F,
EF5A,
EF85,
E93E,
E5B5,
E249,
DDFD,
D97C,
D8A3,
DBBE,
E02E,
E3AC,
EDBC,
F89C,
FD87,
FB8B,
F292,
E8EF,
DB24,
D030,
CBBC,
CBA2,
CF69,
D464,
CFDC,
C742,
C398,
C9A9,
D2F5,
CF40,
B3ED,
94F7,
908B,
AA17,
CF4B,
F5C0,
0A99,
FB6C,
D062,
B55C,
B51F,
B903,
BD91,
CD86,
DAEA,
D5E4,
BE3C,
AED4,
AEA5,
B544,
CDDC,
D6CF,
CAE4,
BE88,
B02B,
A49B,
BB91,
CE89,
D604,
DB24,
D744,
D4A6,
E642,
F958,
0629,
0A3A,
FA41,
E449,
E039,
E9C3,
F409,
F6CE,
EF81,
E588,
D791,
CC8D,
D2C0,
E784,
FD11,
0CF8,
1226,
07E9,
F716,
E337,
D928,
D392,
C6A8,
B5BF,
B1B6,
B734,
C645,
D8F1,
E09C,
DC88,
CDEF,
BEB3,
BFCC,
CD75,
DBCA,
E5B9,
E61A,
D85E,
C5A2,
B799,
B4F6,
BA7C,
C158,
C5EA,
C8FC,
D29A,
E200,
EF19,
F5EF,
F515,
E87E,
D62B,
CBB4,
CBAF,
D31F,
DFF0,
ED1B,
F295,
F2CB,
EF78,
E7D2,
E0CB,
DB93,
D8F4,
D544,
D098,
CDA7,
CF72,
D1F4,
D3A6,
D0A1,
CC59,
C886,
C5A2,
C699,
C926,
CDA6,
D0FA,
D148,
CFD9,
D042,
D0A2,
D0DB,
D17D,
D33D,
D337,
CFAC,
CC0F,
C648,
BC6F,
B2A9,
AC55,
A82F,
A468,
A128,
9E22,
9D5A,
A0E1,
A821,
AD90,
AF0A,
AF65,
B120,
B471,
B98D,
C03C,
C936,
D140,
D739,
D957,
D3C5,
C9B5,
C2FE,
C3F7,
CD00,
D9CC,
E1B7,
E0E1,
DB7F,
D855,
D597,
D353,
D2E6,
D51C,
D872,
DBC4,
D9A4,
D3EC,
CCCE,
C6F3,
C277,
BFFF,
BC99,
B305,
A5C7,
A073,
A5FE,
B010,
B864,
BCE5,
BC89,
BECD,
C687,
D654,
E718,
F60A,
0074,
03CF,
FFA4,
F8DA,
F2FD,
EF7A,
ECE3,
E943,
E5CC,
DF89,
D0EA,
BC63,
A755,
9A6A,
958C,
935F,
95BA,
A343,
AE20,
B073,
B0ED,
B1BA,
B5F3,
C4FA,
DBDD,
F17F,
001A,
05AE,
07BA,
0AC1,
0C77,
0941,
0535,
FE66,
F3A3,
E783,
D3D8,
C74E,
C104,
C2A5,
C6E7,
C1BC,
BB76,
B428,
ABD6,
AB40,
9B78,
9F88,
AB6E,
BDD7,
D1D3,
DF86,
EAEB,
ED6A,
F097,
EBA1,
E90C,
EC45,
F18D,
F179,
E5D2,
D643,
C5CD,
B469,
A5DB,
9AB8,
926E,
8F30,
92A6,
93BF,
95A1,
99C4,
9EDC,
A4CC,
AAB9,
ADD4,
B8C1,
C57D,
CA10,
C76E,
BF4D,
B72A,
B9A2,
C4BC,
D0B1,
DB9E,
E580,
EC02,
EC9B,
E59A,
DCCC,
D6E4,
D6AC,
D30B,
C8B0,
BD1B,
B839,
B71A,
B76C,
B8A8,
BCE8,
C656,
CED0,
D3BD,
D4A8,
D0A4,
CA60,
C59A,
C3B9,
C3EF,
C398,
BFF6,
B9DF,
AD41,
9AA1,
89B7,
804D,
81DD,
88DA,
90BF,
9A7A,
A2C7,
A49E,
A961,
B218,
B947,
BCF1,
C200,
CC40,
DE0A,
F22A,
021D,
077D,
0324,
FAB8,
F45C,
EF78,
E9D0,
E308,
D909,
C983,
B922,
AFBD,
B487,
C3FF,
CF74,
CF55,
C98B,
C618,
C9E4,
D51C,
DDFA,
DE23,
D817,
D1F8,
CEE7,
CC47,
CD33,
D372,
DA13,
DB64,
D4F5,
C83D,
BFB5,
C27B,
C9D0,
CEEF,
D07C,
CFFB,
C931,
C379,
C487,
CE1C,
DFE9,
F0AC,
F89E,
F9EE,
F89F,
F504,
F24F,
F1A2,
F863,
0086,
0000,
EFD6,
DE1B,
DD6E,
E3AC,
DC91,
D14D,
D156,
D447,
D1E8,
D10B,
D54C,
D57D,
CE66,
D019,
DE82,
EF12,
F6FA,
F9C3,
F9F8,
FB14,
FD5B,
FF02,
FC9A,
F970,
F6B3,
F07F,
E9C2,
E921,
E76C,
DE53,
D04C,
CC57,
D025,
D6CF,
DE23,
E2CD,
E114,
DDA6,
DD96,
E00D,
E749,
ECA4,
EAEE,
E04C,
D6C1,
D65F,
DB97,
DEEF,
E041,
E56D,
EE56,
FAF8,
091F,
1B42,
2C1D,
3948,
4265,
4A7E,
4E6B,
4E20,
4798,
41BA,
34B3,
260B,
1C11,
11E5,
09C7,
00FC,
F693,
EC9E,
E714,
E07E,
DF0B,
D845,
D668,
D707,
DB56,
DEBB,
DE00,
D8C8,
D3DA,
CE9B,
CD94,
CF0F,
D71C,
E40D,
EAE0,
E9B9,
E754,
E5AA,
E717,
EDD6,
F9D1,
03E8,
0C57,
1282,
15B9,
168A,
153C,
1177,
0D96,
08DC,
0368,
FD18,
F45C,
ECCB,
E462,
DF70,
DA8D,
D75B,
D8DA,
DC82,
E407,
F008,
FB28,
0253,
0911,
0DB3,
1364,
17B4,
1D6A,
248E,
277D,
257B,
213B,
1BCC,
15CC,
0FBE,
0ABA,
0B5E,
10A0,
16B0,
1A90,
1BF2,
1D85,
1F69,
21D8,
23F1,
2628,
28CF,
2B65,
2A5B,
2788,
1EF2,
11BD,
0624,
00CC,
0164,
045E,
0618,
04C0,
03E6,
06F1,
0EDB,
1985,
25A7,
3207,
3B23,
3FE3,
3FC5,
3D0C,
3A54,
3CFD,
43C7,
4617,
4088,
3654,
3077,
3030,
314A,
31FF,
3432,
33B6,
32AC,
38ED,
447F,
4FEE,
5526,
560C,
574A,
5A47,
5CF7,
5BDC,
5559,
4D4C,
4806,
43CF,
4087,
3BD0,
3727,
323F,
2C75,
2991,
2A39,
2CC0,
2D1F,
2DC9,
2C3D,
29B5,
2532,
22AF,
25B1,
2CB1,
3243,
33CB,
3415,
3550,
36FB,
3392,
2D63,
27CB,
26B9,
2EE5,
3A5A,
469C,
4DBA,
4EDF,
4BCB,
4A10,
4AE1,
4B46,
46A1,
3E01,
36A4,
34CE,
3622,
2FC5,
248A,
1D55,
18C3,
1634,
195E,
200B,
22FC,
1FD0,
1C47,
1F20,
2655,
2A6D,
2923,
2773,
2A70,
310C,
332F,
32A0,
318D,
3284,
349F,
38BD,
4079,
47D4,
4BF4,
4E31,
51AA,
5659,
5BFB,
5F01,
5D60,
594E,
562B,
543A,
514E,
4D44,
485E,
42DF,
3ABD,
2FC2,
29B4,
2839,
29D3,
2A54,
2AAF,
2D35,
323F,
3B08,
45F5,
4F9E,
5716,
5AB9,
5B0C,
5CBD,
6200,
69C3,
6F4E,
6DE3,
66AC,
5F09,
597D,
56B8,
572F,
5A24,
5AE6,
5ACC,
58B3,
527C,
49F0,
4488,
436C,
40DB,
3CA0,
361F,
2D6B,
27DC,
2780,
27FF,
26E6,
22C4,
211C,
21AA,
2538,
2937,
2C56,
2DDD,
2EFE,
2F9B,
30DA,
308A,
2F02,
2C83,
27D3,
25D4,
2552,
270C,
2CA0,
319F,
3658,
3B31,
3EC6,
3EF0,
3CEA,
3B81,
3AF9,
3AB1,
3965,
3843,
37A3,
38BF,
3783,
354F,
34B6,
34B7,
356E,
380A,
3CB4,
4329,
4954,
4C11,
4B38,
4A47,
4A0B,
4E3C,
524A,
5714,
5B6E,
5E98,
5B95,
5495,
4E6A,
4A86,
46FD,
4708,
4B8A,
4EB8,
4F08,
4CA6,
4840,
4487,
42FF,
40F0,
3EBD,
3F12,
4035,
3EF7,
3D0D,
3E4C,
3FD8,
3D95,
39B6,
37F8,
3776,
36AC,
367F,
38EB,
3C7D,
3FC0,
427E,
4196,
3E42,
3D6C,
3CED,
37E5,
34B6,
33E7,
3260,
2F23,
2C7B,
29EC,
2AD0,
2EFD,
33E0,
3879,
3AD0,
39A7,
339D,
2F16,
2BB9,
2B6F,
3067,
3857,
3D79,
3F6B,
3DB1,
39AA,
36E3,
3634,
3764,
3C6E,
409C,
43F2,
45C0,
4591,
4315,
42D4,
4366,
45E9,
44C6,
3E2F,
3705,
2FF5,
2A60,
28FD,
27AB,
2801,
29B9,
2C7B,
2D8B,
2E2B,
2AB8,
252E,
21E1,
230C,
26FE,
2E08,
35D1,
3B69,
3E27,
3CC5,
37B3,
307D,
2C88,
2D69,
2F75,
300E,
2E2E,
2AB4,
2890,
294C,
2FB1,
344F,
37B3,
3C61,
3CD6,
3AA5,
3707,
2F79,
28AF,
27B8,
2E46,
3DA2,
4C97,
5224,
4966,
37B9,
28B7,
26F4,
3152,
4205,
50FB,
5BA3,
5999,
4ABF,
3BD4,
3771,
3A50,
40AA,
4808,
4745,
3E84,
302C,
2367,
1D36,
1D0E,
248A,
30B3,
395D,
3D05,
3D95,
38BB,
2C5A,
1E30,
1627,
17C0,
1EB1,
2750,
2B1D,
29C1,
216F,
144D,
0925,
02B7,
06F5,
1743,
2B62,
3937,
3C87,
31F3,
1CBF,
09D5,
02C3,
0066,
FAF3,
F53F,
F0EE,
ECDE,
F13F,
FF06,
0C39,
131D,
119A,
0CF0,
0B3A,
0DC7,
0D04,
07C3,
019B,
FA89,
EFFE,
E768,
E888,
EED5,
F4CC,
F2B1,
ED63,
EA7A,
EC4B,
F2A6,
F6C5,
F62F,
F2EE,
EFF2,
EBE0,
EABC,
EFA6,
F6A5,
F8A2,
F4B1,
EE41,
E4A1,
DCF3,
D6D6,
D57B,
D7D3,
DB3D,
DBE3,
DC07,
DF60,
E5AD,
EDA9,
F294,
F2EB,
F304,
F674,
FAFD,
0003,
037A,
0339,
0387,
02C4,
0205,
03A7,
09EF,
1203,
1A79,
2007,
213D,
215D,
1FF0,
1C1D,
16FA,
14AB,
1379,
1374,
139B,
0EC3,
0732,
038B,
05BE,
09B6,
0C32,
0AFB,
0603,
FEED,
F7F2,
F50F,
F410,
F483,
F610,
F9ED,
FC59,
FD1A,
FE1F,
FD22,
F940,
F415,
F012,
ED8E,
EE92,
F26B,
F69C,
F810,
F76E,
F3B6,
F05E,
F350,
F98D,
FC2E,
F65D,
EC24,
E475,
E340,
E62F,
EC65,
ECA1,
E690,
E315,
DFE7,
DBDB,
D7AB,
D6F7,
DA02,
DE37,
E1BA,
EBD2,
F71F,
FC94,
FAE1,
F1C6,
E776,
D92D,
CDC4,
C8F6,
C91E,
CD86,
D304,
CEC6,
C605,
C25F,
C91D,
D304,
CEB9,
B164,
9042,
8B25,
A656,
CE88,
F838,
0F76,
FF85,
D149,
B43F,
B3C8,
B80E,
BD43,
CE1F,
DC9C,
D7BE,
BF5D,
AFD2,
AFE7,
B73B,
D0C8,
DA1A,
CD99,
C125,
B23A,
A5AE,
BB83,
CD5F,
D448,
DAD1,
D8D0,
D76D,
E8F3,
FA0B,
03C4,
0557,
F4D7,
E0F7,
DF92,
EAC2,
F5AA,
F81B,
EF43,
E332,
D48D,
CABE,
D25C,
E7DD,
FD7B,
0CEF,
1228,
08BB,
F848,
E51F,
DB7F,
D566,
C795,
B612,
B10C,
B641,
C5DF,
D941,
E19F,
DE37,
D02F,
C164,
C298,
D008,
DDA3,
E694,
E61A,
D827,
C5C4,
B852,
B5C6,
BABB,
C0AC,
C445,
C678,
CF3D,
DE4B,
EBE9,
F380,
F333,
E763,
D614,
CC43,
CCB7,
D47F,
E12A,
ED80,
F206,
F151,
ED59,
E586,
DE74,
D914,
D62A,
D23B,
CD73,
CAC9,
CD4D,
D0BA,
D2F1,
CFF3,
CB51,
C745,
C4B2,
C62A,
C8DF,
CCBE,
CF57,
CF43,
CDD6,
CE55,
CEDC,
CF5B,
D083,
D2C1,
D328,
CFCC,
CC05,
C601,
BC22,
B266,
AC17,
A7F1,
A451,
A12B,
9E1B,
9CF2,
9FE1,
A6AC,
AC3D,
AE4A,
AF59,
B17B,
B4C3,
B960,
BF95,
C86B,
D0D5,
D722,
D94D,
D3B6,
C9CF,
C327,
C3DD,
CC50,
D886,
E012,
DF49,
DA76,
D849,
D6BD,
D54D,
D50B,
D6E4,
D987,
DC3B,
D9FC,
D455,
CD1E,
C6FC,
C213,
BEF8,
BAAA,
B057,
A2AB,
9D26,
A2D3,
AD91,
B6EE,
BCDB,
BE36,
C1B9,
C9F8,
D9D7,
EAF3,
FABD,
0602,
09AF,
051A,
FD81,
F687,
F1AD,
EDB2,
E954,
E5D5,
DFFD,
D1B0,
BD36,
A81B,
9B02,
9579,
9258,
93E3,
A114,
AC58,
AF96,
B0C0,
B1F1,
B5E1,
C416,
D9E8,
EEDF,
FD29,
0317,
059D,
0905,
0A9D,
075E,
02F6,
FBEE,
F10D,
E539,
D236,
C5ED,
BFBE,
C1C1,
C609,
C191,
BB49,
B469,
ABE7,
AC92,
9A3A,
9D67,
AA7B,
BC2E,
CFAD,
DC67,
E777,
EAA3,
EEF0,
EB76,
EA37,
EE34,
F3B5,
F306,
E776,
D838,
C85A,
B777,
A93D,
9DF9,
9547,
9145,
93F5,
94D2,
96D4,
9B46,
A0BC,
A61B,
AAB2,
AD06,
B78C,
C400,
C8A4,
C5EA,
BD8A,
B4F5,
B6BF,
C135,
CCCE,
D77E,
E1BF,
E90E,
EA3E,
E355,
DA73,
D4CE,
D4BC,
D0DF,
C64C,
BAB3,
B5B2,
B48A,
B4FE,
B6AF,
BBE9,
C611,
CF0E,
D480,
D5E8,
D227,
CC2B,
C7A1,
C5A8,
C586,
C524,
C1C8,
BBA0,
AED8,
9C75,
8B89,
8125,
80FB,
86B8,
8E39,
9857,
A1B7,
A4D3,
AA03,
B288,
B903,
BB9A,
BF5E,
C8CE,
DAF2,
F050,
0135,
072E,
0305,
FA41,
F326,
ED4F,
E6FE,
E067,
D700,
C82C,
B8A6,
B019,
B566,
C537,
D0CE,
D0B8,
CB0F,
C7E3,
CBDD,
D6F6,
DF80,
DF30,
D88D,
D1F6,
CE4D,
CB36,
CC20,
D29B,
D919,
DA38,
D40A,
C7DD,
BFA7,
C23F,
C8CA,
CCA1,
CD53,
CCC8,
C6A6,
C134,
C210,
CB9D,
DD9A,
EEA5,
F6F1,
F8CE,
F7CA,
F41B,
F16B,
F180,
F93B,
0243,
0187,
EFFE,
DD01,
DC5D,
E37A,
DD17,
D24C,
D2E8,
D631,
D3CD,
D2C2,
D6D4,
D6CE,
CFC2,
D1AA,
E05F,
F08B,
F79B,
F953,
F8EC,
FA14,
FC79,
FDE1,
FB25,
F78A,
F4C3,
EF5D,
E938,
E864,
E6A3,
DDB1,
D04E,
CCE4,
D116,
D7B3,
DEAB,
E2BD,
E0B7,
DD69,
DD63,
DFA9,
E698,
EBF1,
E9CB,
DE63,
D47A,
D49C,
DABD,
DEA8,
E019,
E4F9,
ED99,
FA33,
091D,
1C15,
2D5E,
3A91,
43CE,
4C04,
5017,
4FA6,
48F0,
4243,
34AA,
25E4,
1C42,
12AC,
0A77,
0176,
F74C,
EDE0,
E862,
E1A7,
DF65,
D897,
D6DE,
D7D4,
DBD2,
DE8A,
DCFE,
D6FF,
D174,
CBB9,
C972,
C9DE,
D165,
DE33,
E566,
E52F,
E3E3,
E30F,
E4F1,
EC13,
F83E,
027F,
0ACF,
1101,
14CA,
163D,
1547,
11A0,
0D7F,
0888,
02F5,
FCC0,
F491,
ED9E,
E63A,
E1F3,
DD4A,
D9EF,
DAF6,
DE69,
E61C,
F25E,
FD94,
046F,
0A9C,
0F7E,
15A9,
1A41,
1FC8,
265B,
28B8,
2679,
229D,
1E16,
18BB,
128C,
0CFF,
0D3D,
12A0,
18EB,
1CD8,
1E2B,
1F9E,
21A9,
2466,
26AC,
28E7,
2B34,
2CEE,
2B53,
2813,
1EEE,
110D,
04EC,
FF1E,
FF32,
01BF,
032B,
01E0,
0180,
0549,
0DE0,
190D,
257C,
31FE,
3B58,
4088,
40E8,
3E20,
3B27,
3DFC,
455D,
4830,
429C,
3835,
324B,
3236,
3395,
34AF,
3732,
3715,
368B,
3D2F,
48FB,
5429,
58E4,
5938,
59FE,
5CCB,
5F8E,
5E78,
57A0,
4EE0,
48EC,
4466,
40DB,
3C11,
373E,
321F,
2C68,
29C8,
2A91,
2CE5,
2D31,
2DAC,
2BD0,
28D2,
2408,
212D,
23C3,
2A39,
2F05,
2FEA,
3007,
316F,
3382,
30E8,
2B6D,
266D,
25EA,
2E24,
39BE,
4640,
4DBC,
4F06,
4BF0,
4A18,
4B15,
4BEE,
4750,
3DDE,
35C6,
3413,
35C8,
2FF8,
256F,
1ECC,
1AC4,
18AB,
1C14,
22C1,
255A,
218F,
1DAE,
20BF,
2863,
2C7D,
2A95,
2816,
2A89,
30D6,
3312,
328F,
3183,
3298,
3541,
3A28,
4263,
49DC,
4DCF,
502D,
5473,
5A08,
5FF3,
62EE,
612E,
5CF0,
599E,
575C,
542D,
5033,
4B8B,
45EE,
3D73,
3246,
2BD5,
2A0E,
2B69,
2BB7,
2BD2,
2DEC,
326F,
3AC3,
45AE,
4F87,
56EA,
5A52,
5AA8,
5C78,
61C0,
6955,
6ED4,
6DB1,
6723,
605C,
5BA6,
595A,
59CD,
5C81,
5D6F,
5DA1,
5BBF,
5594,
4CC6,
46E2,
452A,
4228,
3D7E,
3684,
2D86,
27AA,
26D1,
26DA,
2561,
210C,
1F0E,
1F51,
22A0,
269D,
29C3,
2B29,
2BEB,
2C5D,
2DD6,
2DF9,
2CB5,
2A7F,
2694,
256C,
25D5,
2852,
2E5D,
33C1,
38B9,
3DC7,
41B0,
4263,
40EE,
3FCE,
3F62,
3F1D,
3DDC,
3CAC,
3BF0,
3CEF,
3C00,
3A12,
3940,
38AE,
38B2,
3A93,
3EAF,
44B5,
4A6E,
4CC8,
4BB5,
4A81,
4A35,
4E1D,
51E5,
5649,
5A85,
5DD0,
5B41,
54C2,
4F14,
4B9C,
487F,
4873,
4C2F,
4EAE,
4ECE,
4C9C,
489C,
4544,
43E9,
41DA,
3F7D,
3FA8,
40DC,
3FCB,
3DFA,
3F09,
404F,
3DEF,
3A13,
384C,
37B4,
36AA,
363D,
3876,
3BC4,
3EC3,
4186,
40E6,
3DD4,
3D16,
3CA0,
37B2,
3499,
3401,
32B4,
2FE9,
2DEB,
2BE3,
2D03,
3158,
361D,
3A65,
3CA0,
3B47,
356A,
3144,
2E23,
2DB7,
3258,
399F,
3E47,
4043,
3EAD,
3AC9,
384A,
37A5,
387F,
3CF7,
4083,
4316,
4467,
43F1,
416C,
40F9,
4114,
42F9,
418D,
3B08,
3446,
2DE2,
2893,
2726,
25F5,
2644,
282B,
2B2F,
2C5E,
2D0F,
2A22,
2533,
2275,
2408,
2821,
2EF9,
36B1,
3C7B,
3F96,
3EE1,
3AA4,
3446,
30BC,
3156,
32DC,
331E,
313B,
2E04,
2C1D,
2CCC,
3271,
362B,
38CD,
3CEA,
3D6B,
3B6B,
37A9,
2FA8,
2850,
26E8,
2D94,
3D71,
4CF1,
52AB,
4999,
36DF,
26D4,
24AF,
2F6E,
410E,
50FE,
5BB5,
5930,
49DE,
3B12,
378D,
3BBD,
4321,
4AAF,
4963,
3F87,
3074,
23C8,
1DCB,
1D74,
2472,
300A,
382B,
3BBE,
3CD0,
38B0,
2CD8,
1E5F,
150F,
159E,
1CC2,
25F4,
2A4E,
2937,
2058,
11B4,
04EB,
FDDF,
022A,
12D4,
27C6,
36B8,
3AD4,
3124,
1D09,
0A69,
0272,
FEF2,
F855,
F17B,
ECFA,
EA5F,
F08A,
FF6D,
0CC6,
12AB,
0FB9,
0A47,
08E3,
0C89,
0D0B,
081F,
00EE,
F82B,
EC75,
E39F,
E4C7,
EB36,
F115,
EEFF,
E9AB,
E729,
EA06,
F1B9,
F740,
F774,
F3D3,
EFB9,
EAF7,
EA01,
EFB1,
F776,
FA06,
F653,
EF6B,
E570,
DDED,
D8A8,
D835,
DB40,
DEC7,
DF55,
DF68,
E2D1,
E943,
F106,
F55B,
F512,
F4B1,
F7DE,
FC48,
0109,
0408,
032E,
02D6,
01D8,
0107,
02AA,
08D3,
10EB,
197E,
1F3A,
20AD,
20D6,
1F41,
1B71,
1677,
1418,
12C5,
1283,
1275,
0DEF,
0704,
03C6,
05D9,
099F,
0C0E,
0AE8,
0624,
FF39,
F843,
F563,
F493,
F533,
F6A1,
F9BB,
FB58,
FBCA,
FCBE,
FBC8,
F7C8,
F2AB,
EEFF,
ECE5,
EE0F,
F1B4,
F542,
F61A,
F528,
F1B4,
EEBD,
F197,
F749,
F92C,
F2C0,
E852,
E0CB,
DFE3,
E315,
E92B,
E96F,
E3A7,
E04E,
DD77,
D9C8,
D5FB,
D563,
D844,
DC2F,
DFBB,
E9D6,
F58C,
FB90,
FA2D,
F0FB,
E601,
D751,
CB8F,
C66E,
C6D4,
CBCD,
D1B7,
CDC3,
C4E7,
C157,
C8D4,
D357,
CE6D,
AF25,
8BDF,
85FB,
A2B4,
CDCE,
FAAC,
1466,
03CF,
D289,
B393,
B2D8,
B76F,
BD3A,
CEDF,
DE6B,
D9C6,
C0D3,
B142,
B19B,
B99C,
D3EA,
DD7C,
D066,
C3EF,
B494,
A72D,
BBBC,
CC59,
D291,
DA63,
DA2E,
DA0D,
EB7A,
FA91,
012C,
0032,
EF1D,
DD50,
DE8D,
EB60,
F6F8,
F92A,
EEDB,
E0BE,
D179,
C8E4,
D1E2,
E802,
FD90,
0C80,
11C7,
094A,
F960,
E715,
DDF1,
D75A,
C8A7,
B6A0,
B0AB,
B59F,
C5CB,
D9DF,
E2F2,
E035,
D2C7,
C477,
C5C1,
D2EE,
DFBC,
E78B,
E613,
D7DD,
C5DD,
B914,
B6A6,
BB0C,
C017,
C2C0,
C41D,
CBFB,
DA8A,
E87E,
F0B9,
F0F7,
E60B,
D5E6,
CCD1,
CDC3,
D5E1,
E261,
EDD8,
F161,
EFAE,
EAF6,
E2F0,
DBE4,
D67A,
D355,
CF2A,
CA40,
C7D9,
CB0F,
CF6A,
D22D,
CF42,
CA4D,
C60B,
C3CF,
C5C6,
C8A4,
CBDA,
CDB0,
CD3A,
CBD2,
CC5E,
CD07,
CDD2,
CF94,
D265,
D349,
D026,
CC2D,
C5EA,
BC13,
B274,
AC34,
A812,
A4A0,
A198,
9E7D,
9CED,
9F36,
A57C,
AB2B,
ADDB,
AFAD,
B237,
B56B,
B96E,
BF06,
C797,
D04F,
D6EA,
D925,
D39F,
CA04,
C380,
C3EA,
CBAA,
D72A,
DE4B,
DD9E,
D966,
D833,
D7D8,
D741,
D730,
D8AE,
DA9D,
DCA6,
DA3F,
D4A2,
CD50,
C6ED,
C1A7,
BDF3,
B8BD,
ADAC,
9F9F,
99EF,
9FB7,
AB19,
B582,
BCE6,
C014,
C4ED,
CDBC,
DD9D,
EF08,
FFAA,
0BC3,
0FAD,
0A9B,
022E,
FA22,
F3FA,
EE94,
E96F,
E5D5,
E05C,
D26F,
BE1C,
A91C,
9BF7,
95CF,
91B4,
9252,
9EDE,
AA60,
AE97,
B08D,
B23D,
B5ED,
C326,
D7AC,
EBCD,
F9BC,
0021,
034D,
072B,
08A9,
0569,
00A8,
F971,
EE85,
E309,
D0CA,
C4C2,
BEA4,
C0F9,
C527,
C15D,
BB12,
B49F,
ABF5,
ADC9,
99E4,
9C36,
AA6B,
BB2E,
CDD6,
D95A,
E3E7,
E7CF,
ED48,
EB76,
EBA6,
F05F,
F5FF,
F4AC,
E956,
DA9C,
CB86,
BB51,
AD8A,
A23C,
9939,
947D,
965D,
9700,
991B,
9DCD,
A394,
A84E,
AB80,
AD18,
B71D,
C325,
C7D9,
C51E,
BCA8,
B3C0,
B4CA,
BE61,
C953,
D37E,
DDE6,
E5E3,
E7A5,
E0E7,
D803,
D2AE,
D2B8,
CEA6,
C3FC,
B890,
B390,
B279,
B321,
B552,
BB85,
C64A,
CFB3,
D5AD,
D7A8,
D442,
CE9A,
CA4E,
C838,
C7BA,
C758,
C459,
BE3A,
B179,
9F95,
8ED7,
8391,
81A5,
8608,
8CFF,
9752,
A1A0,
A5F7,
AB84,
B3C0,
B97C,
BAFD,
BD64,
C5D4,
D803,
EE4F,
FFF0,
0675,
028F,
F996,
F1CE,
EB06,
E40B,
DDBA,
D50A,
C70F,
B88E,
B0F6,
B6BC,
C6C3,
D270,
D27F,
CD1B,
CA44,
CE57,
D926,
E145,
E097,
D996,
D2AB,
CE65,
CACB,
CBA8,
D24E,
D890,
D975,
D39F,
C82A,
C05C,
C2AF,
C850,
CAC9,
CA98,
CA08,
C4B2,
BF99,
C03B,
C9A3,
DB9A,
ECB0,
F530,
F786,
F6C3,
F305,
F079,
F173,
FA18,
03E0,
02DF,
F01A,
DC10,
DB7F,
E372,
DDEE,
D3D1,
D4FF,
D884,
D614,
D4E4,
D8CB,
D89F,
D1C2,
D3DA,
E2A2,
F233,
F860,
F909,
F800,
F925,
FB91,
FCAA,
F9AA,
F5B7,
F2FA,
EE79,
E8F8,
E7EB,
E61D,
DD6E,
D0EA,
CE2C,
D2C7,
D947,
DFBD,
E311,
E0AC,
DD7A,
DD7C,
DF95,
E62B,
EB74,
E8DD,
DCD3,
D2B4,
D365,
DA63,
DED4,
E056,
E4D1,
ED07,
F967,
08E2,
1C68,
2DD6,
3AD6,
4414,
4C4A,
507A,
4FE4,
4915,
41A1,
339C,
24E4,
1BB6,
12E3,
0AB6,
0198,
F7C8,
EF06,
E9A9,
E2EC,
DFE7,
D935,
D7AB,
D908,
DCBE,
DED7,
DC95,
D5F8,
CFF9,
C9E3,
C65D,
C5AD,
CC87,
D8F3,
E06A,
E12E,
E10F,
E127,
E382,
EAEF,
F71B,
0156,
0958,
0F6E,
13B6,
15BC,
1516,
1197,
0D41,
0818,
0268,
FC49,
F4AD,
EE60,
E816,
E48B,
E035,
DCC3,
DD53,
E091,
E86C,
F4CE,
FFF5,
066C,
0C00,
112D,
17D7,
1CB6,
21F3,
27CA,
297D,
2701,
239C,
2015,
1B7E,
154B,
0F4B,
0F1B,
1482,
1AE8,
1ED0,
2017,
216E,
239F,
26AB,
2926,
2B64,
2D42,
2DFA,
2BC0,
281C,
1E94,
104A,
03DD,
FDA9,
FD22,
FF22,
002D,
FF03,
FF41,
03D6,
0D04,
1889,
2515,
318B,
3B05,
409D,
4189,
3EC5,
3B97,
3E8A,
465D,
499F,
440F,
398D,
339C,
33AD,
3540,
36B3,
3977,
39C1,
39C1,
40B2,
4C8B,
574D,
5B7D,
5B46,
5B99,
5E30,
60F6,
5FE4,
58D1,
4F82,
48FA,
4436,
4068,
3B8F,
36A8,
3171,
2BFA,
29BF,
2AB8,
2CD9,
2D15,
2D52,
2B2C,
27D0,
22EA,
1FD3,
21F4,
27B7,
2B94,
2BC0,
2BA3,
2D2E,
2FA5,
2DEF,
2944,
24F3,
2507,
2D2B,
38AF,
452C,
4CDC,
4E3C,
4B28,
4936,
4A5B,
4BA3,
4717,
3CE1,
3417,
3287,
349A,
2F7A,
25E3,
2006,
1CAE,
1B21,
1EC4,
255F,
279A,
233B,
1F0D,
2251,
2A54,
2E67,
2BE6,
289C,
2A7A,
3062,
32B7,
3245,
3145,
3279,
35B2,
3B5D,
43FA,
4B71,
4F1D,
5183,
567D,
5CE6,
6302,
65E2,
6401,
5F98,
5C19,
5985,
561A,
5241,
4DF1,
4851,
3F9F,
3471,
2DB8,
2BAC,
2CC2,
2CE4,
2CC5,
2E6B,
324C,
39FB,
44B3,
4EA4,
55E8,
591A,
597C,
5B60,
6085,
67B3,
6D02,
6C2A,
6664,
609F,
5CDC,
5B12,
5B77,
5DCD,
5ED6,
5F48,
5DA2,
579A,
4EAC,
4857,
45FE,
429B,
3D9C,
364A,
2D2E,
272A,
25E4,
2582,
23BC,
1F53,
1D10,
1D0C,
2013,
2407,
272F,
286B,
28BE,
28F9,
2AA3,
2B33,
2A2F,
2847,
253C,
24F9,
2651,
298F,
2FFA,
35A9,
3AC3,
3FE9,
4411,
4545,
445A,
4373,
4313,
42CB,
419E,
406A,
3F95,
406B,
3FCD,
3E31,
3D2B,
3C0E,
3B6A,
3C8E,
4009,
4581,
4AAC,
4C9B,
4B58,
49ED,
499D,
4D31,
50A5,
548F,
589D,
5BFE,
59F4,
5416,
4F02,
4C0D,
497B,
4961,
4C43,
4E00,
4DE4,
4BDE,
484D,
4560,
443C,
4241,
3FCF,
3FCD,
410C,
402E,
3E7B,
3F4A,
403A,
3DC7,
3A04,
3846,
37A2,
365A,
35AB,
37A0,
3A91,
3D32,
3FE6,
3F8C,
3CCA,
3C2A,
3BC2,
370B,
3415,
33AC,
328F,
3039,
2EF1,
2D83,
2EE8,
335D,
37E9,
3BB9,
3DBB,
3C24,
3688,
32E4,
301F,
2F9D,
33D5,
3A46,
3E54,
4050,
3EEC,
3B44,
3926,
389A,
3920,
3CF2,
3FC9,
4187,
4252,
4195,
3F12,
3E6A,
3E08,
3F40,
3D93,
3747,
3116,
2B82,
2690,
251B,
2411,
2454,
2668,
29A3,
2AE1,
2B94,
293A,
2503,
22ED,
24F0,
291C,
2F96,
370D,
3CE8,
4053,
4057,
3D0F,
37B4,
34AD,
34F8,
35E7,
35CF,
33F5,
3113,
2F69,
2FF8,
34AB,
3760,
3935,
3CB6,
3D51,
3B95,
37BC,
2F5F,
2791,
25C0,
2C83,
3CBA,
4C97,
5268,
491E,
3595,
24B5,
2234,
2D2D,
3F76,
501D,
5AA6,
579C,
480C,
39AA,
3733,
3CC3,
451F,
4CB5,
4AD4,
3FF1,
3052,
23EC,
1E2D,
1D94,
23E7,
2EC0,
3642,
39C0,
3B55,
37F9,
2CCA,
1E2C,
13B6,
134C,
1AA8,
2455,
291C,
2829,
1EB5,
0EAD,
0077,
F904,
FD69,
0E31,
238C,
3345,
3815,
2F82,
1CEE,
0AF6,
023D,
FD98,
F5D4,
EDDA,
E92B,
E819,
F010,
FFEA,
0D44,
1217,
0DC0,
0799,
068D,
0B3D,
0CFE,
0868,
0034,
F5D9,
E930,
E054,
E18D,
E805,
EDA7,
EB90,
E644,
E432,
E818,
F10D,
F7E8,
F8DC,
F4DB,
EFA2,
EA42,
E98B,
EFFC,
F872,
FB96,
F83E,
F0FB,
E6C8,
DF86,
DB24,
DB8A,
DF31,
E2BB,
E32F,
E33F,
E6BB,
ED3B,
F498,
F836,
F745,
F673,
F960,
FDA2,
0207,
0474,
02F4,
01EC,
00B9,
FFDF,
0180,
076F,
0F65,
17F2,
1DCE,
1F7E,
1FB3,
1E01,
1A48,
158D,
132A,
11BE,
1143,
1101,
0CE5,
06BF,
03ED,
05CA,
094E,
0BAF,
0AAB,
063D,
FFA2,
F8CD,
F5F8,
F552,
F615,
F754,
F995,
FA59,
FA82,
FB65,
FA74,
F657,
F155,
EE0D,
EC6B,
EDBC,
F120,
F3EE,
F410,
F2C1,
EF9E,
ED1F,
EFDF,
F4EF,
F602,
EF0D,
E48C,
DD49,
DCB6,
E01D,
E5E9,
E629,
E0C8,
DDAB,
DB4E,
D81F,
D4CC,
D445,
D6DD,
DA66,
DDF8,
E7FE,
F400,
FA8A,
F97E,
F053,
E4C9,
D5EC,
CA03,
C4A5,
C546,
CAB2,
D0DE,
CD3D,
C464,
C102,
C93F,
D446,
CEC1,
ADE0,
88D4,
8223,
A003,
CD88,
FD1B,
1924,
082E,
D47A,
B3FB,
B2F7,
B7C1,
BE04,
D029,
E094,
DC40,
C317,
B3BD,
B45B,
BCED,
D790,
E12C,
D3A1,
C754,
B7C9,
A9C7,
BCC6,
CBE7,
D145,
DA28,
DBA7,
DCC9,
EDF7,
FAF3,
FE6B,
FAE2,
E950,
D9AE,
DD77,
EBC9,
F802,
FA08,
EE71,
DE7A,
CEC7,
C77F,
D1B9,
E82A,
FD56,
0B92,
10DD,
097C,
FA64,
E943,
E0B9,
D9B8,
CA4C,
B7FC,
B139,
B5EA,
C67F,
DB14,
E4C6,
E2B5,
D605,
C855,
C9AE,
D675,
E24B,
E8C8,
E631,
D7CA,
C65B,
BA69,
B827,
BBFA,
C01E,
C1DF,
C26F,
C94B,
D719,
E519,
EDC8,
EE8D,
E4B4,
D5FC,
CDC8,
CF39,
D79B,
E3D4,
EE50,
F0CE,
EE0E,
E889,
E05B,
D974,
D429,
D0E0,
CC84,
C780,
C55A,
C932,
CE72,
D1BF,
CEF7,
C9BE,
C551,
C373,
C5E3,
C8E2,
CB62,
CC6D,
CB9A,
CA3F,
CACE,
CB91,
CCAE,
CF16,
D285,
D3F2,
D117,
CCF2,
C67B,
BCD0,
B374,
AD57,
A945,
A60F,
A32F,
A011,
9E1C,
9FAD,
A551,
AB0F,
AE6A,
B109,
B3F5,
B702,
BA4B,
BF17,
C72D,
D00F,
D6E4,
D92B,
D3D7,
CAC2,
C484,
C49B,
CB7F,
D613,
DCB5,
DC33,
D8A9,
D869,
D936,
D97A,
D9A0,
DAC6,
DC03,
DD55,
DABF,
D52B,
CDCB,
C73A,
C1B4,
BD7F,
B76D,
ABBA,
9D77,
97AE,
9D7F,
A963,
B4BE,
BD8B,
C296,
C8CD,
D222,
E1D7,
F364,
04B8,
1181,
1588,
0FF3,
06C1,
FDC6,
F66E,
EFAA,
E9BF,
E600,
E0E2,
D37B,
BF95,
AB07,
9E17,
976A,
925F,
91F4,
9D77,
A8F2,
AE26,
B0FB,
B33F,
B6B2,
C2B2,
D58B,
E88B,
F5FA,
FCE5,
00D3,
0530,
0695,
0363,
FE5A,
F70E,
EC42,
E13E,
D001,
C44D,
BE44,
C0D3,
C4BE,
C1A0,
BB5D,
B561,
ACA8,
AF83,
9C14,
9D98,
AC94,
BBFA,
CD2F,
D722,
E0D7,
E572,
EBFA,
EBEC,
ED92,
F2E2,
F870,
F67F,
EBB5,
DDE9,
CFFF,
C0DC,
B3D7,
A8C5,
9FAF,
9A64,
9B6E,
9BDD,
9DFF,
A2CD,
A8B9,
ACAE,
AE71,
AF5A,
B8A3,
C3F0,
C89E,
C604,
BDC3,
B4D2,
B50F,
BD73,
C74F,
D08A,
DAB3,
E317,
E558,
DEEF,
D642,
D15C,
D177,
CD49,
C2D9,
B7F5,
B32A,
B241,
B329,
B5D7,
BCDB,
C7EE,
D17E,
D7E3,
DA75,
D78C,
D257,
CE57,
CC29,
CB53,
CAF8,
C875,
C291,
B63C,
A55A,
953F,
8969,
85D4,
88C1,
8EF3,
9921,
A402,
A968,
AF25,
B6E5,
BBC5,
BC35,
BD38,
C462,
D602,
EC87,
FE5D,
0542,
01BF,
F8DB,
F0A6,
E915,
E199,
DBB8,
D3F9,
C72C,
BA07,
B391,
B9A7,
C97E,
D503,
D551,
D069,
CDF8,
D1FF,
DC2F,
E3B2,
E2C9,
DBC3,
D4C7,
CFF8,
CBE0,
CCA4,
D344,
D91A,
D9BC,
D46B,
C9FE,
C2C8,
C4BA,
C944,
CA50,
C943,
C8B9,
C45D,
BFC3,
C023,
C926,
DA98,
EB37,
F39E,
F648,
F5BB,
F208,
EFC5,
F1B7,
FB08,
0537,
03EA,
F06B,
DBE8,
DB78,
E40D,
DF9B,
D683,
D832,
DBC5,
D94F,
D807,
DBB7,
DB7A,
D508,
D73C,
E5A3,
F428,
F95D,
F905,
F761,
F86C,
FABE,
FB78,
F851,
F436,
F1A5,
EE26,
E968,
E822,
E64E,
DE19,
D2D6,
D0E7,
D5DB,
DC15,
E1D1,
E43C,
E176,
DE64,
DE6A,
E053,
E66C,
EB84,
E88D,
DC3D,
D23D,
D37E,
DB22,
DFF1,
E172,
E563,
ECF2,
F8B9,
084C,
1BC2,
2CC5,
3925,
4218,
4A13,
4E46,
4D93,
46DD,
3ED2,
30C4,
2282,
1A06,
123A,
0A5B,
0160,
F826,
F04B,
EB39,
E4B8,
E114,
DABA,
D96E,
DB33,
DE9E,
E026,
DD5A,
D66B,
D03B,
CA08,
C563,
C39F,
C98F,
D52E,
DCAA,
DE63,
DF78,
E085,
E34D,
EACD,
F698,
0075,
07DD,
0D9E,
123A,
14B4,
1454,
1114,
0CA9,
0771,
01C0,
FBC9,
F4DD,
EF51,
EA40,
E785,
E3A6,
E03F,
E05F,
E360,
EB3A,
F769,
022D,
0819,
0CFE,
1269,
1975,
1E7F,
2345,
2828,
291A,
266F,
2398,
212D,
1D7E,
177F,
1142,
10A4,
15DD,
1C26,
1FE8,
2120,
225B,
24A8,
27F3,
2A9C,
2CD4,
2E2A,
2DC1,
2AE8,
26FE,
1D69,
0F39,
02F4,
FC8A,
FB5B,
FCA7,
FD42,
FC52,
FD49,
029D,
0C1E,
179A,
23E0,
2FED,
3941,
3F1C,
4097,
3DF4,
3AAD,
3DA1,
459B,
4924,
43BB,
3963,
3388,
33AF,
355F,
3712,
39FC,
3AAF,
3B3D,
4240,
4DC8,
57CD,
5B5D,
5AAB,
5A93,
5CE0,
5F8E,
5E82,
5770,
4DE7,
4709,
422E,
3E2C,
395F,
348C,
2F72,
2A7C,
28CF,
2A00,
2BEA,
2C14,
2C07,
29A8,
2619,
2159,
1E33,
1FD3,
24AA,
276B,
26D2,
2673,
280F,
2AD5,
2A11,
265A,
22D9,
2383,
2B4C,
3653,
4254,
49EE,
4B4C,
4849,
464A,
478B,
4933,
44D7,
3A20,
30D9,
2F70,
31D0,
2D8E,
2545,
2070,
1DF1,
1D06,
20CE,
272D,
2901,
2432,
1FD5,
2339,
2B66,
2F58,
2C53,
2859,
2999,
2EF5,
3155,
30FA,
300F,
315A,
3512,
3B59,
4417,
4B50,
4E8F,
50D7,
564F,
5D53,
636D,
6616,
641C,
5FA0,
5C05,
592E,
559D,
5203,
4E33,
48C0,
4021,
3551,
2E8A,
2C4C,
2D18,
2D16,
2CC6,
2DED,
3108,
37CD,
41F6,
4BBE,
52C2,
55B7,
562C,
5811,
5CD6,
634D,
6834,
67AB,
62DB,
5E47,
5B96,
5A59,
5AA3,
5C7C,
5D8A,
5E2E,
5CC8,
5713,
4E4A,
47AF,
44C4,
4122,
3C00,
3496,
2BAE,
25C0,
2426,
236D,
217A,
1D31,
1AC3,
1A81,
1D31,
2105,
241D,
2523,
24FB,
24F7,
26BF,
27AF,
26E5,
2556,
2347,
23EA,
2626,
2A0C,
30A3,
3667,
3B70,
407B,
44B8,
4658,
45ED,
452C,
44C8,
4479,
436D,
4247,
415E,
41FD,
41B3,
4074,
3F45,
3DB6,
3C81,
3CEC,
3FAD,
4466,
48D8,
4A53,
48F2,
4766,
4720,
4A4D,
4D56,
50A7,
546B,
57C9,
5655,
5146,
4CF6,
4AA2,
48BC,
48A3,
4A97,
4B7F,
4B1F,
4945,
4632,
43BF,
42DF,
4113,
3EAA,
3E7C,
3FB8,
3F15,
3D8A,
3E07,
3E90,
3C1F,
389A,
36FC,
3659,
34E0,
33F3,
3590,
3801,
3A25,
3CAA,
3C91,
3A35,
39BB,
396B,
3519,
325D,
3218,
3123,
2F4A,
2EBF,
2DFE,
2FAA,
3424,
384D,
3B75,
3D19,
3B3F,
360B,
3312,
30D0,
3047,
33F6,
395A,
3CA4,
3E8B,
3D66,
3A20,
387E,
3819,
3852,
3B66,
3D74,
3E4F,
3E8E,
3D90,
3B20,
3A47,
396A,
39EB,
3814,
3240,
2CD8,
2844,
23D5,
2261,
2186,
21BB,
23EC,
2744,
287B,
291E,
2765,
240A,
22B7,
2525,
293F,
2F16,
3600,
3BB3,
3F4E,
400C,
3DDB,
39B5,
374B,
3743,
3792,
3721,
3564,
32EE,
3184,
31DD,
3565,
36F6,
37F6,
3ACD,
3B8D,
3A2F,
3659,
2DE0,
25DB,
23B7,
2A6E,
3A92,
4A59,
5011,
46D4,
3314,
21E6,
1F1E,
29F9,
3C55,
4D22,
5713,
538D,
443C,
36C5,
3588,
3C5F,
4570,
4CC4,
4A51,
3EB4,
2F01,
233B,
1DD7,
1CEC,
2256,
2C1F,
32D9,
3633,
383F,
35B5,
2B73,
1D18,
11D8,
1097,
1810,
21F3,
26EE,
25FF,
1C1B,
0B22,
FC02,
F482,
F8F9,
095B,
1E5C,
2E3D,
338C,
2C62,
1BF8,
0B48,
021D,
FC73,
F3BC,
EAD4,
E610,
E689,
F014,
0073,
0D74,
111B,
0B8D,
04E6,
0437,
09C2,
0CA2,
0872,
FF71,
F3D6,
E6B4,
DE2E,
DF7D,
E5CA,
EAF7,
E8E5,
E3C2,
E22C,
E6FC,
F0E6,
F8D3,
FA73,
F625,
EFF3,
EA23,
E9BB,
F0C4,
F9AD,
FD53,
FA79,
F31B,
E8FF,
E22D,
DEBF,
DFE3,
E3F4,
E75E,
E7B3,
E7CC,
EB50,
F1AA,
F85C,
FB1D,
F98A,
F85A,
FB01,
FF04,
02E8,
04A7,
0280,
00CF,
FF75,
FE9C,
0033,
05B9,
0D47,
1589,
1B5E,
1D45,
1D86,
1BCA,
184A,
13F6,
11A3,
102E,
0F83,
0F14,
0B84,
064F,
03F1,
057B,
089F,
0AE8,
0A19,
0632,
0021,
F9A5,
F6EA,
F669,
F73F,
F83C,
F98D,
F97B,
F962,
FA31,
F946,
F522,
F059,
ED8B,
EC70,
EDE3,
F0ED,
F2DD,
F239,
F08A,
EDCC,
EBE1,
EE7D,
F2C9,
F302,
EBBA,
E176,
DAAD,
DA75,
DDF3,
E336,
E364,
DE98,
DBDD,
DA1F,
D79A,
D4E0,
D460,
D685,
D98B,
DD13,
E6C2,
F2C1,
F9A6,
F8FA,
F016,
E44C,
D5B8,
CA0E,
C4A1,
C574,
CB1B,
D143,
CE04,
C571,
C261,
CB35,
D675,
D077,
AEF1,
892C,
81CF,
9FF0,
CE8A,
FF73,
1D0D,
0C45,
D7B4,
B6A9,
B55E,
BA2A,
C0A6,
D2B0,
E378,
DF9A,
C701,
B856,
B938,
C217,
DC2F,
E578,
D7D3,
CC0F,
BCD5,
AEBA,
BFA5,
CCE0,
D132,
DABE,
DDBD,
E011,
F096,
FB41,
FBA8,
F5BE,
E416,
D6DF,
DCF1,
EC50,
F8E2,
FAC8,
EE54,
DD0E,
CD66,
C78F,
D2A9,
E8BB,
FCE2,
0A05,
0F32,
0927,
FB5C,
EBE8,
E433,
DD01,
CD4B,
BB3B,
B3ED,
B849,
C8D9,
DD63,
E76E,
E60A,
DA64,
CDA9,
CF06,
DB15,
E5A4,
EA93,
E6D4,
D88C,
C81E,
BD58,
BB5B,
BE8E,
C1C4,
C2A9,
C27C,
C82D,
D4CC,
E257,
EB20,
EC5E,
E3E3,
D702,
CFEB,
D1D1,
DA40,
E5E8,
EF2E,
F099,
ECD5,
E696,
DE6D,
D7E4,
D2F5,
CFAD,
CB40,
C63D,
C45E,
C8B2,
CEAD,
D26B,
CFDD,
CA86,
C60C,
C495,
C767,
CA72,
CC2F,
CC6B,
CB47,
CA06,
CA8F,
CB62,
CCCD,
CFD6,
D3D5,
D5CB,
D350,
CF17,
C898,
BF61,
B690,
B0BE,
ACD8,
A9F7,
A755,
A44C,
A1FF,
A2CB,
A79E,
AD43,
B13C,
B49C,
B7D5,
BAA0,
BD09,
C0D0,
C81B,
D0D8,
D7B2,
D9FA,
D510,
CCD8,
C71A,
C6DA,
CCA7,
D5FF,
DBFC,
DBB6,
D8F0,
D98E,
DB67,
DC7B,
DCDD,
DDAF,
DE40,
DED4,
DC13,
D69E,
CF57,
C8C9,
C33C,
BEB2,
B7F5,
ABF1,
9DDE,
9828,
9DD9,
A9E5,
B5DE,
BFD0,
C693,
CE01,
D7A7,
E6C8,
F803,
0994,
16A9,
1A98,
1494,
0AE0,
014A,
F910,
F129,
EA9C,
E6BE,
E206,
D57B,
C292,
AF1C,
A2D4,
9BE3,
9613,
9492,
9E88,
A98C,
AF9D,
B34C,
B626,
B955,
C3BE,
D459,
E5AE,
F249,
F9A1,
FE55,
031C,
0464,
015B,
FC34,
F50F,
EAB6,
E070,
D0A9,
C589,
BFAE,
C253,
C5C6,
C354,
BD3F,
B7D2,
AF4A,
B2ED,
9DD8,
9EAD,
AE79,
BC95,
CC4E,
D4B5,
DD90,
E2EA,
EA82,
EC38,
EF51,
F534,
FAAB,
F821,
EDE0,
E0FC,
D42D,
C604,
B9A5,
AEBF,
A597,
9FCE,
A012,
A058,
A27F,
A763,
AD6F,
B0A4,
B111,
B16A,
BA07,
C4A7,
C957,
C6EB,
BEE9,
B5FA,
B56F,
BC98,
C547,
CD78,
D74A,
E004,
E2B9,
DCA2,
D422,
CF9E,
CFC2,
CB76,
C140,
B6EA,
B263,
B1BB,
B2F1,
B623,
BDF7,
C955,
D30C,
D9E3,
DD1A,
DAB2,
D5E3,
D21D,
CFCD,
CE9F,
CE52,
CC4B,
C6A6,
BAC1,
AADE,
9B5F,
8F01,
89D8,
8B5F,
90C9,
9AC2,
A622,
AC83,
B26A,
B9B7,
BDD0,
BD45,
BCF3,
C2D9,
D3DA,
EA86,
FC89,
03CD,
00B2,
F7EC,
EF54,
E6FC,
DEF7,
D982,
D2AA,
C6F3,
BB0E,
B5A7,
BC0C,
CBC1,
D736,
D7DA,
D378,
D166,
D557,
DEE7,
E5DC,
E4D9,
DDF2,
D6F5,
D190,
CCE9,
CD8D,
D427,
D992,
D9F0,
D522,
CBB4,
C508,
C691,
CA08,
C9B6,
C7D8,
C759,
C3F8,
BFDA,
BFFB,
C8A1,
D995,
E9BC,
F1FA,
F4E2,
F479,
F0CD,
EEE5,
F1E5,
FBDD,
065E,
04B8,
F07F,
DB8D,
DB48,
E481,
E123,
D915,
DB3A,
DEC5,
DC3C,
DAE3,
DE6D,
DE2F,
D82E,
DA79,
E874,
F5F6,
FA51,
F913,
F6D9,
F7BA,
F9E2,
FA36,
F6F3,
F2C5,
F06E,
EDEB,
E9E2,
E860,
E67D,
DEB7,
D4B1,
D39B,
D8F5,
DEF4,
E3F1,
E567,
E22D,
DF29,
DF2C,
E0F1,
E69D,
EB89,
E832,
DBA4,
D1D1,
D3A1,
DBE3,
E105,
E27D,
E5E1,
ECCD,
F7FC,
079D,
1AF5,
2B7C,
3732,
3FD6,
4794,
4BCF,
4B03,
4467,
3BC5,
2DAC,
1FD9,
1808,
1146,
09BB,
00E2,
F834,
F134,
EC6C,
E633,
E201,
DC07,
DAFB,
DD32,
E068,
E17F,
DE45,
D71F,
D0D8,
CA99,
C4E4,
C216,
C71A,
D1DE,
D953,
DBFB,
DE41,
E049,
E37F,
EB0D,
F672,
FFE8,
06A9,
0C0B,
10EC,
13C5,
139E,
1098,
0C1B,
06D2,
0114,
FB2D,
F4D3,
EFEC,
EBFE,
EA07,
E6A3,
E354,
E310,
E5E5,
EDCC,
F9CF,
0433,
09A0,
0DEE,
13A9,
1B25,
2060,
24AB,
2892,
28BF,
25E2,
2393,
223A,
1F72,
19B2,
1345,
123D,
1743,
1D63,
20FC,
222B,
2353,
25C3,
2951,
2C34,
2E6D,
2F30,
2D93,
2A0E,
25E1,
1C51,
0E56,
024E,
FBB3,
F9CE,
FA56,
FA7D,
F9D7,
FBA1,
01C1,
0B90,
16F9,
22F2,
2E96,
37C3,
3DE1,
3FF1,
3D76,
3A1C,
3D09,
4517,
48D6,
438C,
3957,
3385,
33B3,
3573,
3759,
3A61,
3B7C,
3C96,
43A5,
4ED3,
581F,
5B1C,
59FF,
5986,
5B8D,
5E19,
5D0E,
5607,
4C58,
4536,
4049,
3C0B,
373D,
3280,
2D95,
2937,
282B,
29A4,
2B62,
2B79,
2B17,
2880,
24D5,
2057,
1D3A,
1E5F,
2240,
23DD,
227C,
21D5,
237B,
2688,
26B0,
23E5,
212F,
226D,
29D8,
3451,
3FC0,
472E,
487E,
4585,
4378,
44D3,
46D1,
42A2,
3767,
2D9C,
2C54,
2EFB,
2B9A,
24AA,
20ED,
1F53,
1F11,
2301,
292C,
2AA4,
256E,
20E3,
2469,
2CC3,
3098,
2D16,
2875,
291D,
2DF4,
3064,
3020,
2F47,
30AB,
34E4,
3BC7,
44A0,
4B99,
4E64,
507A,
5659,
5DE7,
63F8,
6667,
6452,
5FBC,
5BFE,
58E0,
5527,
51CC,
4E7E,
4940,
40BD,
3657,
2F8D,
2D24,
2DA9,
2D8C,
2D16,
2DC2,
3015,
35E4,
3F76,
4920,
4FF8,
52C4,
5356,
5535,
5982,
5F2C,
639F,
6364,
5F87,
5C21,
5A7D,
59C6,
59EF,
5B43,
5C46,
5D0D,
5BE2,
567F,
4DDE,
46FC,
437F,
3FAA,
3A71,
32F9,
2A51,
248A,
22AF,
21B3,
1FA8,
1B92,
1905,
188E,
1AED,
1EA9,
21B7,
2288,
21DF,
2198,
2377,
24B9,
241C,
22E1,
21CD,
234F,
2665,
2AEF,
31AD,
377B,
3C62,
4147,
458E,
478A,
4787,
46D6,
465C,
4600,
451B,
4409,
430B,
436B,
436D,
428B,
413A,
3F4C,
3D9C,
3D5E,
3F6A,
4361,
471A,
4828,
46B4,
4513,
44E2,
47B3,
4A55,
4D13,
508F,
53EB,
530A,
4EC9,
4B39,
498A,
485A,
484F,
4962,
4977,
48C7,
4708,
4460,
4260,
41C4,
4035,
3DE1,
3D87,
3EB9,
3E50,
3CEA,
3D0A,
3D27,
3ABA,
377A,
3607,
356D,
33C8,
32A1,
33E2,
35C9,
3766,
39B1,
39D1,
37DB,
378A,
3759,
3377,
30F5,
30C4,
2FE6,
2E7E,
2EAA,
2E99,
3095,
351C,
38DD,
3B4D,
3C80,
3A53,
3581,
333B,
318B,
3106,
3432,
3886,
3B06,
3CD2,
3BEB,
390C,
37EB,
37B8,
37B1,
3A13,
3B5F,
3B5C,
3B11,
39D4,
3777,
366C,
3519,
34E8,
32F2,
2DA4,
290C,
2577,
218B,
2016,
1F6A,
1F91,
21E1,
2550,
2672,
26F6,
25D7,
235A,
22D2,
25B0,
29B2,
2ED6,
351F,
3A9B,
3E5D,
3FD0,
3EB6,
3BC7,
39FB,
39A1,
3950,
388D,
36F6,
34E8,
33B3,
33C5,
3611,
367C,
36B5,
38F3,
39E7,
38EC,
351B,
2C88,
2456,
21EA,
28A4,
38BE,
486F,
4E07,
44D7,
30F0,
1F84,
1C7B,
2732,
398D,
4A63,
53A4,
4F98,
4090,
3417,
3424,
3C48,
4600,
4D01,
49F7,
3DA4,
2DE2,
22B6,
1D9F,
1C51,
20C7,
2986,
2F88,
32C9,
354A,
3382,
2A1B,
1C01,
100D,
0E1B,
15C8,
1FE2,
24F9,
23E7,
1977,
0795,
F7AB,
F045,
F4E3,
04DB,
195B,
2935,
2EF1,
2933,
1AFF,
0BAB,
0220,
FB77,
F1CE,
E7FA,
E318,
E50C,
F01E,
0100,
0DAE,
103B,
098E,
0273,
021C,
086D,
0C51,
0872,
FEA5,
F1E2,
E466,
DC52,
DDC1,
E3DE,
E88C,
E679,
E17C,
E05B,
E60B,
F0D9,
F9C1,
FBF8,
F759,
F033,
E9FD,
E9EE,
F18F,
FAE8,
FF10,
FCBF,
F550,
EB4E,
E4E6,
E258,
E41C,
E87F,
EBBA,
EBF2,
EC1E,
EFB7,
F5E7,
FBE3,
FDC4,
FB95,
FA14,
FC86,
004F,
03B3,
04BE,
01EE,
FF97,
FE1B,
FD49,
FED9,
03F1,
0B0F,
1305,
18D8,
1AF9,
1B4A,
198C,
1649,
125B,
101C,
0EA3,
0DD0,
0D3B,
0A38,
05EC,
03F0,
0518,
07DA,
0A0F,
0980,
062D,
00B0,
FA8D,
F7E7,
F77E,
F857,
F90C,
F970,
F892,
F843,
F8FF,
F815,
F3E4,
EF50,
ECF8,
EC61,
EDF9,
F0AB,
F1BC,
F049,
EE30,
EBD4,
EA82,
ED06,
F096,
EFFA,
E867,
DE62,
D811,
D835,
DBC2,
E069,
E079,
DC43,
D9F9,
D8EB,
D71F,
D500,
D477,
D613,
D892,
DC1A,
E57F,
F17F,
F8C1,
F874,
EFD4,
E3C9,
D583,
CA27,
C4B3,
C5B4,
CB81,
D18B,
CEA2,
C656,
C3A3,
CD1A,
D896,
D21D,
AFFF,
8986,
8175,
9FC7,
CF63,
018F,
20BA,
1031,
DAE3,
B964,
B7D4,
BC94,
C334,
D50B,
E622,
E2B9,
CABB,
BCC6,
BDEE,
C712,
E086,
E966,
DBA3,
D068,
C18E,
B374,
C260,
CDC5,
D107,
DB11,
DF62,
E2D8,
F2C9,
FB56,
F8EA,
F0C2,
DEF2,
D3E8,
DC0F,
EC6B,
F964,
FB41,
EE0C,
DB96,
CC00,
C781,
D366,
E911,
FC2D,
083D,
0D4D,
0891,
FC19,
EE4F,
E76A,
E00C,
D00E,
BE3F,
B67C,
BA93,
CB24,
DFAC,
EA0E,
E943,
DE90,
D2BA,
D41A,
DF81,
E8D6,
EC32,
E738,
D8F4,
C976,
BFD8,
BE27,
C0D0,
C332,
C355,
C284,
C71C,
D28C,
DF8B,
E857,
EA04,
E2DD,
D7C8,
D1C7,
D420,
DCA1,
E7CB,
EFF6,
F05C,
EB91,
E487,
DC55,
D62D,
D1AD,
CE71,
C9F1,
C4E9,
C348,
C80D,
CEB8,
D2E2,
D08F,
CB17,
C68C,
C576,
C8A3,
CBB8,
CCBB,
CC32,
CAC5,
C9A1,
CA21,
CB02,
CCBF,
D06C,
D503,
D785,
D56C,
D11D,
CA94,
C1D1,
B989,
B3FC,
B03E,
ADB0,
AB4F,
A85D,
A5BC,
A5C4,
A9C4,
AF52,
B3F1,
B816,
BB9B,
BE20,
BFA1,
C252,
C8BF,
D14A,
D827,
DA73,
D600,
CEB6,
C983,
C8EC,
CDA3,
D5C4,
DB2D,
DB2E,
D923,
DA80,
DD49,
DF1E,
DFC1,
E04F,
E048,
E026,
DD2D,
D7C0,
D087,
C9FB,
C477,
BFA9,
B847,
ABF0,
9E0A,
9868,
9DFB,
AA2C,
B6BB,
C1C4,
CA2F,
D2D4,
DCD8,
EB71,
FC6A,
0E3D,
1B93,
1F54,
18D1,
0E9C,
0487,
FB89,
F292,
EB61,
E74D,
E2DE,
D720,
C531,
B2DC,
A750,
A02A,
99A1,
9705,
9F49,
A9BD,
B0AC,
B53D,
B8BA,
BBB6,
C48F,
D2F5,
E2AE,
EE88,
F661,
FBEE,
0125,
0255,
FF7B,
FA3B,
F344,
E960,
DFC9,
D164,
C6BE,
C0FF,
C3A6,
C68E,
C4AE,
BEBB,
B9C8,
B16E,
B5AC,
9F30,
9F75,
B017,
BCFD,
CB31,
D211,
DA13,
E035,
E8DE,
EC54,
F0DD,
F752,
FCB0,
F994,
EFDB,
E3DC,
D818,
CACF,
BEFC,
B432,
AAF9,
A4C0,
A453,
A47C,
A6A5,
AB99,
B1BD,
B437,
B365,
B34B,
BB4D,
C54A,
CA04,
C7D0,
C01A,
B736,
B5E7,
BBD0,
C33C,
CA4A,
D3AC,
DCAD,
DFCF,
DA04,
D1A9,
CD7E,
CDA0,
C934,
BF3C,
B57B,
B144,
B0ED,
B27C,
B63A,
BEDF,
CA84,
D461,
DBB3,
DF9B,
DDB8,
D941,
D5A6,
D327,
D1A3,
D166,
CFDB,
CA76,
BF07,
B021,
A139,
9459,
8DB3,
8DE3,
9281,
9C35,
A800,
AF4B,
B556,
BC3A,
BF9C,
BE2A,
BC91,
C134,
D189,
E84B,
FA76,
021B,
FF6B,
F6CC,
EDDF,
E4C0,
DC30,
D723,
D128,
C671,
BBB1,
B745,
BDF7,
CD97,
D914,
DA22,
D650,
D494,
D863,
E153,
E7C8,
E6CA,
E027,
D933,
D32A,
CDE3,
CE60,
D4F5,
D9F3,
DA0E,
D5BE,
CD48,
C718,
C830,
CA9A,
C8F7,
C653,
C5E5,
C382,
BFDE,
BFC2,
C812,
D892,
E83F,
F046,
F356,
F301,
EF58,
EDDE,
F1FF,
FC9A,
0759,
054F,
F05A,
DB04,
DAF4,
E4D4,
E28F,
DB90,
DE1F,
E18C,
DEE4,
DD7D,
E0F3,
E0C2,
DB35,
DD8E,
EB11,
F799,
FB39,
F933,
F665,
F70E,
F8F8,
F8E1,
F58C,
F160,
EF54,
EDCA,
EA6C,
E8A7,
E6AC,
DF49,
D67C,
D647,
DC16,
E1E4,
E61E,
E693,
E2D4,
DFCA,
DFC3,
E16E,
E6BC,
EB80,
E7CA,
DB08,
D16C,
D3CE,
DCA2,
E20D,
E372,
E64A,
EC96,
F72F,
06D6,
1A00,
29FE,
34FF,
3D4B,
44CC,
4914,
4835,
41B6,
387F,
2A58,
1CEE,
15C2,
100B,
08DF,
002A,
F7FA,
F1CB,
ED4C,
E766,
E2B7,
DD26,
DC5B,
DF0A,
E220,
E2E0,
DF54,
D80F,
D1C7,
CB8D,
C4D7,
C109,
C51B,
CEF6,
D65D,
D9ED,
DD63,
E069,
E40F,
EBA6,
F6A1,
FFA5,
05B6,
0AB1,
0FC8,
12EC,
12F1,
1022,
0B96,
063D,
0067,
FA76,
F492,
F039,
ED58,
EC1B,
E935,
E608,
E570,
E827,
F02A,
FC09,
060F,
0B09,
0ED6,
14F2,
1CE9,
225B,
2626,
290A,
286C,
2559,
238D,
233D,
2158,
1BE2,
1554,
13EA,
18B6,
1EA5,
220F,
233B,
245B,
26F2,
2ACB,
2DF3,
3031,
3056,
2D6F,
292F,
24C1,
1B49,
0D9D,
01E7,
FB1D,
F877,
F82B,
F7DC,
F791,
FA47,
013E,
0B55,
16A0,
2249,
2D83,
368A,
3CED,
3F94,
3D48,
39DE,
3CBD,
44CC,
48B4,
4382,
3969,
3393,
33BA,
357E,
378A,
3AA9,
3C2D,
3DD0,
44E1,
4FB1,
5847,
5ABD,
5944,
5875,
5A35,
5C96,
5B87,
5496,
4AD5,
4383,
3E89,
3A03,
3528,
3084,
2BD6,
2827,
27D1,
29A1,
2B3D,
2B3F,
2A7C,
27AE,
23FB,
1FDB,
1CDF,
1D8E,
206F,
20E1,
1EB4,
1DC2,
1F69,
22B8,
23C3,
21DC,
1FED,
21BD,
28C8,
32A5,
3D6C,
449C,
45D0,
42D8,
40BE,
422F,
447E,
4077,
34B7,
2A63,
2932,
2C1D,
299F,
2412,
217D,
20D3,
213F,
2560,
2B5E,
2C85,
26EE,
2238,
25E1,
2E6D,
3227,
2E2C,
28EC,
2905,
2D5E,
2FE0,
2FB2,
2EE7,
3063,
3521,
3CA0,
4594,
4C4A,
4E99,
5069,
5696,
5EA0,
64A0,
66D3,
64A0,
5FEC,
5C06,
589D,
54B9,
519D,
4ED3,
49CD,
4171,
3783,
30C1,
2E31,
2E74,
2E46,
2DB1,
2DE5,
2F6D,
343C,
3D30,
46C3,
4D86,
503E,
50F6,
52C6,
5685,
5B4B,
5F3F,
5F51,
5C66,
5A2B,
5991,
595B,
595C,
5A22,
5B0D,
5BEB,
5AF3,
55E3,
4D6D,
4641,
4232,
3E34,
38F0,
3173,
2914,
2381,
2178,
204D,
1E41,
1A6F,
17CF,
1729,
193F,
1CEA,
1FF5,
2090,
1F64,
1ED4,
20C4,
224D,
21CF,
20E2,
20C7,
2322,
2709,
2C35,
3315,
38E2,
3D9C,
424F,
4692,
48DB,
492A,
486F,
47CE,
4762,
46AA,
45B5,
44A0,
44B6,
44FE,
4475,
430B,
40D2,
3EBE,
3DE7,
3F40,
4270,
456F,
4619,
449D,
42F1,
42E2,
4561,
47A2,
49D0,
4D09,
5062,
5011,
4C9D,
49CA,
48C2,
4854,
4866,
48A1,
47E5,
46DB,
4524,
42D6,
413D,
40E8,
3FA2,
3D6F,
3CE9,
3E0B,
3DD8,
3C93,
3C4E,
3BF7,
3991,
369C,
355B,
34D4,
330A,
31AB,
328E,
33E2,
34EE,
36F4,
3745,
35B4,
3592,
3589,
3223,
2FDA,
2FAF,
2ED6,
2DD2,
2EAF,
2F53,
31AC,
3647,
399B,
3B45,
3BF3,
3963,
34EB,
335E,
324E,
31DA,
3489,
37CB,
397B,
3B23,
3A77,
3802,
3766,
376F,
3736,
38F3,
3985,
38A9,
37D7,
365E,
340F,
32D1,
310C,
3030,
2E27,
296E,
25AB,
2314,
1FAA,
1E35,
1DB9,
1DD4,
2042,
23C5,
24C2,
2519,
248D,
22EF,
233B,
2691,
2A74,
2ED3,
3468,
399F,
3D7E,
3FA2,
3F9E,
3DE6,
3CB7,
3C0D,
3B20,
3A10,
38A7,
3701,
35F2,
35AC,
36AD,
35F1,
356F,
3724,
385A,
37CB,
33FE,
2B55,
22FF,
2058,
2723,
373D,
46D7,
4C48,
4325,
2F24,
1D8D,
1A4A,
24D7,
371A,
47DD,
5057,
4BB9,
3D05,
319B,
3303,
3C77,
46CB,
4D66,
49BF,
3CBB,
2CF0,
2259,
1D7E,
1BBC,
1F34,
26EB,
2C45,
2F7B,
326E,
3159,
28BD,
1AE2,
0E51,
0BD2,
13CD,
1E1D,
2336,
21DC,
16C7,
0403,
F370,
EC48,
F123,
00AA,
1486,
2430,
2A44,
25F8,
1A04,
0C1D,
0243,
FA9F,
F008,
E548,
E040,
E39D,
F02B,
018B,
0DEC,
0F71,
07BB,
0039,
0035,
0739,
0C04,
0863,
FDCC,
EFF7,
E23F,
DAB5,
DC50,
E239,
E65F,
E446,
DF6E,
DEBD,
E542,
F0E3,
FAB0,
FD6C,
F879,
F065,
E9D2,
EA23,
F260,
FC24,
00D1,
FF12,
F79B,
EDB7,
E7B1,
E5EF,
E837,
ECD3,
EFD5,
EFEE,
F039,
F3F1,
F9F5,
FF2F,
002D,
FD68,
FBA4,
FDEF,
0187,
0468,
04BA,
013E,
FE46,
FCAF,
FBE6,
FD6F,
0218,
08BE,
1066,
163E,
18A0,
1905,
174A,
1447,
10C1,
0E98,
0D20,
0C2C,
0B78,
0904,
0599,
03ED,
04A1,
06FE,
0922,
08DD,
062B,
0149,
FB81,
F8EA,
F88A,
F95A,
F9BE,
F936,
F797,
F71A,
F7C9,
F6DB,
F297,
EE34,
EC4F,
EC3B,
EDFA,
F057,
F085,
EE3B,
EBB0,
E9B2,
E901,
EB79,
EE57,
ECEC,
E513,
DB52,
D579,
D5F9,
D98D,
DD86,
DD6A,
D9CC,
D7FF,
D7B2,
D6AF,
D52B,
D489,
D589,
D77D,
DB0D,
E432,
F03A,
F7DB,
F7ED,
EF8D,
E33C,
D54B,
CA49,
C4D7,
C601,
CBE3,
D1B5,
CF16,
C712,
C4C4,
CEEC,
DAA7,
D3B1,
B107,
89E2,
8117,
9F8E,
D017,
0375,
2430,
13F2,
DE07,
BC2E,
BA5B,
BF03,
C5B5,
D73F,
E894,
E59E,
CE45,
C10E,
C27F,
CBE3,
E49D,
ECFF,
DF19,
D466,
C5FA,
B7F9,
C4F7,
CE95,
D0C3,
DB26,
E0A0,
E529,
F498,
FB36,
F62F,
EBE9,
D9E1,
D0CD,
DADC,
EC27,
F992,
FB7C,
ED9E,
DA13,
CA98,
C75D,
D3FA,
E935,
FB40,
0640,
0B2F,
07BC,
FC9D,
F07B,
EA61,
E2DE,
D29A,
C10C,
B8E7,
BCC7,
CD5F,
E1E9,
EC9F,
EC5D,
E288,
D788,
D8ED,
E3BA,
EBDF,
EDA1,
E758,
D901,
CA64,
C1EC,
C093,
C2C3,
C46B,
C3E5,
C284,
C615,
D057,
DCB6,
E570,
E782,
E1A9,
D854,
D363,
D62F,
DEC8,
E985,
F0AE,
F01C,
EA46,
E260,
DA19,
D455,
D053,
CD2F,
C89A,
C384,
C21A,
C747,
CE9A,
D32B,
D10E,
CB73,
C6D2,
C616,
C996,
CCB5,
CD05,
CBBE,
CA11,
C910,
C985,
CA73,
CC84,
D0DA,
D60C,
D91F,
D76A,
D307,
CC73,
C424,
BC62,
B711,
B377,
B13E,
AF21,
AC4A,
A958,
A89C,
ABC6,
B13D,
B689,
BB7A,
BF4A,
C185,
C216,
C3A0,
C91D,
D168,
D844,
DA98,
D6AA,
D060,
CBC2,
CAD4,
CE77,
D568,
DA4D,
DAA2,
D948,
DB47,
DEE3,
E16E,
E255,
E2AF,
E228,
E157,
DE15,
D89B,
D161,
CAD8,
C56C,
C06A,
B867,
ABB7,
9DFD,
986F,
9DE7,
AA3A,
B758,
C369,
CD6C,
D744,
E1B4,
EFD7,
009A,
12B7,
2041,
23BC,
1CAD,
11FA,
0780,
FDDD,
F3E7,
EC0D,
E7AE,
E36E,
D86D,
C775,
B64D,
AB90,
A445,
9D10,
9954,
9FC5,
A991,
B161,
B6DA,
BB02,
BDDD,
C52E,
D16B,
DF95,
EAC1,
F32E,
F9A5,
FF4C,
0066,
FDBF,
F872,
F1AE,
E842,
DF48,
D231,
C7ED,
C237,
C4CE,
C718,
C5B1,
BFD6,
BB46,
B318,
B7C4,
A01D,
9FED,
B16C,
BD2E,
C9D6,
CF35,
D65E,
DD4F,
E709,
EC3B,
F233,
F939,
FE7D,
FAD9,
F1A9,
E68C,
DBC4,
CF43,
C3DF,
B923,
AFD8,
A942,
A837,
A852,
AA7B,
AF76,
B5A9,
B76C,
B573,
B500,
BC75,
C5DB,
CAA5,
C8B2,
C152,
B884,
B677,
BB1A,
C12E,
C701,
CFDC,
D913,
DC9A,
D71A,
CEDD,
CB01,
CB17,
C68B,
BCD3,
B3AE,
AFD5,
AFDD,
B1D1,
B621,
BF97,
CB82,
D584,
DD56,
E1FC,
E09E,
DC75,
D8F3,
D63C,
D45F,
D435,
D324,
CDFF,
C30B,
B520,
A6CC,
9973,
9166,
904D,
941B,
9D79,
A99D,
B1C2,
B7EC,
BE6E,
C12A,
BEE2,
BC0F,
BF6F,
CF0C,
E5D8,
F826,
002D,
FDEB,
F580,
EC49,
E268,
D949,
D4A3,
CF7F,
C5B2,
BBFA,
B876,
BF74,
CF0C,
DAA5,
DC33,
D8F6,
D787,
DB2A,
E376,
E97B,
E8A1,
E263,
DB80,
D4C5,
CECA,
CF1A,
D5AA,
DA3A,
DA0F,
D63D,
CEB4,
C8F5,
C992,
CAF4,
C810,
C4B0,
C459,
C2F7,
BFCC,
BF75,
C77B,
D790,
E6C2,
EE83,
F1A5,
F154,
EDAC,
ECB2,
F209,
FD42,
082A,
05AF,
F001,
DA52,
DA83,
E50D,
E3E7,
DDFA,
E0E4,
E41E,
E14B,
DFDD,
E34C,
E337,
DE1E,
E07A,
ED79,
F90E,
FC14,
F963,
F605,
F663,
F7FE,
F773,
F418,
F006,
EE55,
EDC2,
EB07,
E8FC,
E6DE,
DFD1,
D83B,
D8EE,
DF3F,
E4E6,
E85B,
E7C2,
E36F,
E04A,
E030,
E1CC,
E6C9,
EB68,
E753,
DA65,
D10D,
D401,
DD5E,
E304,
E44F,
E69B,
EC4B,
F650,
05F4,
18E4,
284A,
328A,
3A77,
41BB,
4615,
452B,
3ECB,
3500,
26C7,
19C1,
1337,
0E8F,
07D0,
FF41,
F783,
F219,
EDE2,
E856,
E33D,
DE1D,
DD95,
E0C0,
E3C9,
E44B,
E083,
D934,
D301,
CCDC,
C534,
C06F,
C38C,
CC6F,
D3BD,
D831,
DCD6,
E0DD,
E4F5,
EC90,
F71C,
FFA9,
0501,
098B,
0ECA,
1227,
124B,
0FB1,
0B19,
05B1,
FFBC,
F9AA,
F41F,
F03D,
EE52,
EDC5,
EB62,
E863,
E785,
EA2D,
F259,
FE1D,
07C9,
0C5B,
0FBE,
164A,
1EC6,
2470,
27B6,
2990,
2824,
24D7,
2384,
2434,
2330,
1E10,
176F,
15AB,
1A3A,
1FF0,
2328,
2455,
2575,
283B,
2C65,
2FDB,
3224,
319F,
2D57,
284C,
239F,
1A4E,
0D0B,
01BB,
FAC4,
F750,
F622,
F55B,
F57E,
F93B,
0112,
0B6A,
168E,
21E4,
2CB7,
3596,
3C3D,
3F7F,
3D68,
39F1,
3CB8,
44BA,
48BB,
439C,
3998,
33B1,
33C3,
3581,
37A9,
3ADA,
3CC6,
3EEF,
45FA,
5063,
5848,
5A44,
587C,
575D,
58D4,
5B01,
59EA,
531A,
495E,
41EF,
3CEF,
3814,
331F,
2E95,
2A32,
274B,
27C1,
29F6,
2B7A,
2B64,
2A30,
272C,
2385,
1FDF,
1D1C,
1D5A,
1F30,
1E70,
1B76,
1A33,
1BD6,
1F5E,
2142,
2037,
1F09,
216B,
2817,
314C,
3B54,
4233,
433E,
4041,
3E1A,
3FA0,
4239,
3E58,
3212,
272E,
260C,
2937,
279F,
2380,
2221,
2270,
2392,
27EA,
2DC5,
2EA6,
28B7,
23D4,
27A3,
3063,
3403,
2F94,
29BE,
294E,
2D30,
2FC6,
2FAA,
2EE9,
307C,
35C3,
3DDF,
46EC,
4D60,
4F2C,
50A2,
5705,
5F79,
6562,
6758,
6507,
6031,
5C1E,
5867,
5455,
5175,
4F2F,
4A67,
423B,
38D2,
3225,
2F73,
2F77,
2F42,
2E95,
2E55,
2F0C,
32D1,
3B1D,
44A6,
4B6A,
4E23,
4F08,
50C0,
53DA,
57A7,
5B12,
5B72,
5978,
5865,
58D2,
5916,
58EB,
591D,
59E2,
5ACB,
5A00,
5541,
4CF9,
4580,
40E2,
3CC2,
377E,
3000,
27F1,
22A0,
207B,
1F35,
1D3E,
19C3,
171A,
164C,
181E,
1BC0,
1ED0,
1F36,
1D82,
1CA7,
1EA1,
2063,
1FF9,
1F56,
2030,
235E,
280F,
2DD9,
34D9,
3A9B,
3F1C,
4392,
47C7,
4A4B,
4AD6,
49F9,
4922,
48A4,
4821,
4750,
461F,
45E1,
4665,
4634,
44B9,
424B,
3FE8,
3E87,
3F2F,
4192,
43D6,
4424,
42AC,
4101,
411F,
4358,
453C,
46DF,
49D9,
4D30,
4D6C,
4AC1,
48A8,
4849,
48A7,
48E5,
4857,
46CB,
455A,
4398,
418F,
4052,
4045,
3F55,
3D4F,
3C9D,
3DA6,
3DA7,
3C80,
3BCA,
3AFB,
389D,
35F7,
34F2,
3486,
329E,
310E,
318F,
3247,
32B8,
346E,
34E7,
33BC,
33D0,
33F9,
311A,
2F0B,
2ED6,
2DEF,
2D46,
2ECF,
302E,
32EF,
37A5,
3A88,
3B5F,
3B76,
3871,
344A,
337C,
3319,
32C0,
34F8,
372B,
3804,
397D,
3909,
36FE,
36EA,
3737,
36DD,
3801,
37E4,
3632,
34DC,
3327,
30E3,
2F72,
2D41,
2BC0,
29B0,
2599,
22B1,
2117,
1E2E,
1CBA,
1C70,
1C82,
1F0F,
22A0,
2369,
2384,
2384,
22C9,
23F3,
27C8,
2B86,
2F0E,
33DA,
38BD,
3CB1,
3F80,
4091,
400F,
3F7C,
3E83,
3CFF,
3BAB,
3A78,
3938,
3841,
378F,
3736,
3550,
3421,
3560,
36E4,
36C7,
32FE,
2A43,
21D3,
1EFE,
25EA,
360D,
458E,
4AD0,
41BA,
2DAE,
1BFF,
188A,
22E6,
34FC,
458F,
4D27,
47EE,
3996,
2F4E,
3221,
3CEA,
47CC,
4DF0,
49A6,
3BF4,
2C26,
221C,
1D6F,
1B26,
1D96,
2448,
2909,
2C3F,
2FA3,
2F34,
2753,
19B6,
0C9E,
09B9,
1219,
1CA0,
21A3,
1FDC,
1409,
006B,
EF4D,
E886,
EDB4,
FCC7,
0FDD,
1F2D,
2589,
22B1,
1907,
0C9B,
0283,
F9EA,
EE67,
E2BC,
DD85,
E23A,
F037,
0211,
0E2A,
0EB6,
060D,
FE33,
FE7D,
061E,
0BB7,
0841,
FCE0,
EE0E,
E038,
D950,
DB1F,
E0D1,
E46B,
E247,
DD94,
DD4E,
E49E,
F102,
FB9F,
FECF,
F984,
F088,
E9A3,
EA5C,
F335,
FD62,
0297,
0172,
F9FD,
F039,
EA92,
E988,
EC38,
F0F5,
F3B2,
F3AA,
F41D,
F800,
FDD2,
0242,
025D,
FF07,
FD0C,
FF3F,
02AB,
0509,
049D,
0072,
FCDF,
FB33,
FA75,
FBF7,
002D,
0655,
0DAE,
1393,
163C,
16B9,
1509,
124A,
0F2A,
0D19,
0BA5,
0A98,
09CE,
07EB,
0559,
03E7,
0416,
0607,
081D,
082A,
0627,
01E9,
FC7E,
F9EE,
F98A,
FA3F,
FA4A,
F8DA,
F684,
F5E1,
F684,
F58F,
F134,
ED00,
EB8D,
EBFB,
EDE4,
EFEC,
EF35,
EC0B,
E906,
E766,
E75B,
E9D4,
EC0B,
E9D6,
E1C1,
D846,
D2E5,
D3C2,
D757,
DA8D,
DA37,
D732,
D5F1,
D676,
D649,
D563,
D496,
D4E3,
D64A,
D9EC,
E2DB,
EEF0,
F6F3,
F763,
EF40,
E2A4,
D50B,
CA70,
C50A,
C659,
CC3D,
D1BF,
CF5E,
C7A3,
C5C4,
D0AA,
DCA6,
D531,
B207,
8A40,
80B6,
9F47,
D0AB,
0529,
2770,
178A,
E121,
BF07,
BCF5,
C17C,
C82C,
D950,
EAD1,
E84B,
D1A0,
C52E,
C6EF,
D08F,
E877,
F047,
E23A,
D80F,
CA1E,
BC4E,
C76D,
CF4F,
D067,
DB00,
E17D,
E70D,
F60C,
FAE5,
F373,
E72D,
D4E0,
CD92,
D962,
EB91,
F977,
FB81,
ED0D,
D887,
C930,
C728,
D470,
E932,
FA23,
0410,
08DA,
06A6,
FCE6,
F26D,
ED1E,
E57B,
D4F4,
C3A5,
BB2E,
BEE4,
CF87,
E417,
EF1E,
EF53,
E64A,
DC13,
DD82,
E7C1,
EEBD,
EEDE,
E730,
D8AE,
CAE7,
C398,
C2A2,
C46F,
C572,
C457,
C27A,
C514,
CE2B,
D9D9,
E26F,
E4E0,
E04D,
D8AD,
D4C7,
D804,
E0BD,
EB20,
F15E,
EFDF,
E8F8,
E027,
D7BD,
D260,
CEEA,
CBE6,
C738,
C20D,
C0D5,
C665,
CE58,
D348,
D15D,
CB98,
C6DB,
C674,
CA40,
CD67,
CD0A,
CB0C,
C926,
C84F,
C8BA,
C9B7,
CC20,
D11F,
D6F1,
DA98,
D94C,
D4D6,
CE3A,
C65D,
BF1B,
B9FE,
B684,
B49F,
B2CF,
B018,
ACD9,
AB56,
ADA6,
B304,
B907,
BECA,
C2E7,
C4D5,
C46B,
C4BD,
C935,
D131,
D809,
DA69,
D70E,
D1D6,
CDD8,
CC97,
CF27,
D4EF,
D963,
DA19,
D966,
DBE8,
E03C,
E372,
E4A4,
E4DA,
E3E6,
E26E,
DED4,
D936,
D1ED,
CB66,
C621,
C0F9,
B857,
AB49,
9DB5,
983E,
9DA0,
AA12,
B7B8,
C4C1,
D048,
DB52,
E63E,
F3F9,
0497,
1703,
24B5,
27D3,
2027,
14FA,
0A36,
000A,
F528,
ECA3,
E7E3,
E3B7,
D967,
C964,
B973,
AF99,
A83A,
A064,
9B84,
A002,
A912,
B1C6,
B82A,
BD05,
BFCF,
C5A0,
CFC2,
DC6F,
E6FE,
F00E,
F77D,
FD92,
FE99,
FC28,
F6D8,
F04E,
E75A,
DEEF,
D311,
C917,
C357,
C5CC,
C767,
C65F,
C092,
BC4E,
B449,
B93B,
A09C,
A012,
B272,
BD25,
C838,
CC1D,
D26E,
DA37,
E4FE,
EBE7,
F34C,
FAE4,
0010,
FBF2,
F34D,
E912,
DF37,
D364,
C853,
BD93,
B439,
AD57,
ABC5,
ABDF,
AE06,
B302,
B939,
BA45,
B73D,
B68D,
BD83,
C659,
CB38,
C98F,
C290,
B9E3,
B71E,
BA77,
BF1C,
C39C,
CBD7,
D535,
D91C,
D3E5,
CBC0,
C82A,
C82E,
C380,
BA0D,
B18C,
AE1C,
AE90,
B0F1,
B5DB,
C023,
CC54,
D679,
DED2,
E43D,
E368,
DF80,
DC07,
D90D,
D6D7,
D6C1,
D626,
D13E,
C6C9,
B9D9,
AC17,
9E4F,
94F0,
929D,
9595,
9E8E,
AAFA,
B3E7,
BA2D,
C055,
C277,
BF68,
BB66,
BD85,
CC63,
E32C,
F59B,
FE06,
FC35,
F409,
EA97,
DFF9,
D64B,
D20B,
CDB8,
C4C0,
BBF5,
B944,
C08C,
D028,
DBF2,
DE11,
DB6F,
DA42,
DDAD,
E556,
EAF9,
EA62,
E4A7,
DDDC,
D65D,
CF9A,
CFB7,
D642,
DA63,
D9F0,
D697,
CFF4,
CA99,
CAB4,
CB12,
C6FC,
C2EB,
C2B2,
C253,
BFA1,
BF15,
C6DB,
D68F,
E548,
ECB5,
EFD2,
EF74,
EBCB,
EB63,
F206,
FDD9,
08D3,
05DD,
EF74,
D979,
D9FB,
E534,
E530,
E058,
E390,
E681,
E377,
E205,
E57C,
E58E,
E0E8,
E33A,
EFA7,
FA51,
FCDE,
F99F,
F5B4,
F5B7,
F6EF,
F5EA,
F294,
EEB2,
ED70,
EDD6,
EBB7,
E963,
E717,
E053,
D9ED,
DB92,
E270,
E7FC,
EAA7,
E8F6,
E3FE,
E0AB,
E075,
E208,
E6C2,
EB3C,
E6CA,
D9B9,
D0B2,
D438,
DE13,
E3E8,
E512,
E6D2,
EBE9,
F55B,
04F7,
179E,
2660,
2FD4,
3759,
3E5F,
42D1,
41E4,
3BA7,
3148,
22FA,
1653,
1069,
0CD8,
0693,
FE2E,
F6D5,
F224,
EE34,
E90C,
E39A,
DEF3,
DEAF,
E259,
E563,
E5BE,
E1D1,
DA8B,
D480,
CE7D,
C5F4,
C041,
C263,
CA3F,
D16B,
D6BE,
DC91,
E19E,
E629,
EDC1,
F7DC,
FFED,
0486,
0897,
0DEE,
1171,
11A8,
0F43,
0AA5,
0530,
FF12,
F8CB,
F37F,
EFFD,
EEF3,
EF0C,
ED31,
EA6F,
E95A,
EC00,
F461,
0011,
0968,
0D9F,
10AC,
17B6,
20BE,
26A1,
295E,
2A28,
27E7,
245A,
2377,
251C,
24F8,
2038,
1998,
1785,
1BD5,
2149,
2449,
257B,
26A5,
29A0,
2E23,
31F3,
344A,
330C,
2D4C,
2763,
2277,
195F,
0C9E,
01C5,
FAA2,
F654,
F438,
F2F9,
F39F,
F87A,
013C,
0BCE,
16C2,
21C4,
2C32,
34E9,
3BD3,
3FB1,
3DD3,
3A50,
3CF8,
44DC,
48EA,
43DB,
39E5,
33E0,
33D0,
357E,
37B7,
3AF6,
3D4B,
3FF5,
46F2,
50ED,
5825,
59B4,
57AA,
5641,
5769,
5956,
5834,
5194,
47F3,
407D,
3B7B,
363F,
3120,
2CB1,
28A8,
26A0,
27FA,
2AA2,
2C16,
2BE3,
2A30,
26F5,
236E,
205E,
1DEA,
1DBC,
1E7C,
1C81,
18BB,
1726,
18BB,
1C75,
1F28,
1EED,
1E7B,
2171,
27BF,
3041,
3979,
3FF4,
40C8,
3DBE,
3B89,
3D24,
4003,
3C46,
2F7A,
2400,
22E6,
264D,
259C,
22F6,
22DC,
242E,
260D,
2AA5,
3065,
310B,
2ACA,
25BB,
29B2,
32A8,
362F,
314E,
2AE9,
29F9,
2D6A,
3014,
3007,
2F47,
30F1,
36C4,
3F80,
48A8,
4ED9,
501C,
5121,
57A1,
606F,
663C,
67F3,
6586,
608C,
5C49,
583F,
53FB,
5156,
4F93,
4B0B,
431B,
3A45,
33B9,
30EB,
30B5,
307F,
2FC3,
2F11,
2EF1,
319F,
393B,
42C6,
49A3,
4C71,
4D8A,
4F21,
517E,
543B,
5716,
57C5,
56BC,
56CE,
583F,
58F9,
589E,
5838,
58CB,
59B1,
590C,
549D,
4C85,
44BD,
3F90,
3B58,
361A,
2EA1,
26E6,
21E1,
1FB2,
1E68,
1C9E,
198B,
16E2,
15F1,
1786,
1B26,
1E42,
1E75,
1C35,
1B0B,
1D09,
1EF8,
1E95,
1E37,
2007,
2400,
2972,
2FD8,
36F8,
3CA9,
40E4,
4513,
492E,
4BDC,
4C8C,
4B74,
4A59,
49CA,
4984,
48DE,
478D,
46ED,
47A4,
47C9,
4648,
43BA,
4120,
3F40,
3F39,
40C7,
4250,
424B,
40E1,
3F44,
3F99,
4196,
4323,
4441,
4700,
4A54,
4B1A,
4934,
47D2,
481E,
4952,
49CB,
4881,
4628,
4444,
4260,
4088,
3F9C,
3FDA,
3F4C,
3D7D,
3C9C,
3D85,
3DB8,
3CAA,
3B7B,
3A2D,
37D9,
3587,
34C4,
347C,
327F,
30C4,
30E2,
30F3,
30C0,
321A,
32B2,
31EF,
3241,
32A9,
305E,
2E88,
2E38,
2D32,
2CD8,
2F09,
3128,
345E,
393A,
3BA9,
3B9E,
3B0B,
3780,
33A1,
3395,
33EB,
33BA,
3582,
36A7,
36A2,
37E2,
379D,
35FB,
3670,
370B,
369F,
373B,
3676,
33F7,
321E,
302C,
2DF0,
2C4A,
29B1,
2793,
2589,
2222,
201A,
1F7B,
1D13,
1BA3,
1B8D,
1B99,
1E47,
21DF,
2263,
2235,
22BB,
22E4,
24F9,
2957,
2CE7,
2F87,
3376,
37F4,
3BF3,
3F68,
418E,
423F,
4247,
4101,
3EEC,
3D5C,
3C69,
3B8C,
3A9F,
396E,
37AA,
349A,
32CC,
33A5,
3585,
35E0,
321A,
2952,
20D2,
1DDC,
24F9,
352E,
4493,
499B,
4090,
2C8B,
1ADA,
173C,
2160,
3332,
4375,
4A13,
4433,
3642,
2D2B,
317A,
3D9B,
48FC,
4E98,
49A6,
3B4A,
2B7D,
21FB,
1D6B,
1A8B,
1BE6,
2196,
25CD,
290F,
2CE4,
2D0E,
25DA,
187A,
0AF3,
07CD,
10A9,
1B69,
203D,
1DE4,
113B,
FCCC,
EB40,
E4FB,
EA90,
F92A,
0B5D,
1A2F,
20C0,
1F5F,
1807,
0D25,
02DC,
F952,
ECE7,
E053,
DAE5,
E0E0,
F040,
028D,
0E62,
0E05,
047F,
FC59,
FCED,
0518,
0B63,
0805,
FBDC,
EC22,
DE4C,
D81A,
DA28,
DFA0,
E2A8,
E07A,
DBEC,
DC0D,
E41C,
F134,
FC8D,
0020,
FA7C,
F09F,
E970,
EA98,
F40F,
FEA4,
0465,
03E3,
FC78,
F2D7,
ED88,
ED25,
F023,
F4E9,
F754,
F729,
F7CC,
FBE2,
0180,
051F,
0456,
0074,
FE4F,
0076,
03BD,
0595,
0466,
FF8D,
FB64,
F9A7,
F8F7,
FA71,
FE32,
03D3,
0ADC,
10D8,
13D0,
146A,
12CB,
1053,
0D99,
0B9F,
0A33,
0915,
083E,
06F0,
052D,
03E1,
0377,
04F4,
06FC,
0763,
061D,
028B,
FD7E,
FAEE,
FA77,
FB02,
FAAC,
F855,
F550,
F48E,
F528,
F429,
EFB6,
EBB1,
EAB0,
EB9E,
EDB1,
EF66,
EDC6,
E9B5,
E631,
E4ED,
E590,
E818,
E9B2,
E6BC,
DE71,
D540,
D057,
D195,
D521,
D780,
D6DF,
D473,
D3CE,
D537,
D5EE,
D5A6,
D49E,
D422,
D4F7,
D8B5,
E17A,
EDA1,
F607,
F6D5,
EEEA,
E1FE,
D4C0,
CA99,
C548,
C6BA,
CC8D,
D1A7,
CF78,
C808,
C6A2,
D252,
DE92,
D69A,
B2FE,
8A9D,
8053,
9EF5,
D121,
06AF,
2A7C,
1AF8,
E431,
C1F2,
BFA7,
C403,
CA9F,
DB42,
ECDA,
EAC0,
D4CC,
C927,
CB40,
D519,
EC1B,
F344,
E50C,
DB69,
CDFF,
C074,
C9C3,
CFF4,
CFF2,
DAA1,
E200,
E88D,
F72B,
FA63,
F0B3,
E289,
CFED,
CA3B,
D7AA,
EAB2,
F91D,
FB56,
EC5E,
D6F3,
C7CA,
C6E9,
D4CF,
E90F,
F8DB,
01B0,
064E,
0550,
FCF5,
F425,
EFA1,
E7E6,
D71D,
C60D,
BD53,
C0E9,
D198,
E630,
F184,
F222,
E9D4,
E05D,
E1D9,
EB97,
F171,
EFE3,
E6BA,
D7F8,
CAFF,
C4DE,
C45B,
C5D6,
C649,
C4AC,
C264,
C417,
CC06,
D6F5,
DF57,
E21F,
DECD,
D8D8,
D5F8,
D9A9,
E287,
ECA1,
F209,
EFAA,
E7AB,
DDDE,
D544,
D04F,
CD71,
CA96,
C5C9,
C084,
BF7B,
C56A,
CDF5,
D33C,
D17E,
CB87,
C6A7,
C68E,
CA9F,
CDCB,
CCC6,
CA17,
C802,
C75D,
C7C2,
C8CF,
CB93,
D13D,
D7AF,
DBEE,
DB11,
D68F,
CFEC,
C880,
C1B8,
BCC3,
B964,
B7D7,
B65A,
B3CC,
B043,
ADF6,
AF63,
B4A7,
BB6A,
C208,
C675,
C813,
C6A4,
C5A9,
C906,
D0A4,
D775,
D9E6,
D72C,
D318,
CFC6,
CE35,
CFB5,
D45E,
D873,
D997,
D980,
DC69,
E15C,
E532,
E6B5,
E6D7,
E58D,
E375,
DF71,
D998,
D231,
CBAD,
C69E,
C15C,
B819,
AAA3,
9D32,
97D4,
9D25,
A9B5,
B7DB,
C5CB,
D2C4,
DEFC,
EA74,
F7DB,
0864,
1B23,
28EF,
2B98,
2342,
179F,
0CAA,
0216,
F658,
ED23,
E7ED,
E3BB,
DA10,
CAFF,
BC55,
B371,
AC0D,
A3A2,
9D9A,
A009,
A84B,
B1E4,
B938,
BEC9,
C18F,
C5EC,
CE03,
D944,
E346,
ED09,
F57B,
FBF6,
FCE9,
FAB5,
F56D,
EF24,
E6A9,
DEBE,
D402,
CA3C,
C461,
C6A2,
C77D,
C6BA,
C0F0,
BCE2,
B503,
BA13,
A0C1,
9F92,
B13C,
BA8B,
C4B7,
C886,
CF90,
D843,
E3E0,
EB32,
F295,
F9FA,
FF51,
FB42,
F24A,
E7DD,
DE10,
D1FB,
C670,
BB2E,
B177,
AA8E,
A929,
A954,
ABA9,
B10A,
B7C9,
B992,
B77C,
B772,
BE63,
C6BD,
CB77,
CA63,
C3C9,
BA7C,
B6BA,
B91E,
BC9D,
C022,
C7EF,
D107,
D4A5,
CF48,
C756,
C470,
C58F,
C1F1,
B950,
B186,
AEA3,
AF2D,
B16A,
B683,
C175,
CE60,
D8CC,
E0A7,
E504,
E317,
DE89,
DAEB,
D7F7,
D5CD,
D5EE,
D57E,
D06C,
C5E2,
B93A,
AB8F,
9D89,
9403,
91A2,
946E,
9D4B,
A9D2,
B314,
B9A5,
BFB1,
C170,
BE2D,
BA11,
BC36,
CB8C,
E30E,
F622,
FEF4,
FD06,
F46A,
EA93,
DFA8,
D625,
D279,
CE7E,
C55B,
BBCD,
B811,
BED8,
CEAB,
DB10,
DDED,
DBF6,
DB9C,
E013,
E892,
EED0,
EE95,
E891,
E0D0,
D803,
D06A,
D0CE,
D7BD,
DB37,
D9C2,
D5B6,
CE3D,
C802,
C7DF,
C89B,
C50F,
C179,
C1F5,
C290,
C072,
BFFF,
C7EF,
D7B3,
E630,
ED6E,
F04A,
EF2B,
EA5C,
E8E0,
EEE1,
FA6C,
053D,
023B,
EBE4,
D63A,
D75B,
E300,
E321,
DECC,
E2D0,
E663,
E3EC,
E31B,
E70F,
E77F,
E322,
E593,
F1CD,
FBE1,
FDBB,
FA09,
F5DA,
F5A7,
F6E7,
F636,
F342,
EFC8,
EF25,
F036,
EE8F,
ECA7,
EAB9,
E3FD,
DD20,
DDE0,
E3F7,
E959,
EC29,
EA5F,
E4DC,
E091,
DF40,
DFD1,
E3BD,
E7BA,
E2F4,
D5A7,
CCD2,
D0CF,
DAE0,
E0B7,
E1F4,
E3EE,
E971,
F34B,
031E,
15F4,
24CD,
2E4A,
35F3,
3CF3,
4143,
40AD,
3B12,
3131,
233A,
16B8,
1101,
0DE7,
07E3,
FF73,
F81D,
F369,
EF75,
EA6E,
E52E,
E0A3,
E012,
E31D,
E5D2,
E5F6,
E19B,
DA03,
D394,
CCDB,
C3BC,
BDBA,
BFFC,
C897,
D055,
D5B8,
DBA7,
E0CF,
E580,
EDAB,
F849,
009B,
059E,
0A15,
0F6E,
126F,
11B9,
0E91,
0979,
0382,
FD12,
F6E0,
F1E8,
EEFE,
EEAD,
EF73,
EE3E,
EBFE,
EB69,
EEBD,
F7C2,
03D9,
0D35,
1106,
13BB,
1A76,
22BA,
27D1,
2A40,
2AEE,
28C1,
258A,
24CF,
2676,
2677,
21E6,
1B79,
1999,
1E0B,
23DE,
2791,
295B,
2AB7,
2D83,
31B9,
3566,
379C,
35F6,
2FB2,
2949,
23AC,
19E0,
0CBB,
018D,
FA12,
F5F3,
F46E,
F36F,
F3E2,
F887,
0157,
0C1B,
16F4,
2155,
2AFF,
3345,
39E6,
3D81,
3BCB,
38FE,
3C45,
4448,
483E,
4340,
3995,
340E,
34CA,
375F,
39E8,
3CAD,
3E65,
40CA,
4810,
52FA,
5B17,
5CAB,
5A14,
5841,
5943,
5B3F,
5A62,
5417,
4A8B,
42C9,
3D66,
37E9,
32B2,
2E70,
2A6D,
27E5,
28AA,
2ADC,
2BF9,
2BCB,
2A22,
26B2,
22F4,
1F7E,
1C94,
1C4B,
1D00,
1AE5,
16E8,
14B8,
15B0,
1933,
1BDF,
1C28,
1CB5,
2011,
25FE,
2E13,
3742,
3E41,
3FBD,
3D0F,
3B0E,
3CA4,
3F44,
3B78,
2ED0,
239C,
22D3,
2639,
2586,
233F,
238D,
257E,
2852,
2D7B,
337B,
346E,
2E46,
2957,
2DC8,
3754,
3B7B,
36DE,
2FE7,
2E2D,
3107,
331A,
32BC,
3204,
33C5,
39D6,
42BB,
4BD9,
5270,
5483,
55FD,
5C5D,
64D9,
6A81,
6C29,
6982,
6449,
5FE0,
5BA1,
570D,
53CA,
50F6,
4B6B,
4301,
3A31,
3418,
31DA,
31A8,
30B2,
2EF0,
2D93,
2D66,
3057,
382B,
4215,
4974,
4C46,
4CB5,
4D69,
4F24,
51C0,
54B6,
5549,
542B,
54AB,
56B5,
57B0,
5773,
5770,
589E,
5A30,
5A66,
570A,
4FC1,
4826,
42EB,
3EB9,
3948,
3160,
2930,
239C,
20F3,
1F82,
1DA8,
1A80,
17EF,
1743,
190D,
1C9B,
1FB4,
207A,
1F0E,
1E33,
1FBE,
208C,
1EE8,
1DF5,
1FBA,
23C9,
297A,
2FF6,
36B3,
3C10,
4086,
4574,
4A6F,
4DDD,
4F3C,
4E5B,
4CA3,
4B87,
4B91,
4B98,
4A99,
499E,
4976,
48EA,
4746,
4506,
42D1,
40D6,
4034,
4164,
430A,
4364,
4278,
4155,
4208,
441F,
4584,
46A7,
49BC,
4D5D,
4E3C,
4C0C,
49C0,
48EF,
4965,
49A4,
48AE,
46EB,
454C,
4364,
41BC,
4145,
41DB,
4168,
3FCA,
3F12,
3FAF,
3F70,
3E51,
3D49,
3C09,
3991,
36BC,
3543,
34A7,
32D6,
314A,
316B,
319F,
3187,
3292,
32B8,
31E9,
3280,
3336,
3145,
2FAA,
2EF2,
2D10,
2C39,
2E80,
3114,
352E,
3ACF,
3D30,
3CC2,
3C08,
383C,
33FE,
33DF,
345D,
3461,
3667,
37B7,
37F0,
39C5,
3A35,
38E1,
3927,
3963,
38A2,
3903,
3853,
3674,
3551,
333D,
3022,
2DDE,
2B25,
2916,
278E,
24D9,
22F4,
21FB,
1EE1,
1C3A,
1B48,
1B5D,
1E63,
226D,
2384,
23BE,
2471,
2486,
266F,
2AC4,
2E50,
30C8,
342A,
37E9,
3BFD,
404F,
4337,
448A,
44EB,
437C,
4114,
3F24,
3DEE,
3D0B,
3BF7,
3AD8,
3993,
36AA,
34E5,
35FE,
3792,
3791,
3439,
2BBB,
2306,
1FF7,
26E4,
36DE,
4646,
4B0F,
41B4,
2DC7,
1C49,
18C6,
22A2,
33AD,
434B,
4945,
42C4,
3532,
2D1E,
322F,
3EE2,
4A65,
4FC1,
4A8B,
3B96,
2B23,
215E,
1C7E,
193A,
1A0F,
1F1D,
23B5,
2863,
2D58,
2E16,
26FA,
1903,
0AC4,
0731,
0FB4,
1A24,
1EA0,
1BE9,
0F3D,
FB15,
E995,
E2ED,
E7C6,
F5A8,
07C2,
1732,
1E8F,
1DB5,
169B,
0BCB,
0147,
F757,
EAD3,
DEA3,
D9FE,
E0E5,
F09F,
028A,
0DCD,
0CFF,
034D,
FB8E,
FCE8,
05A1,
0BEB,
084C,
FC24,
ECA5,
DEE9,
D893,
DA74,
E003,
E3A5,
E26C,
DEAF,
DF08,
E68C,
F28B,
FCE4,
0041,
FB3D,
F271,
EC49,
EE2B,
F7AA,
0165,
0611,
04E1,
FD2B,
F3BB,
EED8,
EE53,
F0C6,
F55A,
F812,
F86D,
F95F,
FD5E,
02E2,
06B4,
065B,
02FE,
0108,
02C7,
0521,
05CC,
03CD,
FEF8,
FB38,
F9D9,
F971,
FAEE,
FE56,
037E,
0A29,
1027,
1373,
1496,
13BD,
11A8,
0E69,
0B99,
0972,
07C2,
06D9,
05D8,
0462,
0371,
0348,
04BA,
066E,
063A,
0456,
00A7,
FBFA,
F9C4,
F941,
F983,
F8FF,
F68E,
F36A,
F2B0,
F360,
F261,
EE16,
EA76,
E9CA,
EAC5,
EC61,
ED47,
EB03,
E69F,
E32C,
E27E,
E3DB,
E713,
E952,
E626,
DC1A,
D05A,
C98C,
CA8A,
CF1A,
D2C1,
D368,
D21E,
D1A3,
D284,
D353,
D3AD,
D2AD,
D1C8,
D2E9,
D7BC,
E10D,
ED01,
F4F0,
F533,
ED39,
E0FB,
D3BC,
C901,
C341,
C423,
C9AC,
CF56,
CDA7,
C6B2,
C62F,
D29A,
DF3E,
D76B,
B378,
8AAE,
804E,
9EE6,
D16A,
07F5,
2C79,
1CAB,
E515,
C1FB,
BEF2,
C2E0,
C97C,
DAA5,
ECE4,
EABA,
D43F,
C884,
CB16,
D5C0,
EDBA,
F57A,
E70B,
DC8F,
CE22,
C017,
C9BE,
D0AE,
D160,
DCBB,
E43B,
EA1D,
F7F5,
FA8C,
EFFD,
E104,
CDFF,
C839,
D5CD,
E915,
F7CC,
FA3E,
EB40,
D5E4,
C73B,
C704,
D542,
E971,
F919,
01FC,
069C,
0556,
FC34,
F242,
ECEB,
E51C,
D4FB,
C542,
BDD8,
C1D8,
D213,
E59F,
EFB3,
EFD1,
E7E0,
DEE6,
E0E5,
EB24,
F0F9,
EF06,
E555,
D5DE,
C84D,
C203,
C1A3,
C37E,
C45F,
C30C,
C0D1,
C250,
C9DD,
D41A,
DBA7,
DE6E,
DC15,
D737,
D524,
D92F,
E1B3,
EADC,
EF24,
EC23,
E44B,
DAC3,
D223,
CD09,
C9CB,
C6A1,
C1EB,
BCD1,
BC33,
C32E,
CCC0,
D298,
D126,
CB2A,
C606,
C5BA,
C98B,
CC32,
CA5D,
C715,
C515,
C4E9,
C5D2,
C772,
CA28,
CEDF,
D484,
D8E2,
D8C4,
D533,
CF62,
C87F,
C1CA,
BC4C,
B831,
B637,
B4AE,
B27E,
AF7D,
AD77,
AED0,
B388,
B92A,
BEB5,
C2BA,
C482,
C372,
C2FD,
C72A,
CFDA,
D7B8,
DB1A,
D908,
D52D,
D1E4,
D05B,
D1C1,
D666,
DADA,
DC74,
DC66,
DEF3,
E36E,
E6CE,
E7B8,
E753,
E5E1,
E3C6,
DF4D,
D88A,
D039,
C925,
C3EC,
BEB3,
B544,
A775,
9A02,
9537,
9B52,
A8A5,
B778,
C5D3,
D316,
DFFA,
EC58,
FA74,
0B7D,
1E7A,
2BDC,
2D6A,
236E,
1617,
0A1D,
FF73,
F42C,
EB96,
E678,
E19F,
D718,
C786,
B8CF,
B047,
A966,
A1B0,
9CAC,
A04B,
A96F,
B33D,
BA24,
BF02,
C11E,
C589,
CE5C,
D9DA,
E2F2,
EB5C,
F29C,
F88A,
F99B,
F790,
F20B,
EB7C,
E2D6,
DB4A,
D19F,
C8F4,
C3AE,
C647,
C6C6,
C510,
BE8E,
BAE5,
B431,
BAC6,
A0AA,
9EB4,
AF98,
B77F,
C0D3,
C498,
CC6E,
D61A,
E294,
EA52,
F1AE,
F8DF,
FE69,
FA73,
F132,
E6A0,
DCEC,
D08F,
C473,
B88D,
AE60,
A766,
A636,
A687,
A91E,
AEEC,
B62A,
B89C,
B76C,
B805,
BEF8,
C6E8,
CB94,
CB1A,
C4E3,
BAF8,
B630,
B793,
B9E3,
BC5A,
C3AB,
CC7E,
CFD9,
CA69,
C2BE,
C08B,
C2BB,
C025,
B853,
B145,
AEF8,
AFA0,
B1C4,
B716,
C2B8,
D060,
DB08,
E253,
E59A,
E2A0,
DD7E,
D9C8,
D6E0,
D4BA,
D500,
D4A5,
CF58,
C4B3,
B853,
AACE,
9C9E,
92FA,
908B,
9324,
9BDF,
A884,
B21B,
B8EA,
BEC7,
C019,
BCA1,
B872,
BAAA,
CA84,
E2C2,
F678,
FFB2,
FDAF,
F4AD,
EA77,
DF47,
D5ED,
D2CC,
CF1C,
C5C1,
BB65,
B698,
BCE2,
CCF5,
D9F5,
DD8E,
DC47,
DCCC,
E258,
EBB2,
F28F,
F2BE,
EC80,
E3C3,
D992,
D116,
D1C3,
D910,
DBD1,
D94F,
D499,
CC53,
C53D,
C4DC,
C5FC,
C2FE,
BFE7,
C122,
C2C0,
C137,
C0D2,
C8E1,
D8B6,
E700,
EE1B,
F0BA,
EED1,
E8C5,
E61C,
EB6B,
F6AA,
0156,
FE4F,
E80A,
D2AF,
D46A,
E084,
E0E0,
DD23,
E204,
E63D,
E454,
E41F,
E887,
E94A,
E52C,
E7B4,
F3B7,
FD2C,
FE4B,
FA2A,
F5C8,
F56D,
F6BD,
F66A,
F3E9,
F0E7,
F0F7,
F2CC,
F1BC,
F056,
EECB,
E810,
E0AC,
E07B,
E5C3,
EAEE,
EDCC,
EBD8,
E5BE,
E067,
DDE2,
DD61,
E074,
E3E8,
DEC6,
D144,
C8B2,
CD37,
D787,
DD63,
DEAE,
E0DE,
E6CC,
F114,
0123,
142F,
2320,
2C99,
3455,
3B3F,
3F66,
3F2A,
3A3F,
30EF,
2360,
1706,
1186,
0EF0,
093D,
00CC,
F97C,
F4BF,
F0C4,
EBDF,
E6D0,
E263,
E18D,
E401,
E65D,
E638,
E156,
D963,
D29C,
CB44,
C1A9,
BB6C,
BDD7,
C72F,
CF80,
D4FC,
DB1A,
E06D,
E542,
EDF0,
F8FF,
0186,
06EC,
0BBF,
1109,
1371,
11BC,
0DC8,
0834,
01BF,
FB06,
F4EE,
F053,
EE09,
EE72,
EFE4,
EF57,
ED9D,
ED8A,
F18B,
FB27,
0791,
10E2,
1444,
1694,
1CF0,
2466,
28B5,
2AE5,
2B88,
297E,
26A8,
261F,
27D1,
2805,
23B0,
1D81,
1BDD,
2079,
26B0,
2B21,
2D91,
2F1E,
31B2,
3599,
391D,
3B23,
390B,
323C,
2B51,
250D,
1A9B,
0D20,
01A2,
F9CD,
F5DC,
F4EA,
F424,
F460,
F8CE,
01A4,
0C8E,
1744,
20FB,
29D8,
31A8,
3805,
3B5F,
39D8,
37C8,
3BB1,
43D1,
47AB,
42BC,
395F,
345A,
35E1,
3956,
3C26,
3E6E,
3F87,
41A6,
4935,
5509,
5E00,
5F97,
5C77,
5A40,
5B24,
5D3B,
5CB1,
56CE,
4D65,
4560,
3FA1,
39E5,
3499,
3084,
2C80,
296B,
2989,
2B37,
2BF9,
2BCE,
2A26,
267F,
2295,
1EC5,
1B6B,
1B0C,
1BB8,
197F,
1559,
12AA,
131D,
1667,
18FC,
19B7,
1B39,
1EF6,
247F,
2C20,
353B,
3CB5,
3ED5,
3C89,
3AC9,
3C64,
3EC4,
3AE7,
2E63,
2374,
22FC,
266B,
25C4,
23E4,
2498,
2722,
2AE1,
3091,
36CC,
3813,
320C,
2D3D,
3222,
3C3D,
4101,
3CAA,
3527,
32A5,
34E7,
3665,
35C1,
351F,
3701,
3D57,
466D,
4F86,
5680,
5958,
5B38,
6172,
69A0,
6F25,
70C3,
6DE4,
6865,
63CA,
5F4B,
5A67,
5687,
52A2,
4C10,
4330,
3A67,
34B8,
32FE,
32C0,
30F5,
2E1F,
2C0D,
2BCB,
2EF9,
3705,
4150,
4935,
4C0E,
4BD4,
4BA8,
4CC4,
4F44,
5262,
52E1,
51B9,
52AC,
5551,
5689,
5669,
56C9,
5894,
5AD6,
5BF0,
59AD,
5335,
4BCB,
4689,
425D,
3CB3,
345C,
2BBF,
25A5,
228C,
20FE,
1F1D,
1BE6,
196F,
1902,
1AF5,
1E6C,
2182,
22DE,
224C,
21C3,
22D7,
227C,
1F8E,
1DF9,
1FAF,
23D8,
29D6,
3074,
36D2,
3BD1,
4074,
460E,
4BE1,
5010,
521D,
5170,
4F1E,
4D80,
4DE2,
4E95,
4DE5,
4C7F,
4B6B,
4A2B,
4869,
467C,
44AF,
4295,
4155,
421F,
43DB,
448E,
441F,
4382,
44A2,
46DD,
4821,
494A,
4CB0,
5097,
5194,
4F29,
4BFE,
4A14,
49D1,
49D9,
4932,
47FA,
469B,
44AE,
433F,
434A,
443C,
43E3,
4277,
41EA,
423C,
4188,
4057,
3F74,
3E46,
3BB1,
385E,
362A,
3530,
337C,
320D,
3229,
3280,
3285,
333E,
32F1,
321A,
32F5,
33F4,
325B,
30FB,
2FDE,
2D26,
2BD8,
2E34,
3133,
361F,
3C6E,
3EAF,
3DD7,
3CFB,
38F6,
3462,
343C,
34F1,
352C,
376C,
38E6,
395A,
3BCD,
3CFC,
3BFB,
3C19,
3C01,
3AF1,
3B19,
3A7D,
3936,
38BD,
367F,
3282,
2FA3,
2CCB,
2AC7,
29BA,
27B8,
25FD,
24B9,
20F6,
1D1C,
1B52,
1B78,
1EDF,
235B,
2500,
2599,
266E,
2669,
2829,
2C77,
2FF6,
3239,
34FD,
37F1,
3C1F,
4158,
450E,
470E,
47D5,
4640,
4380,
412B,
3FB1,
3ECC,
3D92,
3C7F,
3BAF,
38DF,
3718,
386A,
39AF,
3953,
366F,
2E3F,
2555,
222E,
28F1,
38AE,
480A,
4C86,
42DC,
2F14,
1DDE,
1A83,
2412,
3448,
4332,
487C,
415E,
3431,
2D23,
32FB,
4045,
4BED,
510D,
4B98,
3C0D,
2AF5,
20EC,
1BAE,
17EE,
1823,
1C88,
218D,
27C1,
2DEF,
2F4A,
2843,
19B0,
0AB7,
06BB,
0EE6,
1903,
1D1E,
19FB,
0D48,
F96B,
E7FA,
E0F1,
E50E,
F236,
042C,
142D,
1C53,
1C0B,
1543,
0A9B,
FFEB,
F58B,
E8DA,
DD00,
D91E,
E0F5,
F113,
02A3,
0D54,
0C10,
0229,
FAC4,
FCDD,
0625,
0C74,
089F,
FC84,
ED53,
DFC0,
D948,
DAF3,
E08B,
E4B4,
E466,
E179,
E211,
E913,
F3FD,
FD56,
0077,
FC0E,
F44B,
EF21,
F1B6,
FB45,
043A,
07DF,
060A,
FE04,
F4BD,
F040,
EF90,
F171,
F5D4,
F8D6,
F9AC,
FAE1,
FEBC,
041E,
0821,
083C,
056C,
03AD,
0504,
0670,
05EB,
031D,
FE52,
FAFC,
F9F3,
F9CD,
FB44,
FE4D,
02FD,
0951,
0F52,
12ED,
148C,
1471,
12C5,
0F0D,
0B76,
0897,
064F,
054F,
04A0,
037C,
02EA,
0302,
045E,
05AD,
04CB,
0241,
FE7D,
FA3B,
F869,
F7E3,
F7E2,
F72E,
F49D,
F156,
F0AC,
F17F,
F086,
EC6D,
E93C,
E8EB,
E9F0,
EB07,
EB05,
E80E,
E354,
DFF1,
DFE1,
E20B,
E60C,
E900,
E597,
D9A0,
CB1D,
C24B,
C310,
C8CB,
CDE8,
D00A,
D003,
CF96,
CFB8,
D081,
D177,
D07B,
CF34,
D0B9,
D6B9,
E08D,
EC3B,
F3B3,
F36A,
EB63,
DFF1,
D2B8,
C75E,
C134,
C181,
C6B1,
CCF6,
CBCD,
C553,
C5C5,
D2F5,
E002,
D85C,
B40C,
8AC9,
803F,
9EB8,
D193,
092D,
2E77,
1E6A,
E605,
C1FA,
BE1E,
C197,
C838,
D9F4,
ECE8,
EAC0,
D3D1,
C809,
CB14,
D687,
EF67,
F7A9,
E8EE,
DD79,
CDF2,
BF67,
C978,
D141,
D2BA,
DEBE,
E649,
EB65,
F86C,
FA6D,
EF14,
DF60,
CBF6,
C612,
D3BB,
E73C,
F63E,
F8E3,
E9D5,
D484,
C65A,
C6D0,
D574,
E99E,
F928,
020D,
069C,
04FA,
FB0B,
EFFA,
E9DA,
E205,
D299,
C43F,
BE22,
C289,
D251,
E4D1,
EDA5,
ED44,
E5B1,
DD34,
DFBD,
EA83,
F054,
EDF4,
E3AF,
D376,
C54C,
BEE4,
BEBB,
C0FF,
C241,
C122,
BEE5,
C02E,
C767,
D100,
D7C2,
DA92,
D93A,
D571,
D423,
D884,
E0AB,
E8E1,
EC03,
E859,
E09F,
D757,
CEB5,
C97D,
C5E4,
C267,
BDC2,
B8CE,
B8A1,
C0B8,
CB62,
D1CF,
D0A1,
CA8C,
C510,
C489,
C827,
CA60,
C7D1,
C3FD,
C218,
C261,
C3CA,
C5FC,
C8A0,
CC5F,
D13C,
D5C9,
D67C,
D3E3,
CEE1,
C884,
C1DB,
BBCA,
B6E6,
B476,
B2E1,
B117,
AEA6,
ACE6,
AE1E,
B22D,
B68F,
BAF4,
BE90,
C090,
BFF1,
C00F,
C51C,
CEEA,
D7DD,
DC38,
DADC,
D750,
D42C,
D2C0,
D40B,
D8A1,
DD66,
DF66,
DF50,
E169,
E55B,
E83F,
E889,
E795,
E5F7,
E3D4,
DED8,
D71D,
CDD4,
C62D,
C0D9,
BBBC,
B230,
A414,
96A1,
9268,
9949,
A760,
B6E2,
C5A7,
D334,
E0C8,
EE12,
FCE0,
0E63,
2194,
2E81,
2EED,
234B,
1447,
0756,
FCA5,
F1DD,
E9E1,
E4CD,
DF40,
D3D8,
C3C1,
B4FC,
ACD1,
A674,
9F70,
9B6E,
A03D,
AA40,
B43D,
BAB1,
BED9,
C055,
C4E2,
CE84,
DA44,
E26A,
E96A,
EF6F,
F4D3,
F609,
F42E,
EE6E,
E79D,
DED3,
D7AC,
CF14,
C78B,
C2D8,
C5BF,
C5DA,
C32F,
BBF6,
B8C5,
B347,
BB6C,
A059,
9D79,
AD86,
B401,
BC89,
C050,
C904,
D3B6,
E119,
E943,
F094,
F78E,
FD57,
F984,
F005,
E55E,
DBCC,
CF21,
C25A,
B5A9,
AAEE,
A3DD,
A2E8,
A376,
A663,
ACA2,
B458,
B75F,
B70A,
B847,
BF42,
C6DB,
CB90,
CBB3,
C5E0,
BB58,
B580,
B5D3,
B6E7,
B83D,
BF04,
C792,
CAB2,
C541,
BDF0,
BC71,
BFAA,
BE14,
B710,
B0C7,
AF1B,
AFEB,
B200,
B794,
C3ED,
D257,
DD32,
E3DB,
E605,
E208,
DC65,
D8A5,
D5CB,
D3A1,
D3F7,
D396,
CDFD,
C336,
B722,
A9D3,
9B8D,
91D6,
8F57,
91B6,
9A49,
A710,
B0FC,
B7FB,
BD9A,
BE73,
BAC3,
B688,
B8E0,
C948,
E243,
F697,
003B,
FE29,
F4CB,
EA43,
DED2,
D59E,
D300,
CF8D,
C5EF,
BABB,
B4D8,
BAA9,
CB05,
D8A0,
DCF3,
DC61,
DDCF,
E47A,
EEB4,
F636,
F6DF,
F077,
E6B8,
DB08,
D19A,
D295,
DA3F,
DC33,
D89B,
D342,
CA3A,
C249,
C1AC,
C333,
C0C8,
BE36,
C039,
C2E6,
C1F4,
C18F,
C9B3,
D99B,
E7B9,
EEBB,
F125,
EE66,
E705,
E31A,
E7A3,
F291,
FD1D,
FA13,
E3E5,
CED6,
D128,
DDBF,
DE6C,
DB5F,
E12B,
E60D,
E4AD,
E50C,
E9DF,
EAE8,
E700,
E99A,
F562,
FE2F,
FE8B,
F9FF,
F57B,
F507,
F670,
F689,
F48B,
F213,
F2EA,
F59F,
F543,
F479,
F357,
EC95,
E49C,
E36A,
E7DB,
ECC3,
EF95,
ED65,
E6A8,
E02C,
DC59,
DAB3,
DCE2,
DFC2,
DA40,
CC8E,
C452,
C972,
D409,
D9EA,
DB3E,
DD9D,
E3FA,
EEB2,
FF03,
124A,
2153,
2ABC,
3279,
393D,
3D32,
3D54,
3928,
307F,
2369,
173C,
11F9,
0FF6,
0AA3,
023C,
FAF3,
F626,
F221,
ED63,
E883,
E435,
E321,
E503,
E703,
E683,
E102,
D8A9,
D197,
C9B8,
BFBB,
B957,
BBF2,
C606,
CEEA,
D48A,
DAED,
E07B,
E574,
EE96,
FA05,
02B2,
0871,
0D9A,
12C2,
147A,
11B5,
0CEA,
06D5,
FFE8,
F8EE,
F2F8,
EEC2,
ED22,
EE45,
F062,
F080,
EF50,
EFC1,
F46D,
FE94,
0B3B,
146F,
1757,
1936,
1F22,
25BE,
2949,
2B48,
2BF0,
2A18,
27AF,
2762,
2929,
299F,
259A,
1FB5,
1E55,
2320,
29BF,
2EFE,
3225,
33E0,
3631,
39C8,
3D1E,
3EE6,
3C4F,
34EF,
2D82,
26A0,
1B99,
0DD4,
020B,
F9DE,
F617,
F5B4,
F51F,
F520,
F958,
022A,
0D2E,
17B7,
20B9,
28C0,
3016,
362E,
394C,
37F9,
36AC,
3B3A,
4378,
4733,
4250,
3943,
34C3,
3714,
3B62,
3E72,
4039,
40B3,
428A,
4A61,
5718,
60E1,
6276,
5ED2,
5C3C,
5D0A,
5F46,
5F20,
59B8,
5084,
4844,
422E,
3C36,
36D6,
32ED,
2EE3,
2B33,
2A98,
2BB3,
2C16,
2BEA,
2A3B,
265D,
2252,
1E34,
1A72,
1A02,
1AA8,
1855,
1415,
1102,
1107,
1419,
1681,
179E,
1A0B,
1E25,
2346,
2A6A,
3365,
3B52,
3E12,
3C2E,
3ABD,
3C67,
3E86,
3A97,
2E37,
238D,
2369,
26E9,
265C,
24EC,
2604,
2920,
2DBD,
33E9,
3A5B,
3BFD,
361E,
316F,
36C0,
4163,
46C0,
42B3,
3AA9,
3760,
390B,
39F9,
3919,
389C,
3AAB,
414D,
4A9B,
53B3,
5B0C,
5E9E,
60D4,
66E1,
6EC5,
742B,
75C0,
72AD,
6CE1,
6809,
6343,
5E0D,
5994,
549C,
4D03,
43AE,
3AEE,
35A3,
345C,
3400,
314E,
2D52,
2A7F,
2A1F,
2D85,
35C6,
4075,
48E3,
4BC5,
4AE6,
49DD,
4A5C,
4CC6,
5016,
508E,
4F64,
50D2,
5410,
5584,
557F,
5640,
58A9,
5BA1,
5DA9,
5C86,
56E2,
4FAE,
4A6C,
4647,
4061,
379A,
2E99,
2804,
2486,
22E6,
2105,
1DC3,
1B69,
1B34,
1D46,
20A0,
23B2,
25A7,
25F2,
25BE,
2659,
24CC,
2089,
1E4A,
1FEB,
2432,
2A8B,
3158,
375B,
3BF4,
40B2,
46E9,
4D8B,
527B,
5538,
54BD,
51D3,
4FBC,
507C,
51DC,
5172,
4F96,
4D87,
4B90,
49B4,
481E,
46BC,
4484,
429F,
42FD,
44C9,
45CD,
45DA,
45CD,
4769,
49D4,
4AFD,
4C2D,
4FDE,
5405,
5527,
528C,
4E8D,
4B90,
4A99,
4A6C,
4A0D,
4957,
4832,
4643,
4516,
45AE,
4702,
46C1,
4587,
452A,
4530,
4405,
42C1,
4202,
40E7,
3E3E,
3A70,
377E,
361B,
3475,
3313,
3320,
339A,
33BC,
3422,
3364,
3286,
33A3,
34E7,
33A1,
327B,
30FD,
2D74,
2BB4,
2E26,
3186,
3730,
3E16,
4021,
3ED9,
3DE3,
39AE,
34CE,
34B1,
35A8,
361C,
3892,
3A31,
3AE0,
3DF8,
3FF3,
3F4C,
3F47,
3EE7,
3D91,
3D81,
3CF8,
3C41,
3C66,
39F4,
3515,
319E,
2EAA,
2CAB,
2C13,
2AC3,
293E,
27BC,
2359,
1E50,
1BB6,
1BF4,
1FC2,
24B0,
26DC,
27C7,
28B1,
288F,
2A2E,
2E76,
31E3,
33E3,
35F3,
380F,
3C59,
4285,
4716,
49D5,
4B0E,
4954,
4637,
4374,
41B5,
40D4,
3F76,
3E6A,
3E01,
3B3B,
3966,
3AEB,
3BDB,
3B26,
38BA,
30DB,
27BF,
2485,
2B24,
3AA2,
49E1,
4E02,
4407,
3070,
1F99,
1C75,
25B4,
3506,
432B,
47B8,
3FFB,
3339,
2D35,
33DA,
41C3,
4D95,
527E,
4CCF,
3CB1,
2AF6,
20A6,
1AFB,
16A1,
1620,
19D5,
1F56,
272E,
2EAF,
30B1,
29B9,
1A81,
0ACD,
066B,
0E41,
180A,
1BB8,
181E,
0B5B,
F7CD,
E66E,
DF06,
E267,
EED1,
0096,
111B,
1A0A,
1A61,
1400,
0998,
FEC5,
F3EC,
E6FC,
DB67,
D844,
E111,
F19C,
02D8,
0CF9,
0B38,
010E,
F9F9,
FCC9,
069F,
0CFD,
08FB,
FCFB,
EE2D,
E0D2,
DA39,
DBA7,
E139,
E5D7,
E667,
E44C,
E52B,
EBB3,
F58A,
FDDF,
00C1,
FCEB,
F62D,
F1FA,
F53D,
FEE4,
0726,
09D5,
0761,
FF08,
F5E1,
F1C3,
F0DF,
F226,
F657,
F9A0,
FAE8,
FC54,
FFFC,
0533,
0966,
09F9,
07C0,
063F,
0732,
07AC,
05F4,
0256,
FD9B,
FAAE,
F9F4,
FA09,
FB74,
FE17,
024F,
0851,
0E56,
1239,
1449,
14E5,
13A6,
0F82,
0B32,
07A1,
04B9,
039D,
0344,
0277,
024A,
02A2,
03DD,
04B4,
0312,
FFDA,
FC07,
F83B,
F6D7,
F657,
F61A,
F536,
F27E,
EF10,
EE7F,
EF81,
EE97,
EAB8,
E804,
E812,
E91F,
E99F,
E89D,
E4E3,
DFCF,
DC7B,
DD13,
E01F,
E502,
E8C0,
E510,
D703,
C584,
BA88,
BB1D,
C22B,
C8F1,
CCC8,
CE28,
CDAA,
CCD1,
CD74,
CEFD,
CE01,
CC60,
CE64,
D5AB,
DFF9,
EB4C,
F24F,
F177,
E968,
DEE3,
D1B7,
C5AE,
BF1E,
BED0,
C398,
CA84,
C9E8,
C3ED,
C565,
D364,
E0DE,
D96F,
B4BD,
8AED,
8025,
9E67,
D197,
0A53,
3074,
2037,
E702,
C1F1,
BD2A,
C026,
C6D3,
D92F,
ECE8,
EAD5,
D384,
C7B8,
CB3F,
D76F,
F120,
F9CD,
EAAE,
DE21,
CD69,
BE60,
C8EE,
D1AD,
D400,
E0A9,
E828,
EC63,
F88E,
FA04,
EDFB,
DD9C,
C9D1,
C3C2,
D170,
E521,
F46A,
F73A,
E816,
D2CD,
C51F,
C647,
D55C,
E990,
F8FF,
01DD,
0646,
0436,
F972,
ED48,
E66C,
DEA1,
CFF9,
C303,
BE32,
C2FB,
D24C,
E3BE,
EB53,
EA74,
E340,
DB43,
DE5C,
E9B1,
EF7E,
ECAB,
E1C7,
D0BF,
C1FA,
BB81,
BBA1,
BE55,
BFEB,
BEEA,
BC9B,
BDB0,
C4A0,
CDA3,
D3A4,
D687,
D639,
D383,
D2F4,
D7A8,
DF6D,
E6AD,
E8A3,
E447,
DCA2,
D394,
CAF3,
C5A6,
C1B5,
BDE2,
B945,
B473,
B4BE,
BE04,
C9D5,
D0DD,
CFE9,
C9A9,
C3C2,
C2FA,
C672,
C854,
C520,
C0CF,
BF09,
BFC2,
C1A7,
C46A,
C6F7,
C9B9,
CDD6,
D2A0,
D434,
D29D,
CE6A,
C891,
C1EE,
BB3E,
B586,
B295,
B0F2,
AF97,
ADBE,
AC41,
AD48,
B091,
B390,
B6BB,
B9F0,
BC37,
BC1A,
BCDC,
C2D7,
CDCF,
D7DF,
DD40,
DCAC,
D987,
D6A8,
D56C,
D699,
DB14,
E01B,
E271,
E23C,
E3CB,
E723,
E984,
E928,
E79A,
E5C9,
E395,
DE08,
D544,
CAF7,
C2BD,
BD5D,
B870,
AED7,
A07B,
930C,
8F5F,
9705,
A5E1,
B615,
C547,
D31F,
E166,
EFA0,
FF1D,
1111,
246C,
30D7,
3019,
22D2,
122A,
0451,
F9AA,
EF6A,
E802,
E2E6,
DC98,
D048,
BFAB,
B0D9,
A910,
A335,
9CDF,
99DA,
9FD7,
AAB7,
B4E1,
BADB,
BE4E,
BF33,
C3F7,
CE79,
DA82,
E1AB,
E730,
EBF0,
F0CE,
F22F,
F08B,
EA93,
E384,
DA99,
D3DC,
CC59,
C5FA,
C1D9,
C50A,
C4B9,
C115,
B925,
B67F,
B245,
BC05,
9FCC,
9BDE,
AB06,
B00E,
B7D6,
BBA8,
C54D,
D114,
DF68,
E800,
EF3E,
F5FF,
FC14,
F870,
EEC2,
E415,
DAAE,
CDAD,
C01F,
B27E,
A71E,
9FED,
9F40,
A021,
A377,
AA29,
B24D,
B5D9,
B654,
B837,
BF41,
C695,
CB69,
CC2F,
C6C0,
BB9E,
B4A8,
B3DA,
B3A3,
B3C4,
B9F3,
C23C,
C52A,
BFC9,
B8E4,
B819,
BC4F,
BBB3,
B57F,
B006,
AF0A,
B00C,
B21D,
B7FD,
C517,
D447,
DF4D,
E543,
E648,
E154,
DB41,
D785,
D4BE,
D285,
D2D1,
D24D,
CC55,
C164,
B5A0,
A89A,
9A56,
9095,
8E05,
9023,
9889,
A573,
AFB7,
B6DA,
BC29,
BC7F,
B894,
B452,
B6D5,
C7D5,
E18D,
F67B,
0089,
FE71,
F4C0,
E9F0,
DE46,
D536,
D311,
CFCF,
C5DF,
B9CA,
B2CE,
B82E,
C8DB,
D712,
DC1A,
DC41,
DEA4,
E678,
F197,
F9C4,
FAF9,
F477,
E9AC,
DC61,
D1F4,
D344,
DB49,
DC61,
D7A7,
D1B2,
C7F3,
BF27,
BE4F,
C043,
BE6D,
BC63,
BF3A,
C306,
C2AD,
C23A,
CA67,
DA61,
E85B,
EF50,
F18C,
EDEE,
E520,
DFD8,
E38B,
EE21,
F890,
F588,
DF71,
CAAD,
CD92,
DAAF,
DBC4,
D97E,
E044,
E5CF,
E4F2,
E5DE,
EB10,
EC53,
E89A,
EB41,
F6C9,
FEE8,
FE75,
F980,
F4EF,
F473,
F601,
F694,
F52A,
F34E,
F503,
F8B2,
F92C,
F917,
F865,
F195,
E8F9,
E6B7,
EA47,
EEDD,
F18B,
EF0A,
E79C,
DFE1,
DAA2,
D7C4,
D901,
DB44,
D55F,
C787,
BFB5,
C57F,
D065,
D64B,
D7A2,
DA2B,
E0F8,
EC25,
FCBA,
1041,
1F60,
28AC,
3056,
36E4,
3A9E,
3B24,
37C8,
2FDF,
2353,
175A,
125A,
10F8,
0C15,
03C4,
FC82,
F79F,
F390,
EEFB,
EA4A,
E619,
E4CD,
E623,
E7C3,
E6D6,
E09C,
D7D5,
D085,
C838,
BDF4,
B77E,
BA4E,
C51D,
CE96,
D466,
DB26,
E101,
E61E,
EFA4,
FB60,
0423,
0A33,
0FA7,
149B,
158C,
11A3,
0BF8,
055E,
FDFD,
F6CC,
F0FE,
ED37,
EC4B,
EE2B,
F0F0,
F1BC,
F119,
F212,
F76A,
020B,
0ED9,
17DE,
1A41,
1BA0,
2109,
26BF,
2987,
2B63,
2C20,
2A87,
2899,
2894,
2A7C,
2B44,
27A2,
2215,
2103,
2603,
2D11,
332E,
371E,
3904,
3B0A,
3E50,
4171,
42EA,
3FC8,
37D2,
2FE4,
286F,
1CE2,
0EE1,
02D4,
FA4B,
F6AD,
F6D3,
F667,
F62E,
FA2E,
02F4,
0E04,
1855,
2096,
27B9,
2E91,
3464,
3748,
362F,
35AB,
3AE1,
433B,
46D4,
41FC,
3941,
3549,
3862,
3D81,
40C9,
420E,
41E7,
4375,
4B92,
5926,
63B5,
6546,
6120,
5E30,
5EEF,
615F,
61AE,
5CD7,
53E7,
4B78,
4510,
3EDF,
396C,
35B0,
3197,
2D3D,
2BD7,
2C50,
2C4F,
2C1F,
2A5F,
2649,
222B,
1DCC,
19AB,
1933,
19D7,
176E,
1322,
0FCA,
0F7A,
1251,
1478,
15E4,
1933,
1DA4,
2258,
28F6,
31C6,
3A19,
3D76,
3C01,
3AED,
3CAF,
3E8E,
3A8B,
2E52,
23EF,
2421,
27BB,
2757,
265F,
27DA,
2B7E,
30ED,
3788,
3E2D,
402E,
3A7E,
35F0,
3BA4,
46C4,
4CB7,
48FA,
406E,
3C60,
3D74,
3DD7,
3CC8,
3C81,
3EC9,
45BD,
4F4B,
5864,
6019,
6458,
66D3,
6CAE,
744B,
7994,
7B25,
77E0,
71C3,
6CA2,
678D,
6205,
5CF7,
56ED,
4E4C,
4487,
3BD0,
36E0,
35FE,
356E,
31BE,
2C8C,
28ED,
2866,
2BFA,
346C,
3F7F,
487A,
4B6A,
49EB,
4809,
47ED,
4A47,
4DD3,
4E4D,
4D2D,
4F1C,
52F4,
549F,
54B3,
55D4,
58DC,
5C91,
5F91,
5F95,
5AC9,
53D1,
4E96,
4A79,
4455,
3B22,
31C6,
2AC1,
26E9,
2541,
2369,
2021,
1DE4,
1DE1,
2007,
233C,
264B,
28DA,
2A06,
2A28,
2A45,
2780,
21DF,
1EEC,
2074,
24DE,
2BA0,
32A9,
3853,
3C7F,
414A,
480C,
4F75,
5527,
5895,
584A,
54CA,
5241,
5365,
5570,
5547,
52E5,
4FCE,
4D1D,
4B2B,
49F1,
48FD,
46A5,
4418,
4403,
45D8,
4727,
47AF,
483B,
4A61,
4D05,
4E19,
4F52,
5347,
57A8,
58F4,
5638,
516E,
4D65,
4BBF,
4B5E,
4B44,
4B06,
4A16,
4828,
4746,
4878,
4A33,
4A06,
48FF,
48D6,
4890,
46EF,
4597,
44F8,
43F3,
413C,
3CF8,
3945,
376F,
35C5,
345F,
3455,
34F3,
3532,
3542,
3413,
3330,
348D,
360F,
3519,
342C,
324F,
2DFB,
2BCF,
2E55,
320D,
3860,
3FC3,
4186,
3FC6,
3EBC,
3A65,
3546,
3540,
3684,
3732,
39D9,
3B98,
3C80,
4047,
431D,
42D6,
42B7,
421A,
4084,
403E,
3FC6,
3F99,
4050,
3DA3,
37E0,
33D5,
30C7,
2ECB,
2EA1,
2E01,
2CBC,
2B0A,
2610,
1FE1,
1C7C,
1CDC,
2116,
2673,
291C,
2A4C,
2B3D,
2AFC,
2C84,
30CD,
3422,
35CE,
3712,
3845,
3CAE,
43D7,
4955,
4CE6,
4E9E,
4CC2,
493F,
4604,
43FF,
4327,
41A9,
409E,
408E,
3DC1,
3BD3,
3D81,
3E19,
3D09,
3B1A,
3390,
2A44,
26FD,
2D81,
3CBE,
4BCE,
4F82,
4533,
31D9,
2179,
1E9E,
2789,
35EA,
4335,
46F3,
3E95,
3243,
2D50,
34CB,
435C,
4F5D,
5415,
4E31,
3D86,
2B28,
208C,
1A63,
1552,
13FF,
16FF,
1D0E,
26AB,
2F9F,
3251,
2B62,
1B7A,
0B08,
0643,
0DC9,
173B,
1A72,
1651,
0979,
F63A,
E4F2,
DD2B,
DFD0,
EB76,
FCFC,
0DF8,
17B1,
18B6,
12D3,
08C4,
FDD9,
F279,
E534,
D9D6,
D76C,
E136,
F23C,
032C,
0CBC,
0A75,
FFFC,
F92A,
FCA8,
070D,
0D82,
095F,
FD8A,
EF34,
E220,
DB69,
DC92,
E20F,
E70D,
E872,
E72B,
E859,
EE6E,
F733,
FE80,
011D,
FDD6,
F818,
F4D6,
F8C3,
028B,
0A2E,
0BF6,
08EB,
003A,
F729,
F362,
F240,
F2E6,
F6E4,
FA72,
FC23,
FDBA,
0120,
061F,
0A81,
0B92,
09F9,
08C1,
0951,
08D7,
05E8,
017A,
FCD0,
FA4E,
F9DD,
FA24,
FB7C,
FDB3,
0174,
0727,
0D2F,
1152,
13C8,
1513,
1447,
0FC5,
0ACB,
068B,
02FE,
01C1,
01C1,
0151,
018B,
0221,
032F,
037D,
010A,
FD1C,
F940,
F5F5,
F506,
F495,
F423,
F310,
F02D,
EC95,
EC24,
ED62,
EC90,
E8F8,
E6CF,
E744,
E854,
E829,
E609,
E17D,
DC0B,
D8C8,
DA12,
DE16,
E3F7,
E894,
E495,
D442,
BF89,
B238,
B2A3,
BB31,
C3D7,
C9A4,
CC94,
CBE4,
C9CC,
CA27,
CC3A,
CB3B,
C947,
CBE6,
D492,
DF4E,
EA30,
F0C0,
EF5A,
E745,
DDD1,
D0B8,
C3F1,
BCFE,
BC0C,
C05C,
C7FD,
C7F8,
C27E,
C50F,
D3E5,
E1D2,
DAA5,
B58C,
8B1D,
8001,
9DEF,
D171,
0B60,
326C,
220E,
E80B,
C1DE,
BC13,
BE8B,
C54A,
D856,
ECE4,
EAF9,
D35B,
C797,
CB99,
D87A,
F2E1,
FBE1,
EC45,
DE7F,
CC7E,
BCFA,
C81B,
D1ED,
D530,
E279,
E9D4,
ED15,
F856,
F950,
ECB1,
DBB9,
C78F,
C148,
CEE5,
E2BA,
F246,
F53B,
E5F9,
D0B6,
C384,
C561,
D4F5,
E93F,
F895,
0163,
0592,
0302,
F763,
EA26,
E29B,
DAEC,
CD1A,
C18F,
BE05,
C32A,
D1FF,
E261,
E8B5,
E75B,
E085,
D909,
DCBA,
E8A7,
EE72,
EB27,
DF9A,
CDB8,
BE55,
B7D7,
B852,
BB7D,
BD59,
BC60,
B9F0,
BAD0,
C185,
CA01,
CF48,
D249,
D30E,
D16B,
D196,
D699,
DDFB,
E43F,
E502,
DFE9,
D84D,
CF74,
C6D7,
C17E,
BD37,
B909,
B46E,
AFBB,
B084,
BB0A,
C814,
CFBA,
CEF9,
C87B,
C218,
C10B,
C46B,
C611,
C24B,
BD87,
BBE3,
BD06,
BF63,
C2BA,
C52D,
C6EF,
CA4F,
CF66,
D1EC,
D15F,
CDFC,
C8A6,
C205,
BAAB,
B410,
B096,
AEE3,
ADFE,
ACC3,
AB86,
AC49,
AEAC,
B024,
B200,
B4D0,
B76E,
B7E6,
B95D,
C056,
CC85,
D7BD,
DE31,
DE7A,
DBDA,
D962,
D86B,
D974,
DDC3,
E2FB,
E595,
E52D,
E619,
E8C5,
EA9D,
E993,
E75E,
E54F,
E2FE,
DCCF,
D2F2,
C793,
BEC9,
B971,
B4CA,
AB37,
9CA5,
8F3B,
8C15,
947D,
A423,
B50D,
C4B1,
D2D4,
E1D4,
F0FF,
0125,
1381,
26F9,
32D5,
30E7,
21FC,
0FBA,
010B,
F681,
ECD0,
E5F4,
E0BD,
D99E,
CC62,
BB40,
AC64,
A503,
9FA9,
99FA,
97EB,
9F12,
AACD,
B523,
BAA1,
BD5E,
BDB8,
C2C7,
CE3A,
DA93,
E0B4,
E4AA,
E81B,
EC76,
EE09,
ECA3,
E675,
DF2A,
D622,
CFD2,
C965,
C438,
C0AD,
C423,
C361,
BEC3,
B61B,
B412,
B12A,
BC95,
9FB7,
9AA0,
A8B9,
AC40,
B344,
B722,
C1B7,
CE89,
DDBE,
E6B0,
EDC7,
F442,
FAA5,
F745,
ED8A,
E2FA,
D9DA,
CC92,
BE3A,
AF9C,
A395,
9C4E,
9BF4,
9D3E,
A109,
A822,
B099,
B490,
B5D1,
B85A,
BF6E,
C681,
CB80,
CCEC,
C7EC,
BC45,
B434,
B234,
B0A5,
AF7D,
B4F9,
BCF0,
BFB0,
BA7C,
B420,
B407,
B925,
B97C,
B427,
AF95,
AF59,
B097,
B2AA,
B8D6,
C6A0,
D67F,
E195,
E6BC,
E697,
E0C2,
DA5F,
D6BC,
D40E,
D1BD,
D1E4,
D11F,
CABC,
BFAD,
B454,
A7C4,
99B5,
9008,
8D6B,
8F3C,
975F,
A459,
AEE3,
B610,
BAF8,
BAC0,
B69D,
B260,
B514,
C692,
E0D4,
F62F,
0095,
FE81,
F49A,
E9A4,
DDDF,
D500,
D34D,
D035,
C5FB,
B912,
B10B,
B5F8,
C6E2,
D597,
DB44,
DC27,
DF84,
E879,
F46C,
FD3C,
FF0C,
F88F,
ECC4,
DDDA,
D274,
D421,
DC75,
DC9D,
D6C1,
D046,
C5EB,
BC58,
BB46,
BDA6,
BC6B,
BAF0,
BEA0,
C391,
C3D6,
C349,
CB60,
DB4E,
E90F,
EFF7,
F20C,
ED8D,
E34D,
DC9C,
DF5E,
E981,
F3C4,
F0C7,
DAF3,
C69D,
CA0B,
D7A0,
D930,
D7CB,
DF8A,
E5B3,
E550,
E6BC,
EC35,
EDA5,
EA1A,
ECC7,
F7F8,
FF50,
FE04,
F8B6,
F434,
F3C4,
F582,
F69D,
F5DC,
F4B2,
F755,
FC13,
FD83,
FE3C,
FE03,
F72B,
EDEE,
EA93,
ED34,
F162,
F3CA,
F0E8,
E8C7,
DFC2,
D902,
D4DE,
D51E,
D6B7,
D079,
C2A2,
BB5A,
C1D1,
CCF8,
D2D8,
D428,
D6D2,
DE04,
E993,
FA4F,
0DF6,
1D0A,
2618,
2D8F,
33CA,
373C,
382A,
35B4,
2EB1,
22DC,
1734,
1286,
11D6,
0D7A,
0558,
FE2B,
F937,
F526,
F0C8,
EC4C,
E83E,
E6C0,
E78D,
E8C8,
E75E,
E05F,
D730,
CFBE,
C72D,
BCD3,
B66B,
B972,
C4E4,
CEE0,
D4E4,
DC0C,
E23E,
E775,
F13F,
FD1D,
05D5,
0C1E,
11CA,
166F,
167E,
1169,
0ADF,
03C9,
FC07,
F4B7,
EF24,
EBDC,
EBAF,
EE47,
F1AD,
F327,
F315,
F498,
FA8F,
0588,
124B,
1AFE,
1CCB,
1D99,
225F,
2719,
291D,
2AE0,
2BBF,
2A76,
2913,
2961,
2B73,
2CA1,
297D,
2462,
23A7,
28D8,
304E,
374F,
3C12,
3E1F,
3FCC,
42BA,
459B,
46B3,
4300,
3A7E,
321E,
2A30,
1E46,
1033,
03FE,
FB2A,
F7B6,
F85E,
F816,
F7A1,
FB63,
0404,
0EFD,
18F5,
2059,
267F,
2CC6,
324B,
34F1,
3418,
3464,
3A3A,
42A0,
460C,
4147,
38EF,
3588,
395E,
3F3B,
42AF,
436F,
42A9,
43E9,
4C39,
5A85,
65BC,
6743,
62A6,
5F66,
601F,
62CA,
639E,
5F76,
56EF,
4E6B,
47C3,
4167,
3BEE,
3864,
343E,
2F34,
2CF1,
2CB9,
2C52,
2C1A,
2A44,
25FC,
21DF,
1D58,
18ED,
1875,
191C,
16A7,
1268,
0EF0,
0E65,
10F9,
12C4,
1469,
1889,
1D44,
217E,
2780,
3005,
38A5,
3C92,
3B94,
3AEE,
3CCF,
3E6D,
3A5D,
2E64,
245F,
24E8,
289D,
2872,
27FD,
29D4,
2DF0,
3416,
3B03,
41C9,
4429,
3EB9,
3A54,
4057,
4BD4,
524D,
4EEA,
45F4,
412D,
41AA,
4188,
4059,
405B,
42E4,
4A23,
53E6,
5CF3,
64EE,
69C3,
6C6E,
7207,
7952,
7E77,
7FFF,
7C97,
7630,
70C6,
6B65,
6597,
6003,
58F7,
4F61,
4544,
3CA8,
3813,
3784,
36AC,
31EF,
2B7F,
2710,
2658,
2A0C,
3298,
3DF8,
4770,
4A6D,
4859,
45A9,
44F6,
4742,
4B0C,
4B92,
4A89,
4CFC,
5164,
533E,
5368,
54E5,
5887,
5CF8,
60F1,
6223,
5E3A,
5791,
526F,
4E65,
480E,
3E86,
34EB,
2D91,
2973,
27D1,
260B,
22C7,
20AE,
20D5,
22FE,
2604,
2907,
2C29,
2E33,
2EAC,
2E4A,
2A4D,
2355,
1FAC,
2114,
259E,
2CC7,
340C,
3959,
3D09,
41C8,
48F9,
5113,
577B,
5B93,
5B74,
5768,
547B,
5604,
58B3,
58C1,
55D1,
51AE,
4E46,
4C46,
4B6C,
4AE9,
4877,
4543,
44B7,
468B,
481B,
491A,
4A46,
4CFE,
4FDF,
50E2,
5221,
564C,
5ADA,
5C53,
5986,
5408,
4F01,
4CB6,
4C24,
4C49,
4C7C,
4BBF,
49D8,
494D,
4B20,
4D42,
4D27,
4C54,
4C63,
4BD5,
49C1,
4859,
47D9,
46EC,
4433,
3F87,
3B15,
38C8,
370D,
3594,
356C,
362D,
3687,
363F,
34A4,
33BE,
3552,
3709,
365F,
35AC,
3377,
2E66,
2BD7,
2E6D,
3269,
3943,
40FC,
4260,
4027,
3F12,
3AAE,
3566,
3588,
3724,
3808,
3AD5,
3CAA,
3DC8,
4240,
45F9,
461B,
45EB,
451E,
4352,
42D7,
4271,
42C4,
43FF,
4117,
3A7E,
35EC,
32CD,
30D3,
310E,
311F,
3026,
2E53,
28D9,
2199,
1D7B,
1E04,
22A6,
2861,
2B75,
2CD7,
2DBE,
2D5E,
2EDB,
3325,
365A,
379F,
37F9,
382D,
3CAB,
44D0,
4B42,
4FB4,
51F7,
4FFC,
4C0F,
4859,
4611,
454A,
43B3,
42A7,
42E0,
3FFE,
3DEB,
3FB6,
3FEF,
3E89,
3D1B,
35F7,
2C92,
294C,
2FB5,
3E93,
4D44,
506F,
45DA,
32EC,
233C,
20C3,
294B,
3692,
42D5,
45AA,
3CB5,
30EE,
2D1A,
3566,
448E,
50AF,
5533,
4F2D,
3E18,
2B3C,
2063,
19B4,
13D7,
119B,
13DE,
1A85,
25F8,
306A,
33D3,
2CEF,
1C6A,
0B55,
063B,
0D68,
1672,
1921,
1473,
0793,
F4C8,
E3BA,
DBA4,
DD89,
E851,
F967,
0AAB,
151E,
16E1,
119F,
0814,
FD2D,
F14F,
E3B6,
D894,
D6E2,
E19F,
F30C,
0399,
0C87,
09B4,
FEF0,
F861,
FC7C,
075D,
0DE7,
09B7,
FE32,
F085,
E3E2,
DD1E,
DDF9,
E343,
E885,
EAB0,
EA3F,
EBC3,
F162,
F905,
FF3A,
0187,
FECF,
FA17,
F7C6,
FC52,
0633,
0D3D,
0E2E,
0A9A,
019D,
F8A8,
F535,
F3CC,
F3C7,
F78D,
FB55,
FD64,
FF17,
0226,
06D6,
0B5A,
0CED,
0C02,
0B1E,
0B50,
09E0,
05BD,
0085,
FBF8,
F9E4,
F9B6,
FA28,
FB64,
FD25,
0069,
05C7,
0BC3,
1016,
12E0,
14D0,
147C,
0FB4,
0A27,
0549,
0116,
FFB8,
0012,
0003,
00A7,
0177,
0249,
01FD,
FEB0,
FA0C,
F635,
F379,
F307,
F2AF,
F20F,
F0D2,
EDC5,
EA07,
E9C0,
EB44,
EA95,
E75A,
E5D0,
E6B0,
E7BD,
E6D3,
E37B,
DE14,
D84E,
D523,
D729,
DC33,
E322,
E8AD,
E45F,
D1B5,
B9A8,
A9EF,
AA35,
B460,
BF10,
C70D,
CBB2,
CAAE,
C712,
C6FC,
C98C,
C886,
C64D,
C9A0,
D3BF,
DECA,
E910,
EF24,
ED31,
E52A,
DCFE,
D018,
C296,
BB51,
B9B5,
BD74,
C5CB,
C665,
C17B,
C531,
D4CC,
E314,
DC43,
B703,
8C32,
80B5,
9E03,
D170,
0C39,
33F9,
23AB,
E94C,
C234,
BB59,
BD3F,
C40B,
D7B1,
ECFE,
EB55,
D3AD,
C813,
CC87,
D9F1,
F4BF,
FDE3,
EDCE,
DEC6,
CB8A,
BBAC,
C762,
D254,
D697,
E461,
EB6F,
ED97,
F7D1,
F85E,
EB5E,
DA01,
C59E,
BF1A,
CC75,
E03A,
EFE4,
F2F1,
E3A8,
CE92,
C1F3,
C484,
D485,
E8CC,
F7F1,
0095,
046F,
0152,
F4E9,
E6BC,
DEA0,
D731,
CA61,
C05B,
BE16,
C382,
D1B9,
E0EA,
E5F4,
E423,
DDB8,
D6CC,
DB15,
E78B,
ED4F,
E991,
DD67,
CAC2,
BADB,
B471,
B556,
B8F6,
BB06,
BA00,
B767,
B811,
BE8C,
C67F,
CB0D,
CE2F,
D00D,
CF80,
D060,
D5A6,
DC95,
E1CE,
E154,
DB7E,
D3EB,
CB51,
C2CB,
BD79,
B8E8,
B462,
AFC9,
AB3C,
AC89,
B84C,
C683,
CEBE,
CE26,
C766,
C084,
BF32,
C283,
C403,
BFC7,
BAA5,
B927,
BAAB,
BD77,
C15D,
C3B0,
C46E,
C712,
CC78,
CFFA,
D080,
CDF4,
C92C,
C295,
BA95,
B318,
AF0F,
AD4D,
ACE7,
AC51,
AB51,
ABBC,
AD11,
ACDC,
AD53,
AFBB,
B2BC,
B3DB,
B615,
BE0E,
CB68,
D7BC,
DF47,
E084,
DE90,
DCA8,
DC0C,
DCE5,
E0EE,
E63B,
E8FE,
E84D,
E87D,
EA67,
EBAE,
E9F0,
E709,
E4B1,
E23A,
DB62,
D070,
C40B,
BAC7,
B596,
B158,
A7EE,
994E,
8C00,
895F,
9277,
A2CD,
B456,
C452,
D2A8,
E246,
F245,
02EF,
1582,
28E7,
3411,
30F2,
2085,
0CD9,
FD85,
F33E,
EA37,
E3E9,
DE89,
D696,
C884,
B702,
A840,
A15B,
9C89,
9780,
965E,
9E9A,
AB16,
B587,
BA7E,
BC86,
BC60,
C1C5,
CE24,
DABB,
DFBE,
E20E,
E41F,
E7F4,
E9BE,
E89E,
E247,
DACE,
D1BC,
CBE5,
C69A,
C2B0,
BFC5,
C378,
C242,
BCB3,
B364,
B20D,
B089,
BD9A,
A32E,
9D0C,
A98B,
AB7A,
B186,
B54E,
C06D,
CDCB,
DD44,
E631,
ECD3,
F2C8,
F943,
F657,
ED03,
E309,
DA90,
CD80,
BED8,
AFB7,
A377,
9C61,
9C66,
9E1D,
A240,
A974,
B1D9,
B5FD,
B7E7,
BAF8,
C1D7,
C876,
CD80,
CF80,
CB1E,
BF70,
B692,
B370,
B09B,
AE2F,
B2BD,
BA16,
BC99,
B7D5,
B24B,
B2D6,
B890,
B9C5,
B580,
B207,
B297,
B40C,
B618,
BC58,
CA49,
DA35,
E4E5,
E907,
E7C3,
E15E,
DB01,
D7A9,
D530,
D2CF,
D2B5,
D197,
CAF7,
C032,
B5B6,
AA2B,
9CF7,
93C8,
9138,
92A7,
9A34,
A6BC,
B122,
B808,
BC4D,
BB87,
B753,
B347,
B617,
C765,
E11F,
F603,
0054,
FE60,
F4B5,
EA16,
DEB6,
D65C,
D51D,
D23E,
C817,
BAE0,
B22C,
B686,
C70A,
D59F,
DBAA,
DD39,
E16C,
EB21,
F769,
0084,
02E9,
FCC4,
F071,
E070,
D483,
D685,
DED7,
DE0B,
D74B,
D099,
C61D,
BC2B,
BAEF,
BDA2,
BD07,
BC23,
C089,
C673,
C74F,
C69F,
CE41,
DD80,
EA88,
F12C,
F312,
EDE3,
E293,
DAB6,
DC63,
E5AC,
EF61,
EC91,
D7D8,
C4B4,
C880,
D607,
D813,
D7A7,
E00F,
E68C,
E695,
E861,
EDDA,
EF59,
EC19,
EEAF,
F91E,
FF67,
FD4C,
F7E1,
F3B1,
F366,
F54F,
F6F1,
F6EC,
F68A,
FA09,
FFB5,
0223,
03B4,
03F7,
FD58,
F3D0,
EF7E,
F119,
F4A9,
F69B,
F363,
EAD8,
E0D7,
D8CD,
D389,
D2CB,
D3AD,
CD59,
C01A,
B9B3,
C09A,
CB92,
D131,
D266,
D510,
DC5B,
E7D6,
F811,
0B11,
197E,
21E7,
28D1,
2E6F,
3173,
32C0,
3152,
2B89,
20EC,
160D,
11E5,
11F3,
0E53,
06B7,
FFE7,
FB0F,
F729,
F32F,
EF0F,
EB48,
E9AC,
E9F2,
EABF,
E8DB,
E150,
D811,
D0D7,
C876,
BE8B,
B885,
BBA9,
C73E,
D153,
D75C,
DEBA,
E515,
EA32,
F3CC,
FF3E,
0782,
0DB8,
1356,
176E,
1690,
107E,
0959,
0211,
FA46,
F329,
EE0E,
EB6B,
EBFF,
EF2E,
F306,
F519,
F597,
F791,
FDE2,
08B2,
14D0,
1CCA,
1DEC,
1E15,
21FC,
2588,
26C0,
2864,
2968,
2885,
27C2,
2869,
2A9D,
2C34,
29BF,
2553,
24FD,
2A2C,
31C0,
3967,
3ED6,
40F2,
4231,
44AE,
4730,
47D0,
43AB,
3AF3,
327E,
2A7A,
1EC1,
113A,
0561,
FC9B,
F96C,
FA83,
FA59,
F9B2,
FD15,
0533,
0F97,
18CA,
1F02,
23EC,
2965,
2E67,
30B8,
3028,
313B,
3771,
3F8D,
42A9,
3E23,
3681,
33C7,
3824,
3E73,
41E8,
4223,
40CF,
41B7,
49DE,
5840,
6398,
6505,
6027,
5CBF,
5D73,
6049,
61A6,
5E65,
56AA,
4E73,
47D8,
4196,
3C51,
3919,
3506,
2F7A,
2C69,
2B7B,
2AB4,
2A73,
288E,
2444,
205F,
1BEF,
1776,
1710,
17BA,
1558,
115F,
0E0A,
0D67,
0F9E,
10E8,
12A0,
1753,
1C1F,
1FB4,
24DB,
2CB7,
353C,
3985,
390A,
38E2,
3AD8,
3C29,
3835,
2CF7,
23B3,
248C,
283E,
2858,
286C,
2A86,
2EE0,
3566,
3C4C,
42E6,
458C,
4096,
3C85,
428B,
4DDF,
5491,
51AA,
48B2,
436E,
4359,
42C1,
418E,
41E8,
44A1,
4BE7,
5580,
5E2A,
6610,
6B33,
6DE2,
72FD,
79B4,
7E86,
7FFF,
7C98,
7625,
70A4,
6B2C,
6559,
5F84,
57CD,
4DB2,
43AD,
3B81,
3767,
371A,
35ED,
304B,
28DC,
23C6,
22DC,
267D,
2EC4,
39F8,
438B,
467B,
43F7,
40A6,
3F6F,
419B,
4584,
461A,
453D,
481B,
4CDC,
4ECB,
4F05,
50C9,
54D9,
59D5,
5E9E,
60E9,
5E02,
57EE,
5320,
4F56,
4910,
3F9D,
3633,
2EDF,
2AB3,
2930,
2794,
2478,
2297,
22DF,
24EB,
279D,
2A75,
2DFF,
30C7,
3190,
30B7,
2BB5,
23B7,
1F81,
20B9,
2538,
2C87,
33C7,
388B,
3B9E,
4014,
4756,
4FBE,
5694,
5B24,
5B2E,
56C6,
539E,
557B,
58A7,
58E0,
5579,
5074,
4C7F,
4A8A,
4A16,
4A07,
4794,
43E0,
42E4,
449E,
4655,
47B9,
4976,
4CA9,
4FAF,
509B,
51D6,
5604,
5A88,
5C22,
596F,
5386,
4DC8,
4AFD,
4A45,
4A9F,
4B33,
4AAB,
48E5,
48BB,
4B1E,
4D90,
4D83,
4CEB,
4D33,
4C69,
49FE,
4896,
4833,
4765,
44CE,
3FF1,
3AF6,
3844,
367B,
34EF,
34A3,
357F,
35EF,
3555,
3364,
3284,
3437,
3607,
35A7,
3530,
32C0,
2D34,
2A65,
2CEE,
30F8,
37F9,
3F9C,
4085,
3DE9,
3CDC,
38A6,
337E,
33D4,
35BC,
36CA,
3997,
3B69,
3CAC,
41AA,
4625,
46B2,
467D,
4598,
43AF,
4309,
42B6,
4377,
4519,
4211,
3AF1,
3611,
3306,
311E,
31AE,
3265,
31C7,
2FF4,
2A42,
2254,
1DBA,
1E6E,
2346,
291A,
2C65,
2DD5,
2E9A,
2E23,
2F97,
33C5,
36BB,
377F,
36D8,
3601,
3A63,
4331,
4A62,
4F95,
5253,
504E,
4C19,
4806,
4595,
44EC,
4354,
424E,
42B7,
3FC9,
3D99,
3F62,
3F39,
3D90,
3CAE,
3636,
2D1E,
2A03,
301E,
3E0D,
4BB8,
4E2B,
43B8,
31F9,
23A8,
21BC,
2992,
3539,
3FEE,
41B1,
387E,
2DB5,
2B1F,
33EB,
4316,
4EE6,
5314,
4D30,
3C66,
29D0,
1F24,
1826,
11A0,
0E82,
0FF8,
1705,
23EA,
2F81,
337E,
2CDF,
1C5A,
0B51,
061F,
0CB9,
1506,
170D,
11F8,
0588,
F3E6,
E3BD,
DBAF,
DCCA,
E64C,
F63B,
0709,
11C8,
143F,
0FE5,
0750,
FCE1,
F0F2,
E37B,
D8F0,
D7FB,
E33D,
F46C,
03FD,
0BF5,
08AF,
FE00,
F7E5,
FC63,
074C,
0DB3,
09AD,
FEF8,
F28A,
E6E4,
E05C,
E0DD,
E5B2,
EAEA,
EDB1,
EE13,
EFE2,
F4DF,
FB21,
0005,
01EC,
FFD1,
FC3F,
FAE7,
FFDA,
0979,
0FC1,
0FED,
0C01,
0312,
FA86,
F77B,
F5D1,
F524,
F88D,
FC65,
FEB0,
0060,
02EF,
0716,
0B8A,
0D8E,
0D5E,
0CDD,
0CB7,
0A6A,
0547,
FF83,
FB3F,
F9A9,
F9B6,
FA46,
FB54,
FC8E,
FF3C,
0412,
09C4,
0E10,
1102,
1372,
1398,
0ECC,
08FC,
03BD,
FF14,
FD9C,
FE4D,
FE9E,
FFA1,
009B,
0120,
0035,
FC2A,
F704,
F35E,
F14C,
F15A,
F123,
F069,
EF12,
EBF9,
E83A,
E826,
E9E9,
E96D,
E6BB,
E5EB,
E731,
E829,
E67B,
E1FB,
DBE9,
D60D,
D31C,
D5CB,
DBB3,
E37D,
E9CC,
E556,
D0FB,
B66F,
A4D6,
A4FC,
B07A,
BCED,
C6F7,
CD3E,
CBCD,
C698,
C5EF,
C8D0,
C7CC,
C570,
C96B,
D4A6,
DF81,
E8B4,
EE1A,
EBB4,
E410,
DD95,
D166,
C3A6,
BC5B,
BA24,
BD24,
C5E5,
C71C,
C2EE,
C7AA,
D76B,
E57D,
DF56,
BB64,
91CF,
8653,
A1BF,
D30D,
0C68,
3357,
23D2,
EB6A,
C4E7,
BD34,
BE76,
C510,
D893,
EDD2,
EC8E,
D5E2,
CAF0,
CFA2,
DCF4,
F6F6,
FFC3,
EFC2,
DFFD,
CC40,
BCB3,
C899,
D44F,
D973,
E727,
ED8B,
EE78,
F746,
F77A,
EABF,
D9C2,
C5F6,
BF68,
CBE3,
DEC1,
EDE2,
F0DE,
E223,
CE0A,
C276,
C59C,
D56F,
E8F5,
F755,
FF72,
02C3,
FF2E,
F27D,
E404,
DBC3,
D4F2,
C9AA,
C181,
C07E,
C5ED,
D2F5,
E066,
E405,
E1D6,
DC10,
D5F5,
DAAB,
E731,
ECB9,
E8B2,
DC65,
C9B7,
B9F1,
B3E5,
B536,
B925,
BB43,
BA27,
B773,
B7E6,
BDF4,
C524,
C8DD,
CC08,
CEE5,
CF67,
D0E7,
D637,
DC71,
E072,
DEC8,
D869,
D11E,
C90F,
C0F8,
BBEB,
B744,
B292,
AE22,
A9E3,
ABA8,
B832,
C708,
CF81,
CF10,
C845,
C120,
BF9A,
C2CD,
C433,
BFC4,
BA85,
B939,
BB03,
BE1A,
C263,
C481,
C440,
C61C,
CBA3,
CFFD,
D18F,
CFEA,
CBDB,
C58E,
BD37,
B520,
B0AD,
AEEA,
AF05,
AF17,
AE56,
AE54,
AE79,
AC87,
AB90,
AD80,
B0D3,
B29A,
B58A,
BE35,
CC31,
D922,
E17D,
E3B2,
E29B,
E177,
E148,
E1E1,
E569,
EA7F,
ED3A,
EC33,
EB98,
ECA5,
ED4E,
EAEE,
E76B,
E4D2,
E23C,
DAF7,
CF5B,
C270,
B91C,
B45C,
B0C8,
A7F7,
99E6,
8D36,
8B25,
9487,
A4E8,
B65F,
C615,
D40E,
E3A9,
F3D0,
0445,
1644,
28C5,
32CA,
2EA5,
1D72,
0943,
F9FF,
F076,
E872,
E2DF,
DD76,
D4F8,
C6A4,
B57F,
A774,
A153,
9D2E,
98E7,
98A4,
A18B,
AE40,
B865,
BCAE,
BDF9,
BD68,
C2FA,
CFCD,
DC27,
DFDC,
E071,
E116,
E44A,
E63D,
E573,
DF34,
D7D9,
CF18,
C9EF,
C5EB,
C366,
C136,
C4FE,
C364,
BD28,
B398,
B307,
B2F3,
C125,
A663,
9F30,
AA25,
AA96,
AFC3,
B378,
BF1B,
CCFA,
DCB0,
E58C,
EBB7,
F12A,
F7C6,
F557,
EC7C,
E325,
DB52,
CE74,
BF70,
AFBD,
A33E,
9C5A,
9CC4,
9EF1,
A371,
AAB5,
B2F8,
B732,
B9B0,
BD41,
C3F3,
CA32,
CF55,
D1DF,
CE13,
C267,
B8C7,
B489,
B07C,
ACD6,
B077,
B73B,
B98F,
B546,
B08C,
B1A7,
B7DE,
B9D7,
B695,
B434,
B590,
B742,
B94E,
BFA7,
CDBB,
DDAF,
E7F8,
EB1A,
E8CE,
E1F8,
DBB7,
D8B3,
D66D,
D3EF,
D37A,
D1E8,
CAFB,
C078,
B6D6,
AC58,
A011,
9769,
94E5,
95F5,
9CEE,
A908,
B348,
B9DE,
BD7E,
BC2D,
B7E7,
B40C,
B6FB,
C813,
E13A,
F599,
FFCE,
FE00,
F49E,
EA64,
DF72,
D795,
D6B6,
D401,
C9E9,
BC6E,
B324,
B700,
C725,
D58E,
DBE1,
DE0F,
E30B,
ED6E,
FA00,
035F,
065F,
00A1,
F3D0,
E2BB,
D650,
D8AF,
E101,
DF48,
D7B1,
D0DC,
C652,
BC11,
BAB0,
BDAF,
BDA7,
BD51,
C265,
C940,
CAAD,
C9CD,
D0ED,
DF7D,
EBD8,
F246,
F40C,
EE3A,
E1E7,
D8E7,
D981,
E1F3,
EB22,
E87F,
D4DB,
C2DB,
C6F5,
D46F,
D700,
D78A,
E08F,
E74C,
E7AC,
E9C2,
EF27,
F0A8,
EDAB,
F02B,
F9E0,
FF24,
FC41,
F6C3,
F2F7,
F2E5,
F507,
F736,
F7F0,
F857,
FCB0,
034A,
06C3,
0933,
09F1,
0383,
F9B4,
F475,
F517,
F804,
F96B,
F5CF,
ECD9,
E1DB,
D888,
D22C,
D07E,
D0B3,
CA54,
BDB8,
B835,
BF87,
CA51,
CFAE,
D0C3,
D366,
DAC4,
E626,
F5DF,
0837,
15F8,
1DB6,
2407,
2904,
2B9A,
2D45,
2CDC,
2850,
1EEC,
14D7,
1132,
11FC,
0F18,
0805,
018E,
FCD2,
F919,
F583,
F1B7,
EE2E,
EC79,
EC48,
ECAD,
EA4C,
E22F,
D8E1,
D1ED,
C9D9,
C077,
BAE5,
BE24,
C9CC,
D3F1,
DA0C,
E1B3,
E844,
ED48,
F69F,
018F,
0952,
0F66,
14E8,
186B,
169E,
0F9A,
07E3,
0070,
F8A7,
F1C7,
ED25,
EB26,
EC75,
F02A,
F464,
F703,
F808,
FA73,
0111,
0BA1,
1705,
1E3E,
1EB6,
1E37,
2137,
239F,
241D,
25AD,
26DF,
2665,
2640,
2746,
29A8,
2BB3,
29F9,
2641,
2651,
2B7E,
332E,
3B7D,
419A,
43C1,
4492,
46A6,
48C9,
48E9,
4452,
3B6D,
32ED,
2AE8,
1F78,
128A,
0715,
FE61,
FB6C,
FCE0,
FCCD,
FBFB,
FF09,
069F,
1065,
18CE,
1DDF,
2196,
2647,
2ACC,
2CCF,
2C83,
2E4F,
34DB,
3CAB,
3F79,
3B2F,
343B,
3220,
36F0,
3D97,
4107,
40CA,
3EF8,
3F8D,
4783,
55E0,
6143,
6293,
5D80,
59F9,
5AB1,
5DBA,
5FA5,
5D4F,
5668,
4E8C,
4807,
41E5,
3CD5,
39E9,
35E4,
2FD5,
2BF6,
2A56,
2935,
28E6,
26EC,
22A2,
1F03,
1ABD,
164A,
15FF,
16B5,
146D,
10C7,
0DB4,
0D15,
0EF0,
0FAC,
1161,
168E,
1B61,
1E56,
22A5,
29D3,
322B,
36C0,
36C3,
371D,
392F,
3A3A,
3665,
2BDF,
235A,
247E,
2832,
2898,
292E,
2B81,
3006,
36CD,
3D95,
43FB,
46E0,
4265,
3EA3,
449B,
4FB2,
568D,
5420,
4B35,
4588,
44F0,
43F5,
42CE,
438A,
467B,
4DC7,
5739,
5F83,
6749,
6CA0,
6F3E,
73DE,
7A0C,
7E91,
7FFF,
7C9F,
7624,
7089,
6AFB,
652C,
5F29,
56E2,
4C5C,
427A,
3ABD,
370A,
36E6,
3554,
2ECD,
266A,
20B4,
1F91,
2312,
2B08,
3607,
3FAB,
4293,
3FB5,
3BDE,
3A34,
3C46,
4050,
40FF,
4056,
4399,
48A4,
4A9F,
4AE5,
4CE5,
5158,
56D5,
5C60,
5FB0,
5DBB,
583A,
53C7,
503E,
4A10,
40BF,
3797,
305D,
2C35,
2AD8,
2967,
2676,
24CA,
252A,
270E,
296B,
2C16,
2FF9,
3368,
3478,
3331,
2D43,
245B,
1FA3,
20AA,
251F,
2C96,
33D7,
3822,
3A9F,
3EC3,
4600,
4EA1,
55D7,
5AD0,
5AFB,
5646,
52F0,
5519,
58AE,
5905,
5528,
4F4F,
4ADB,
48F4,
48E1,
493B,
46CC,
42A4,
413E,
42DA,
44AD,
4669,
48AD,
4C56,
4F82,
505D,
5193,
55BA,
5A2C,
5BE8,
595A,
531F,
4CC7,
498F,
48B6,
493C,
4A21,
49CA,
4828,
4861,
4B4E,
4E08,
4E06,
4DA3,
4E23,
4D27,
4A73,
490B,
48BF,
480E,
459D,
409C,
3B26,
3811,
362E,
3483,
3411,
3503,
3586,
34A1,
3262,
3188,
3350,
352D,
350B,
34CA,
3227,
2C35,
2930,
2BAA,
2FB3,
36BB,
3E2B,
3E93,
3B9A,
3A9D,
36A4,
31AD,
3241,
3478,
35A8,
386A,
3A30,
3B95,
4113,
4649,
4742,
4714,
4624,
442A,
435D,
431A,
4437,
462C,
4305,
3B74,
3657,
3363,
3189,
325E,
33AA,
3368,
31A3,
2BCE,
2355,
1E59,
1F3D,
2445,
2A1F,
2D88,
2EEF,
2F85,
2EFE,
307C,
349E,
3759,
3793,
35E1,
33FE,
383E,
41AB,
499C,
4F97,
52D3,
50C4,
4C42,
47D2,
453B,
44B8,
4326,
4222,
42A4,
3F97,
3D3D,
3EF6,
3E71,
3C8D,
3C2C,
3659,
2D97,
2AB0,
308D,
3D95,
4A31,
4BE1,
418A,
30F8,
240E,
22BC,
29ED,
3404,
3D2A,
3DD7,
3468,
2A90,
2926,
326F,
41A2,
4D28,
510C,
4B52,
3ADF,
2897,
1E15,
16BD,
0F81,
0B7C,
0C37,
13B7,
220D,
2EC8,
3353,
2CEA,
1C62,
0B6C,
062D,
0C45,
13E1,
1543,
0FC3,
03B7,
F32F,
E3E6,
DBE7,
DC47,
E491,
F356,
039C,
0E9C,
11CB,
0E62,
06CD,
FCD9,
F0D2,
E36C,
D964,
D919,
E4D6,
F5CF,
0477,
0B86,
07CC,
FD29,
F76E,
FC37,
0721,
0D6E,
099E,
FFC0,
F494,
E9F0,
E3AC,
E3D3,
E828,
ED3F,
F086,
F1AC,
F3C7,
F831,
FD2B,
00D1,
0252,
00C4,
FE40,
FDCA,
0314,
0C7B,
1222,
11AC,
0D7B,
049B,
FC6A,
F9B4,
F7C5,
F677,
F989,
FD6B,
FFE3,
0186,
038C,
0724,
0B80,
0DEF,
0E77,
0E5C,
0DEA,
0AD3,
04C4,
FE81,
FA86,
F962,
F9A1,
FA43,
FB21,
FBDB,
FDFC,
0255,
07B9,
0BF0,
0EF9,
11D4,
126F,
0DB1,
07B7,
022A,
FD13,
FB81,
FC81,
FD2C,
FE86,
FFA0,
FFD3,
FE48,
F988,
F3EC,
F07A,
EF08,
EF8D,
EF7E,
EEB4,
ED4B,
EA27,
E669,
E689,
E891,
E851,
E631,
E620,
E7CA,
E8A8,
E62D,
E080,
D9C5,
D3DA,
D125,
D47B,
DB41,
E3EC,
EB03,
E665,
D059,
B34E,
9FD7,
9FE3,
ACC0,
BB07,
C73A,
CF2A,
CD31,
C637,
C4DA,
C7FA,
C6F3,
C482,
C936,
D58D,
E028,
E841,
ED09,
EA3B,
E2FC,
DE3B,
D2C1,
C4BA,
BD71,
BAA3,
BCE1,
C610,
C7E0,
C466,
CA1F,
D9FE,
E7D9,
E25F,
BFB7,
974F,
8BBF,
A53C,
D46C,
0C5F,
3287,
23D9,
ED72,
C77E,
BEF2,
BF96,
C605,
D968,
EE9D,
EDCD,
D832,
CDEF,
D2D1,
DFF0,
F8FE,
0153,
F157,
E0D1,
CC98,
BD69,
C98A,
D60D,
DC11,
E99F,
EF4A,
EEFD,
F670,
F666,
EA14,
D98F,
C65A,
BFB5,
CB3D,
DD25,
EBB2,
EE96,
E063,
CD41,
C2A9,
C658,
D5FF,
E8D0,
F675,
FE08,
00C8,
FCB9,
EFCD,
E126,
D8DD,
D2B9,
C8F6,
C28B,
C2A5,
C801,
D3E0,
DFA9,
E1F9,
DF78,
DA4E,
D4F7,
DA14,
E6A9,
EBFE,
E7BA,
DB50,
C89F,
B900,
B359,
B519,
B951,
BB6C,
BA27,
B751,
B793,
BD46,
C3CB,
C6C7,
CA00,
CDCC,
CF47,
D156,
D6A9,
DC38,
DF15,
DC4B,
D567,
CE53,
C6C0,
BF1A,
BA58,
B5A3,
B0C7,
AC77,
A882,
AABB,
B800,
C768,
D018,
CFC2,
C8E4,
C17D,
BFCA,
C2F1,
C456,
BFCF,
BA80,
B962,
BB64,
BEB8,
C35C,
C54B,
C424,
C54B,
CAF4,
D01F,
D2AB,
D1E1,
CE80,
C87B,
BFD3,
B727,
B24A,
B081,
B116,
B1C6,
B138,
B0BC,
AFA7,
ABF9,
A9A1,
AB24,
AED1,
B146,
B4EE,
BE44,
CCD5,
DA55,
E37C,
E6B3,
E690,
E648,
E68F,
E6DF,
E9D7,
EEA1,
F13A,
EFD0,
EE64,
EE96,
EEA9,
EBAD,
E789,
E4A0,
E1DC,
DA25,
CDE8,
C086,
B733,
B2F9,
B01E,
A7F2,
9A7A,
8E60,
8CCB,
9667,
A6CE,
B832,
C7A4,
D541,
E4CE,
F509,
0536,
1690,
2823,
3107,
2BF4,
1A22,
0598,
F686,
EDC7,
E6BD,
E1CE,
DC46,
D33C,
C4B9,
B3FF,
A6B3,
A153,
9DCA,
9A26,
9A9C,
A40E,
B0EB,
BACA,
BE75,
BF1A,
BE35,
C3FF,
D13F,
DD5E,
DFD5,
DEC4,
DE12,
E0B4,
E2D3,
E25D,
DC38,
D4FD,
CC8B,
C801,
C528,
C3F5,
C27A,
C655,
C460,
BD8E,
B3C9,
B3FC,
B545,
C48B,
A957,
A110,
AA8E,
A99A,
ADFC,
B19E,
BDBD,
CC15,
DBFD,
E4C0,
EA70,
EF68,
F62B,
F445,
EBF4,
E348,
DC1C,
CF6B,
BFFE,
AFAB,
A2EB,
9C3B,
9D0F,
9FBC,
A499,
ABE2,
B3F2,
B82E,
BB2E,
BF3A,
C5C7,
CBB8,
D0FE,
D409,
D0CA,
C52A,
BAD0,
B57C,
B045,
AB6E,
AE26,
B45C,
B68E,
B2CB,
AEDD,
B072,
B707,
B9AE,
B765,
B619,
B843,
BA37,
BC4B,
C2C0,
D0F5,
E0EF,
EAD0,
ECFB,
E9BF,
E294,
DC82,
D9D8,
D7C2,
D519,
D431,
D212,
CAC8,
C07E,
B7B1,
AE4B,
A300,
9AE7,
986F,
9922,
9F8B,
AB3B,
B554,
BB93,
BE8F,
BCB7,
B85C,
B4B0,
B7BF,
C89E,
E125,
F4F0,
FF04,
FD61,
F453,
EA8E,
E011,
D8A9,
D818,
D580,
CB72,
BDBD,
B3F6,
B76A,
C735,
D565,
DBED,
DEAC,
E464,
EF63,
FC31,
05D2,
0971,
0429,
F6E0,
E4B8,
D7D7,
DA9E,
E2F6,
E059,
D7FA,
D111,
C68C,
BC08,
BA87,
BDCF,
BE4B,
BE76,
C434,
CBFC,
CDF1,
CCD6,
D367,
E147,
ECFF,
F346,
F4FD,
EE95,
E14D,
D734,
D6BD,
DE5A,
E70A,
E496,
D1FF,
C114,
C570,
D2DD,
D5F8,
D775,
E107,
E7F1,
E890,
EAD9,
F018,
F18F,
EED0,
F13C,
FA43,
FE8D,
FAE6,
F55D,
F207,
F243,
F4AA,
F76D,
F8E9,
FA1B,
FF49,
06D3,
0B5F,
0EB5,
0FEC,
09AE,
FF96,
F975,
F92C,
FB72,
FC3B,
F82E,
EEC9,
E2CD,
D835,
D0CA,
CE3A,
CDCF,
C76E,
BB81,
B6E3,
BE99,
C933,
CE4D,
CF3C,
D1D4,
D93F,
E482,
F3B9,
0567,
1277,
1983,
1F34,
238B,
25B7,
27BF,
2858,
250C,
1CE1,
1393,
1070,
11F3,
0FCB,
0943,
0321,
FE7E,
FAF7,
F7C5,
F444,
F0EF,
EF23,
EE8A,
EE8E,
EBAE,
E2FD,
D99F,
D2FF,
CB53,
C291,
BD80,
C0DA,
CC85,
D6B4,
DCED,
E4ED,
EBC0,
F0AC,
F9B1,
040F,
0B42,
1127,
1681,
1968,
16AC,
0EC0,
0682,
FEEC,
F72D,
F093,
EC6C,
EB0D,
ED10,
F13C,
F5C9,
F8E7,
FA6B,
FD40,
0421,
0E5D,
18F3,
1F63,
1F32,
1E07,
201B,
2167,
213A,
22C0,
2425,
2416,
248E,
25F7,
2893,
2B20,
2A2A,
272E,
27A2,
2CCE,
349A,
3D92,
445F,
468D,
46F0,
48A4,
4A69,
4A03,
44FB,
3BEF,
336E,
2B7C,
206A,
1422,
0919,
0079,
FDB3,
FF73,
FF71,
FE7D,
013E,
084C,
1169,
1903,
1CF2,
1F7F,
236F,
277D,
2935,
292A,
2BA0,
3276,
39FB,
3C7B,
386A,
321D,
3094,
35C0,
3CAA,
400E,
3F69,
3D29,
3D6F,
452B,
536A,
5EC1,
5FF3,
5AB4,
5717,
57DD,
5B20,
5D9C,
5C34,
5628,
4EB3,
484E,
4251,
3D79,
3AD2,
36D4,
3044,
2B98,
2949,
27D4,
2774,
255D,
2118,
1DCB,
19BF,
1565,
1543,
160C,
13E6,
109E,
0DE9,
0D67,
0EE9,
0F0A,
10A7,
1637,
1B07,
1D61,
20DD,
2757,
2F74,
3444,
34C2,
35A0,
37D4,
38A0,
34ED,
2B1E,
2355,
24BF,
2879,
292F,
2A43,
2CC5,
3162,
384A,
3EE1,
450A,
4828,
4426,
40AF,
4688,
5150,
5843,
564C,
4D7E,
477B,
4670,
4523,
4417,
453F,
486D,
4FBF,
590E,
60FD,
6897,
6E08,
7084,
74AA,
7A59,
7E97,
7FFF,
7CAD,
762B,
7076,
6AD7,
6515,
5EF6,
563B,
4B61,
41AF,
3A5B,
36FF,
36EA,
34E5,
2D7A,
242E,
1DDD,
1C7C,
1FCD,
2767,
3227,
3BD5,
3EBA,
3B98,
3754,
3548,
3745,
3B72,
3C42,
3BD5,
3F77,
44BE,
46BB,
4706,
4939,
4E05,
53F8,
5A38,
5E78,
5D65,
5876,
5463,
511E,
4B11,
41F1,
3919,
320C,
2DF7,
2CC5,
2B82,
28BC,
2743,
27B3,
2967,
2B6D,
2DE9,
3212,
3611,
3760,
35B6,
2EF5,
253F,
2010,
20E7,
2553,
2CF1,
3439,
381B,
3A0C,
3DD7,
44FB,
4DC3,
554B,
5A9F,
5AE4,
55ED,
5275,
54E1,
58CC,
5934,
54E2,
4E44,
495F,
4789,
47CF,
488B,
4622,
4194,
3FCB,
4146,
432C,
4531,
47F2,
4C09,
4F59,
5027,
5159,
5571,
59CA,
5BA6,
5946,
52D0,
4BF9,
4867,
4773,
481C,
4946,
491B,
47A2,
483E,
4BAD,
4EA8,
4EAD,
4E7C,
4F33,
4E0F,
4B1F,
49B8,
497D,
48E4,
469B,
4183,
3B9F,
382D,
3625,
3451,
33B6,
34BC,
354F,
3424,
31A1,
30CB,
329C,
347C,
348C,
3478,
31AB,
2B66,
2837,
2A9E,
2E96,
358B,
3CAD,
3C8E,
3940,
385B,
34AB,
2FF6,
30D3,
3358,
34A4,
3752,
3904,
3A85,
407D,
4667,
47CC,
47B0,
46C4,
44C0,
43D1,
439C,
4505,
4739,
43F7,
3C0A,
36C0,
33E7,
3219,
3323,
34F3,
350E,
3361,
2D7E,
249C,
1F59,
2070,
25A0,
2B6F,
2EDB,
3021,
307C,
2FEC,
318B,
35B3,
383A,
37E1,
3517,
3225,
363D,
403F,
48F5,
4FBD,
5379,
5162,
4C8D,
47BC,
4506,
44AE,
432C,
4226,
42AA,
3F69,
3CD9,
3E75,
3D97,
3B81,
3B97,
3663,
2DFD,
2B56,
3105,
3D31,
48B2,
4994,
3F54,
2FE9,
246D,
23C2,
2A5E,
32F4,
3A8C,
3A1A,
306E,
277A,
272D,
30F1,
4031,
4B79,
4F1E,
4995,
3982,
278F,
1D32,
1577,
0D79,
0889,
089B,
109B,
2061,
2E41,
3354,
2D10,
1C7F,
0BA0,
0663,
0C0B,
1305,
13C4,
0DD5,
021F,
F29F,
E42F,
DC47,
DBFC,
E31D,
F0B4,
0063,
0B9A,
0F85,
0D16,
0688,
FD10,
F0EA,
E385,
D9EB,
DA39,
E66B,
F735,
0507,
0B38,
0709,
FC67,
F6F9,
FBFA,
06DC,
0D16,
0988,
0084,
F69E,
ED02,
E709,
E6D9,
EAA3,
EF82,
F332,
F50C,
F773,
FB58,
FF21,
019C,
02B9,
01A9,
0019,
0070,
0607,
0F3D,
1464,
136B,
0F06,
0636,
FE54,
FBE1,
F9A8,
F7C0,
FA80,
FE66,
00FF,
028A,
0402,
0705,
0B41,
0E16,
0F50,
0F9D,
0EEC,
0B1C,
0437,
FD81,
F9CC,
F912,
F978,
FA25,
FAD1,
FB11,
FCAE,
0090,
05A4,
09BA,
0CC8,
0FFA,
1102,
0C64,
0659,
008F,
FB14,
F967,
FAAE,
FBAC,
FD52,
FE83,
FE5E,
FC36,
F6CC,
F0C6,
ED8A,
ECAE,
EDA1,
EDBB,
ECEE,
EB7A,
E84E,
E492,
E4E9,
E738,
E73C,
E5B8,
E66D,
E87C,
E939,
E5E9,
DF08,
D7A6,
D1B2,
CF3E,
D338,
DADC,
E46F,
EC52,
E78E,
CFD1,
B046,
9AED,
9AE5,
A92C,
B958,
C7CE,
D173,
CED4,
C5EB,
C3BD,
C707,
C5FA,
C382,
C8FD,
D672,
E0BF,
E7B8,
EBF1,
E8C6,
E1EF,
DEEF,
D427,
C5D0,
BE8D,
BB2B,
BCA5,
C647,
C8AF,
C5DD,
CC8C,
DC81,
EA22,
E55A,
C3F9,
9CAE,
90F7,
A879,
D58C,
0C1C,
3185,
23BF,
EF5F,
C9F7,
C092,
C09D,
C6E7,
DA2F,
EF5D,
EF11,
DA99,
D10A,
D610,
E2E0,
FAD5,
0294,
F28D,
E140,
CC91,
BDCC,
CA35,
D78C,
DE71,
EBCB,
F0AE,
EF2A,
F553,
F528,
E962,
D96A,
C6CB,
C000,
CA83,
DB66,
E954,
EC15,
DE66,
CC36,
C28B,
C6B6,
D633,
E85D,
F550,
FC58,
FE81,
F9F6,
ECDE,
DE25,
D5F1,
D08B,
C846,
C37B,
C48B,
C9C1,
D47A,
DEB2,
DFD0,
DD09,
D86E,
D3CF,
D94D,
E5F1,
EB1D,
E6A8,
DA28,
C77A,
B80A,
B2CD,
B4FE,
B977,
BB7E,
BA00,
B703,
B71C,
BC83,
C274,
C4CB,
C815,
CCBE,
CF1D,
D1AC,
D6FD,
DBEB,
DDB7,
D9DD,
D276,
CB88,
C466,
BD2F,
B8BE,
B403,
AEFE,
AAC7,
A717,
A9BE,
B7B0,
C79E,
D07D,
D03B,
C943,
C19C,
BFC5,
C2F1,
C46E,
BFE4,
BA92,
B99B,
BBC7,
BF4F,
C447,
C60D,
C418,
C49D,
CA69,
D057,
D3D1,
D3D2,
D118,
CB5B,
C267,
B92C,
B3E2,
B20E,
B315,
B457,
B3F4,
B2F3,
B099,
AB33,
A784,
A8A5,
ACB5,
AFDE,
B43C,
BE35,
CD4E,
DB55,
E546,
E988,
EA73,
EB1F,
EBE1,
EBDC,
EE33,
F29C,
F500,
F324,
F0E6,
F03F,
EFC2,
EC2F,
E764,
E41A,
E116,
D8E9,
CC16,
BE4B,
B50B,
B16B,
AF58,
A7DE,
9B03,
8F76,
8E49,
9812,
A87D,
B9CE,
C8FF,
D642,
E5B8,
F5F3,
05C3,
1667,
2705,
2ECF,
28E4,
1696,
01DD,
F31C,
EB32,
E518,
E0B4,
DAF7,
D163,
C2C0,
B283,
A5FF,
A15F,
9E5F,
9B3E,
9C45,
A621,
B316,
BCB7,
BFDA,
BFF0,
BECB,
C4D4,
D27C,
DE61,
DFAA,
DD07,
DB14,
DD34,
DF81,
DF5D,
D952,
D236,
CA0E,
C616,
C44D,
C458,
C38C,
C77C,
C537,
BDE5,
B3F6,
B4E9,
B77E,
C7CB,
AC0C,
A2AF,
AACA,
A888,
AC32,
AFC0,
BC52,
CB18,
DB2B,
E3C9,
E8FC,
ED7D,
F46F,
F31C,
EB68,
E371,
DCEA,
D05E,
C07C,
AF7F,
A27E,
9C05,
9D49,
A07D,
A5B6,
ACF9,
B4C7,
B8F3,
BC67,
C0E8,
C757,
CD0B,
D27B,
D5FC,
D344,
C7B7,
BCAC,
B649,
AFF5,
A9F7,
ABC7,
B177,
B394,
B05D,
AD36,
AF30,
B607,
B946,
B7EF,
B7B8,
BAB3,
BCEC,
BF0D,
C5A0,
D3F6,
E3F3,
ED70,
EEB1,
EA9B,
E335,
DD63,
DB19,
D92F,
D64D,
D4D9,
D214,
CA5D,
C044,
B849,
B001,
A5C2,
9E3D,
9BD3,
9C2D,
A20B,
AD55,
B746,
BD2A,
BF84,
BD2A,
B8B6,
B535,
B863,
C903,
E0E0,
F40B,
FDF5,
FC83,
F3D4,
EA8F,
E091,
D994,
D941,
D6BA,
CCB3,
BECE,
B4A2,
B7C5,
C73D,
D527,
DBCF,
DF13,
E579,
F102,
FE00,
07DC,
0C21,
075B,
F9A1,
E666,
D91A,
DC55,
E4BB,
E144,
D82A,
D13C,
C6CB,
BC11,
BA75,
BE00,
BEF3,
BF92,
C5F5,
CEA5,
D11D,
CFB9,
D5AF,
E2DF,
EDFF,
F42D,
F5E4,
EEF8,
E0C9,
D5A1,
D41C,
DAE7,
E31F,
E0DA,
CF47,
BF64,
C3F6,
D156,
D4FD,
D765,
E174,
E874,
E93B,
EBA3,
F0AA,
F20C,
EF87,
F1E3,
FA48,
FDA3,
F93C,
F3B0,
F0E2,
F17F,
F43C,
F79A,
F9DB,
FBD5,
01D4,
0A4D,
0FF3,
1435,
15E4,
0FD3,
0575,
FE7F,
FD57,
FEF1,
FF0A,
FA80,
F0A7,
E3AF,
D7D3,
CF61,
CBFF,
CB02,
C4AC,
B978,
B5BD,
BDCE,
C835,
CD0C,
CDD2,
D059,
D7CC,
E2EC,
F19D,
029E,
0EF9,
154D,
1A59,
1E0A,
1FD0,
2234,
23CC,
21C0,
1ACE,
1245,
0FA3,
11DA,
106D,
0A6E,
049C,
0012,
FCC3,
F9F4,
F6B4,
F389,
F1A8,
F0B2,
F05D,
ECFE,
E3B9,
DA4C,
D40B,
CCE0,
C4D3,
C04F,
C3C3,
CF60,
D992,
DFF8,
E862,
EF83,
F459,
FCFD,
06B8,
0D51,
12FA,
1821,
1A67,
16BF,
0DF4,
053A,
FD86,
F5DB,
EF8E,
EBE2,
EB23,
EDD1,
F265,
F735,
FAC7,
FCC3,
FFFD,
0715,
10EC,
1AA2,
2042,
1F6A,
1D8E,
1EAF,
1EE9,
1E21,
1FA3,
213D,
2199,
22AB,
247E,
2761,
2A7A,
2A54,
2818,
28F1,
2E19,
3603,
3FA8,
4726,
4958,
494F,
4AAB,
4C13,
4B22,
45A9,
3C7C,
3405,
2C38,
2198,
1600,
0B6B,
02E0,
003D,
0237,
0241,
0136,
03B6,
0A3A,
12A7,
196E,
1C3F,
1DA9,
20DF,
247A,
25EB,
261A,
292D,
3043,
377B,
39AF,
35D5,
3026,
2F22,
3494,
3BAC,
3F00,
3E03,
3B66,
3B62,
42D9,
50E2,
5C18,
5D2B,
57CA,
541F,
54F8,
587B,
5B8C,
5B15,
55E9,
4EE5,
48AA,
42D8,
3E39,
3BD2,
37D4,
30C4,
2B4C,
2852,
2691,
261C,
23E1,
1FA6,
1CB4,
18F3,
14C5,
14DA,
15C1,
13C2,
10E2,
0EA5,
0E59,
0F81,
0EFB,
106F,
164B,
1B11,
1CD4,
1F81,
2544,
2D17,
3213,
3308,
346C,
36C6,
375B,
33CC,
2AB5,
23A6,
2554,
2915,
2A1E,
2BA7,
2E4E,
32F3,
39E1,
4031,
4615,
4966,
45DA,
42AA,
4854,
52B8,
59B5,
5831,
4F8E,
4949,
47DA,
464B,
4568,
4704,
4A75,
51CD,
5AFB,
6294,
69F8,
6F69,
71B4,
7561,
7A9B,
7E99,
7FFF,
7CC0,
763A,
706D,
6AC0,
6516,
5EEF,
55DA,
4AC6,
414D,
3A5F,
3748,
372A,
34A2,
2C58,
222D,
1B47,
19A0,
1CB3,
23E5,
2E5B,
3809,
3AF1,
37A3,
330C,
30AE,
329A,
36EB,
37E4,
37BA,
3BB5,
4127,
431E,
4368,
45C7,
4AE0,
513F,
5826,
5D43,
5D00,
58A3,
54F5,
51F8,
4C15,
4334,
3ABC,
33EC,
2FF9,
2EF7,
2DE1,
2B48,
29FF,
2A77,
2BF3,
2DA3,
2FEE,
3449,
38C0,
3A46,
3841,
30C7,
2660,
20C8,
2170,
25D4,
2D97,
34E9,
3872,
39E4,
3D52,
444D,
4D28,
54F4,
5A96,
5AEF,
55C1,
5232,
54D6,
5904,
5970,
54AA,
4D57,
480F,
464C,
46E4,
47F9,
4599,
40B3,
3E90,
3FE7,
41D6,
4419,
4748,
4BC6,
4F36,
4FFB,
5127,
5528,
5962,
5B5F,
5934,
5297,
4B5B,
4780,
4675,
473C,
489E,
489E,
4753,
4852,
4C3A,
4F6D,
4F76,
4F72,
505F,
4F1F,
4BFF,
4A9C,
4A6A,
49E3,
47C5,
42A1,
3C5E,
3893,
365E,
345A,
3395,
34AC,
354A,
33E0,
3122,
304D,
321D,
33F4,
342B,
343E,
314E,
2AC8,
2776,
29C5,
2DA0,
3467,
3B25,
3A7E,
36E2,
361B,
32C1,
2E60,
2F8E,
325F,
33C0,
364F,
37E6,
3980,
3FEA,
4682,
4854,
4855,
4779,
4573,
4467,
443D,
45E2,
4844,
44EC,
3CB9,
3750,
3496,
32CF,
3400,
3645,
36BC,
3530,
2F52,
2629,
20B8,
2205,
2755,
2D07,
305B,
3168,
317C,
30ED,
32C5,
3707,
3962,
386F,
3481,
307B,
3461,
3EEF,
486E,
500C,
5449,
5228,
4CFA,
47C7,
44F7,
44D0,
4368,
425D,
42CA,
3F41,
3C6C,
3DDF,
3CAD,
3A70,
3AF2,
3655,
2E56,
2BF8,
318A,
3CE4,
4740,
4748,
3D16,
2ECA,
24C2,
24CE,
2AE5,
320B,
3813,
3679,
2C8B,
246E,
252E,
2F6F,
3EC4,
49DA,
4D4E,
47FA,
384F,
26B5,
1C76,
1451,
0B84,
05A8,
0524,
0DB3,
1EE9,
2DEE,
3382,
2D52,
1CAE,
0BED,
06BC,
0C0A,
1271,
1291,
0C2E,
00C1,
F236,
E498,
DCCC,
DBE6,
E1EC,
EE53,
FD5C,
08C2,
0D6B,
0C00,
067E,
FD81,
F133,
E3C1,
DA82,
DB5A,
E7FB,
F89E,
05AC,
0B09,
0662,
FBB7,
F685,
FBA9,
067D,
0CAB,
0969,
0145,
F8A2,
F013,
EA6F,
E9EB,
ED22,
F1B6,
F5B5,
F836,
FAE8,
FE56,
0101,
0263,
031E,
027E,
01CE,
02DF,
08B6,
11C4,
1686,
152B,
10A2,
07E4,
0041,
FE01,
FB7A,
F901,
FB73,
FF57,
0208,
0371,
0455,
06BC,
0AD2,
0E07,
0FEF,
10A5,
0FC0,
0B49,
039F,
FC83,
F912,
F8B7,
F93D,
F9EC,
FA65,
FA33,
FB57,
FEC9,
0384,
076E,
0A74,
0DE9,
0F56,
0AE7,
04E0,
FEEC,
F917,
F74D,
F8D4,
FA1C,
FC05,
FD40,
FCBE,
F9FD,
F3F7,
ED95,
EA91,
EA3E,
EB93,
EBD8,
EB13,
E99D,
E66C,
E2B2,
E340,
E5D9,
E62B,
E54F,
E6D0,
E945,
E9DB,
E5AB,
DD91,
D589,
CF95,
CD67,
D203,
DA85,
E506,
EDBC,
E8D1,
CF63,
AD53,
9615,
95FC,
A5B8,
B7DC,
C8B0,
D415,
D0B6,
C5B4,
C294,
C5F7,
C4E0,
C26E,
C8BF,
D755,
E147,
E71B,
EAD5,
E758,
E0E9,
DFB1,
D595,
C6E3,
BFAA,
BBB7,
BC6C,
C686,
C983,
C750,
CEED,
DEF0,
EC55,
E845,
C827,
A1EA,
95F7,
AB72,
D66A,
0B9D,
3051,
2383,
F130,
CC4F,
C212,
C18A,
C7B5,
DAE6,
F013,
F058,
DD15,
D43E,
D95C,
E5C0,
FC78,
0383,
F362,
E14B,
CC2D,
BDDE,
CA98,
D8CD,
E094,
EDAB,
F1B9,
EF04,
F3F4,
F3C4,
E8AB,
D954,
C74A,
C049,
C9B4,
D981,
E6C5,
E95B,
DC2B,
CAE5,
C21C,
C6B6,
D609,
E797,
F3E3,
FA60,
FBF0,
F6E9,
E9B2,
DB04,
D302,
CE69,
C79E,
C454,
C633,
CB2E,
D4C2,
DD7E,
DD87,
DA83,
D66E,
D27B,
D852,
E506,
EA14,
E57C,
D8EE,
C649,
B70E,
B23F,
B4E0,
B992,
BB78,
B9B5,
B68C,
B683,
BBAD,
C11E,
C2E5,
C643,
CBB8,
CEE8,
D1E8,
D736,
DB8D,
DC59,
D780,
CF95,
C8BF,
C1FF,
BB36,
B71A,
B261,
AD34,
A90F,
A59F,
A8AF,
B73F,
C7A6,
D0AD,
D076,
C962,
C17F,
BF8F,
C2D1,
C47A,
C002,
BAB6,
B9E0,
BC2A,
BFDB,
C521,
C6C6,
C41D,
C412,
C9FC,
D0A3,
D4FB,
D5BC,
D3A2,
CE2C,
C4F3,
BB2E,
B575,
B38F,
B4FD,
B6C6,
B683,
B4F2,
B14D,
AA31,
A537,
A601,
AA7C,
AE5C,
B372,
BE07,
CD9B,
DC20,
E6DB,
EC36,
EE46,
EFFD,
F13D,
F0D7,
F27C,
F66F,
F88A,
F633,
F320,
F1A2,
F09C,
EC75,
E6FD,
E33F,
DFE9,
D741,
C9E1,
BBBE,
B2A4,
AFAF,
AE75,
A7B6,
9B7D,
9072,
8F98,
9983,
A9F1,
BB33,
CA28,
D713,
E66A,
F691,
05EE,
15CB,
256B,
2C23,
2579,
12D4,
FE13,
EFBE,
E8B4,
E381,
DF8F,
D989,
CF69,
C0B9,
B10D,
A55A,
A177,
9EEE,
9C2C,
9D9D,
A7C3,
B4C2,
BE2E,
C0E0,
C080,
BF2F,
C57D,
D384,
DF31,
DF5C,
DB3C,
D81E,
D9CD,
DC48,
DC75,
D681,
CF81,
C79D,
C428,
C352,
C48A,
C46A,
C871,
C5E7,
BE2D,
B41E,
B5CB,
B999,
CAE5,
AE80,
A40F,
AAE0,
A765,
AA66,
ADDB,
BAD5,
C9FE,
DA34,
E2A4,
E759,
EB68,
F290,
F1DB,
EAD4,
E39A,
DDB8,
D14B,
C0E9,
AF39,
A1F8,
9BBB,
9D75,
A133,
A6C6,
ADF6,
B573,
B980,
BD5D,
C24F,
C8A8,
CE2B,
D3CC,
D7B7,
D57E,
CA0C,
BE59,
B6EE,
AF89,
A86E,
A959,
AE8A,
B09D,
ADF8,
AB91,
ADDA,
B4D9,
B89C,
B831,
B910,
BCDE,
BF5E,
C191,
C847,
D6BD,
E6BE,
EFDC,
F040,
EB68,
E3DE,
DE5B,
DC74,
DAB0,
D787,
D573,
D1EF,
C9BB,
BFCA,
B89C,
B179,
A854,
A169,
9F0E,
9F15,
A46E,
AF56,
B91E,
BEA4,
C060,
BD88,
B8F8,
B59D,
B8E9,
C945,
E06D,
F2EB,
FCA5,
FB66,
F31F,
EA68,
E0EF,
DA55,
DA2F,
D7B1,
CDAD,
BFA3,
B52A,
B811,
C73B,
D4D3,
DB8A,
DF45,
E64B,
F24C,
FF6F,
0982,
0E70,
0A39,
FC13,
E7C4,
DA16,
DDD6,
E655,
E20E,
D845,
D160,
C711,
BC2B,
BA79,
BE42,
BF9E,
C0A5,
C7A7,
D13D,
D432,
D27B,
D7C8,
E445,
EED8,
F4FD,
F6C4,
EF64,
E05E,
D433,
D1A2,
D79D,
DF62,
DD4D,
CCB7,
BDCE,
C28C,
CFDE,
D412,
D75A,
E1D2,
E8D2,
E9AA,
EC1B,
F0D9,
F21C,
EFCF,
F222,
F9F3,
FC6A,
F745,
F1BD,
EF87,
F09B,
F3BE,
F7BE,
FAC7,
FD89,
0450,
0DB6,
147D,
19AF,
1BD6,
15F2,
0B51,
0390,
0196,
0280,
01D8,
FCC6,
F275,
E47F,
D763,
CDF4,
C9CF,
C850,
C211,
B7A1,
B4C6,
BD25,
C756,
CBE9,
CC81,
CEF5,
D66C,
E162,
EF8B,
FFDB,
0B79,
1114,
1576,
1882,
19E8,
1CA8,
1F3D,
1E70,
18B4,
10EF,
0ECC,
11B2,
10FE,
0B85,
05FF,
018F,
FE7D,
FC10,
F908,
F5FB,
F403,
F2BD,
F217,
EE3A,
E464,
DAE9,
D512,
CE7C,
C737,
C349,
C6D7,
D258,
DC87,
E327,
EC0B,
F386,
F848,
007E,
0987,
0F7C,
14DE,
19C9,
1B6A,
16D8,
0D3C,
040F,
FC44,
F4B6,
EEBA,
EB8A,
EB68,
EEB9,
F3A6,
F8AC,
FCA7,
FF14,
02AD,
09F4,
1353,
1C18,
20E3,
1F67,
1CD4,
1CFD,
1C2E,
1AD6,
1C59,
1E29,
1EEE,
2098,
22DA,
260F,
29C2,
2A76,
2900,
2A3D,
2F60,
3769,
41BF,
49F2,
4C25,
4BB1,
4CBD,
4DCC,
4C49,
4661,
3D18,
34B5,
2D1D,
2300,
1825,
0E09,
0594,
0308,
052C,
053E,
0427,
0672,
0C6D,
1422,
1A12,
1BC9,
1C18,
1E99,
21C6,
22F3,
2355,
26F5,
2E40,
352C,
3715,
336E,
2E57,
2DC8,
336D,
3A9E,
3DDF,
3C9B,
39B3,
3969,
4091,
4E4B,
594C,
5A40,
54C4,
5112,
5207,
55CF,
5976,
59F0,
55A9,
4F21,
4919,
4376,
3F13,
3CE6,
38E3,
3154,
2B12,
2772,
256B,
24DD,
2278,
1E4B,
1BBF,
1858,
146A,
14C3,
15D1,
1402,
1192,
0FE4,
0FE4,
10B3,
0F7A,
10B3,
16C9,
1B7E,
1CAF,
1E90,
239B,
2B16,
3030,
3198,
3382,
3605,
366A,
3303,
2AA7,
2452,
263F,
2A09,
2B64,
2D5A,
301E,
34BA,
3B92,
4189,
4720,
4A9A,
4783,
4495,
4A00,
53EE,
5AE5,
59D0,
5168,
4AF2,
492E,
476F,
46C0,
48D8,
4C8F,
53EE,
5CFD,
6446,
6B69,
70C3,
72CD,
7604,
7AD1,
7E95,
7FFF,
7CD9,
7652,
706D,
6AB8,
6533,
5F16,
55C3,
4A8D,
4156,
3AC9,
37E6,
37A9,
3491,
2B6A,
206C,
18F7,
1702,
19C8,
2084,
2AA6,
344D,
373D,
33DA,
2F08,
2C68,
2E47,
32BD,
33E5,
3407,
3853,
3DE1,
3FC7,
400C,
428D,
47EA,
4EAB,
562A,
5C11,
5C8F,
58C2,
557E,
52CD,
4D1F,
448C,
3C82,
3601,
323C,
316C,
3084,
2E17,
2CFB,
2D75,
2EB4,
300D,
3222,
369D,
3B73,
3D25,
3AD1,
32B7,
27BD,
21CB,
2245,
26A0,
2E85,
35E5,
3926,
3A27,
3D36,
43F7,
4CD7,
54DA,
5ABC,
5B23,
55C9,
522A,
54FD,
5959,
59BC,
5486,
4C8E,
46F0,
4543,
4625,
478A,
4536,
4006,
3D91,
3EC3,
40B5,
4329,
46B7,
4B8F,
4F1A,
4FD7,
50FF,
54E2,
58F7,
5B14,
5924,
5273,
4AE9,
46D5,
45BA,
4698,
482A,
4853,
473C,
489D,
4CF2,
5055,
505F,
5085,
51A7,
5055,
4D14,
4BB6,
4B85,
4B0B,
4917,
43F0,
3D5F,
3940,
36D9,
34A0,
33B1,
34D4,
357B,
33D6,
30E6,
300F,
31D3,
3399,
33EB,
341B,
3110,
2A58,
26EB,
291D,
2CCE,
3350,
3997,
3868,
3487,
33E4,
30EC,
2CED,
2E72,
318D,
32FC,
3564,
36DB,
3889,
3F5F,
469B,
48DA,
4903,
4842,
4643,
451D,
44FD,
46CF,
4951,
45E7,
3D83,
380B,
3574,
33B2,
34FA,
37A4,
3875,
3712,
314C,
27FC,
2277,
23FD,
2962,
2EE4,
3206,
32C1,
3283,
3202,
342C,
389D,
3AD6,
3940,
3421,
2F01,
32AB,
3DBB,
480B,
5087,
5546,
5319,
4D8C,
47F3,
450D,
451F,
43DC,
42C9,
4307,
3F20,
3BF9,
3D36,
3BB7,
395B,
3A40,
3634,
2EA3,
2C9A,
321F,
3CB2,
45DE,
44FF,
3AD1,
2D9D,
250C,
25DE,
2B82,
3148,
35C1,
32F3,
28BB,
2167,
2327,
2DE8,
3D5D,
484F,
4B9D,
4683,
3744,
2606,
1BDE,
1345,
09A1,
02D8,
01D1,
0AFF,
1DA5,
2DCF,
33DD,
2DAE,
1CEF,
0C4D,
0737,
0C41,
1226,
11AC,
0AD1,
FF9C,
F1F0,
E51C,
DD74,
DC01,
E0FA,
EC2F,
FA85,
0612,
0B7D,
0B1D,
06AB,
FE27,
F1A8,
E41A,
DB27,
DC7C,
E987,
FA0B,
0666,
0AF8,
05D4,
FB16,
F610,
FB46,
0606,
0C2E,
093F,
01FC,
FA9C,
F31F,
EDDB,
ED09,
EFA5,
F3DA,
F812,
FB2A,
FE27,
0128,
02CC,
0325,
0380,
0342,
035F,
0517,
0B25,
1411,
188D,
16EB,
124C,
09A3,
0236,
0015,
FD3D,
FA3A,
FC61,
003F,
02FE,
043D,
0489,
0650,
0A38,
0DC5,
1057,
1177,
1068,
0B59,
02FE,
FB87,
F857,
F853,
F8F2,
F99C,
F9E2,
F944,
F9F8,
FCFD,
015C,
050E,
07FD,
0BA2,
0D6C,
093B,
034D,
FD3E,
F71B,
F534,
F6F1,
F879,
FA99,
FBD5,
FAF2,
F79E,
F109,
EA5B,
E790,
E7B8,
E961,
E9D1,
E91E,
E7AF,
E47D,
E0C8,
E18C,
E470,
E51A,
E4F2,
E749,
EA25,
EA8E,
E571,
DC17,
D36C,
CD80,
CB9F,
D0DD,
DA3D,
E5B4,
EF41,
EA30,
CF10,
AA73,
9149,
9123,
A25E,
B68D,
C9DC,
D70E,
D2D4,
C58E,
C15E,
C4C7,
C3A3,
C143,
C879,
D835,
E1BF,
E66B,
E9B4,
E5EF,
DFE9,
E080,
D70A,
C7F0,
C0C2,
BC41,
BC30,
C6CA,
CA5A,
C8BB,
D13D,
E148,
EE6F,
EB1B,
CC3E,
A6FF,
9ABD,
AE25,
D704,
0AE0,
2EE9,
2321,
F2E2,
CE85,
C36F,
C259,
C86C,
DB8B,
F0BC,
F1A0,
DFA3,
D787,
DCAF,
E88C,
FDE4,
041E,
F3D6,
E0F2,
CB6A,
BD9E,
CAB5,
D9D0,
E279,
EF40,
F26E,
EE8D,
F256,
F23E,
E7F4,
D94E,
C7D5,
C091,
C8D0,
D776,
E402,
E665,
D9B0,
C950,
C159,
C657,
D580,
E67D,
F22B,
F820,
F914,
F394,
E64B,
D7C5,
D012,
CC55,
C6FD,
C517,
C79E,
CC48,
D4B8,
DC0C,
DB1C,
D7E6,
D44A,
D0F5,
D71F,
E3E4,
E8E1,
E435,
D7A3,
C50E,
B60D,
B1AE,
B4BE,
B9A1,
BB58,
B945,
B5EE,
B5CA,
BAC4,
BFC9,
C113,
C488,
CAB7,
CEA5,
D20C,
D752,
DB1E,
DAFC,
D531,
CCC4,
C5F4,
BF8A,
B92E,
B56C,
B0BA,
AB68,
A74D,
A41A,
A78C,
B6A9,
C77A,
D0A2,
D073,
C941,
C128,
BF2B,
C292,
C47A,
C024,
BAE6,
BA2A,
BC86,
C059,
C5E9,
C778,
C433,
C3A8,
C9AC,
D0FB,
D624,
D79B,
D61C,
D0EE,
C778,
BD2B,
B6FF,
B4FF,
B6C9,
B90E,
B8E2,
B6B8,
B1C2,
A8F3,
A2B9,
A334,
A821,
ACBF,
B28D,
BDB4,
CDB8,
DCB2,
E83B,
EEBC,
F20E,
F4E6,
F6A4,
F5CF,
F6B0,
FA19,
FBD7,
F8FC,
F516,
F2C5,
F13A,
EC82,
E653,
E20B,
DE4F,
D52A,
C748,
B8DC,
AFFA,
ADC4,
AD71,
A776,
9BE1,
914D,
90B3,
9AB5,
AB29,
BC60,
CB1F,
D7B6,
E6E6,
F6E3,
05B8,
14BC,
2358,
2907,
21B6,
0EDB,
FA38,
EC6E,
E64C,
E1F4,
DE5D,
D7F9,
CD4F,
BEA3,
AF9D,
A4C8,
A1A0,
9F78,
9CF2,
9EA2,
A8F0,
B5ED,
BF31,
C18B,
C0CF,
BF64,
C5F9,
D458,
DFCE,
DEEC,
D967,
D533,
D67F,
D92A,
D9A3,
D3C4,
CCDB,
C533,
C230,
C232,
C485,
C50F,
C933,
C671,
BE65,
B440,
B6A0,
BB93,
CDD8,
B0B6,
A535,
AAD3,
A634,
A899,
ABED,
B944,
C8C5,
D916,
E14F,
E583,
E925,
F088,
F07D,
EA35,
E3C1,
DE81,
D22C,
C140,
AED7,
A158,
9B5D,
9D93,
A1DF,
A7C7,
AED8,
B5F6,
B9D9,
BE14,
C375,
C9BE,
CF1D,
D4F0,
D93B,
D778,
CC27,
BFD4,
B768,
AF00,
A6D2,
A6DB,
AB90,
ADA5,
AB96,
A9E7,
AC6A,
B377,
B7AF,
B82A,
BA22,
BEC5,
C18E,
C3D5,
CAAF,
D948,
E950,
F217,
F1AE,
EC2A,
E494,
DF6A,
DDE7,
DC45,
D8C6,
D5FC,
D1A4,
C8E2,
BF10,
B8A9,
B2B1,
AAB2,
A467,
A21F,
A1DA,
A6B4,
B13D,
BADD,
C003,
C126,
BDD5,
B924,
B5E8,
B94F,
C962,
DFCB,
F190,
FB13,
FA0B,
F235,
EA15,
E128,
DAE9,
DAE3,
D864,
CE63,
C03D,
B58F,
B850,
C732,
D46C,
DB1F,
DF45,
E6DD,
F343,
007D,
0AC4,
105F,
0CC3,
FE34,
E8D0,
DACC,
DF21,
E7C7,
E2BC,
D84E,
D17D,
C75C,
BC53,
BA91,
BE96,
C04C,
C1AE,
C94B,
D3C5,
D732,
D51B,
D9B2,
E57B,
EF8A,
F5B5,
F79E,
EFDC,
E011,
D2EE,
CF53,
D480,
DBD8,
D9F4,
CA52,
BC57,
C137,
CE7A,
D338,
D752,
E21D,
E904,
E9D5,
EC3B,
F0A2,
F1BE,
EFA9,
F1F8,
F943,
FAE1,
F502,
EF83,
EDF6,
EF97,
F332,
F7DD,
FBB0,
FF37,
06BF,
110C,
18F8,
1F20,
21C0,
1C0A,
112A,
08AB,
05EB,
0620,
04A7,
FEFE,
F430,
E53E,
D6E5,
CC82,
C7AD,
C5BD,
BFA3,
B5FE,
B3FE,
BC9E,
C694,
CAE4,
CB4A,
CDA9,
D51E,
DFE4,
ED81,
FD19,
07F5,
0CD4,
108C,
12F6,
1403,
1720,
1AB0,
1B1F,
1696,
0F94,
0DED,
117E,
117E,
0C89,
0748,
02F3,
0024,
FE19,
FB3F,
F843,
F633,
F4A7,
F3B9,
EF60,
E4FC,
DB76,
D612,
D026,
C9B8,
C66A,
CA0F,
D565,
DF8C,
E676,
EFE3,
F7C1,
FC72,
042F,
0C7A,
11C2,
16D3,
1B79,
1C73,
16FC,
0C9A,
0307,
FB2B,
F3BF,
EE1A,
EB65,
EBDD,
EFC9,
F502,
FA2F,
FE88,
015F,
0556,
0CC3,
159B,
1D5F,
2150,
1F31,
1BE2,
1B0D,
193D,
1761,
18E6,
1AEB,
1C16,
1E52,
2109,
249F,
28F7,
2A90,
29E6,
2B86,
30A2,
38CD,
43DB,
4CC4,
4EF5,
4E18,
4EDE,
4F95,
4D7E,
4725,
3DC7,
3580,
2E2C,
24A4,
1A8C,
10F0,
0892,
0611,
084E,
0866,
074F,
0973,
0EE7,
15DF,
1AF3,
1B93,
1ACD,
1CA0,
1F62,
204B,
20DA,
24F7,
2C6E,
330B,
34AB,
3137,
2CAE,
2C86,
3249,
3981,
3CAE,
3B35,
3814,
3789,
3E55,
4BA8,
5662,
5737,
51A7,
4DF4,
4F0B,
531D,
575B,
58C5,
5566,
4F65,
4999,
442A,
4005,
3E0D,
39FE,
31F2,
2AE8,
26A7,
2462,
23B7,
2123,
1D08,
1AEA,
17ED,
1452,
14FE,
163F,
14A4,
12AC,
11A4,
1204,
1278,
1082,
1172,
17AF,
1C4E,
1CF1,
1E0A,
225B,
2973,
2E9D,
3075,
32E4,
3593,
35CE,
3294,
2AF6,
255D,
2785,
2B56,
2D00,
2F5B,
3232,
36B7,
3D5E,
42EB,
482D,
4BC9,
4923,
4673,
4B8F,
54F3,
5BD5,
5B2C,
530D,
4C7A,
4A6F,
488E,
481E,
4AB8,
4EBA,
561E,
5F12,
6610,
6CE9,
7216,
73D2,
7693,
7AFC,
7E8D,
7FFF,
7CF7,
7673,
7079,
6AC3,
656D,
5F6E,
55FA,
4AB9,
41CE,
3B9A,
38DB,
3869,
34B6,
2AB6,
1EEF,
16F0,
14A7,
170F,
1D47,
2709,
30A1,
33A1,
303E,
2B4B,
2877,
2A4D,
2EE8,
3047,
30BC,
3552,
3AEC,
3CB6,
3CF0,
3F8F,
4526,
4C3E,
5447,
5AE3,
5C13,
58D4,
55FF,
53A0,
4E31,
45FC,
3E6D,
384B,
34C2,
3425,
3368,
3127,
3035,
30AB,
31A9,
32AB,
3489,
390D,
3E27,
3FFC,
3D62,
34C4,
2956,
2319,
2367,
27B7,
2FBA,
372A,
3A34,
3AD4,
3D84,
4400,
4CD3,
5501,
5B17,
5B86,
560A,
5263,
5556,
59CD,
5A1A,
547A,
4BED,
4607,
4471,
4596,
4742,
44FB,
3F90,
3CD2,
3DE0,
3FCF,
4266,
4645,
4B68,
4F08,
4FBE,
50E0,
54A0,
588C,
5AC6,
5914,
5260,
4AA0,
4663,
453C,
462D,
47E8,
483A,
475C,
491C,
4DD3,
515D,
5166,
51B4,
530A,
51B1,
4E5D,
4D04,
4CCD,
4C59,
4A8D,
456D,
3E9C,
3A33,
3797,
3526,
340D,
3538,
35E2,
340A,
30EE,
3011,
31C0,
336A,
33CE,
3413,
30F1,
2A16,
2694,
28A4,
2C1E,
3248,
3806,
3652,
3236,
31BC,
2F31,
2BA2,
2D82,
30E4,
325C,
3496,
35E6,
37A5,
3EDE,
46B5,
4962,
49BD,
4923,
4730,
45F6,
45DD,
47CE,
4A61,
46EE,
3E6E,
38F5,
3684,
34C3,
3616,
3916,
3A3E,
3909,
336B,
2A17,
2495,
2656,
2BC7,
3105,
33D8,
3429,
3390,
3329,
35BF,
3A79,
3C9C,
3A5A,
33FC,
2DBB,
311C,
3CA4,
47CE,
5130,
5672,
5437,
4E43,
4841,
454C,
459F,
448B,
436D,
4363,
3F08,
3B80,
3C7B,
3AB5,
3845,
3985,
3604,
2EE8,
2D3F,
32C7,
3C9C,
4491,
42BD,
3888,
2C61,
254C,
26F1,
2C36,
30AF,
3395,
2F86,
24F9,
1E5D,
2113,
2C5B,
3BFD,
46DA,
4A0E,
4530,
3661,
257F,
1B67,
1252,
07CE,
0017,
FEA3,
087F,
1C96,
2DE6,
3466,
2E26,
1D40,
0CC0,
07D3,
0CB1,
1226,
1116,
09BF,
FEAF,
F1CC,
E5B9,
DE3D,
DC4C,
E044,
EA47,
F7DC,
0388,
09B9,
0A6C,
070E,
FEFD,
F246,
E48E,
DBD6,
DD9E,
EB10,
FB7E,
0735,
0B04,
055F,
FA84,
F599,
FACE,
0575,
0B9D,
0909,
02A8,
FC88,
F623,
F14B,
F030,
F22C,
F5EF,
FA49,
FDED,
0132,
03D2,
0481,
03E0,
03DC,
03F6,
04CB,
071B,
0D57,
1629,
1A78,
18AB,
1405,
0B72,
0431,
0220,
FEF1,
FB6D,
FD4D,
0120,
03E5,
04F3,
04A3,
05C4,
0975,
0D55,
108A,
1213,
10E5,
0B4E,
0253,
FA8E,
F79A,
F7E6,
F899,
F938,
F94B,
F84A,
F895,
FB2F,
FF2E,
029B,
0566,
0928,
0B46,
0760,
019F,
FB84,
F51F,
F31B,
F503,
F6C1,
F90D,
FA3D,
F8F6,
F515,
EE05,
E71B,
E48A,
E51C,
E70A,
E7A5,
E70E,
E5AE,
E27F,
DED0,
DFC8,
E2F7,
E403,
E49E,
E7D5,
EB1C,
EB50,
E53A,
DA97,
D14A,
CB70,
C9E5,
CFC6,
DA06,
E67A,
F0E2,
EBAE,
CED8,
A7A6,
8C86,
8C54,
9F19,
B568,
CB4F,
DA5A,
D52C,
C578,
C018,
C375,
C243,
BFFF,
C82A,
D910,
E229,
E5AA,
E891,
E48E,
DEF1,
E15B,
D883,
C8F5,
C1D1,
BCC3,
BBED,
C70E,
CB31,
CA1B,
D37A,
E383,
F06B,
EDDB,
D03D,
ABED,
9F47,
B090,
D756,
09E1,
2D49,
2298,
F472,
D097,
C4A8,
C30A,
C909,
DC1B,
F158,
F2E9,
E241,
DAE4,
E008,
EB43,
FF15,
0462,
F3E7,
E033,
CA4A,
BD0C,
CA8A,
DA93,
E41F,
F08A,
F2CE,
EDC7,
F07D,
F09A,
E73D,
D95A,
C86F,
C0D8,
C7D7,
D545,
E10B,
E331,
D6F3,
C772,
C041,
C597,
D495,
E50C,
F026,
F597,
F5EF,
EFF8,
E2AC,
D469,
CD22,
CA51,
C667,
C5C6,
C8CD,
CD0E,
D45B,
DA59,
D88B,
D52E,
D1FF,
CF3B,
D5B1,
E286,
E780,
E2D2,
D645,
C3C8,
B507,
B11A,
B495,
B9A0,
BB1D,
B8B1,
B52B,
B4F3,
B9C8,
BE73,
BF54,
C2E1,
C9B8,
CE54,
D216,
D753,
DA9D,
D99E,
D2F1,
CA01,
C327,
BD06,
B716,
B3B0,
AF0B,
A995,
A580,
A284,
A652,
B5E9,
C714,
D058,
D02C,
C8DE,
C098,
BE9B,
C236,
C46D,
C048,
BB1E,
BA76,
BCDB,
C0C7,
C69C,
C820,
C45A,
C35E,
C974,
D15C,
D747,
D96B,
D883,
D3A1,
C9F5,
BF24,
B880,
B65B,
B874,
BB27,
BB0C,
B842,
B1F3,
A777,
A006,
A03D,
A5A1,
AB01,
B187,
BD39,
CDA1,
DD0C,
E965,
F11F,
F5CF,
F9DB,
FC17,
FAC2,
FACB,
FD98,
FEEA,
FB83,
F6C9,
F3A9,
F19E,
EC56,
E565,
E07A,
DC46,
D29F,
C446,
B5A3,
AD0C,
ABA8,
AC49,
A71A,
9C29,
9200,
9194,
9BA5,
AC22,
BD54,
CBE6,
D82E,
E72D,
F6EA,
0521,
133B,
20CD,
257C,
1D9C,
0AAD,
F64D,
E928,
E3F6,
E06F,
DD1C,
D645,
CB11,
BC7D,
AE34,
A44A,
A1DA,
9FFE,
9D8E,
9F52,
A9A7,
B696,
BFC2,
C1DF,
C0E1,
BF6C,
C64A,
D4F7,
E039,
DE5B,
D787,
D253,
D34B,
D628,
D6E7,
D117,
CA41,
C2CB,
C028,
C0E7,
C443,
C577,
C9BF,
C6D3,
BE8B,
B459,
B763,
BD6A,
D0A4,
B2AD,
A622,
AAA8,
A4F7,
A6C9,
A9F4,
B79A,
C768,
D7CC,
DFC3,
E375,
E6AF,
EE52,
EEFC,
E986,
E3E0,
DF41,
D2FE,
C17F,
AE58,
A09F,
9AED,
9DA5,
A280,
A8B7,
AF9D,
B650,
B9FC,
BE91,
C45F,
CA9F,
CFE0,
D5E6,
DA85,
D931,
CE06,
C11C,
B7B6,
AE58,
A521,
A448,
A885,
AAA6,
A932,
A830,
AAD9,
B1DF,
B67A,
B7D8,
BAEC,
C068,
C379,
C5D5,
CCD7,
DB94,
EBA7,
F423,
F2FE,
ECE6,
E558,
E091,
DF71,
DDEA,
DA09,
D674,
D133,
C7D3,
BE14,
B870,
B3A7,
ACD9,
A735,
A503,
A47A,
A8DE,
B30B,
BC82,
C147,
C1D9,
BE14,
B93C,
B618,
B996,
C95B,
DEFB,
EFFB,
F940,
F870,
F112,
E995,
E13A,
DB4E,
DB5B,
D8D6,
CED7,
C09F,
B5D2,
B883,
C722,
D3F0,
DA8F,
DF14,
E731,
F3E9,
012E,
0BA3,
11EF,
0EF8,
0003,
E989,
DB3A,
E039,
E915,
E351,
D849,
D197,
C7AD,
BC89,
BABC,
BEFB,
C0FC,
C2AC,
CAE0,
D63F,
DA1E,
D79B,
DB70,
E682,
F018,
F656,
F873,
F062,
DFE5,
D1D7,
CD34,
D193,
D882,
D6D1,
C81C,
BB05,
BFFF,
CD2F,
D270,
D74D,
E253,
E906,
E9B8,
EC00,
EFFF,
F0EE,
EF10,
F165,
F83A,
F909,
F271,
ED01,
EC2D,
EE72,
F29A,
F7FA,
FC9A,
00E1,
091F,
144D,
1D63,
2485,
27A0,
221A,
16FF,
0DCE,
0A53,
09CF,
0777,
012A,
F5DA,
E5EB,
D65B,
CB0E,
C59B,
C34C,
BD63,
B493,
B367,
BC37,
C5ED,
C9F9,
CA2B,
CC74,
D3E3,
DE71,
EB7E,
FA56,
0469,
088B,
0B9A,
0D68,
0E25,
11A2,
1629,
17D2,
1477,
0E34,
0D08,
113D,
11EF,
0D79,
0876,
043F,
01BB,
000F,
FD59,
FA61,
F834,
F66C,
F53E,
F06F,
E582,
DBF4,
D70B,
D1DC,
CC53,
C9AB,
CD66,
D883,
E29E,
E9DF,
F3E5,
FC30,
00D1,
080C,
0F8E,
1422,
18D9,
1D33,
1D85,
172F,
0C12,
0224,
FA3E,
F2FC,
EDB1,
EB76,
EC85,
F102,
F679,
FBC2,
006E,
03AC,
07FE,
0F88,
17C9,
1E7F,
2192,
1ED0,
1AC0,
18E7,
161E,
13C8,
154F,
1785,
190F,
1BD9,
1F0B,
2310,
281A,
2AA2,
2ACB,
2CCB,
31DE,
3A2E,
45FB,
4F9F,
51CC,
5088,
510F,
5173,
4EC3,
47FA,
3E8C,
3668,
2F68,
2681,
1D37,
141F,
0BD7,
0955,
0B9D,
0BB8,
0AAF,
0CBA,
11AB,
17E0,
1C16,
1BA0,
19CD,
1AF5,
1D51,
1DF6,
1EA9,
2333,
2ACA,
3119,
3271,
2F2D,
2B2C,
2B5C,
3129,
3856,
3B70,
39D4,
368D,
35C4,
3C29,
48FE,
535E,
5414,
4E77,
4AC8,
4C07,
5066,
553A,
5793,
5520,
4FAF,
4A26,
44F1,
410D,
3F45,
3B25,
329D,
2ACE,
25F2,
2376,
22AA,
1FE1,
1BDD,
1A35,
17AF,
147B,
158A,
170A,
15AB,
1430,
13E2,
14B4,
14CE,
1210,
12A8,
18FE,
1D82,
1D9B,
1DF0,
2187,
2831,
2D5F,
2FA2,
3294,
3570,
3588,
327F,
2BA4,
26CA,
292B,
2D00,
2EF5,
31A8,
348B,
38EB,
3F49,
445B,
4941,
4CF6,
4ABC,
4846,
4D02,
55CA,
5C89,
5C47,
5480,
4DE3,
4B9F,
49AA,
4983,
4CA2,
50F1,
585B,
6138,
67F1,
6E77,
7361,
74C1,
770F,
7B1B,
7E80,
7FFF,
7D1A,
769C,
7090,
6AE1,
65C9,
5FFC,
5681,
4B4D,
42B6,
3CD6,
3A2A,
396E,
3513,
2A41,
1DBD,
1539,
1293,
148C,
1A32,
2388,
2D08,
3020,
2CD4,
27D7,
24E0,
26AF,
2B6D,
2D0B,
2DDA,
32B2,
3847,
39EC,
3A16,
3CCB,
4296,
49F9,
527B,
59B9,
5B8B,
58DC,
567B,
5471,
4F4F,
4787,
4081,
3ACD,
378A,
3721,
368D,
3477,
33AC,
3418,
34D4,
3580,
3720,
3B99,
40DB,
42C8,
3FF3,
36ED,
2B2B,
24B3,
24D8,
291B,
3134,
38B5,
3B9B,
3BEC,
3E3F,
446A,
4D23,
5570,
5BAD,
5C1F,
568B,
52E0,
55E7,
5A63,
5A8F,
5488,
4B7A,
4558,
43DB,
453C,
4725,
44EE,
3F54,
3C59,
3D43,
3F2A,
41D9,
45F6,
4B55,
4F00,
4FAE,
50CA,
5464,
5823,
5A77,
5905,
525E,
4A7D,
4626,
44F7,
45F9,
47D7,
4854,
47B5,
49D0,
4EDB,
5283,
528B,
52FE,
5485,
5332,
4FD8,
4E86,
4E41,
4DCA,
4C24,
4713,
4013,
3B69,
3896,
35ED,
34AB,
35DA,
3683,
347D,
313C,
3056,
31E6,
336B,
33D5,
3428,
30F4,
2A04,
266F,
2858,
2B91,
314E,
3676,
3443,
2FF7,
2FA9,
2D94,
2A83,
2CC2,
3066,
31E1,
33E6,
350C,
36DA,
3E6B,
46D1,
49EC,
4A85,
4A1C,
483B,
46F1,
46DD,
48E0,
4B7A,
4805,
3F7E,
3A12,
37CB,
3608,
3759,
3A9F,
3C1A,
3B17,
35B3,
2C79,
2714,
2911,
2E83,
3368,
35D0,
359E,
34A1,
3462,
3782,
3C9F,
3EB8,
3BC3,
3416,
2CAB,
2FB6,
3BAC,
47B8,
520A,
57D0,
5585,
4F21,
48B3,
45B5,
4652,
4578,
444C,
43E0,
3EF8,
3AFF,
3BAC,
39A8,
3730,
38C4,
35C8,
2F2B,
2DEA,
3385,
3CA8,
435C,
4084,
363C,
2B16,
257F,
2806,
2D01,
303F,
3190,
2C2F,
2140,
1B4A,
1EEC,
2AC6,
3AA6,
457E,
48A4,
4401,
35A5,
251E,
1B0B,
1173,
0608,
FD67,
FB97,
0632,
1BBC,
2E33,
351D,
2EB6,
1D9C,
0D40,
088B,
0D57,
1272,
10D1,
08F9,
FDFB,
F1C9,
E66F,
DF25,
DCC5,
DFCA,
E898,
F55F,
0124,
081D,
09EB,
07A4,
0000,
F307,
E51B,
DC90,
DEC0,
EC99,
FCF8,
081B,
0B2C,
0500,
F9FD,
F51E,
FA44,
04CC,
0AF9,
08C4,
0346,
FE61,
F91A,
F4BD,
F360,
F4B8,
F7F8,
FC5F,
007E,
040C,
0654,
0620,
0493,
0434,
0498,
0615,
08ED,
0F50,
180E,
1C48,
1A6B,
15CB,
0D53,
0633,
0421,
0097,
FC99,
FE35,
01F8,
04BD,
0593,
04A6,
051C,
088F,
0CB9,
108B,
127C,
1137,
0B27,
019D,
F995,
F6DC,
F771,
F832,
F8C1,
F8A1,
F746,
F72F,
F962,
FCF7,
0016,
02B1,
067D,
08E6,
0556,
FFD5,
F9BE,
F323,
F0FF,
F308,
F4F1,
F75B,
F874,
F6C5,
F261,
EAE9,
E3D7,
E17E,
E26A,
E48C,
E54D,
E4DC,
E395,
E06E,
DCC7,
DDF0,
E16A,
E2E4,
E451,
E874,
EC2A,
EC21,
E503,
D90F,
CF21,
C964,
C83A,
CEC0,
D9E1,
E759,
F2A3,
ED4B,
CEBC,
A4E7,
87C5,
8789,
9BE3,
B466,
CD06,
DDFA,
D7BE,
C570,
BEBF,
C200,
C0BC,
BEA1,
C7CF,
D9E8,
E286,
E4D9,
E76D,
E333,
DE00,
E242,
D9FE,
C9ED,
C2D3,
BD38,
BB9D,
C74E,
CC02,
CB6C,
D59F,
E59E,
F247,
F081,
D422,
B0B3,
A396,
B2B3,
D760,
089E,
2B6F,
21E3,
F5DE,
D281,
C5BB,
C398,
C989,
DC94,
F1E4,
F431,
E4ED,
DE4F,
E363,
EDDF,
0009,
044E,
F393,
DF0F,
C8CA,
BC27,
CA16,
DB16,
E588,
F18A,
F2DA,
ECB5,
EE6A,
EEDA,
E68A,
D97A,
C919,
C120,
C6C8,
D2EA,
DDDC,
DFBC,
D3F1,
C54B,
BED3,
C474,
D345,
E33E,
EDD0,
F2C1,
F27F,
EC16,
DED5,
D0F2,
CA34,
C85F,
C5DD,
C662,
C9C2,
CD82,
D3A7,
D863,
D5D3,
D256,
CF89,
CD49,
D401,
E0E6,
E5EC,
E14F,
D4D4,
C277,
B3FB,
B080,
B461,
B98B,
BAC4,
B7F8,
B443,
B3FF,
B8BB,
BD1B,
BDA6,
C149,
C8B7,
CDF1,
D205,
D737,
DA0A,
D840,
D0BE,
C74C,
C057,
BA71,
B4EC,
B1E4,
AD52,
A7BA,
A3A5,
A0DE,
A4FD,
B4FB,
C670,
CFCA,
CF9F,
C837,
BFD0,
BDE1,
C1BE,
C450,
C069,
BB58,
BABE,
BD23,
C124,
C73B,
C8C1,
C494,
C333,
C952,
D1C1,
D861,
DB2A,
DAD7,
D644,
CC6A,
C118,
B9F3,
B79E,
B9F7,
BD0D,
BCFC,
B98B,
B1E0,
A5BB,
9D1D,
9D15,
A2F9,
A91F,
B05D,
BC91,
CD52,
DD29,
EA5A,
F360,
F98B,
FEE1,
0196,
FFAF,
FECD,
00E9,
01BF,
FDC9,
F83F,
F454,
F1CB,
EBF1,
E431,
DE8A,
D9C7,
CF9D,
C0DA,
B20F,
A9D7,
A956,
AAF8,
A69D,
9C50,
9284,
9235,
9C4E,
ACDB,
BE11,
CC7C,
D87B,
E741,
F6A9,
0429,
1148,
1DC8,
2181,
192B,
064B,
F251,
E5EA,
E1B0,
DEEF,
DBC7,
D46A,
C8AE,
BA47,
ACD5,
A3E4,
A229,
A081,
9DFF,
9FAB,
A9E5,
B6BC,
BFE1,
C1DF,
C0BA,
BF4C,
C671,
D561,
E071,
DDA9,
D59E,
CF80,
D033,
D340,
D441,
CE79,
C7AE,
C061,
BE0C,
BF6B,
C3C0,
C59E,
CA14,
C70D,
BEA1,
B469,
B812,
BF1A,
D348,
B4DB,
A764,
AAE8,
A43F,
A585,
A876,
B645,
C63B,
D692,
DE32,
E15C,
E42E,
EC09,
ED70,
E8E6,
E41E,
E027,
D402,
C204,
AE3A,
A062,
9B08,
9E45,
A3A6,
AA1B,
B0C0,
B6F0,
BA58,
BF3B,
C56C,
CB9F,
D0C2,
D6EE,
DBCC,
DAE0,
CFF1,
C28E,
B846,
AE0F,
A3E8,
A232,
A5F4,
A825,
A74F,
A6F2,
A9A9,
B087,
B56F,
B7AC,
BBDA,
C227,
C57A,
C7E5,
CF06,
DDD6,
EDE1,
F612,
F448,
EDBC,
E655,
E1FE,
E140,
DFCF,
DB84,
D71B,
D0E6,
C6E6,
BD3F,
B860,
B4CE,
AF45,
AA54,
A841,
A781,
AB71,
B536,
BE74,
C2D3,
C2DB,
BEAE,
B9AF,
B6A0,
BA2C,
C984,
DE32,
EE49,
F739,
F6A4,
EFCF,
E90A,
E154,
DBBC,
DBCE,
D944,
CF57,
C12B,
B667,
B918,
C763,
D3A7,
DA17,
DEE8,
E76E,
F452,
0181,
0C0E,
1302,
10BE,
017F,
EA0E,
DB97,
E14F,
EA64,
E3FC,
D875,
D1F4,
C85A,
BD32,
BB64,
BFD4,
C20F,
C3FC,
CCB8,
D8E8,
DD2F,
DA38,
DD37,
E780,
F098,
F6F0,
F94E,
F111,
E011,
D13B,
CB9A,
CF26,
D5A7,
D42C,
C674,
BA48,
BF4D,
CC54,
D205,
D786,
E29B,
E8F5,
E970,
EB83,
EF08,
EFC2,
EE20,
F081,
F6E5,
F6EF,
EFAC,
EA58,
EA4D,
ED4A,
F20C,
F822,
FD89,
0285,
0B5F,
1754,
2185,
299A,
2D2E,
27E3,
1CA5,
12DC,
0EB7,
0D77,
0A36,
0345,
F77E,
E6AE,
D606,
C9ED,
C3FA,
C163,
BBC2,
B3DA,
B379,
BC5A,
C5BA,
C97E,
C97A,
CBA8,
D301,
DD40,
E9A3,
F79C,
00D0,
0430,
0695,
07CD,
0845,
0C1C,
1190,
146B,
123C,
0CBE,
0C0C,
10D8,
1234,
0E3E,
097A,
056B,
033D,
01EF,
FF55,
FC58,
FA0C,
F815,
F6B1,
F17B,
E61F,
DC9C,
D83D,
D3E1,
CF50,
CD57,
D11F,
DBE6,
E5E1,
ED7C,
F817,
00CA,
0558,
0BFE,
12A1,
1677,
1AC6,
1EC8,
1E73,
174F,
0B97,
016B,
F98F,
F284,
ED9D,
EBDF,
ED7E,
F27B,
F81A,
FD6B,
025B,
05F4,
0A98,
122E,
19BD,
1F4D,
217B,
1E1E,
194C,
166F,
12BB,
0FF8,
117C,
13D9,
15B7,
1904,
1CB2,
212C,
26EC,
2A6A,
2B69,
2DC5,
32C4,
3B31,
47B3,
5204,
5427,
5281,
52D4,
52E7,
4FA1,
4874,
3F08,
371C,
3084,
2859,
1FF1,
1771,
0F4C,
0CBE,
0EFE,
0F1D,
0E32,
1030,
149C,
1A02,
1D50,
1BCA,
18F2,
1973,
1B68,
1BC9,
1C94,
2175,
2916,
2F0C,
301B,
2D0A,
298E,
2A07,
2FC0,
36C9,
39CC,
3824,
34D0,
33CF,
39B6,
45E1,
4FC8,
505E,
4AC2,
4723,
488D,
4D34,
5294,
55D4,
544F,
4F7F,
4A4A,
455D,
41C3,
4028,
3BFA,
3305,
2A81,
2519,
2271,
2182,
1E84,
1AA1,
1978,
177A,
14C6,
1645,
180E,
16F3,
15FC,
1678,
17CD,
178B,
1401,
1434,
1A8B,
1EE9,
1E7D,
1E14,
20EC,
2715,
2C35,
2EDB,
3247,
354B,
3546,
3279,
2C71,
2861,
2AF3,
2EC2,
30F6,
33F1,
36D3,
3AFB,
40F0,
456F,
49EB,
4DAA,
4BDC,
499E,
4DE4,
55F0,
5C71,
5C93,
5540,
4EB5,
4C48,
4A50,
4A7A,
4E1B,
52B2,
5A14,
62D0,
6942,
6F64,
73F0,
74E6,
76BE,
7A6E,
7DA9,
7F43,
7C7F,
7616,
7005,
6A6E,
65AA,
602B,
56D4,
4BD7,
43A6,
3E1B,
3B77,
3A5F,
355B,
29CD,
1CAC,
13B8,
10B1,
1227,
1721,
1FF2,
2946,
2C77,
295D,
2477,
216E,
2336,
2810,
29F1,
2B21,
302A,
35A1,
3713,
3727,
39E9,
3FD7,
476E,
504C,
580A,
5A6E,
5850,
566A,
54BF,
4FFF,
48BF,
425A,
3D2B,
3A3D,
3A06,
3999,
37AF,
3708,
3767,
37DE,
3836,
3992,
3DE1,
4327,
451C,
421B,
38D7,
2CF6,
265E,
265C,
2A88,
32A2,
3A2B,
3CFB,
3D10,
3F07,
44CF,
4D54,
55A7,
5BF5,
5C65,
56CA,
5325,
562C,
5A92,
5A91,
5434,
4AC5,
447F,
431E,
44B1,
46C9,
44A6,
3EF4,
3BCC,
3C94,
3E6E,
4124,
4565,
4AE5,
4E8A,
4F2E,
5041,
53AB,
5736,
599D,
586C,
51EA,
4A09,
45AC,
447D,
458B,
4787,
4831,
47D6,
4A44,
4F8C,
5342,
534A,
53DF,
5594,
5454,
5108,
4FBF,
4F64,
4EE3,
4D61,
486E,
415A,
3C81,
397D,
36A3,
353D,
3669,
370A,
34DE,
3185,
3092,
31F8,
334F,
33B4,
340A,
30CE,
29DF,
2641,
27F8,
2AE0,
3019,
3499,
31F3,
2D89,
2D6C,
2BD7,
2953,
2BEE,
2FC9,
3141,
330B,
3402,
35D8,
3DAB,
4684,
4A08,
4AE7,
4AB9,
48F5,
47A0,
4790,
4996,
4C28,
48BE,
4054,
3B09,
38F2,
372E,
386E,
3BE7,
3DAC,
3CE0,
37CD,
2EDC,
29B1,
2BE9,
3149,
35B9,
3797,
36C9,
3562,
355B,
391D,
3EB0,
40CA,
3D1F,
3422,
2B90,
2E31,
3A78,
475C,
5297,
58D8,
567C,
4FAB,
48D8,
45DC,
46CC,
4639,
44FD,
4415,
3E90,
3A1C,
3A70,
383B,
35CC,
37AA,
3531,
2F23,
2E58,
340C,
3C7A,
41DB,
3DF7,
339C,
297B,
256B,
28DF,
2D9D,
2FB0,
2F68,
28AB,
1D5A,
1803,
1C84,
28E7,
38FF,
43D6,
46F2,
4291,
34BB,
24A5,
1A9E,
108C,
0448,
FACB,
F8B9,
0413,
1AEE,
2E6C,
35AD,
2F16,
1DD4,
0DB7,
0951,
0E20,
12EE,
10C6,
0874,
FD85,
F1FC,
E762,
E05D,
DDA0,
DFBC,
E749,
F322,
FEE5,
069F,
098B,
085C,
012A,
F3FD,
E5E6,
DD8A,
E018,
EE3E,
FE7D,
0909,
0B5F,
04AE,
F98A,
F4B2,
F9B1,
0406,
0A31,
0863,
03CB,
0023,
FC07,
F83C,
F6AA,
F757,
FA01,
FE56,
02DD,
06AB,
089F,
079C,
0535,
047E,
0522,
0731,
0A7F,
10F9,
199B,
1DD0,
1BFE,
1778,
0F2C,
0831,
0611,
022F,
FDC5,
FF1C,
02C6,
057E,
0618,
048E,
0457,
077C,
0BE1,
1043,
1294,
1142,
0AD3,
00DB,
F8A7,
F62A,
F700,
F7CC,
F846,
F7F5,
F64A,
F5DB,
F7A3,
FAC3,
FD85,
FFE0,
039D,
0641,
0317,
FDEF,
F7F5,
F13C,
EEFC,
F115,
F319,
F590,
F682,
F46D,
EF98,
E7DB,
E0C0,
DEA2,
DFD3,
E214,
E2F6,
E2B2,
E190,
DE7A,
DAE3,
DC36,
DFF5,
E1E5,
E432,
E947,
ED6C,
ED1D,
E4F4,
D7BA,
CD3B,
C7B0,
C6F6,
CE1B,
DA0C,
E87A,
F498,
EF25,
CF09,
A2C8,
83C6,
8380,
9957,
B3FD,
CF4A,
E219,
DAC4,
C5D0,
BDBA,
C0C9,
BF72,
BD8D,
C7C1,
DAF5,
E304,
E425,
E671,
E210,
DD4C,
E361,
DBB2,
CB28,
C421,
BE03,
BBA7,
C7DF,
CD1B,
CCFA,
D7E6,
E7BB,
F411,
F320,
D82A,
B5C5,
A831,
B500,
D75D,
0708,
2915,
20CB,
F730,
D487,
C6FE,
C45F,
CA3D,
DD2A,
F274,
F586,
E7C9,
E1F8,
E6E4,
F077,
00BC,
03D8,
F2EC,
DDB8,
C743,
BB59,
C9AC,
DB91,
E6D8,
F254,
F2A7,
EB78,
EC3E,
ED1D,
E606,
D9EB,
CA29,
C1CA,
C600,
D0B0,
DAAE,
DC3A,
D0F1,
C337,
BD74,
C349,
D1D5,
E141,
EB46,
EFB6,
EEDE,
E814,
DB00,
CDAD,
C7A0,
C6D8,
C5BB,
C745,
CACF,
CDF1,
D2E3,
D667,
D335,
CFA7,
CD33,
CB6B,
D251,
DF33,
E44D,
DFDB,
D392,
C17B,
B360,
B05C,
B498,
B9CF,
BAB9,
B78C,
B3B0,
B368,
B80C,
BC2A,
BC6F,
C024,
C809,
CDC9,
D220,
D73D,
D9A1,
D720,
CEE3,
C4FD,
BDE9,
B83C,
B326,
B082,
AC0E,
A661,
A24D,
9FBC,
A41C,
B44F,
C5E0,
CF3D,
CF13,
C7A3,
BF34,
BD66,
C18C,
C480,
C0E6,
BBFB,
BB69,
BDC4,
C1CE,
C81D,
C9AF,
C53E,
C386,
C998,
D26E,
D9AA,
DD0B,
DD4D,
D914,
CF23,
C363,
BBC1,
B932,
BBB7,
BF1E,
BF13,
BAFB,
B200,
A44C,
9A98,
9A59,
A0B7,
A79E,
AF88,
BC22,
CD16,
DD3F,
EB3B,
F592,
FD4B,
03F3,
0718,
048D,
02AE,
0405,
0454,
FFD1,
F984,
F4D8,
F1D7,
EB74,
E2E2,
DC6D,
D70F,
CC71,
BD66,
AE9D,
A6E3,
A755,
AA01,
A685,
9CEA,
937D,
933A,
9D46,
ADD2,
BEFA,
CD33,
D8DD,
E74B,
F62E,
02CB,
0EC9,
1A1F,
1CEA,
1444,
01AF,
EE5E,
E2DF,
DFA7,
DDA5,
DA98,
D2AE,
C67F,
B870,
AC03,
A429,
A320,
A195,
9EDE,
A041,
AA2D,
B6D1,
BFF4,
C1F0,
C0C1,
BF68,
C6C7,
D5D7,
E0A6,
DD0C,
D3F1,
CD09,
CD86,
D0BE,
D1F6,
CC38,
C57B,
BE55,
BC3E,
BE1E,
C354,
C5DB,
CA82,
C774,
BF09,
B4E3,
B91A,
C103,
D605,
B91C,
AB3C,
ADCA,
A679,
A732,
A9C7,
B73B,
C6C8,
D685,
DD8A,
E019,
E272,
EA45,
EC61,
E8F1,
E52E,
E1F7,
D64E,
C462,
B09D,
A320,
9E4E,
A1F5,
A7A9,
AE1E,
B441,
B9B7,
BCBC,
C1BF,
C81C,
CE15,
D2F6,
D90E,
DDF3,
DD6A,
D312,
C5B3,
BAF0,
B048,
A599,
A31D,
A649,
A880,
A84A,
A883,
AB20,
B18D,
B68B,
B989,
BEA8,
C58C,
C900,
CB62,
D269,
E0D7,
F05F,
F815,
F5D0,
EF1F,
E82B,
E467,
E408,
E2B2,
DE19,
D8F9,
D1FD,
C7A5,
BE57,
BA56,
B80C,
B3F0,
AFDA,
ADFD,
AD1A,
B085,
B998,
C252,
C62C,
C5B8,
C14F,
BC4D,
B962,
BCDB,
CB49,
DE5D,
ED05,
F553,
F4FB,
EEE6,
E911,
E23F,
DD1E,
DD2A,
DAAD,
D125,
C380,
B932,
BBE2,
C96A,
D4B9,
DABA,
DFA3,
E839,
F4CA,
016B,
0BB3,
1311,
1194,
028C,
EAEF,
DCD5,
E326,
EC39,
E574,
D9DA,
D3C4,
CAC9,
C000,
BE47,
C2C2,
C514,
C71D,
D011,
DCA7,
E12A,
DDD1,
DFDD,
E90E,
F16D,
F7B8,
FA55,
F246,
E168,
D259,
CBF5,
CE9A,
D480,
D346,
C6ED,
BBFE,
C0DD,
CD4B,
D32D,
D908,
E3B3,
E967,
E993,
EB51,
EE37,
EEB4,
ED5B,
EFBD,
F592,
F4EA,
ED3F,
E835,
E8FB,
ECA9,
F1EE,
F88C,
FE88,
0402,
0D1B,
1962,
2450,
2D10,
30FF,
2C1E,
211F,
1720,
1284,
1096,
0C82,
0521,
F944,
E828,
D703,
CA95,
C46B,
C1B9,
BC99,
B5D6,
B62F,
BEC3,
C77F,
CADE,
CAA5,
CCA8,
D3AB,
DD42,
E897,
F53D,
FD4A,
FFD7,
018B,
0232,
026E,
0682,
0CA8,
108C,
0F86,
0AEF,
0AB5,
0FE5,
11D3,
0E72,
0A0A,
0645,
0483,
0399,
0122,
FE2A,
FBCE,
F9C1,
F83F,
F2D8,
E77A,
DE53,
DAA2,
D742,
D3CD,
D290,
D643,
E053,
E9DC,
F19B,
FC7B,
0553,
09AB,
0F82,
1514,
1810,
1BD2,
1F5B,
1E6A,
16C2,
0AE3,
00DD,
F951,
F2BA,
EE5C,
ED23,
EF3A,
F47D,
FA09,
FF2C,
042C,
07FB,
0CC7,
1424,
1ABE,
1EFB,
2039,
1C63,
16F9,
1334,
0EC5,
0BB7,
0D28,
0F8F,
11A5,
154D,
195A,
1E2F,
2479,
28CF,
2A9B,
2D39,
31F8,
3A41,
4714,
51BB,
53C1,
51CD,
51F3,
51BD,
4E00,
46AF,
3D97,
3625,
3032,
2907,
21C3,
1A20,
125E,
0FCE,
11E5,
1206,
114F,
1340,
1710,
1B82,
1DD4,
1B58,
17A2,
1783,
1907,
1922,
19F3,
1EEF,
2650,
2BBE,
2C81,
29B8,
26D0,
277D,
2CE3,
3380,
3656,
34C6,
3193,
306A,
359A,
40A8,
49BB,
4A2E,
44C6,
4158,
42E4,
47AB,
4D62,
5160,
50CD,
4CC6,
4814,
439A,
4068,
3F03,
3AE4,
31D2,
28E8,
232E,
2078,
1F6B,
1C50,
18B2,
1811,
16B2,
14A0,
1691,
189D,
17D3,
1766,
18AF,
1A86,
19ED,
15B2,
1578,
1B91,
1FA5,
1EC0,
1DA9,
1FB5,
252A,
2A07,
2CF1,
30B3,
33C2,
33A6,
3131,
2C2D,
2906,
2BAF,
2F51,
31A5,
34BF,
3782,
3B49,
4092,
4454,
483F,
4BDE,
4A81,
4888,
4C29,
532D,
592E,
59AD,
5313,
4CE0,
4A6C,
488C,
4908,
4D09,
51C0,
58DE,
6135,
6737,
6CC1,
70BB,
7138,
7291,
75D1,
78CF,
7A71,
77F3,
71D5,
6BF7,
66AF,
6270,
5D7E,
54B1,
4A59,
42D2,
3DBD,
3B28,
39AE,
342A,
284F,
1B0F,
11FC,
0EA9,
0F82,
13A1,
1B9C,
2472,
27AA,
24F0,
205C,
1D6A,
1F1E,
23E9,
2603,
278E,
2C95,
31B0,
32D9,
32D4,
3589,
3B61,
42E1,
4BBC,
53A1,
566F,
54EE,
5393,
5256,
4E28,
47B7,
422C,
3DB4,
3B38,
3B32,
3AE9,
3937,
38B5,
3901,
3932,
3939,
3A43,
3E30,
4332,
4512,
4209,
38F3,
2D76,
2708,
26E3,
2AD2,
32A2,
39F4,
3CAB,
3C9B,
3E30,
4362,
4B63,
536C,
598C,
59F3,
5488,
5109,
53E7,
57FE,
57C8,
5153,
47E8,
41C0,
4086,
4234,
445F,
4260,
3CD5,
39A5,
3A4B,
3C08,
3EA4,
42D1,
482E,
4BA3,
4C35,
4D37,
5054,
538D,
55EF,
5504,
4EE8,
475B,
4328,
4207,
4318,
451D,
45F2,
45DF,
4883,
4DCA,
5167,
516F,
521F,
53F1,
52D8,
4FC2,
4E8D,
4E19,
4D89,
4C2E,
4788,
40AC,
3BD9,
38C4,
35D6,
345B,
3575,
3603,
33CB,
307C,
2F81,
30AA,
31C3,
3216,
3264,
2F3E,
2893,
250A,
267D,
28F7,
2D79,
312C,
2E38,
29E0,
29F5,
28ED,
270F,
29EB,
2DD7,
2F3D,
30BD,
317E,
334A,
3B10,
4400,
47CA,
48F2,
4907,
4771,
4622,
4614,
4800,
4A6D,
4734,
3F3E,
3A4C,
3877,
36BD,
37D7,
3B55,
3D4C,
3CBC,
3830,
2FEC,
2B3A,
2D98,
32AF,
3677,
37A3,
362F,
3467,
34A6,
3901,
3EF5,
410E,
3CCB,
32C8,
2956,
2B6A,
3790,
44E4,
50AB,
5731,
54D4,
4DCA,
46CC,
43F2,
4533,
44F5,
43AE,
423C,
3C35,
375E,
3750,
3509,
32C6,
34D6,
32EB,
2D9E,
2D53,
32FF,
3A84,
3E6C,
3998,
2F72,
2690,
2418,
2861,
2CD4,
2DCA,
2BF8,
2411,
18AD,
1407,
1932,
25C4,
35A2,
4032,
4335,
3F32,
324E,
2323,
196F,
0F35,
0283,
F884,
F657,
021A,
197E,
2D58,
34AA,
2E04,
1D1C,
0DC0,
09DB,
0EA1,
1315,
1085,
07FD,
FD60,
F2BE,
E92A,
E2A8,
DFB7,
E0EF,
E709,
F191,
FCE9,
051E,
090C,
08F5,
0263,
F566,
E791,
DF9C,
E26A,
F068,
0008,
09BA,
0B4D,
044C,
F95A,
F4A3,
F948,
0312,
090A,
07B0,
0418,
01B7,
FEE2,
FBD4,
FA25,
FA28,
FC1C,
0027,
04E0,
08C8,
0A65,
08B3,
059D,
049A,
056C,
07E6,
0B7C,
11D1,
1A17,
1E3A,
1C97,
185B,
1084,
09E0,
07B5,
039A,
FEF3,
FFFE,
036C,
05FF,
0656,
0443,
0363,
061D,
0A8D,
0F4A,
11E2,
1095,
0A0B,
000C,
F7FE,
F5CE,
F6D6,
F7A3,
F801,
F786,
F5A6,
F4EB,
F63F,
F8CC,
FB14,
FD14,
0092,
034D,
00AA,
FC10,
F671,
EFE1,
ED97,
EFA1,
F1A1,
F402,
F4BB,
F252,
ED44,
E59D,
DEC9,
DCF6,
DE4B,
E083,
E176,
E168,
E07B,
DD96,
DA2D,
DB99,
DF77,
E1D6,
E4F9,
EADA,
EF4E,
EEB7,
E5BE,
D7AE,
CCFD,
C7DB,
C7A3,
CF29,
DB82,
EA6C,
F6F6,
F197,
D102,
A3C7,
83E7,
8399,
9A36,
B622,
D342,
E74E,
DF0E,
C813,
BEC8,
C181,
C01F,
BE88,
C972,
DD23,
E460,
E452,
E653,
E1F7,
DDC3,
E56A,
DE7D,
CDF7,
C738,
C0CC,
BDCC,
CA2B,
CFBD,
D003,
DB3E,
EA61,
F603,
F5EF,
DD33,
BCDA,
AF2F,
B953,
D85C,
0500,
2544,
1E82,
F894,
D7B1,
C9DC,
C6DF,
CC80,
DEB9,
F35A,
F71D,
EB56,
E677,
EB09,
F352,
0120,
02ED,
F254,
DD25,
C742,
BC75,
CABA,
DCF1,
E8AA,
F33C,
F294,
EAA8,
EA96,
EBF6,
E662,
DBA4,
CCF8,
C46E,
C708,
CFEA,
D89A,
D9C1,
CF4E,
C2E1,
BDEF,
C3BA,
D186,
DFF4,
E92B,
ED03,
EBA7,
E4BE,
D850,
CC0F,
C6FB,
C74B,
C786,
C9DF,
CD4E,
CFA4,
D343,
D591,
D1F6,
CE7E,
CC66,
CB12,
D1E1,
DE55,
E368,
DF5A,
D3B3,
C27D,
B539,
B2BE,
B727,
BC38,
BCC7,
B955,
B574,
B533,
B9A3,
BD6C,
BD7B,
C121,
C926,
CF29,
D395,
D874,
DA64,
D758,
CEBA,
C4B6,
BDAE,
B859,
B3D7,
B1A7,
AD7A,
A7EA,
A3F5,
A1A9,
A619,
B5E2,
C6EB,
CFF8,
CFD2,
C89F,
C07D,
BEEC,
C341,
C684,
C35A,
BEBE,
BE34,
C06E,
C45B,
CAA9,
CC4A,
C7D6,
C5E3,
CBAA,
D486,
DC0D,
DFE0,
E0AE,
DCF3,
D347,
C77D,
BF97,
BCD6,
BF60,
C2ED,
C2E6,
BE4D,
B457,
A59C,
9B35,
9AC7,
A16C,
A8D7,
B124,
BDB0,
CE41,
DE32,
EC88,
F7E5,
00FA,
08C2,
0C30,
0909,
0632,
06B0,
066F,
0188,
FABA,
F57F,
F225,
EB6D,
E249,
DB27,
D54B,
CA95,
BBCE,
AD90,
A6A0,
A807,
ABA6,
A921,
A07C,
97AB,
9767,
A112,
B11E,
C1B7,
CF56,
DA56,
E7F0,
F5C2,
0107,
0B7B,
1551,
172C,
0E99,
FD04,
EB13,
E0E6,
DEC6,
DD80,
DA8F,
D24D,
C617,
B8E6,
ADF7,
A779,
A71E,
A5A2,
A2A6,
A38A,
ACB9,
B8BC,
C1A7,
C3B2,
C29F,
C171,
C8C5,
D76C,
E1A6,
DD75,
D3B8,
CC5D,
CCAF,
CFF6,
D151,
CBC0,
C540,
BE6D,
BC91,
BEC2,
C494,
C7AA,
CC68,
C97B,
C16E,
B7B3,
BC43,
C4B0,
D9D5,
BCD9,
AEA6,
B06D,
A88D,
A8C5,
AAF4,
B802,
C71F,
D645,
DCB1,
DEAF,
E09B,
E867,
EB36,
E8DF,
E618,
E395,
D85B,
C67C,
B2BD,
A59C,
A151,
A560,
AB5F,
B1CA,
B76A,
BC28,
BECB,
C3ED,
CA72,
D039,
D4DE,
DADD,
DFB9,
DF83,
D5BC,
C86B,
BD40,
B23D,
A71A,
A3E5,
A685,
A8C8,
A928,
A9E1,
AC57,
B24A,
B751,
BB02,
C105,
C877,
CC03,
CE58,
D549,
E361,
F279,
F9CD,
F72B,
F06E,
E9F3,
E6BA,
E6AD,
E568,
E07E,
DAA7,
D2E2,
C829,
BF23,
BBE9,
BAD1,
B80E,
B4CA,
B326,
B230,
B52A,
BD98,
C5D6,
C936,
C859,
C3BD,
BEB1,
BBDF,
BF41,
CCD1,
DE60,
EBA8,
F355,
F334,
EDD6,
E8E9,
E2F1,
DE38,
DE37,
DBC6,
D29D,
C57E,
BBB2,
BE73,
CB48,
D5A9,
DB35,
E02A,
E8C2,
F4F3,
0102,
0B02,
12C4,
1207,
0336,
EB6E,
DDB9,
E4B2,
EDD6,
E6C5,
DB20,
D572,
CD12,
C2A6,
C107,
C58C,
C7E8,
C9FD,
D322,
E019,
E4D0,
E10E,
E22C,
EA56,
F212,
F860,
FB47,
F37A,
E2D4,
D39E,
CC86,
CE52,
D3AB,
D2B2,
C79B,
BDCC,
C284,
CE5C,
D45A,
DA6D,
E497,
E994,
E960,
EAC0,
ED07,
ED46,
EC34,
EEA2,
F402,
F2BF,
EAB5,
E5F5,
E78C,
EBF6,
F1CC,
F8F2,
FF7B,
0563,
0EA7,
1B2E,
26CB,
302D,
3477,
2FFE,
2541,
1B1B,
161A,
1385,
0EA1,
06CD,
FAD6,
E979,
D7E9,
CB37,
C4F0,
C239,
BD9E,
B7F1,
B8EA,
C122,
C93E,
CC3F,
CBD5,
CDB1,
D45E,
DD50,
E7A0,
F300,
F9F1,
FBBE,
FCD6,
FD03,
FD14,
0162,
082C,
0CFE,
0D05,
0942,
0977,
0EFB,
116B,
0E8E,
0A74,
06F7,
05A1,
0512,
02B2,
FFAE,
FD3B,
FB21,
F98D,
F402,
E8AE,
DFE3,
DCD9,
DA70,
D80A,
D77E,
DB1C,
E476,
ED92,
F57F,
00A7,
09A7,
0DCF,
12E0,
176E,
199E,
1CD8,
1FED,
1E6E,
1653,
0A60,
008A,
F952,
F32A,
EF4B,
EE8C,
F10E,
F687,
FBF5,
00E3,
05EB,
09EA,
0EDC,
15FF,
1BA8,
1E9D,
1EFA,
1AB3,
14B6,
1016,
0B01,
07B2,
090C,
0B72,
0DB0,
11A5,
1610,
1B47,
221E,
2746,
29D6,
2CAF,
3130,
395C,
4684,
517E,
5367,
512D,
5133,
50BE,
4C92,
451F,
3C58,
355E,
300C,
29D8,
23AA,
1CD9,
1573,
12D6,
14B9,
14DD,
1465,
165B,
19A1,
1D30,
1E94,
1B35,
16B7,
1607,
1723,
16FA,
17C6,
1CCC,
23E6,
28D2,
2950,
26CA,
2463,
2532,
2A39,
3064,
3315,
31AF,
2EB1,
2D65,
31DE,
3BCC,
440C,
445E,
3F2C,
3BEF,
3D9E,
4283,
4887,
4D2F,
4D7C,
4A37,
4606,
41FD,
3F31,
3DFB,
39E7,
30BC,
2778,
2179,
1EBE,
1D91,
1A57,
16FC,
16DF,
161F,
14B9,
1723,
197B,
1901,
1916,
1B2B,
1D88,
1C9C,
17B5,
170C,
1CE2,
20AF,
1F5F,
1DAA,
1EFD,
23C3,
285A,
2B80,
2F8A,
32A1,
3273,
3057,
2C50,
2A08,
2CC3,
3032,
3297,
35C0,
3860,
3BC3,
405B,
435F,
46BE,
4A36,
493C,
477E,
4A78,
5074,
55F0,
56C1,
50E1,
4B12,
48A3,
46E4,
47AF,
4C07,
50DA,
57B8,
5FB6,
6558,
6A50,
6DB1,
6DB3,
6E95,
7172,
743F,
75ED,
73B3,
6DE1,
6837,
6344,
5F91,
5B36,
5303,
4959,
4275,
3DC7,
3B31,
394D,
334B,
2731,
19E2,
10B9,
0D16,
0D4B,
108C,
17B5,
2010,
2356,
2109,
1CD8,
1A08,
1BA9,
2065,
22BD,
24A3,
299E,
2E52,
2F2C,
2F0A,
31B0,
376F,
3ECE,
4795,
4F89,
52AD,
51BE,
50E9,
5018,
4C81,
46E0,
422C,
3E6B,
3C5F,
3C83,
3C58,
3AD8,
3A75,
3AAD,
3A9F,
3A5E,
3B15,
3E90,
4335,
44F5,
41EE,
3920,
2E21,
27ED,
27AB,
2B5B,
32DC,
39FA,
3CAC,
3C8F,
3DD1,
4272,
49EC,
51A6,
5790,
57EB,
52B6,
4F5A,
5201,
55BC,
5549,
4EC6,
4573,
3F74,
3E5F,
4020,
4252,
4074,
3B18,
37EE,
387A,
3A1B,
3C95,
409A,
45C1,
48FB,
4977,
4A68,
4D3D,
502A,
5280,
51D5,
4C20,
44F2,
40F3,
3FE4,
40F9,
4307,
4407,
443C,
470A,
4C40,
4FBC,
4FC8,
5091,
527B,
5192,
4EBB,
4D99,
4D05,
4C5D,
4B21,
46C7,
4031,
3B72,
3853,
3559,
33CF,
34D0,
3547,
3308,
2FC8,
2EC2,
2FAC,
3085,
30BE,
30FC,
2DEC,
2789,
2415,
2540,
274B,
2B18,
2E08,
2AD8,
269F,
26E2,
2662,
2524,
283C,
2C30,
2D85,
2EC0,
2F4F,
3111,
38BB,
41AF,
45B8,
472D,
4789,
4625,
44DF,
44D1,
469A,
48DD,
45DC,
3E67,
39D4,
383E,
368A,
3776,
3AEC,
3D0A,
3CB2,
38B1,
3129,
2CFD,
2F80,
3447,
375F,
37CB,
35A2,
3379,
340B,
3913,
3F7E,
41A6,
3CCF,
31C9,
277C,
28FB,
34F7,
42BC,
4F0F,
55D4,
5373,
4C2E,
4506,
4254,
43EB,
4406,
42B2,
40A3,
3A08,
34C4,
3453,
3207,
2FFC,
3239,
30CD,
2C3A,
2C6D,
321F,
38D4,
3B58,
3597,
2B92,
23CB,
22CF,
27EA,
2C2E,
2C2D,
28E8,
1FD7,
144B,
1038,
1600,
22CD,
328C,
3CEC,
3FE0,
3C30,
3028,
21D3,
1862,
0E01,
00E8,
F675,
F442,
0075,
1856,
2C85,
33DC,
2D15,
1C72,
0DCB,
0A6F,
0F4B,
1383,
109C,
07DD,
FD76,
F390,
EAE8,
E4E9,
E1D4,
E244,
E705,
F045,
FB2F,
03DA,
08BD,
09AA,
03A6,
F6D0,
E932,
E195,
E499,
F271,
0184,
0A76,
0B55,
0402,
F936,
F494,
F8D8,
021C,
07E6,
06F7,
0449,
0311,
0173,
FF28,
FD6C,
FCCE,
FE0B,
01BD,
0695,
0A93,
0BE4,
099F,
05F5,
04AD,
05A1,
086E,
0C3C,
126A,
1A5D,
1E81,
1D1E,
1934,
11CF,
0B78,
0935,
04E2,
0008,
00CC,
0400,
066B,
0681,
03F0,
0273,
04BE,
092E,
0E36,
1109,
0FC7,
0933,
FF3F,
F75F,
F575,
F6A7,
F774,
F7B5,
F716,
F50E,
F413,
F4FA,
F6F8,
F8C3,
FA63,
FD96,
005A,
FE3B,
FA35,
F4FA,
EE9D,
EC49,
EE37,
F024,
F262,
F2D8,
F01F,
EAEB,
E374,
DCFA,
DB6B,
DCCD,
DEE8,
DFE3,
E00D,
DF5A,
DCA8,
D96C,
DAE8,
DEE1,
E1B5,
E5B1,
EC5F,
F124,
F03F,
E673,
D795,
CCB5,
C803,
C855,
D03C,
DCF7,
EC5C,
F94D,
F401,
D2F6,
A4C4,
8408,
83B1,
9B0E,
B83F,
D72C,
EC6D,
E340,
CA3A,
BFB2,
C20A,
C09D,
BF57,
CAFB,
DF29,
E59D,
E475,
E63D,
E1EC,
DE3C,
E758,
E115,
D083,
CA02,
C34E,
BFB6,
CC42,
D224,
D2BE,
DE39,
ECAE,
F7A9,
F86C,
E1C7,
C34E,
B57C,
BD15,
D902,
02D2,
2174,
1C2D,
F9B4,
DA7A,
CC60,
C90D,
CE77,
E010,
F41B,
F891,
EEA8,
EAAD,
EEDB,
F5D8,
013A,
01B8,
F164,
DC3C,
C6EB,
BD31,
CB70,
DDFA,
EA1F,
F3CD,
F235,
E9A3,
E8DB,
EAD0,
E6C2,
DD57,
CFAC,
C6EB,
C7F1,
CF0D,
D677,
D733,
CD85,
C24B,
BE10,
C3C3,
D0D9,
DE5F,
E6E0,
EA34,
E864,
E165,
D5A0,
CA7B,
C66A,
C7CE,
C944,
CC40,
CF6E,
D0EC,
D34A,
D485,
D0A4,
CD48,
CB78,
CA82,
D130,
DD3A,
E257,
DEBC,
D3BB,
C362,
B6ED,
B4F1,
B97C,
BE60,
BE94,
BAE1,
B700,
B6CD,
BB13,
BE99,
BE83,
C21A,
CA29,
D05C,
D4D6,
D97A,
DB08,
D78C,
CEA0,
C482,
BD76,
B868,
B46D,
B2A9,
AEC1,
A951,
A578,
A369,
A7DA,
B725,
C79A,
D059,
D039,
C949,
C17F,
C037,
C4C2,
C854,
C598,
C148,
C0C3,
C2DA,
C6AB,
CCF8,
CEB4,
CA58,
C836,
CDA8,
D674,
DE34,
E26B,
E3BD,
E07D,
D71A,
CB47,
C316,
C017,
C291,
C636,
C631,
C121,
B642,
A69A,
9B93,
9AFD,
A1E7,
A9D2,
B27A,
BEEF,
CF1A,
DED7,
ED8C,
F9F3,
046A,
0D4D,
10F6,
0D28,
0955,
08F8,
082B,
02E9,
FBA9,
F5EE,
F23E,
EB32,
E177,
D996,
D332,
C867,
B9EC,
AC40,
A61F,
A876,
AD01,
AB66,
A3A2,
9B57,
9B04,
A452,
B3F2,
C412,
D12C,
DB94,
E860,
F51C,
FF08,
07FA,
1064,
116B,
0902,
F87B,
E7F1,
DF12,
DDFA,
DD59,
DA6E,
D1CC,
C594,
B949,
AFDB,
AAB3,
AAF4,
A96C,
A607,
A646,
AEA5,
BA0A,
C2D8,
C513,
C434,
C339,
CA7A,
D8B1,
E264,
DDBA,
D381,
CBD0,
CC08,
CF5B,
D0CC,
CB5C,
C50B,
BE79,
BCBF,
BF22,
C576,
C914,
CDF4,
CB37,
C398,
BA47,
BF1C,
C7F1,
DD39,
C021,
B1B1,
B2DD,
AA82,
AA42,
AC01,
B89C,
C742,
D5D2,
DBA8,
DD1F,
DEA7,
E66C,
E9EA,
E8AD,
E6DB,
E502,
DA2C,
C857,
B4A1,
A7DE,
A41A,
A890,
AED0,
B529,
BA45,
BE4E,
C093,
C5D2,
CC7E,
D21A,
D686,
DC63,
E126,
E135,
D7F9,
CAC2,
BF41,
B3F6,
A872,
A48F,
A6A9,
A8FC,
A9E8,
AB0F,
AD51,
B2C5,
B7C9,
BC22,
C2FE,
CAF5,
CE90,
D0D2,
D7B0,
E57E,
F437,
FB43,
F861,
F1AE,
EBB0,
E8F8,
E92F,
E7F3,
E2B5,
DC2B,
D39F,
C87C,
BFAC,
BD23,
BD27,
BBAC,
B932,
B7CD,
B6D5,
B96F,
C144,
C909,
CBFA,
CAC7,
C600,
C0E4,
BE1F,
C169,
CE24,
DE40,
EA34,
F143,
F152,
ECA3,
E896,
E36F,
DF13,
DEFC,
DC98,
D3CD,
C731,
BDF0,
C0D3,
CD03,
D67B,
DB8F,
E087,
E913,
F4D6,
004D,
0A03,
1220,
121F,
0385,
EB94,
DE4C,
E5FC,
EF42,
E7F5,
DC4C,
D702,
CF35,
C526,
C3A7,
C839,
CA90,
CCA3,
D5F3,
E345,
E828,
E3FB,
E42C,
EB5E,
F28C,
F8EA,
FC29,
F4B1,
E457,
D50B,
CD4E,
CE4E,
D327,
D26E,
C881,
BFBA,
C447,
CF8B,
D58E,
DBB8,
E549,
E97D,
E8DB,
E9D4,
EB7C,
EB7F,
EAB3,
ED37,
F238,
F06F,
E80F,
E397,
E601,
EB34,
F1A8,
F958,
0065,
06AD,
1007,
1CBD,
28F9,
32F5,
379B,
338A,
2912,
1ED4,
197C,
1647,
1096,
084D,
FC39,
EAA5,
D8BB,
CBD9,
C58D,
C2E6,
BED3,
BA2E,
BBAD,
C378,
CAF7,
CDA2,
CD0C,
CEC4,
D51A,
DD69,
E6BC,
F0DD,
F6BE,
F7DD,
F86D,
F836,
F82D,
FCB7,
0415,
09BD,
0AB6,
07B6,
084F,
0E1B,
10FE,
0E93,
0ABB,
0787,
069C,
065F,
0408,
00E9,
FE59,
FC3A,
FA9E,
F4FD,
E9C1,
E153,
DEE9,
DD70,
DC0D,
DC26,
DFAF,
E854,
F107,
F92A,
049E,
0DC6,
11C3,
1615,
19AD,
1B20,
1DD8,
207F,
1E7E,
1602,
0A0A,
0072,
F991,
F3D4,
F06A,
F01C,
F2FC,
F89A,
FDE0,
0298,
07A0,
0BC8,
10DE,
17C5,
1C81,
1E3C,
1DC3,
1915,
1287,
0D18,
076F,
03EA,
0526,
077F,
09D4,
0E08,
12D2,
1872,
1FD5,
25CC,
2918,
2C25,
3068,
3880,
4600,
514B,
5316,
50A0,
5091,
4FE7,
4B53,
43C2,
3B4A,
34C2,
300C,
2AC6,
25A0,
1F98,
188A,
15D4,
177B,
17A3,
1775,
1980,
1C4F,
1F0A,
1F8F,
1B5F,
162A,
14F5,
15B1,
1546,
1601,
1B00,
21CD,
263D,
267C,
2432,
223E,
231F,
27BD,
2D72,
3004,
2ED9,
2C21,
2ABA,
2E7A,
3746,
3EB4,
3EE8,
39EC,
36E2,
38B3,
3DB2,
43F8,
4937,
4A53,
47CA,
4418,
407F,
3E17,
3D0A,
38FE,
2FBF,
262B,
1FF4,
1D3A,
1BEC,
1894,
157C,
15DE,
15BC,
1507,
17F4,
1A9F,
1A75,
1B05,
1DE4,
20CA,
1F8E,
1A00,
18E8,
1E76,
2201,
2052,
1E10,
1EB8,
22D7,
2726,
2A7E,
2EC6,
31DE,
31A3,
2FE2,
2CD2,
2B64,
2E2C,
3161,
33C6,
36ED,
3967,
3C66,
4047,
4291,
4567,
48B1,
480E,
4681,
48D1,
4DC5,
52B6,
53D1,
4EAD,
494C,
46EB,
4554,
466A,
4B0E,
4FFC,
569B,
5E49,
639A,
6808,
6ACB,
6A51,
6AC3,
6D48,
6FEC,
71AB,
6FB6,
6A2F,
64BC,
6023,
5D03,
5948,
51BF,
48CE,
4284,
3E2E,
3B89,
3934,
32BA,
2670,
1920,
0FE9,
0BF1,
0B79,
0DDB,
1433,
1C15,
1F73,
1D9E,
19DD,
1738,
18C8,
1D75,
200E,
2251,
2737,
2B79,
2BFD,
2BBC,
2E54,
33F7,
3B2B,
43CB,
4BB8,
4F20,
4EBA,
4E66,
4E02,
4B07,
4637,
4257,
3F4B,
3DAE,
3DF5,
3DE1,
3C8F,
3C44,
3C68,
3C23,
3BA1,
3C06,
3EFF,
4330,
44C3,
41C8,
395A,
2EF3,
2908,
28AE,
2C1D,
3346,
3A33,
3CF4,
3CE1,
3DDE,
41F4,
48E7,
504B,
55F9,
5647,
514C,
4E11,
5074,
53C2,
530E,
4C88,
435F,
3D93,
3CA2,
3E6E,
409B,
3EDA,
39B7,
369F,
3719,
38A2,
3AF2,
3EBD,
4399,
468B,
46EF,
47CD,
4A5F,
4D04,
4F4B,
4ED5,
498B,
42C6,
3F01,
3E08,
3F22,
413A,
4266,
42E2,
45CF,
4AE4,
4E39,
4E4B,
4F2C,
512C,
5079,
4DEA,
4CDA,
4C20,
4B59,
4A31,
4624,
3FE0,
3B42,
3823,
3526,
3392,
3475,
34CE,
328F,
2F62,
2E4F,
2EF8,
2F90,
2FA8,
2FCE,
2CD4,
26BC,
235A,
243A,
25D6,
28F1,
2B2A,
27D2,
23C2,
2431,
2430,
238D,
26D7,
2ACE,
2C14,
2D11,
2D73,
2F29,
36A8,
3F8B,
43CC,
4594,
463B,
450A,
43D2,
43C3,
4561,
4776,
44B4,
3DCB,
399C,
3843,
3692,
3749,
3AA9,
3CE3,
3CBE,
394C,
3290,
2EF6,
319A,
360B,
386A,
3807,
351E,
3297,
3387,
394E,
4046,
428B,
3D24,
3120,
25FC,
26DC,
32A3,
40DC,
4DBA,
54B9,
5252,
4ACE,
437E,
40FA,
42EC,
4367,
41FF,
3F42,
3802,
3247,
3173,
2F31,
2D6B,
2FD0,
2ED7,
2AF7,
2BA7,
3169,
3765,
3897,
31EA,
27F5,
2129,
218C,
2779,
2BA6,
2AD1,
262C,
1BEE,
1027,
0C8C,
12E4,
1FFB,
2FB4,
39FE,
3CEA,
3980,
2E40,
20AC,
1770,
0CE9,
FF73,
F499,
F273,
FF1C,
176F,
2BE8,
333B,
2C41,
1BD0,
0DD5,
0B0C,
101A,
1433,
1103,
080D,
FDC2,
F470,
EC9C,
E721,
E3F8,
E3B9,
E737,
EF39,
F9B1,
02CB,
0899,
0A77,
04F0,
F839,
EAC8,
E377,
E6AE,
F462,
02F4,
0B3C,
0B76,
03CE,
F91E,
F485,
F864,
0126,
06C4,
0638,
045D,
0433,
03BE,
023F,
0083,
FF50,
FFD6,
031F,
0805,
0C14,
0D23,
0A65,
063D,
04B8,
05C4,
08CF,
0CC6,
12CB,
1A73,
1EA8,
1D92,
1A00,
130F,
0CFD,
0A97,
060C,
010A,
018B,
0481,
06C3,
069D,
0398,
0189,
0364,
07C7,
0D09,
100B,
0ED9,
0847,
FE6F,
F6C8,
F51E,
F673,
F741,
F765,
F6A6,
F483,
F352,
F3D3,
F542,
F68F,
F7CC,
FAA6,
FD66,
FBCA,
F85C,
F38C,
ED6E,
EB10,
ECD3,
EEA0,
F0AD,
F0D7,
EDD4,
E88A,
E15E,
DB52,
DA01,
DB5A,
DD43,
DE3C,
DE9E,
DE2A,
DBAF,
D89F,
DA24,
DE32,
E180,
E65A,
EDD6,
F2F0,
F1B8,
E714,
D76C,
CC64,
C828,
C90F,
D158,
DE70,
EE4C,
FBA0,
F666,
D4E9,
A5C1,
8428,
83C8,
9BDF,
BA51,
DB0B,
F179,
E75C,
CC47,
C079,
C26A,
C0F0,
BFFE,
CC5F,
E10C,
E6C0,
E492,
E630,
E1EF,
DEB8,
E931,
E37F,
D2D2,
CC88,
C58C,
C168,
CE27,
D451,
D531,
E0DE,
EEA8,
F907,
FA9D,
E5F4,
C932,
BB2A,
C057,
D955,
007F,
1D9F,
19C8,
FA94,
DCE9,
CE8F,
CAEE,
D027,
E12F,
F4B8,
F9E3,
F1C5,
EE9E,
F261,
F80E,
010F,
003E,
F025,
DB07,
C648,
BD99,
CBD6,
DEB4,
EB3E,
F40E,
F192,
E86F,
E70F,
E9AB,
E727,
DF07,
D24A,
C949,
C8BE,
CE1E,
D443,
D492,
CB99,
C17B,
BDDF,
C36F,
CFD2,
DC85,
E467,
E748,
E514,
DE0A,
D2F1,
C8F0,
C5EF,
C863,
CAF7,
CE6D,
D139,
D1D5,
D2FF,
D349,
CF3F,
CC04,
CA6A,
C9BC,
D03E,
DBE1,
E119,
DE00,
D3AB,
C42E,
B881,
B6F9,
BB9D,
C04E,
C029,
BC38,
B85B,
B83D,
BC62,
BFB2,
BF89,
C30E,
CB14,
D167,
D5E7,
DA53,
DB90,
D7BC,
CE95,
C45F,
BD42,
B86C,
B4EB,
B38A,
AFE7,
AA9B,
A6D9,
A501,
A966,
B81E,
C7F2,
D063,
D04E,
C9A8,
C242,
C14F,
C615,
C9F4,
C7A2,
C39D,
C319,
C50F,
C8C5,
CF0F,
D0F5,
CCC9,
CA83,
CF94,
D83C,
E021,
E4B1,
E680,
E3B9,
DAA3,
CEC8,
C645,
C2F8,
C551,
C900,
C8FE,
C380,
B7CD,
A750,
9BBA,
9B00,
A22E,
AA92,
B38E,
BFE4,
CFA8,
DF35,
EE4E,
FBC4,
07A4,
119C,
1571,
10F0,
0C1E,
0AE6,
0990,
03FE,
FC5A,
F62B,
F229,
EAC7,
E06D,
D7BE,
D0C7,
C5ED,
B7C7,
AAB4,
A565,
A8A8,
AE15,
AD59,
A663,
9E88,
9E1D,
A715,
B65B,
C614,
D2BD,
DC9E,
E8A0,
F43F,
FCD0,
0447,
0B58,
0BA6,
037C,
F40D,
E4F2,
DD5E,
DD3F,
DD2D,
DA35,
D12B,
C4F8,
B99B,
B1B6,
ADE0,
AEAA,
ACFB,
A90D,
A885,
B000,
BACD,
C396,
C61F,
C58C,
C4C7,
CBEE,
D9AD,
E2E2,
DDDE,
D34C,
CB61,
CB8D,
CEE9,
D063,
CB07,
C4D9,
BE77,
BCCB,
BF41,
C5FF,
CA20,
CF2D,
CCAE,
C58E,
BCA7,
C1AE,
CAD0,
E03D,
C2FF,
B468,
B523,
AC5F,
ABAC,
ACF0,
B909,
C731,
D52D,
DA6D,
DB68,
DC93,
E44F,
E87A,
E858,
E776,
E63F,
DBC5,
C9F9,
B650,
A9EF,
A6B1,
AB8C,
B205,
B844,
BCDB,
C032,
C21E,
C77A,
CE4B,
D3C0,
D7F6,
DDA6,
E242,
E286,
D9CF,
CCBD,
C0FA,
B57A,
A9A5,
A51D,
A6B5,
A91A,
AA8A,
AC0E,
AE14,
B304,
B7FC,
BCF1,
C49D,
CD0F,
D0B0,
D2D8,
D9A5,
E736,
F5A1,
FC7F,
F979,
F2E1,
ED64,
EB21,
EB8E,
EA54,
E4C2,
DD89,
D43A,
C8A5,
BFFA,
BE0D,
BF16,
BED4,
BD1E,
BBFF,
BB14,
BD60,
C4A4,
CBF5,
CE80,
CD07,
C81F,
C2EB,
C02A,
C359,
CF49,
DE04,
E8AF,
EF1E,
EF57,
EB4F,
E81B,
E3BD,
DFB3,
DF82,
DD2E,
D4BE,
C8A2,
BFF3,
C307,
CE9E,
D731,
DBCC,
E0BE,
E931,
F47A,
FF55,
08BB,
112D,
11E2,
037E,
EB68,
DE98,
E70C,
F084,
E908,
DD60,
D877,
D135,
C781,
C62A,
CACA,
CD12,
CF14,
D88A,
E634,
EB3C,
E69F,
E5E6,
EC2C,
F2DF,
F95B,
FCFD,
F5ED,
E5F3,
D6A1,
CE4B,
CE8B,
D2EF,
D276,
C9A1,
C1CE,
C62F,
D0DC,
D6CC,
DCE9,
E5C7,
E922,
E805,
E892,
E99C,
E963,
E8DC,
EB7F,
F039,
EDFC,
E54E,
E11E,
E45B,
EA64,
F183,
F9C0,
014B,
07E3,
113F,
1E11,
2ADC,
356D,
3A6F,
36C9,
2C9A,
2251,
1CAD,
18DE,
1263,
09A2,
FD71,
EBB1,
D97F,
CC7D,
C644,
C3C1,
C03A,
BC8E,
BE7A,
C5C9,
CCAC,
CF08,
CE49,
CFE1,
D5E0,
DD8B,
E5E8,
EECF,
F3AA,
F42C,
F449,
F3C3,
F3B2,
F879,
005D,
06C3,
0894,
0648,
073E,
0D45,
108D,
0E85,
0AE3,
07F6,
0778,
0782,
0528,
01E1,
FF2B,
FD0E,
FB74,
F5CB,
EAB7,
E2A8,
E0D7,
E048,
DFDA,
E08E,
E400,
EBF2,
F441,
FCA0,
0860,
11B1,
1585,
191F,
1BD1,
1C95,
1ED2,
2111,
1E9C,
15CE,
09E2,
0095,
FA0F,
F4B7,
F1BA,
F1D3,
F504,
FAB8,
FFCF,
044D,
094F,
0D9C,
12D5,
1981,
1D53,
1DDD,
1C9C,
178D,
1071,
0A3C,
0412,
005D,
0174,
03B4,
0610,
0A74,
0F9B,
15AC,
1D9D,
245C,
285E,
2B99,
2F9E,
37A9,
4588,
5121,
52CE,
5022,
5009,
4F35,
4A41,
4296,
3A68,
344E,
302E,
2BCA,
27A1,
225B,
1B9E,
18C8,
1A29,
1A56,
1A7E,
1CAE,
1F17,
210F,
20C3,
1BD1,
15F6,
1447,
14AA,
13FC,
149C,
1984,
1FFE,
23F6,
23FA,
21E9,
2057,
213C,
2569,
2AA5,
2D1E,
2C42,
29E1,
2865,
2B69,
3311,
39AE,
39C8,
3501,
3229,
341C,
3931,
3FAD,
4571,
474B,
4576,
4242,
3F1A,
3D15,
3C2E,
3828,
2ED8,
24FD,
1E9B,
1BE9,
1A78,
1702,
142E,
1508,
1584,
1588,
1900,
1C06,
1C2B,
1D2C,
20D2,
2443,
22BB,
1C88,
1B01,
2048,
2395,
2190,
1ED1,
1EE0,
2260,
2664,
29E8,
2E5F,
3173,
312E,
2FCB,
2DAF,
2D17,
2FE7,
32D8,
352B,
3840,
3A91,
3D2D,
4056,
41E8,
443A,
474F,
46F6,
4593,
4735,
4B21,
4F81,
50DF,
4C7A,
478F,
4543,
43D9,
4535,
4A1B,
4F1C,
5580,
5CE7,
61F7,
65E1,
6803,
670B,
6713,
694B,
6BCE,
6DA1,
6BF2,
66B6,
617D,
5D46,
5AC0,
57AF,
50DE,
48AC,
42F5,
3EE7,
3C29,
395D,
3271,
2606,
18C4,
0F86,
0B35,
0A07,
0B87,
1110,
187D,
1BF9,
1AA8,
1762,
14F0,
166F,
1B0C,
1DED,
208D,
2555,
2919,
2941,
28DF,
2B69,
30F0,
37EF,
4056,
4827,
4BC3,
4BDF,
4C07,
4C11,
49B7,
45BA,
42AC,
4053,
3F22,
3F85,
3F82,
3E58,
3E20,
3E2F,
3DBC,
3D02,
3D13,
3F7B,
4321,
447C,
4195,
399F,
2FE8,
2A56,
29E9,
2D13,
33DC,
3A97,
3D7B,
3D87,
3E50,
41E1,
484B,
4F55,
54C0,
5501,
5044,
4D26,
4F36,
520C,
5111,
4A92,
41A7,
3C17,
3B49,
3D18,
3F36,
3D8E,
38AB,
35B0,
3622,
3798,
39B8,
3D36,
41B2,
444F,
4495,
4561,
47B4,
4A16,
4C48,
4BFF,
4720,
40CC,
3D47,
3C69,
3D89,
3FAD,
4109,
41C9,
44CA,
49AE,
4CD5,
4CF4,
4DEC,
4FFD,
4F86,
4D47,
4C48,
4B64,
4A76,
4957,
4595,
3FB1,
3B42,
382D,
3539,
339F,
345D,
3495,
3259,
2F45,
2E21,
2E88,
2EE0,
2ED1,
2ED6,
2BF2,
2626,
22D3,
2365,
2492,
2701,
2890,
2524,
2148,
21DD,
2253,
2244,
25B7,
29AA,
2AE5,
2BAD,
2BE8,
2D92,
34D6,
3D93,
4205,
4424,
4519,
441E,
42F7,
42E5,
4452,
4637,
43BB,
3D6A,
39A2,
3885,
36D2,
374E,
3A8D,
3CD7,
3CDF,
3A00,
341D,
311D,
33E0,
37F5,
3994,
3855,
34A1,
31BC,
3315,
39AC,
4146,
43B8,
3DC5,
30C9,
24CE,
2504,
308E,
3F3C,
4CA4,
53DA,
516A,
49A5,
4231,
3FE0,
4233,
4312,
4192,
3E14,
361E,
2FE2,
2EAB,
2C83,
2B0F,
2D9A,
2D0A,
29D4,
2AFE,
30DA,
3633,
3622,
2E8D,
2497,
1EA6,
2050,
270D,
2B3A,
29B1,
23BD,
184D,
0C36,
08F9,
0FD9,
1D49,
2D18,
3760,
3A4A,
3718,
2C8D,
1FA6,
1693,
0BE9,
FE20,
F2ED,
F0E3,
FE05,
16C0,
2B7A,
32C0,
2B83,
1B33,
0DDA,
0BAD,
110A,
151F,
11B7,
0888,
FE41,
F55F,
EE4A,
E953,
E625,
E54D,
E79C,
EE66,
F868,
01E9,
0899,
0B58,
063E,
F99E,
EC56,
E549,
E8AD,
F640,
045C,
0C0C,
0BAE,
03AF,
F910,
F478,
F7EE,
0032,
05A3,
0572,
0456,
051E,
05C9,
051F,
0372,
01B3,
0180,
0452,
0937,
0D51,
0E29,
0B09,
0677,
04BC,
05D6,
090D,
0D1E,
12F8,
1A5D,
1EAF,
1DF3,
1ABE,
1443,
0E72,
0BDF,
071D,
01F9,
023A,
04F1,
070A,
06AA,
033F,
00A8,
0211,
065A,
0BC5,
0EEA,
0DC9,
0747,
FD9A,
F636,
F4C9,
F63C,
F70B,
F712,
F63A,
F407,
F2AB,
F2C9,
F3AA,
F477,
F54D,
F7C1,
FA6F,
F954,
F683,
F226,
EC53,
E9E9,
EB74,
ED12,
EEE0,
EEB6,
EB6C,
E61F,
DF59,
D9CF,
D8B8,
D9F3,
DB94,
DC80,
DD1A,
DCE9,
DAA9,
D7C4,
D949,
DD65,
E135,
E6F3,
EF3F,
F4B1,
F322,
E7A0,
D732,
CC06,
C84A,
C9D2,
D27F,
DFEF,
F041,
FDF0,
F8C8,
D6DD,
A6BF,
8448,
83DD,
9CA9,
BC5B,
DEDD,
F672,
EB63,
CE3E,
C121,
C2A5,
C11C,
C081,
CDA3,
E2D2,
E7CF,
E4AD,
E62F,
E201,
DF38,
EAF6,
E5BF,
D4EA,
CECB,
C78A,
C2E3,
CFDB,
D648,
D75E,
E330,
F053,
FA20,
FC87,
E9C1,
CE97,
C04C,
C326,
D95D,
FE06,
19C0,
1750,
FB37,
DF05,
D071,
CC86,
D194,
E218,
F531,
FB14,
F4AF,
F24E,
F59F,
F9F7,
009F,
FE82,
EE9A,
D98B,
C55F,
BDB3,
CBF2,
DF24,
EC0F,
F405,
F0B0,
E70F,
E533,
E888,
E790,
E0B5,
D4D7,
CB8E,
C977,
CD1E,
D200,
D1DE,
C98C,
C076,
BD64,
C2C4,
CE77,
DA68,
E1C0,
E43F,
E1B6,
DAAC,
D044,
C76F,
C588,
C90A,
CCA4,
D06F,
D2B8,
D266,
D269,
D1DE,
CDC7,
CAB1,
C93D,
C8C3,
CF0C,
DA4A,
DFAA,
DD24,
D381,
C4E1,
B9F7,
B8DB,
BD8D,
C205,
C189,
BD60,
B98D,
B98B,
BD97,
C0BC,
C08C,
C3FE,
CBE8,
D24B,
D6CC,
DB02,
DBFC,
D7E6,
CE97,
C44C,
BD13,
B867,
B556,
B44F,
B0EF,
ABCA,
A820,
A678,
AAC3,
B8D1,
C7F6,
D019,
D014,
C9C1,
C2CD,
C23B,
C73E,
CB66,
C97B,
C5BE,
C53B,
C713,
CAAE,
D0F6,
D312,
CF2F,
CCCD,
D170,
D9DE,
E1D8,
E6B8,
E8FE,
E6AF,
DDE9,
D206,
C927,
C57F,
C7A4,
CB51,
CB54,
C574,
B8FF,
A7C4,
9BAE,
9AD2,
A241,
AB1A,
B461,
C092,
CFEC,
DF50,
EED4,
FD61,
0AAF,
15B7,
19A7,
1468,
0E92,
0C7F,
0AA7,
04CE,
FCD6,
F63E,
F1EA,
EA30,
DF31,
D5A3,
CE10,
C32C,
B564,
A8F1,
A476,
A8A0,
AEE6,
AEFB,
A8C3,
A148,
A0BC,
A963,
B862,
C7C9,
D411,
DD7C,
E8B7,
F331,
FA64,
0065,
062C,
05D9,
FE04,
EFB6,
E210,
DBC1,
DC8E,
DCF8,
D9E2,
D06C,
C445,
B9E0,
B38D,
B105,
B247,
B057,
ABC2,
AA51,
B0D6,
BB10,
C3ED,
C6E3,
C6B1,
C625,
CD26,
DA64,
E327,
DDE4,
D31A,
CB0D,
CB3C,
CE9E,
D015,
CABF,
C4A8,
BE66,
BCB4,
BF22,
C634,
CAD3,
D019,
CDE6,
C754,
BED5,
C3FD,
CD53,
E2E9,
C57C,
B6D7,
B748,
AE28,
AD05,
ADC1,
B94A,
C6EB,
D455,
D900,
D987,
DA5C,
E20D,
E6E1,
E7DC,
E7E8,
E74D,
DD29,
CB65,
B7CF,
ABD3,
A91C,
AE5B,
B502,
BB22,
BF33,
C1DD,
C373,
C8EF,
CFE3,
D534,
D934,
DEAB,
E30F,
E37B,
DB44,
CE63,
C270,
B6CD,
AAB7,
A590,
A6A7,
A921,
AB0B,
ACDE,
AEA3,
B30C,
B7F1,
BD79,
C5EA,
CECE,
D26A,
D46E,
DB2E,
E88E,
F6BD,
FD85,
FA76,
F40A,
EF10,
ED37,
EDCB,
EC8B,
E6A7,
DEC7,
D4B7,
C8AA,
C012,
BEAE,
C0A7,
C18C,
C095,
BFC4,
BEF9,
C108,
C7C2,
CE9F,
D0CF,
CF20,
CA1E,
C4CB,
C206,
C519,
D047,
DDB0,
E71C,
ECE9,
ED45,
E9DB,
E778,
E3DF,
E01D,
DFCE,
DD8D,
D578,
C9D9,
C1C4,
C515,
D01B,
D7CF,
DBF0,
E0D7,
E925,
F3E7,
FE1E,
072F,
0FEE,
1155,
0329,
EAF1,
DEA1,
E7EA,
F1A3,
EA03,
DE60,
D9D1,
D312,
C9B8,
C890,
CD43,
CF71,
D154,
DAEC,
E8EA,
EE10,
E8FF,
E75F,
ECC5,
F310,
F9B5,
FDC5,
F730,
E7AB,
D862,
CF7F,
CF08,
D301,
D2CB,
CAFE,
C40D,
C840,
D252,
D814,
DE02,
E612,
E883,
E6E0,
E6FC,
E76A,
E6F7,
E6B3,
E97F,
EE05,
EB67,
E273,
DE8A,
E29C,
E987,
F160,
FA2C,
022E,
0907,
1250,
1F2B,
2C78,
3796,
3CF9,
39BF,
2FDE,
2595,
1FB1,
1B4C,
140A,
0AD0,
FE7F,
ECA0,
DA39,
CD29,
C717,
C4CB,
C1D2,
BF11,
C153,
C814,
CE5E,
D072,
CF8E,
D109,
D6B0,
DDB6,
E51F,
ECD1,
F0AE,
F0A6,
F065,
EFA6,
EF9D,
F4A2,
FD01,
040F,
069F,
04F8,
0643,
0C7B,
101A,
0E66,
0AED,
0848,
0836,
0880,
0617,
029A,
FFB7,
FDA0,
FC13,
F670,
EB94,
E3E7,
E2A9,
E2FB,
E374,
E4B9,
E815,
EF56,
F744,
FFE3,
0BEE,
1566,
1915,
1BFE,
1DD8,
1DFD,
1FC5,
21A4,
1EC7,
15B5,
09E7,
00F2,
FACB,
F5D5,
F33B,
F3B3,
F729,
FCE3,
01C2,
0606,
0AFD,
0F6C,
14C8,
1B38,
1E24,
1D87,
1B89,
161E,
0E78,
0787,
00EA,
FD0E,
FDF9,
000F,
0261,
06E6,
0C6C,
12F4,
1B72,
22F6,
27A9,
2B0B,
2ED1,
36D7,
4519,
50FF,
528D,
4FB2,
4F9B,
4EA5,
495B,
4198,
39B1,
33FE,
306D,
2CE1,
29A8,
251D,
1EAF,
1BB0,
1CC5,
1CF8,
1D80,
1FE4,
21F9,
233D,
222E,
1C89,
1618,
13F8,
1407,
1315,
138F,
1852,
1E70,
21F3,
21C3,
1FE5,
1EA9,
1F85,
233A,
27FB,
2A62,
29E4,
27EB,
2660,
28A7,
2F28,
34F7,
34F8,
3068,
2DC1,
2FD5,
34FB,
3BA1,
41D6,
445E,
4336,
407F,
3DC8,
3C26,
3B64,
3761,
2E04,
23ED,
1D6C,
1AC6,
1930,
159E,
130D,
145A,
1573,
1637,
1A42,
1DA9,
1E1D,
1F88,
23EE,
27EC,
261B,
1F47,
1D53,
2251,
2565,
2316,
1FE8,
1F6D,
2258,
2611,
29B7,
2E53,
315A,
310D,
300B,
2EE5,
2F1F,
31F2,
3494,
36C1,
39B4,
3BDB,
3E17,
4086,
4166,
4338,
460F,
45F6,
44B5,
45A6,
4889,
4C53,
4DEC,
4A49,
45DD,
43AD,
4272,
440D,
4927,
4E38,
5460,
5B89,
6067,
63D6,
6556,
63DF,
6382,
6573,
67DE,
69C8,
685F,
636F,
5E75,
5AA6,
58C2,
5663,
5058,
48EC,
43BE,
3FEC,
3D0B,
39C4,
326E,
25F2,
18CD,
0F8E,
0ADE,
08F1,
098C,
0E46,
1540,
18E3,
1820,
155D,
1326,
1495,
1920,
1C4E,
1F4E,
23F0,
272A,
26EC,
2668,
28E8,
2E53,
3515,
3D31,
44D1,
4893,
4929,
49CB,
4A44,
4890,
4569,
4329,
4181,
40B9,
4130,
4138,
4031,
4008,
4003,
3F6A,
3E7F,
3E3A,
4003,
430A,
4420,
4155,
39EC,
30FE,
2BD2,
2B57,
2E38,
3497,
3B22,
3E38,
3E7C,
3F20,
4232,
4813,
4EBD,
53E2,
5416,
4F9A,
4C95,
4E44,
5093,
4F4F,
48E2,
4046,
3AFC,
3A50,
3C1D,
3E1F,
3C8A,
37EE,
351C,
3590,
36F9,
38E5,
3C04,
4009,
4244,
4266,
431F,
4539,
475D,
4975,
494D,
44DA,
3EFD,
3BBE,
3AFC,
3C27,
3E59,
3FE8,
40EB,
43F3,
4896,
4B8C,
4BBC,
4CCC,
4EEB,
4EB5,
4CCC,
4BDD,
4ACA,
49AD,
488D,
4516,
3F9C,
3B6C,
386E,
358F,
33F4,
3487,
3496,
3262,
2F69,
2E34,
2E5A,
2E73,
2E36,
2E14,
2B44,
25C5,
227C,
22BD,
237D,
2545,
263A,
22CF,
1F31,
1FE6,
20C8,
2144,
24D6,
28BF,
29F5,
2A92,
2AAF,
2C4C,
3345,
3BC4,
405F,
42DA,
4420,
435E,
424C,
4235,
436B,
451F,
42F1,
3D40,
39E4,
38FF,
3749,
3784,
3A97,
3CE5,
3D14,
3ACA,
35CC,
3370,
364F,
3A02,
3ADB,
38B2,
3428,
30E6,
32B4,
3A2C,
427D,
452A,
3EB0,
30BE,
23EE,
236E,
2EB1,
3DD4,
4BC5,
532F,
50B4,
48AE,
4118,
3F02,
41BC,
4303,
4164,
3D13,
3455,
2D8E,
2BF7,
29F8,
28E7,
2B97,
2B67,
28D3,
2A74,
3071,
3538,
33F7,
2B7B,
2174,
1C41,
1F1A,
26A3,
2AE7,
28C7,
2192,
14EA,
086F,
0577,
0CD9,
1AB4,
2AB1,
350E,
37FA,
34F1,
2B08,
1EBA,
15C5,
0AFD,
FCEC,
F16D,
EF8E,
FD2B,
1642,
2B33,
3264,
2AD5,
1A95,
0DD6,
0C50,
1218,
1645,
12B4,
094C,
FEEF,
F65B,
EFF3,
EB82,
E85B,
E6FF,
E831,
EDC8,
F74D,
0130,
08B9,
0C48,
078E,
FB00,
EDDC,
E70D,
EA9C,
F811,
05BF,
0CE8,
0BFC,
03A2,
F90D,
F46F,
F77A,
FF42,
0485,
04A4,
0431,
05D3,
0794,
07CB,
063E,
03FE,
0311,
055D,
0A32,
0E51,
0EFA,
0B8C,
06A5,
04BB,
05D9,
092A,
0D4A,
12F9,
1A1F,
1E97,
1E3E,
1B6C,
156A,
0FD8,
0D10,
0816,
02D8,
02DA,
0550,
0740,
06AB,
02E7,
FFD2,
00C7,
04E9,
0A6A,
0DA5,
0C97,
0630,
FCBD,
F5A7,
F474,
F601,
F6D2,
F6BE,
F5D2,
F39C,
F21C,
F1DD,
F22F,
F27A,
F2E6,
F4E7,
F775,
F6DA,
F4A9,
F0C6,
EB4A,
E8D4,
EA18,
EB76,
ECF8,
EC71,
E8E4,
E3A7,
DD64,
D870,
D790,
D897,
D9DC,
DAAD,
DB7E,
DB94,
D992,
D6D8,
D854,
DC7A,
E0D2,
E77A,
F09B,
F669,
F47D,
E816,
D6E5,
CB9A,
C868,
CA9F,
D3B3,
E179,
F23C,
0041,
FB28,
D8D4,
A7BD,
8468,
83F1,
9D6C,
BE5B,
E2A2,
FB5A,
EF56,
D01F,
C1AB,
C2BD,
C123,
C0E2,
CEC8,
E47E,
E8CE,
E4C8,
E63A,
E223,
DFBD,
ECAA,
E7D7,
D6CE,
D0D2,
C94B,
C42A,
D160,
D80A,
D949,
E533,
F1B1,
FAF7,
FE2E,
ED39,
D389,
C4F0,
C58C,
D91F,
FB66,
15D2,
14C1,
FB9F,
E0D4,
D208,
CDD9,
D2BE,
E2CC,
F586,
FC24,
F768,
F5C0,
F897,
FB98,
FFF0,
FC85,
ECC9,
D7CD,
C436,
BD86,
CBC8,
DF4F,
EC95,
F3B6,
EF92,
E585,
E347,
E766,
E7FF,
E264,
D75A,
CDC1,
CA1E,
CC10,
CFAD,
CF15,
C760,
BF3F,
BCA3,
C1C7,
CCCC,
D807,
DEE8,
E117,
DE4A,
D74A,
CD98,
C5F8,
C537,
C9C4,
CE4C,
D24A,
D3F2,
D2A8,
D18C,
D047,
CC3B,
C94F,
C7F0,
C797,
CD9A,
D872,
DE08,
DC24,
D33D,
C57B,
BB52,
BA99,
BF4F,
C389,
C2B8,
BE5F,
BA9B,
BABB,
BEB4,
C1B8,
C18E,
C4E9,
CCA5,
D30B,
D786,
DB89,
DC4E,
D80B,
CEA4,
C448,
BCE8,
B85A,
B5AF,
B4F7,
B1DA,
ACE2,
A94F,
A7D2,
ABF5,
B941,
C7A8,
CF7D,
CF8E,
C999,
C326,
C300,
C841,
CCAC,
CB22,
C7AD,
C72C,
C8EB,
CC6E,
D2B4,
D512,
D18C,
CF15,
D33E,
DB5D,
E35B,
E882,
EB3C,
E963,
E0F2,
D504,
CBBF,
C7AC,
C98B,
CD2A,
CD37,
C701,
B9DF,
A7FC,
9B72,
9A74,
A222,
AB6B,
B4F7,
C0FB,
CFEC,
DF2B,
EF23,
FECD,
0D90,
19A1,
1D9C,
1793,
10B4,
0DC6,
0B75,
0561,
FD24,
F62D,
F187,
E96E,
DDC2,
D345,
CB10,
C029,
B2C7,
A6F9,
A355,
A85F,
AF75,
B051,
AAC5,
A399,
A2E8,
AB45,
BA0F,
C936,
D530,
DE32,
E8A9,
F1F6,
F7C6,
FC55,
00E0,
0004,
F893,
EB72,
DF45,
DA37,
DBE1,
DCB7,
D974,
CF8E,
C37B,
BA19,
B562,
B429,
B5D1,
B387,
AE2F,
ABB5,
B132,
BADF,
C3E6,
C768,
C7AB,
C757,
CE28,
DADB,
E334,
DDCF,
D2EC,
CAD5,
CB13,
CE77,
CFDD,
CA81,
C476,
BE43,
BC7A,
BEC6,
C618,
CB32,
D0BD,
CEE2,
C8EE,
C0D7,
C60F,
CF81,
E543,
C79F,
B904,
B951,
AFE2,
AE50,
AE76,
B960,
C671,
D347,
D760,
D77C,
D7FE,
DF9F,
E51B,
E737,
E82E,
E82D,
DE5A,
CC9F,
B923,
AD90,
AB5F,
B101,
B7CE,
BDC6,
C155,
C355,
C49A,
CA39,
D14E,
D67F,
DA46,
DF77,
E393,
E418,
DC5C,
CFB9,
C3A9,
B7F4,
ABAA,
A5EB,
A67F,
A90F,
AB6B,
AD80,
AF00,
B2E4,
B7AE,
BDBE,
C6EC,
D03A,
D3C3,
D59B,
DC4F,
E98B,
F78F,
FE5C,
FB5C,
F52C,
F0B4,
EF37,
EFE3,
EE97,
E864,
DFE6,
D51E,
C891,
BFFC,
BF0B,
C1DE,
C3DC,
C3A1,
C326,
C28D,
C46E,
CAA3,
D10E,
D2E9,
D115,
CBFF,
C688,
C3B6,
C6AD,
D123,
DD49,
E57D,
EAA6,
EB1D,
E848,
E6B1,
E3D6,
E055,
DFE6,
DDBE,
D604,
CADC,
C365,
C6FE,
D17D,
D856,
DBFF,
E0D5,
E8F3,
F321,
FCAD,
0564,
0E67,
107C,
0288,
EA33,
DE6E,
E89B,
F2A2,
EAE8,
DF4C,
DB10,
D4CB,
CBCB,
CADA,
CFA5,
D1B0,
D366,
DD1C,
EB6C,
F0AA,
EB22,
E89C,
ED2D,
F320,
F9FC,
FE83,
F87B,
E97F,
DA4E,
D0E9,
CFC4,
D35C,
D36C,
CC9A,
C67E,
CA81,
D3F1,
D968,
DF03,
E629,
E79F,
E56D,
E516,
E4E9,
E43D,
E43C,
E738,
EB9E,
E8AF,
DF7E,
DBDC,
E0C4,
E8A0,
F13E,
FA9D,
0311,
0A1C,
133E,
200D,
2DCD,
3974,
3F3B,
3C72,
32E3,
28A4,
2287,
1D91,
158B,
0BD6,
FF67,
ED75,
DAEB,
CDDD,
C80A,
C607,
C39F,
C1BA,
C43A,
CA5C,
D00D,
D1E0,
D0DD,
D23D,
D78A,
DDE9,
E45F,
EADD,
EDC5,
ED44,
ECBA,
EBDA,
EBEA,
F12F,
F9FC,
019C,
04D3,
03C6,
055F,
0BBE,
0FA6,
0E37,
0ADD,
0880,
08D9,
095A,
06D8,
0316,
FFFD,
FDF2,
FC7B,
F6ED,
EC5B,
E514,
E464,
E58F,
E6E0,
E8AA,
EBF0,
F284,
FA14,
02F5,
0F48,
18E4,
1C6F,
1EB0,
1FC0,
1F56,
20B1,
2238,
1EFE,
15B7,
0A18,
018A,
FBC9,
F72F,
F4F0,
F5BE,
F96C,
FF1D,
03BE,
07C9,
0CB1,
113E,
16BE,
1CF1,
1EFA,
1D40,
1A8E,
14CD,
0C9E,
04FA,
FDFC,
F9FB,
FAB1,
FC92,
FEC5,
035D,
0941,
1046,
1953,
2198,
26F7,
2A79,
2E01,
3607,
44B3,
50E3,
5252,
4F50,
4F44,
4E38,
48A1,
40C9,
3924,
33D0,
30C4,
2E05,
2BB2,
27DE,
21BB,
1E8D,
1F4F,
1F8A,
207A,
2320,
24F4,
2595,
23CE,
1D86,
168C,
1404,
13C2,
128B,
12D3,
1763,
1D1F,
202F,
1FCD,
1E20,
1D2D,
1DF5,
212C,
2571,
27CC,
27BE,
263E,
24AA,
2630,
2B89,
308C,
3077,
2C1E,
29A6,
2BD8,
310A,
37CE,
3E62,
4187,
4105,
3ECA,
3C85,
3B48,
3AA8,
36A8,
2D42,
22F8,
1C64,
19CF,
1814,
1467,
1218,
13D1,
1586,
1710,
1BB8,
1F87,
2047,
2213,
2735,
2BBF,
29A7,
2235,
1FD7,
248F,
276E,
24DD,
214F,
205C,
22BA,
2629,
29EB,
2E9D,
3190,
313B,
309E,
306F,
317C,
344E,
3694,
3885,
3B46,
3D41,
3F21,
40D8,
410C,
4262,
44F5,
450F,
43E9,
4427,
4601,
4930,
4AFD,
481F,
4438,
4228,
411E,
42EF,
4830,
4D48,
5336,
5A29,
5EE4,
61E3,
62BF,
60C9,
600B,
61BB,
6414,
661A,
64F8,
6055,
5B9D,
583E,
5706,
5561,
5028,
4986,
44D9,
4135,
3E28,
3A64,
32AE,
2630,
1936,
0FFF,
0AEA,
0832,
07E5,
0BD2,
125D,
162F,
1602,
13CA,
11D3,
1330,
17AA,
1B2A,
1E8D,
22FF,
25A2,
24F8,
2451,
26CA,
2C1A,
3296,
3A56,
41B2,
458C,
4696,
47AF,
489A,
4793,
4544,
43D0,
42D6,
4271,
42F6,
4302,
421A,
41FA,
41E1,
412C,
4019,
3F7D,
4099,
42EB,
43AF,
4107,
3A41,
3231,
2D7C,
2CF7,
2F8A,
3575,
3BCE,
3F28,
3FB8,
4047,
42E2,
4839,
4E80,
535A,
5382,
4F4C,
4C59,
4D9A,
4F55,
4DC3,
4774,
3F3A,
3A3F,
39B6,
3B7A,
3D57,
3BCD,
377C,
34DE,
3560,
36C3,
3877,
3B26,
3E9F,
4066,
405E,
4103,
42E8,
44D4,
46CD,
46BD,
42B3,
3D53,
3A5D,
39BD,
3AF6,
3D3A,
3EFE,
4040,
4343,
4797,
4A58,
4AA0,
4BCA,
4DF2,
4E01,
4C73,
4B93,
4A4F,
48FC,
47CF,
44A1,
3F9E,
3BBA,
38E1,
3626,
348D,
34ED,
34CD,
32A5,
2FCC,
2E85,
2E6B,
2E47,
2DD9,
2D87,
2AC8,
2595,
2251,
223D,
2292,
23BD,
2428,
20D3,
1D7D,
1E4B,
1F8D,
208A,
2430,
280A,
2943,
29C2,
29CA,
2B59,
31F4,
3A1C,
3ED8,
41B4,
434F,
42C9,
41CF,
41B2,
42AA,
442D,
4255,
3D4E,
3A62,
39B2,
37F3,
37E9,
3AC6,
3D0C,
3D5B,
3BAA,
379B,
35EA,
38E4,
3C2E,
3C3A,
391C,
33B2,
3014,
3261,
3ACA,
43E6,
46DE,
3FE0,
30FE,
2358,
2215,
2D05,
3C9E,
4B18,
52B3,
502E,
47E6,
4033,
3E5E,
4185,
4339,
4173,
3C3C,
32A5,
2B48,
2953,
278F,
26F0,
29C9,
29F0,
27F5,
2A08,
302C,
3473,
3210,
28B1,
1E8A,
19FA,
1DEA,
263D,
2AAC,
280F,
1FA6,
11BE,
04C7,
01FF,
09E0,
1838,
287E,
3305,
35F4,
3303,
29A8,
1DE3,
1501,
0A22,
FBD7,
F017,
EE70,
FC88,
15EF,
2B0D,
3220,
2A32,
19F3,
0DC7,
0CF3,
1340,
17A0,
13F7,
0A56,
FFCC,
F764,
F199,
EDB0,
EA9E,
E8D0,
E8F5,
ED5B,
F65D,
0099,
08F3,
0D46,
08DC,
FC5E,
EF5B,
E8C7,
EC81,
F9DA,
0721,
0DD0,
0C5E,
03A8,
F915,
F46C,
F709,
FE56,
0369,
03CE,
03F1,
0654,
0923,
0A48,
08EA,
0634,
048D,
0644,
0AF9,
0F19,
0F9A,
0BF1,
06C7,
04B6,
05D0,
0929,
0D4C,
12CF,
19BB,
1E62,
1E73,
1C08,
1685,
1132,
0E2E,
08FC,
03A9,
036B,
059D,
0764,
06A0,
028F,
FF09,
FF88,
0374,
08F8,
0C3A,
0B40,
0500,
FBD7,
F519,
F41E,
F5C1,
F697,
F669,
F56E,
F342,
F1A6,
F10C,
F0D1,
F096,
F095,
F216,
F478,
F45A,
F2CC,
EF6B,
EA51,
E7CE,
E8BC,
E9CB,
EAF3,
EA05,
E63A,
E11E,
DB7C,
D737,
D68B,
D747,
D81B,
D8C4,
D9C7,
DA27,
D868,
D5DA,
D745,
DB6E,
E056,
E7EE,
F1EA,
F817,
F5C8,
E874,
D683,
CB1F,
C880,
CB77,
D4F7,
E30E,
F442,
0295,
FD8A,
DACD,
A8BD,
8488,
8403,
9E27,
C050,
E65B,
002E,
F337,
D1EB,
C219,
C2B4,
C109,
C123,
CFD3,
E613,
E9C0,
E4E7,
E654,
E256,
E048,
EE4E,
E9CB,
D881,
D29E,
CAD0,
C53D,
D2B4,
D995,
DAF3,
E6EA,
F2C4,
FB8D,
FF94,
F062,
D814,
C921,
C794,
D89F,
F89D,
11D2,
1219,
FBCE,
E258,
D358,
CEE7,
D3A7,
E34A,
F5B7,
FD12,
F9F2,
F8F7,
FB4C,
FCF0,
FEFE,
FA4A,
EAB5,
D5D2,
C2D4,
BD18,
CB5D,
DF38,
ECD5,
F324,
EE3B,
E3D4,
E14C,
E644,
E873,
E416,
D9D4,
CFE5,
CAB7,
CAF5,
CD4C,
CC38,
C515,
BDD9,
BBA2,
C07D,
CAD1,
D564,
DBDF,
DDD0,
DACE,
D3E3,
CAEC,
C48A,
C4FA,
CA90,
CFF2,
D402,
D4EE,
D29E,
D06C,
CE83,
CA9B,
C7DD,
C682,
C637,
CBE7,
D655,
DC2E,
DAFE,
D2DC,
C5FC,
BC93,
BC35,
C0E5,
C4DD,
C3BA,
BF37,
BB8A,
BBD2,
BFBD,
C2A9,
C28E,
C5D0,
CD4B,
D3A6,
D819,
DBEA,
DC86,
D829,
CEBA,
C453,
BCC1,
B847,
B5F7,
B586,
B2AA,
ADE5,
AA6B,
A914,
ACFF,
B970,
C708,
CE8F,
CEBE,
C933,
C34F,
C3A0,
C921,
CDC7,
CC99,
C96A,
C8EE,
CA99,
CE07,
D44C,
D6FA,
D3E5,
D15D,
D4FE,
DCBA,
E4AC,
EA13,
ED3C,
EBDA,
E3C1,
D7C6,
CE11,
C982,
CB07,
CE8C,
CEA9,
C82D,
BA71,
A7FD,
9B09,
99E8,
A1D1,
AB85,
B54F,
C120,
CFA7,
DECA,
EF3D,
000C,
104B,
1D60,
2154,
1A74,
1287,
0EC0,
0BFE,
05BE,
FD49,
F5FC,
F101,
E885,
DC23,
D0A8,
C7C9,
BCE7,
AFF4,
A4D0,
A204,
A7E6,
AFC1,
B159,
AC6B,
A581,
A4A6,
ACC2,
BB6A,
CA62,
D61E,
DEC6,
E87A,
F08F,
F4F9,
F816,
FB75,
FA24,
F329,
E73D,
DC8C,
D8B8,
DB34,
DC66,
D8E8,
CE92,
C29C,
BA47,
B73A,
B750,
B94B,
B68F,
B059,
ACB8,
B11C,
BA42,
C38B,
C7B4,
C87F,
C862,
CEF5,
DB13,
E30A,
DD9E,
D2C2,
CAB6,
CB0F,
CE71,
CFB9,
CA49,
C43F,
BE0D,
BC1B,
BE2F,
C5AE,
CB40,
D11C,
CFA6,
CA5E,
C2B0,
C7E6,
D15F,
E751,
C970,
BAF7,
BB43,
B190,
AF8D,
AF0C,
B947,
C5BF,
D203,
D58A,
D544,
D577,
DD00,
E320,
E663,
E848,
E8DD,
DF58,
CDA9,
BA4D,
AF27,
AD7E,
B380,
BA6B,
C037,
C346,
C4A1,
C59B,
CB5F,
D294,
D7A5,
DB30,
E00D,
E3D0,
E460,
DD19,
D0C1,
C4A7,
B8F2,
AC82,
A62B,
A63B,
A8E0,
ABA8,
ADF5,
AF2F,
B28E,
B737,
BDC8,
C7A9,
D156,
D4C0,
D660,
DD0A,
EA2F,
F81B,
FF05,
FC2F,
F647,
F250,
F121,
F1D4,
F078,
E9FB,
E0EC,
D572,
C85F,
BFBB,
BF28,
C2C1,
C5C8,
C646,
C62D,
C5D6,
C79A,
CD4D,
D343,
D4D2,
D2E8,
CDC7,
C825,
C53F,
C81A,
D1E2,
DCD2,
E3D7,
E856,
E8E0,
E697,
E5C6,
E3A5,
E060,
DFCF,
DDC7,
D668,
CBB1,
C4DA,
C8C6,
D2C3,
D8C7,
DBFB,
E0BC,
E8A0,
F22F,
FB07,
035C,
0C9B,
0F5A,
01A1,
E933,
DE04,
E924,
F386,
EBB9,
E025,
DC34,
D660,
CDB8,
CD06,
D1EF,
D3D0,
D54D,
DF1C,
EDBD,
F30E,
ED0B,
E9A1,
ED67,
F315,
FA30,
FF38,
F9D1,
EB71,
DC67,
D28B,
D0C0,
D3FF,
D459,
CE79,
C926,
CCF7,
D5BC,
DACA,
DFE9,
E60B,
E675,
E3AC,
E2E0,
E21C,
E137,
E177,
E4AC,
E902,
E5D3,
DC6D,
D913,
DED4,
E7AE,
F121,
FB15,
03F5,
0B23,
1408,
20B9,
2EDC,
3B07,
4138,
3EE4,
35AD,
2B82,
2533,
1FAE,
16E8,
0CB5,
0027,
EE33,
DB98,
CE9F,
C91F,
C776,
C59F,
C489,
C72F,
CCA2,
D1BA,
D353,
D235,
D37E,
D86D,
DE23,
E3A5,
E8EF,
EAE9,
EA01,
E944,
E859,
E894,
EE1C,
F74D,
FF69,
0331,
02B0,
0493,
0B0E,
0F34,
0DFB,
0AB5,
08A0,
0964,
0A14,
076C,
0358,
0000,
FE06,
FCAE,
F744,
ED10,
E634,
E60A,
E805,
EA21,
EC66,
EF97,
F57F,
FCB4,
05D8,
126D,
1C29,
1F92,
2131,
218A,
20A0,
2197,
22CD,
1F42,
15D4,
0A74,
025E,
FD09,
F8C7,
F6D9,
F7F6,
FBCF,
0166,
05C5,
0998,
0E6F,
1319,
18BE,
1EB4,
1FDC,
1D0E,
19B1,
139D,
0AE7,
0299,
FB47,
F726,
F79E,
F939,
FB3B,
FFD8,
0619,
0DA3,
173D,
2040,
2646,
29E4,
2D2B,
353A,
4454,
50CD,
521C,
4EFA,
4F04,
4DED,
4811,
4027,
38BF,
33C1,
3132,
2F32,
2DBA,
2A99,
24C0,
215F,
21C8,
220A,
236D,
2662,
2805,
2814,
25A4,
1EC6,
1750,
1467,
13D8,
1259,
1263,
16B4,
1C06,
1EA4,
1E15,
1C94,
1BDF,
1C89,
1F3E,
2305,
255C,
25CD,
24D6,
2341,
2404,
2833,
2C6C,
2C43,
2820,
25D8,
2824,
2D5B,
3431,
3B11,
3EC2,
3EDF,
3D1D,
3B4D,
3A79,
39FA,
35FD,
2C91,
221E,
1B82,
1902,
171F,
1359,
114D,
136D,
15BB,
1812,
1D5E,
219C,
22A8,
24CB,
2AA2,
2FB8,
2D5A,
254E,
2288,
26FD,
29AE,
26E4,
2305,
21A8,
2385,
26AC,
2A82,
2F3D,
3211,
31B5,
3182,
324F,
342F,
36F9,
38D5,
3A73,
3CF1,
3EC2,
404C,
414E,
40DB,
41BA,
4402,
4444,
4331,
42BA,
438B,
4618,
4815,
45FF,
42A3,
40B7,
3FDE,
41DB,
4732,
4C4A,
51FE,
58C2,
5D6A,
6002,
603D,
5DC8,
5CAB,
5E20,
606C,
6290,
61B7,
5D64,
58F1,
560C,
5587,
54A5,
5048,
4A75,
463F,
42BC,
3F7B,
3B3B,
332E,
26C0,
1A01,
10D7,
0B56,
07CA,
0691,
09B0,
0FD0,
13D9,
144A,
12A3,
10F1,
123A,
16A3,
1A7D,
1E44,
227D,
247D,
235D,
2292,
250B,
2A43,
3072,
37C2,
3EC5,
42AC,
4426,
45B5,
4714,
46C0,
454C,
44A1,
4451,
444A,
44D4,
44E0,
4412,
43F6,
43CA,
4302,
41CF,
40DA,
413C,
42C6,
4329,
40AB,
3A9C,
3381,
2F51,
2EC8,
3106,
3672,
3C98,
4044,
4136,
41C1,
43ED,
48BA,
4E99,
5325,
5344,
4F57,
4C71,
4D33,
4E4E,
4C6D,
4648,
3E82,
39DF,
3977,
3B2E,
3CDA,
3B54,
3752,
34F3,
358F,
36F5,
386F,
3A9C,
3D72,
3EB6,
3E7B,
3F0A,
40C1,
427B,
444E,
444B,
40A9,
3BC9,
3920,
38A4,
39F0,
3C4A,
3E47,
3FC5,
42B5,
46AB,
4934,
499C,
4AE2,
4D10,
4D65,
4C39,
4B67,
49EF,
485F,
4719,
4432,
3FB1,
3C2A,
3985,
36FB,
356A,
358E,
3539,
331F,
306A,
2F11,
2EBA,
2E5D,
2DB7,
2D2F,
2A7E,
2594,
2251,
21E4,
21D2,
2267,
225C,
1F33,
1C2E,
1D0D,
1EA1,
2012,
23BF,
2786,
28CC,
293E,
293C,
2ABD,
30E5,
389C,
3D6F,
40B1,
42A5,
425E,
4181,
415C,
4211,
4362,
41E8,
3D94,
3B1A,
3A9C,
38D1,
387E,
3B1A,
3D4B,
3DB5,
3C9E,
3988,
3889,
3B9A,
3E77,
3DB0,
3992,
333D,
2F45,
321C,
3B84,
457E,
48D0,
4155,
3187,
230A,
20F4,
2B86,
3B96,
4A98,
5262,
4FD2,
4749,
3F7E,
3DF2,
418D,
43B0,
41BC,
3B8C,
3107,
290A,
26BC,
2545,
252A,
282F,
28A7,
273B,
29B9,
300A,
33E1,
306C,
262C,
1BD7,
17CF,
1CBF,
25DB,
2A87,
2786,
1DF2,
0EC1,
0138,
FE8A,
06E8,
15D2,
267D,
3141,
3433,
314A,
286A,
1D19,
1443,
0955,
FADE,
EEEB,
ED86,
FC16,
15C2,
2B02,
31EF,
2995,
194A,
0DA9,
0D94,
1480,
192E,
157E,
0BA4,
00D5,
F87C,
F33D,
EFE2,
ECEF,
EABF,
E9E6,
ED1D,
F592,
0021,
0945,
0E4D,
0A29,
FDB7,
F0D5,
EA7A,
EE60,
FB9F,
0884,
0EC6,
0CD7,
03C0,
F92A,
F471,
F69E,
FD71,
0251,
02F0,
0394,
06A2,
0A78,
0C99,
0B7B,
085A,
05F8,
070A,
0B91,
0FAC,
100D,
0C3C,
06E1,
04AD,
05BC,
090D,
0D2A,
1280,
1933,
1E0E,
1E90,
1C91,
1794,
1280,
0F3B,
09D0,
046C,
03EE,
05D8,
0777,
0689,
023B,
FE50,
FE54,
01FC,
076F,
0AA9,
09C2,
03B4,
FAE4,
F489,
F3C6,
F57C,
F65A,
F613,
F511,
F2F9,
F14B,
F059,
EF8E,
EECC,
EE59,
EF4E,
F175,
F1D2,
F0EB,
EE15,
E969,
E6D8,
E75E,
E80E,
E8CC,
E76E,
E369,
DE83,
D9A0,
D622,
D5A7,
D605,
D651,
D6C1,
D7F3,
D8A0,
D728,
D4C8,
D618,
DA3E,
DFBE,
E84F,
F329,
F9BD,
F703,
E8B7,
D60B,
CA91,
C892,
CC5B,
D64C,
E4B3,
F653,
04ED,
FFED,
DCCC,
A9BF,
84A8,
8413,
9EDA,
C23C,
EA06,
04F0,
F706,
D3A3,
C26C,
C28D,
C0CF,
C145,
D0C3,
E795,
EAA8,
E50C,
E67D,
E29A,
E0D9,
EFE4,
EB9D,
DA07,
D432,
CC1B,
C61A,
D3D8,
DAEB,
DC5C,
E857,
F38F,
FBE3,
00BB,
F341,
DC41,
CCEC,
C947,
D7E1,
F5AC,
0DBC,
0F54,
FBC4,
E396,
D464,
CFB0,
D44D,
E390,
F5C0,
FDDE,
FC4C,
FBF2,
FDBF,
FE02,
FDCD,
F7D2,
E861,
D39E,
C13B,
BC6C,
CAB2,
DEE1,
ECD1,
F252,
ECAF,
E1FD,
DF3F,
E521,
E8EB,
E5CA,
DC4B,
D1FF,
CB45,
C9CE,
CADC,
C947,
C2AB,
BC47,
BA64,
BEE9,
C88A,
D27D,
D8A2,
DA66,
D741,
D076,
C83F,
C324,
C4D0,
CB6F,
D197,
D59B,
D5B0,
D250,
CF0C,
CC95,
C8E6,
C658,
C4F3,
C4A4,
C9F0,
D3F0,
DA18,
D9AD,
D25A,
C662,
BDB9,
BDAF,
C250,
C602,
C492,
BFEB,
BC5B,
BCD4,
C0B5,
C38E,
C38D,
C6B3,
CDDA,
D41E,
D883,
DC24,
DCA3,
D83F,
CED9,
C46A,
BC9F,
B82D,
B631,
B5FA,
B35E,
AED3,
AB75,
AA41,
ADE4,
B960,
C616,
CD4E,
CDA3,
C890,
C34C,
C420,
C9DF,
CEB8,
CDDD,
CAF5,
CA83,
CC23,
CF80,
D5C4,
D8CC,
D63C,
D3A8,
D6B3,
DDF7,
E5CC,
EB6B,
EF02,
EE17,
E658,
DA4D,
D01C,
CB00,
CC17,
CF79,
CFAD,
C8FB,
BABB,
A7CA,
9A74,
992C,
A14C,
AB67,
B569,
C101,
CF20,
DE2E,
EF26,
0125,
12E6,
20F5,
24D1,
1D0D,
140C,
0F6E,
0C48,
05E9,
FD4B,
F5B0,
F05C,
E774,
DA53,
CDCB,
C43D,
B96B,
ACEF,
A278,
A084,
A735,
AFCA,
B214,
ADB5,
A702,
A5FB,
ADDF,
BC76,
CB52,
D6E1,
DF3B,
E82B,
EF00,
F1FD,
F3AB,
F5E6,
F436,
EDC0,
E311,
D9E1,
D740,
DA7F,
DC00,
D83C,
CD76,
C1A8,
BA6B,
B917,
BA7E,
BCB9,
B974,
B246,
AD5F,
B09C,
B940,
C2E4,
C7D0,
C934,
C94A,
CF91,
DB0D,
E2AB,
DD52,
D29B,
CAAF,
CB2D,
CE89,
CFA5,
CA14,
C402,
BDC2,
BB98,
BD5D,
C4F7,
CB00,
D138,
D034,
CBA8,
C461,
C988,
D2F0,
E918,
CAF3,
BCB6,
BD24,
B333,
B0BC,
AF84,
B900,
C4D4,
D084,
D37B,
D2DA,
D2C0,
DA2B,
E0ED,
E55C,
E832,
E95F,
E026,
CE85,
BB52,
B09C,
AF7A,
B5DC,
BCDC,
C278,
C50B,
C5C7,
C67B,
CC67,
D3BA,
D8AE,
DBF8,
E071,
E3C7,
E453,
DD7C,
D17D,
C56E,
B9CA,
AD3F,
A652,
A5D8,
A891,
ABBF,
AE3C,
AF32,
B20F,
B692,
BD9A,
C826,
D226,
D563,
D6C0,
DD62,
EA7E,
F863,
FF84,
FCF0,
F75C,
F3E3,
F2F3,
F39C,
F22B,
EB6D,
E1D9,
D5B9,
C818,
BF53,
BF0A,
C351,
C753,
C88A,
C8DD,
C8DD,
CA93,
CFC5,
D542,
D68D,
D49D,
CF75,
C9A3,
C6A3,
C964,
D287,
DC50,
E22B,
E5FC,
E68E,
E4C9,
E4B8,
E34E,
E040,
DF8E,
DDAD,
D6AA,
CC5D,
C628,
CA6D,
D3EF,
D924,
DBE8,
E091,
E831,
F114,
F92E,
011A,
0A8C,
0DF1,
0076,
E7F5,
DD68,
E98A,
F452,
EC77,
E0EA,
DD3B,
D7CE,
CF7D,
CF13,
D423,
D5D2,
D70A,
E0F0,
EFDF,
F53D,
EEBC,
EA6F,
ED76,
F2EF,
FA56,
FFE8,
FB33,
ED83,
DEAE,
D464,
D1FA,
D4EA,
D593,
D09E,
CC0B,
CFAA,
D7B7,
DC39,
E0B6,
E5B4,
E504,
E19D,
E05B,
DF04,
DDE7,
DE66,
E1DA,
E632,
E2D2,
D941,
D62F,
DCCC,
E6B2,
F107,
FB94,
04DC,
0C1E,
14B1,
2130,
2FA5,
3C51,
42F3,
411A,
3840,
2E31,
27B4,
21A4,
1820,
0D6F,
00C4,
EEDC,
DC44,
CF70,
CA59,
C91A,
C7D4,
C77F,
CA33,
CEE6,
D366,
D4CC,
D399,
D4CB,
D95A,
DE62,
E2EF,
E702,
E815,
E6D9,
E5FF,
E521,
E598,
EB68,
F4F1,
FD74,
01B6,
01B7,
03DE,
0A6F,
0EC7,
0DB4,
0A78,
08AB,
09DA,
0AB0,
07D8,
0363,
FFC4,
FDDC,
FCAC,
F776,
EDB5,
E74B,
E7A0,
EA62,
ED3A,
EFEE,
F30C,
F84D,
FF29,
088F,
155F,
1F34,
227C,
2380,
2332,
21DA,
2276,
2363,
1F92,
160A,
0AFB,
036E,
FE8E,
FA9F,
F8F9,
FA5D,
FE56,
03C3,
07DB,
0B78,
103C,
1502,
1ACF,
2087,
20D0,
1CF5,
18F5,
1292,
0956,
0066,
F8CE,
F493,
F4C3,
F607,
F7C2,
FC53,
02F4,
0B08,
1530,
1EED,
2598,
294B,
2C50,
346E,
43FB,
50BC,
51EB,
4EAF,
4EDC,
4DC5,
47AE,
3FB5,
3882,
33D1,
31B1,
3063,
2FBF,
2D4D,
27BE,
2426,
2430,
247B,
2657,
29A9,
2B2C,
2ABB,
27B0,
204A,
1864,
1520,
1445,
127A,
123D,
1641,
1B21,
1D4C,
1C93,
1B3C,
1ABA,
1B3D,
1D6D,
20B8,
2310,
2410,
23B4,
2223,
2221,
2525,
2898,
285E,
2470,
2254,
24B7,
29EC,
30C7,
37E0,
3C0C,
3CBF,
3B76,
3A1E,
39B5,
3958,
3560,
2BF2,
215E,
1AC5,
185D,
1651,
1275,
10AC,
132B,
1612,
193C,
1F35,
23E7,
253C,
27AD,
2E31,
33D2,
3131,
288D,
2563,
2999,
2C21,
2928,
2505,
2350,
24B6,
2798,
2B7C,
3033,
32DE,
3278,
32B3,
3483,
373A,
39F6,
3B56,
3C89,
3EB4,
405C,
4196,
41E9,
40D8,
4144,
4339,
4397,
4291,
4163,
412B,
4311,
4537,
43ED,
4122,
3F5A,
3EB1,
40CD,
4629,
4B38,
50B1,
574F,
5BF4,
5E33,
5DCE,
5ADA,
5960,
5A9D,
5CE2,
5F28,
5E9A,
5A97,
5670,
540D,
5444,
542C,
50B5,
4BB4,
47EB,
447C,
4101,
3C46,
33EE,
27A1,
1B2C,
1217,
0C24,
07B5,
058B,
07DE,
0D98,
11E2,
12F6,
11E5,
107B,
11AF,
1606,
1A42,
1E71,
2267,
23B6,
2217,
2128,
23A7,
28CC,
2EA4,
3572,
3C0A,
3FF2,
41D9,
43DC,
45B4,
461B,
4582,
459E,
45F4,
4644,
46CB,
46D1,
461A,
45FD,
45BF,
44EE,
43A3,
4252,
41EE,
429B,
4291,
4041,
3AFE,
34ED,
3151,
30C9,
32AB,
378B,
3D7C,
418A,
42F4,
438A,
454F,
4995,
4F08,
5343,
535B,
4FBA,
4CD9,
4D0E,
4D7D,
4B4B,
455C,
3E1C,
39DB,
3995,
3B3A,
3CAA,
3B1D,
376C,
3558,
361B,
378F,
38CE,
3A68,
3C83,
3D32,
3CBC,
3D32,
3EC1,
404F,
41F7,
41F6,
3EB9,
3A5D,
3803,
37AE,
3911,
3B86,
3DBE,
3F74,
4245,
45CF,
481F,
48B0,
4A14,
4C43,
4CE0,
4C18,
4B55,
49A7,
47D4,
4669,
43C6,
3FD3,
3CB8,
3A58,
380F,
368A,
3669,
35D8,
33CF,
3140,
2FD6,
2F47,
2EB4,
2DD3,
2D0D,
2A66,
25C2,
227A,
21B1,
213B,
2147,
20D8,
1DF3,
1B48,
1C2C,
1E03,
1FDA,
2382,
2733,
2892,
2907,
2907,
2A7B,
301B,
3743,
3C23,
3FD1,
4222,
421E,
4162,
4134,
419F,
42BF,
41AB,
3E13,
3C0E,
3BBF,
39E3,
3942,
3B94,
3DA4,
3E21,
3DA7,
3B92,
3B4C,
3E71,
40DB,
3F3D,
3A13,
32C9,
2E78,
31E1,
3C59,
4745,
4AFE,
430C,
3257,
2302,
2008,
2A30,
3AB6,
4A3F,
5237,
4F9D,
46D6,
3EFA,
3DBF,
41D4,
4469,
423D,
3AFF,
2F79,
26D1,
242F,
231A,
2395,
26CD,
2790,
26A7,
298A,
300A,
337F,
2F0A,
23EB,
195B,
15C3,
1B9D,
257C,
2A79,
272A,
1C74,
0BEE,
FDBC,
FB12,
03EF,
1380,
24AB,
2FC2,
32B5,
2FC1,
2746,
1C5A,
1388,
0896,
FA03,
EDE8,
ECCD,
FBD3,
15B5,
2B0C,
31CB,
28FB,
1894,
0D7B,
0E2F,
15D5,
1AED,
1749,
0D35,
020B,
F9A1,
F4E4,
F219,
EF51,
ECCF,
EB04,
ED0B,
F4E9,
FFC3,
09AA,
0F5B,
0B72,
FF0B,
F24C,
EC2A,
F03E,
FD65,
09EB,
0FCA,
0D65,
03EC,
F94D,
F480,
F63C,
FC95,
013D,
020B,
031B,
06BC,
0B95,
0EC2,
0DF6,
0A74,
0755,
07B4,
0BFE,
100F,
1056,
0C6D,
06F2,
04A3,
059F,
08D8,
0CE4,
120E,
188A,
1D9C,
1E93,
1D05,
1894,
13C5,
103A,
0A95,
0524,
0462,
0600,
0777,
0666,
01E9,
FDA7,
FD2F,
0081,
05CF,
08EF,
0819,
0247,
F9E0,
F3F5,
F369,
F530,
F61A,
F5BD,
F4BA,
F2C4,
F10A,
EFC3,
EE67,
ED1A,
EC31,
EC8E,
EE6C,
EF42,
EF06,
ECC2,
E892,
E5F0,
E5FD,
E63B,
E680,
E4A9,
E06E,
DBD1,
D7CE,
D531,
D4E8,
D4D1,
D47D,
D4A4,
D5FF,
D6FB,
D5CF,
D39E,
D4CA,
D8E7,
DF0A,
E89B,
F45A,
FB59,
F82D,
E8DF,
D578,
C9EF,
C89B,
CD4B,
D7B6,
E669,
F872,
074B,
0252,
DECF,
AAC3,
84C8,
8421,
9F84,
C41C,
EDA3,
099E,
FAC2,
D547,
C2A3,
C248,
C075,
C148,
D19A,
E906,
EB8A,
E539,
E6B7,
E2F1,
E173,
F16D,
ED4E,
DB61,
D590,
CD2B,
C6C2,
D4C9,
DC0A,
DD84,
E979,
F412,
FBF9,
01A5,
F5DC,
E01A,
D059,
CAAA,
D6EA,
F290,
098C,
0C71,
FB81,
E48F,
D52B,
D034,
D4AE,
E39C,
F5A1,
FE87,
FE78,
FEB4,
FFEF,
FECC,
FC5B,
F51D,
E5CE,
D132,
BF70,
BB86,
C9CA,
DE4A,
EC8A,
F141,
EAEC,
DFFF,
DD20,
E3FA,
E965,
E782,
DEC0,
D413,
CBCB,
C89D,
C85C,
C640,
C023,
BA89,
B8EC,
BD0D,
C5F4,
CF50,
D530,
D6D9,
D3A0,
CD02,
C591,
C1C5,
C4B8,
CC60,
D33B,
D717,
D63C,
D1BF,
CD6E,
CA7C,
C71B,
C4C0,
C342,
C2DC,
C7B3,
D13D,
D7C0,
D82B,
D1B4,
C6AC,
BEC4,
BF08,
C392,
C6F9,
C53F,
C07E,
BD13,
BDC2,
C19F,
C46B,
C48B,
C790,
CE53,
D472,
D8C7,
DC38,
DCA4,
D84B,
CEFF,
C48D,
BC81,
B80F,
B65B,
B655,
B3F6,
AFAE,
AC71,
AB5D,
AEA6,
B911,
C4D1,
CBBA,
CC3F,
C7B2,
C320,
C481,
CA7C,
CF7C,
CEEF,
CC4E,
CBEC,
CD8A,
D0DC,
D720,
DA8E,
D895,
D5F7,
D85C,
DF14,
E6BC,
EC8E,
F090,
F01A,
E8B9,
DC9C,
D1E0,
CC25,
CCB9,
CFED,
D042,
C96C,
BABE,
A765,
99B3,
983F,
A093,
AB10,
B543,
C09E,
CE56,
DD59,
EEE0,
0218,
1563,
2465,
2816,
1F60,
1545,
0FD2,
0C54,
05E6,
FD2E,
F54C,
EF99,
E63C,
D854,
CAAF,
C06E,
B5B6,
A9B9,
9FF2,
9ED6,
A64C,
AF8F,
B27E,
AEA3,
A81C,
A6E9,
AE9F,
BD39,
CC0B,
D77C,
DF95,
E7C1,
ED4A,
EED3,
EF11,
F033,
EE38,
E856,
DEEA,
D73D,
D5C7,
D9BE,
DB80,
D76D,
CC3A,
C09E,
BA85,
BAFA,
BDB7,
C01D,
BC37,
B3FC,
ADB2,
AFB5,
B7DF,
C1F5,
C7C1,
C9CC,
CA10,
CFFA,
DAC9,
E215,
DCEB,
D277,
CABE,
CB6C,
CEBC,
CF9E,
C9E0,
C3BB,
BD60,
BAEF,
BC50,
C3F5,
CA73,
D113,
D08D,
CCCC,
C5ED,
CAF4,
D438,
EA9C,
CC2A,
BE44,
BEF7,
B4CC,
B1DD,
AFDB,
B887,
C3AD,
CEC7,
D12F,
D03C,
CFD4,
D719,
DE79,
E41C,
E7E9,
E9B0,
E0C2,
CF34,
BC31,
B1F0,
B154,
B815,
BF23,
C48C,
C6A8,
C6CC,
C740,
CD57,
D4C6,
D99C,
DC9F,
E0A3,
E37A,
E3F1,
DD86,
D1EF,
C5FE,
BA7C,
ADE2,
A65E,
A553,
A81E,
ABAC,
AE54,
AF0A,
B16B,
B5C2,
BD38,
C865,
D2AF,
D5AE,
D6BA,
DD57,
EA77,
F86A,
FFDC,
FDA1,
F86A,
F56B,
F4AA,
F539,
F3AE,
ECB8,
E2B2,
D5F5,
C7C1,
BEC8,
BEB3,
C392,
C880,
CA6F,
CB3C,
CBA7,
CD5D,
D20D,
D70D,
D81B,
D633,
D10B,
CB02,
C7E3,
CA8E,
D317,
DBC5,
E07C,
E399,
E427,
E2DD,
E388,
E2D2,
DFF9,
DF28,
DD75,
D6D0,
CCE3,
C74E,
CBF4,
D500,
D96B,
DBC6,
E057,
E7AA,
EFD3,
F725,
FE9F,
083B,
0C43,
FF0B,
E67C,
DC9C,
E9D1,
F508,
ED22,
E199,
DE22,
D912,
D116,
D100,
D640,
D7B7,
D89C,
E295,
F1D4,
F73B,
F038,
EB0A,
ED5B,
F2B2,
FA6E,
0091,
FCA2,
EFB6,
E124,
D675,
D373,
D61C,
D71D,
D30D,
CF33,
D29E,
D9E5,
DDB6,
E167,
E524,
E349,
DF40,
DD8A,
DBA2,
DA4D,
DB09,
DEC2,
E32A,
DFA9,
D5F8,
D330,
DAAC,
E5AD,
F0F2,
FC1C,
05C7,
0D0E,
1539,
2171,
302B,
3D54,
446E,
4316,
3AA0,
30B4,
2A0C,
2372,
1933,
0E01,
013D,
EF71,
DCF1,
D053,
CBB9,
CAF3,
CA3E,
CA9B,
CD48,
D129,
D512,
D64B,
D509,
D626,
DA4F,
DEA6,
E239,
E511,
E544,
E3C7,
E2E8,
E22D,
E2F4,
E90F,
F2E7,
FBBB,
0062,
00DC,
0344,
09E2,
0E60,
0D65,
0A28,
08A4,
0A3B,
0B2F,
081B,
0339,
FF48,
FD75,
FC76,
F785,
EE4C,
E85B,
E92A,
ECAA,
F02D,
F346,
F652,
FAF0,
0174,
0B19,
181B,
2203,
2529,
259A,
24B7,
2304,
234F,
23FB,
1FEE,
1658,
0BAE,
04BE,
005B,
FCBB,
FB54,
FCF7,
0101,
0635,
0A02,
0D6F,
121F,
1701,
1CF7,
2270,
21DC,
1CFB,
185E,
11AF,
07EF,
FE65,
F694,
F242,
F220,
F2FC,
F459,
F8CF,
FFD1,
0874,
132A,
1D9E,
24EB,
28AE,
2B6F,
33A3,
43A9,
50B0,
51BE,
4E71,
4ECA,
4DBF,
4779,
3F72,
386E,
33FD,
323F,
3196,
31BC,
2FF9,
2AB5,
26E3,
2688,
26DC,
2939,
2CF2,
2E67,
2D88,
29F1,
2213,
19C9,
162F,
1509,
12ED,
125C,
1607,
1A6D,
1C24,
1B45,
1A14,
19BB,
1A10,
1BB8,
1E87,
20E7,
2285,
22D6,
2151,
2088,
2260,
2511,
24C7,
210D,
1F1C,
218F,
26BC,
2D8F,
34CD,
3963,
3AA4,
39D1,
38F5,
38FC,
38C4,
34D1,
2B66,
20BA,
1A2F,
17E0,
15A9,
11BA,
1033,
130B,
1688,
1A8C,
213B,
2667,
2802,
2AB6,
31E0,
380B,
3528,
2BEF,
2864,
2C62,
2EC7,
2BA6,
274E,
2552,
264F,
28F0,
2CDB,
317E,
33F4,
3382,
3431,
370D,
3A9E,
3D47,
3E18,
3EC6,
408C,
420D,
4300,
42AB,
4106,
4104,
429F,
430E,
420D,
4026,
3EE4,
401E,
426A,
41EF,
3FB8,
3E15,
3D98,
3FC7,
4514,
4A0F,
4F4D,
55CA,
5A7E,
5C71,
5B71,
57FF,
5628,
5730,
5972,
5BDD,
5B9C,
57EE,
5416,
523F,
533C,
53F5,
516C,
4D3F,
49D8,
4671,
42B7,
3D82,
34EC,
28D3,
1CBA,
13C0,
0D51,
07F4,
04D4,
065C,
0BB5,
1049,
1206,
118D,
106E,
1189,
15CF,
1A75,
1F10,
22BA,
2349,
2121,
200D,
229C,
27B3,
2D2E,
3366,
397E,
3D5E,
3FAE,
4226,
447C,
45A4,
45EA,
46CB,
47C1,
4860,
48DC,
48D7,
4833,
4810,
47C0,
46F1,
4597,
43E7,
42B2,
426E,
41E7,
3FCA,
3B66,
3674,
337C,
32FA,
3479,
38BF,
3E78,
42F7,
44ED,
45A0,
4708,
4AC6,
4FCA,
53B2,
53C7,
5075,
4D91,
4D29,
4CDF,
4A5B,
44B1,
3E0A,
3A33,
3A12,
3BA0,
3CC9,
3B29,
37CA,
360B,
3704,
3892,
3997,
3A8D,
3BD3,
3BDB,
3B20,
3B7B,
3CE8,
3E50,
3FC7,
3FBD,
3CE1,
390A,
3701,
36D7,
3856,
3AEB,
3D63,
3F4C,
41EF,
44FF,
4715,
47D8,
495F,
4B8A,
4C6F,
4C0F,
4B5B,
4976,
4759,
45BE,
435C,
4001,
3D62,
3B59,
3962,
37EC,
377C,
36A7,
34B3,
324E,
30D5,
3013,
2F4E,
2E2F,
2D22,
2A80,
261F,
22CA,
21A2,
20CD,
205C,
1F9F,
1D15,
1ACD,
1BAC,
1DB2,
1FE0,
2374,
270C,
2895,
2922,
2933,
2A98,
2F98,
3613,
3AF4,
3F14,
41C6,
420A,
4174,
413A,
4157,
4247,
41A1,
3ECC,
3D3E,
3D1A,
3B28,
3A36,
3C35,
3E16,
3EA0,
3EC5,
3DB8,
3E30,
4167,
435A,
40DF,
3A9F,
3256,
2DAD,
31B2,
3D46,
4937,
4D68,
4505,
336F,
233E,
1F4F,
28FD,
39FA,
4A0A,
522F,
4F8F,
468D,
3EA5,
3DC4,
425A,
4565,
42F4,
3A92,
2DF6,
2499,
21AA,
210B,
2231,
25A5,
26AD,
263C,
2979,
302A,
334C,
2DE7,
21EF,
1717,
13D7,
1A83,
2521,
2A80,
26F8,
1B27,
0941,
FA4A,
F790,
00F1,
1141,
2309,
2E85,
3176,
2E61,
2639,
1BA0,
12CC,
07E3,
F945,
ED0E,
EC43,
FBB9,
15C3,
2B25,
31B0,
285F,
17D1,
0D38,
0EC3,
173E,
1CDC,
1955,
0F09,
036C,
FAD6,
F68E,
F459,
F1C6,
EEFF,
EC4E,
ED23,
F45E,
FF7C,
0A20,
106F,
0CB7,
0058,
F3C1,
EDDB,
F220,
FF2F,
0B5A,
10DE,
0E09,
042C,
F97F,
F49C,
F5E7,
FBC5,
002E,
011E,
0286,
06A3,
0C7B,
10C4,
105C,
0C86,
08A7,
0844,
0C41,
1044,
1077,
0C88,
06FC,
0498,
057A,
088C,
0C7D,
117A,
17C0,
1D0C,
1E7A,
1D61,
1987,
1501,
112C,
0B4D,
05D0,
04C6,
0614,
0762,
0635,
019B,
FD11,
FC19,
FF06,
0414,
0708,
0642,
00B7,
F8CA,
F35B,
F307,
F4DD,
F5D5,
F566,
F46A,
F2A3,
F0E6,
EF4B,
ED5C,
EB80,
EA1B,
E9D3,
EB5C,
ECA8,
ED1B,
EB73,
E7CB,
E516,
E498,
E44F,
E40C,
E1B0,
DD44,
D905,
D605,
D466,
D44D,
D3AC,
D2A0,
D26B,
D3E7,
D533,
D45A,
D25B,
D359,
D767,
DE36,
E8D1,
F57A,
FCEC,
F943,
E8E8,
D4C8,
C935,
C89C,
CE49,
D935,
E833,
FAA1,
09AF,
04BB,
E0D9,
ABC9,
84E8,
842E,
A026,
C5F0,
F12F,
0E37,
FE6A,
D6D7,
C2BF,
C1E5,
BFFC,
C12C,
D258,
EA67,
EC68,
E571,
E704,
E35B,
E215,
F2EC,
EEE2,
DC93,
D6BA,
CE01,
C731,
D584,
DCEF,
DE6B,
EA52,
F44D,
FBCF,
0252,
F837,
E3A4,
D371,
CBC6,
D5BB,
EF4A,
053E,
096A,
FB06,
E543,
D5AD,
D071,
D4C8,
E36B,
F556,
FF0A,
0072,
013A,
01DD,
FF50,
FAA7,
F22C,
E2FE,
CE91,
BD73,
BA67,
C8A4,
DD74,
EC01,
EFF0,
E8F3,
DDD9,
DAEC,
E2CE,
E9E1,
E93F,
E137,
D623,
CC4B,
C761,
C5CC,
C322,
BD7D,
B8A2,
B73A,
BAE9,
C310,
CBDA,
D183,
D323,
CFEA,
C984,
C2DE,
C06C,
C4B2,
CD62,
D4E0,
D878,
D695,
D0EE,
CB92,
C837,
C539,
C312,
C16C,
C0DD,
C52C,
CE38,
D51E,
D674,
D0E5,
C6D7,
BFB3,
C040,
C4A9,
C7C2,
C5C3,
C0F0,
BDB1,
BEA0,
C27C,
C53F,
C588,
C869,
CEB4,
D4A2,
D8E3,
DC25,
DC88,
D84D,
CF29,
C4BB,
BC67,
B7EB,
B677,
B694,
B472,
B075,
AD5F,
AC68,
AF47,
B882,
C337,
C9CF,
CA8E,
C698,
C2CA,
C4C3,
CAF7,
D012,
CFCB,
CD73,
CD2A,
CED2,
D21E,
D863,
DC42,
DAF2,
D84B,
D9FB,
E011,
E77D,
ED7B,
F1E7,
F1E6,
EAE4,
DEB0,
D35C,
CCEC,
CCE9,
CFE6,
D065,
C97F,
BA7B,
A6D0,
98C7,
971F,
9FA0,
AA7C,
B4DA,
BFF4,
CD49,
DC4B,
EE6E,
02E9,
17C4,
27B0,
2B22,
216D,
1631,
0FEC,
0C26,
05BA,
FCF5,
F4D3,
EEB9,
E4DB,
D623,
C754,
BC5C,
B1CB,
A654,
9D3F,
9CF8,
A527,
AF0A,
B296,
AF31,
A8CE,
A771,
AF05,
BDB4,
CC8F,
D7F2,
DFD6,
E73C,
EB6D,
EB7D,
EA48,
EA5B,
E828,
E2E7,
DAC3,
D49B,
D447,
D8EA,
DAE2,
D676,
CADA,
BF7D,
BA94,
BCE6,
C0FC,
C378,
BEDA,
B57C,
ADB2,
AE6E,
B626,
C0C4,
C78A,
CA4D,
CAB7,
D032,
DA46,
E147,
DC67,
D254,
CAE1,
CBCA,
CF08,
CFA0,
C9A8,
C366,
BCE4,
BA1E,
BB07,
C2A7,
C99A,
D0AE,
D0B3,
CDCB,
C754,
CC2F,
D538,
EBDE,
CD19,
BFA5,
C0BD,
B65D,
B2ED,
B00E,
B7D9,
C245,
CCC7,
CEA2,
CD63,
CCAE,
D3C2,
DBBD,
E29E,
E76B,
E9D0,
E12E,
CFB6,
BCEC,
B322,
B30C,
BA2C,
C140,
C676,
C823,
C7B4,
C7ED,
CE34,
D5BC,
DA73,
DD29,
E0A6,
E2E9,
E33B,
DD37,
D216,
C65A,
BB0B,
AE6A,
A64D,
A4A8,
A783,
AB6D,
AE3C,
AEB9,
B0A5,
B4CA,
BCA5,
C86A,
D2F1,
D5A2,
D64F,
DCE8,
EA1C,
F830,
000C,
FE42,
F972,
F6E7,
F644,
F6A6,
F500,
EDDE,
E379,
D62C,
C75D,
BE1D,
BE24,
C384,
C950,
CBF9,
CD4E,
CE39,
CFFD,
D428,
D8A5,
D97B,
D7AB,
D289,
CC43,
C901,
CB9A,
D394,
DB36,
DECD,
E12C,
E1AB,
E0D4,
E236,
E233,
DF8D,
DE9E,
DD24,
D6DC,
CD45,
C84D,
CD5B,
D5F6,
D99E,
DB97,
E00F,
E70D,
EE71,
F4EF,
FBEB,
05A9,
0A53,
FD62,
E4CB,
DBA6,
E9FC,
F5AA,
EDBA,
E231,
DEE6,
DA28,
D281,
D2C8,
D843,
D97F,
DA04,
E40E,
F39B,
F906,
F17F,
EB72,
ED19,
F260,
FA7C,
0138,
FE20,
F20B,
E3C9,
D8C0,
D52B,
D797,
D8F8,
D5CD,
D2A6,
D5D9,
DC49,
DF42,
E1FB,
E456,
E141,
DC92,
DA6B,
D7F7,
D668,
D75D,
DB62,
DFE9,
DC57,
D290,
D015,
D874,
E49F,
F0E1,
FCAC,
06B8,
0DF5,
15A1,
217D,
306B,
3E11,
45AB,
44DA,
3CCE,
330C,
2C3A,
2517,
1A21,
0E6D,
0192,
EFF5,
DDA1,
D14A,
CD42,
CD03,
CCDE,
CDDE,
D06D,
D36D,
D6BF,
D7D4,
D687,
D78F,
DB4D,
DEED,
E181,
E31A,
E272,
E0C6,
DFF9,
DF7C,
E0A4,
E711,
F12F,
FA3E,
FF36,
001F,
02C4,
096A,
0E03,
0D10,
09C8,
088D,
0A8B,
0B94,
083A,
02DA,
FE8C,
FCD1,
FC0B,
F770,
EED7,
E969,
EAAC,
EEDE,
F2FD,
F671,
F96F,
FD6E,
039B,
0D7A,
1AA2,
2494,
2797,
277C,
2618,
241C,
2420,
2496,
2056,
16BF,
0C8C,
064F,
0274,
FF1E,
FDEC,
FFC7,
03D6,
08BE,
0C3F,
0F81,
141D,
191B,
1F3D,
2476,
2305,
1D25,
17F2,
10F8,
06B3,
FC98,
F49B,
F036,
EFB9,
F01A,
F102,
F54B,
FCAD,
05E8,
112B,
1C54,
2441,
280E,
2A88,
32D7,
435D,
50A8,
5195,
4E3E,
4ED0,
4DDF,
4774,
3F62,
3883,
3446,
32DA,
32C7,
33AF,
329B,
2DA4,
2998,
28D4,
292E,
2C11,
303C,
31B6,
307D,
2C69,
2421,
1B7F,
1793,
1622,
13AF,
12BE,
1605,
19E8,
1B29,
1A27,
191A,
18DF,
18FF,
1A1F,
1C73,
1EE1,
212C,
223C,
20CC,
1F3A,
1FE7,
21D9,
2180,
1DFA,
1C2F,
1EAE,
23CA,
2A87,
31D6,
36C5,
388B,
382C,
37D0,
384D,
383D,
3453,
2AED,
2033,
19C0,
178B,
1526,
1128,
0FE2,
130C,
1720,
1C04,
2371,
291C,
2AFA,
2DE7,
35AF,
3C61,
393D,
2F71,
2B8C,
2F57,
319E,
2E5F,
29E1,
27B0,
2850,
2AB6,
2EA1,
3322,
3556,
34D2,
35FD,
39EF,
3E5F,
40EE,
411C,
4127,
4277,
43D5,
448D,
4398,
4168,
40FE,
4237,
42AA,
41A7,
3F08,
3CBD,
3D45,
3FB2,
400A,
3E6A,
3CEA,
3C95,
3EC6,
43EF,
48CB,
4DCB,
5431,
5904,
5ABC,
5926,
5536,
5303,
53D7,
5619,
58AC,
58BD,
5566,
51E2,
50A2,
526F,
5400,
526D,
4F13,
4C02,
4897,
4499,
3EEE,
362A,
2A59,
1EAC,
15D5,
0EE1,
0886,
046B,
0528,
0A28,
0F10,
117A,
119B,
10C8,
11C7,
15FC,
1B17,
2021,
2374,
2334,
2077,
1F40,
21E8,
26FA,
2C10,
319D,
3722,
3AF1,
3DA7,
4095,
4370,
4562,
4688,
482B,
49BB,
4AA0,
4B08,
4AF3,
4A60,
4A32,
49CE,
490C,
47AB,
459B,
4388,
4242,
412D,
3F47,
3BD6,
3817,
35D4,
355D,
3670,
3A0D,
3F8B,
4489,
471F,
4802,
4917,
4C4D,
50DF,
5474,
5489,
518A,
4E9A,
4D83,
4C74,
499F,
4448,
3E4D,
3AEB,
3AEF,
3C63,
3D38,
3B79,
386A,
370C,
384A,
3A00,
3ACC,
3B0F,
3B67,
3AB2,
39A6,
39E3,
3B35,
3C7D,
3DBE,
3D9F,
3B21,
37D0,
3618,
361D,
37BD,
3A78,
3D32,
3F49,
41AF,
4438,
4615,
4716,
48C4,
4AE5,
4C0F,
4C19,
4B75,
495A,
46EF,
4517,
42F1,
403A,
3E27,
3C89,
3AF6,
3992,
38C7,
37A6,
35C9,
3392,
320D,
311F,
302E,
2ECD,
2D72,
2ACF,
26AA,
2342,
21B9,
208A,
1FAA,
1EB6,
1CA1,
1AC3,
1B90,
1DB1,
2022,
2394,
2712,
28D5,
2992,
29C5,
2B1C,
2F61,
350C,
39E4,
3E7A,
4193,
4224,
41B9,
4172,
413A,
41FC,
41CD,
3FC3,
3EAE,
3EAF,
3CA1,
3B5B,
3CFE,
3EA2,
3F31,
3FF8,
3FFB,
4136,
447C,
45F2,
4298,
3B38,
31E5,
2CE4,
318D,
3E4C,
4B55,
500D,
4740,
34D0,
23BF,
1EC6,
27EC,
395D,
49F3,
5247,
4FA4,
466C,
3E80,
3E04,
4322,
46A2,
43E2,
3A45,
2C7B,
225C,
1F29,
1F19,
2100,
24BB,
2604,
25FB,
2988,
306A,
3348,
2D05,
2038,
150C,
120D,
1974,
24CD,
2A9E,
26F0,
1A09,
06B4,
F6DD,
F401,
FDEB,
0F12,
2196,
2D8A,
3074,
2D29,
253E,
1AE7,
120E,
073B,
F8A6,
EC5E,
EBE7,
FBC5,
15E9,
2B4A,
3198,
27BE,
16FB,
0CDE,
0F4D,
18B9,
1EF8,
1BA4,
1120,
04FB,
FC1C,
F83F,
F6A7,
F451,
F151,
EDC4,
ED65,
F3EF,
FF47,
0AA4,
1187,
0DF7,
01A2,
F535,
EF8F,
F409,
0102,
0CD2,
1203,
0EC7,
0482,
F9C3,
F4C9,
F5A1,
FB02,
FF28,
002B,
01D6,
0657,
0D2B,
12A3,
12B3,
0E92,
09F3,
08BC,
0C5E,
104D,
1072,
0C8D,
0701,
048F,
054F,
082A,
0BF7,
10C8,
16D8,
1C5D,
1E44,
1DA4,
1A6B,
1637,
1216,
0BF9,
0670,
051A,
0610,
0736,
05F5,
0151,
FC8E,
FB14,
FD86,
023E,
04F2,
0438,
FEFF,
F79E,
F2B7,
F29C,
F480,
F58C,
F50D,
F421,
F296,
F0DE,
EEF2,
EC6D,
E9FC,
E817,
E71C,
E841,
EA04,
EB2B,
EA28,
E715,
E449,
E32B,
E248,
E16A,
DE80,
D9E6,
D61B,
D444,
D3C1,
D3DA,
D298,
D0B9,
D012,
D1A7,
D343,
D2C5,
D0FB,
D1C2,
D5BB,
DD40,
E8EF,
F689,
FE73,
FA45,
E8CF,
D3F8,
C860,
C891,
CF54,
DACC,
EA14,
FCE2,
0C1A,
0728,
E2E9,
ACD1,
8507,
8438,
A0BE,
C7B7,
F4A9,
12BA,
01FE,
D850,
C2BE,
C165,
BF63,
C0F1,
D2FE,
EBBC,
ED45,
E5B5,
E765,
E3DA,
E2C1,
F461,
F059,
DD9D,
D7AF,
CE9B,
C766,
D607,
DD98,
DF0F,
EAE1,
F440,
FB63,
02C3,
FA54,
E6E6,
D639,
CC9F,
D457,
EBD6,
00D0,
063F,
FA51,
E5B4,
D5E8,
D063,
D497,
E2F9,
F4DC,
FF65,
023D,
0386,
0387,
FF8A,
F8B1,
EEFC,
DFF1,
CBBA,
BB46,
B911,
C740,
DC5D,
EB33,
EE5F,
E6C4,
DB89,
D89F,
E198,
EA5C,
EAFF,
E3B2,
D834,
CCC6,
C61C,
C32B,
BFEB,
BAB6,
B691,
B551,
B87C,
BFDB,
C817,
CD99,
CF43,
CC1B,
C5F9,
C025,
BF17,
C4BA,
CE73,
D684,
D9C0,
D6BD,
CFE1,
C97A,
C5C6,
C33E,
C14D,
BF70,
BEA4,
C257,
CAD8,
D22C,
D47E,
CFE9,
C6DE,
C084,
C155,
C595,
C85D,
C61D,
C140,
BE38,
BF6E,
C34E,
C60B,
C684,
C93B,
CEFC,
D4AE,
D8D6,
DBE9,
DC4D,
D841,
CF57,
C4F1,
BC4F,
B7C2,
B683,
B6B7,
B4CE,
B129,
AE42,
AD66,
AFC8,
B7B3,
C146,
C78B,
C88F,
C541,
C24A,
C4E8,
CB50,
D079,
D06E,
CE64,
CE3E,
CFFE,
D349,
D990,
DDEC,
DD55,
DAA7,
DB90,
E0F1,
E810,
EE33,
F307,
F37B,
ECDB,
E08A,
D48D,
CD54,
CCA2,
CF5D,
D014,
C935,
B9F4,
A60A,
97AD,
95C8,
9E71,
A9A8,
B42B,
BF00,
CBF8,
DB05,
EDCF,
039A,
1A0B,
2AD7,
2DF7,
2333,
16D1,
0FBD,
0BBF,
0567,
FCA4,
F447,
EDBC,
E352,
D3BF,
C3B8,
B808,
ADAA,
A2C2,
9A5E,
9AEA,
A3C4,
AE38,
B256,
AF5D,
A917,
A795,
AF11,
BDEA,
CCE0,
D846,
E000,
E69D,
E969,
E7F8,
E54F,
E45A,
E201,
DD6E,
D697,
D1F5,
D2BA,
D7FB,
DA1F,
D554,
C955,
BE44,
BA98,
BEDC,
C450,
C6CC,
C15E,
B6C9,
AD63,
ACC8,
B416,
BF55,
C730,
CAB8,
CB3E,
D038,
D981,
E03E,
DBC5,
D230,
CB15,
CC42,
CF6A,
CFA8,
C969,
C302,
BC4B,
B923,
B981,
C10E,
C874,
D008,
D0A5,
CEA6,
C898,
CD39,
D5F3,
ECE2,
CDC2,
C0DC,
C278,
B7E5,
B3EC,
B01A,
B6F2,
C098,
CA7F,
CBCD,
CA4A,
C944,
D01D,
D8AF,
E0DB,
E6B2,
E9BE,
E169,
D00D,
BD82,
B433,
B4A1,
BC1F,
C333,
C837,
C97F,
C886,
C888,
CF00,
D6A0,
DB38,
DD98,
E07A,
E212,
E22D,
DC8A,
D1F0,
C680,
BB75,
AED8,
A61C,
A3D3,
A6BA,
AAFE,
ADF2,
AE41,
AFBF,
B3AE,
BBE3,
C834,
D2EC,
D53D,
D57C,
DC14,
E96C,
F7B6,
0018,
FED4,
FA70,
F854,
F7BD,
F7E0,
F61C,
EEDE,
E430,
D661,
C6F1,
BD53,
BD5E,
C327,
C9C4,
CD29,
CF16,
D095,
D276,
D618,
DA08,
DAAC,
D903,
D3EC,
CD65,
C9FD,
CC8B,
D403,
DAA4,
DD20,
DEB7,
DF19,
DEAC,
E0C1,
E172,
DF00,
DDF6,
DCBE,
D6D5,
CD86,
C927,
CEA1,
D6CD,
D9BB,
DB5D,
DFBE,
E65D,
ECEF,
F28C,
F8FF,
02D5,
0820,
FB7C,
E2E6,
DA87,
EA0F,
F639,
EE3D,
E2AE,
DF82,
DB0B,
D3B7,
D468,
DA2B,
DB27,
DB3F,
E557,
F535,
FAA0,
F293,
EBA7,
ECB1,
F1FB,
FA80,
01DD,
FFAE,
F484,
E69F,
DB46,
D725,
D95C,
DB29,
D8E2,
D66B,
D962,
DEE7,
E0DD,
E26F,
E348,
DEE9,
D992,
D6FE,
D403,
D238,
D362,
D7B5,
DC69,
D8D7,
CF08,
CCDD,
D623,
E388,
F0D6,
FD46,
07AF,
0ED3,
15EA,
2155,
3068,
3E89,
46AD,
466B,
3ECE,
353B,
2E3F,
2693,
1AE9,
0EB0,
01C4,
F06A,
DE56,
D259,
CEF6,
CF4D,
CFB4,
D148,
D3A3,
D5B3,
D86D,
D965,
D814,
D905,
DC53,
DF36,
E0C4,
E117,
DF9B,
DDD3,
DD31,
DD0A,
DEA7,
E56C,
EFC9,
F8FD,
FE30,
FF82,
0262,
090A,
0DB3,
0CBA,
095C,
0869,
0ACB,
0BE0,
0835,
0249,
FD93,
FBF0,
FB6B,
F739,
EF5A,
EA78,
EC29,
F103,
F5AD,
F971,
FC64,
FFCB,
05A0,
0FB2,
1CF1,
26E4,
29C2,
2925,
2754,
2523,
24EB,
2532,
20CA,
173C,
0D96,
0824,
04DD,
01CD,
00C5,
02D2,
06D8,
0B63,
0E94,
11B4,
163D,
1B58,
21AA,
26A0,
2451,
1D78,
17B4,
1070,
05A8,
FB01,
F2E7,
EE74,
ED8F,
ED62,
EDBB,
F1C5,
F989,
0363,
0F32,
1B0E,
2399,
276B,
299D,
320C,
4317,
50A5,
5170,
4E17,
4EF0,
4E26,
47A2,
3F86,
38C3,
34A9,
337F,
33F3,
3596,
3531,
308D,
2C46,
2B14,
2B72,
2EE0,
3387,
3516,
3398,
2F1A,
2677,
1D89,
194F,
1790,
14BF,
1362,
1639,
1991,
1A58,
1935,
184A,
1823,
1809,
18A1,
1A7D,
1CFE,
2005,
21E7,
2094,
1E39,
1DBC,
1EF3,
1E8E,
1B38,
1990,
1C14,
2118,
27B2,
2EFD,
3431,
3672,
3685,
36AD,
37A8,
37C5,
33E6,
2A8A,
1FCA,
1979,
175F,
14CA,
10C0,
0FBB,
1331,
17D9,
1DA4,
25D8,
2C06,
2E24,
313F,
399B,
40D3,
3D6F,
3312,
2ED7,
3278,
34A9,
3152,
2CBE,
2A69,
2ABC,
2CEC,
30D2,
3522,
3705,
366A,
3816,
3D2E,
4283,
44EF,
4462,
43AC,
4476,
45B5,
463D,
44B5,
4207,
4138,
4207,
4272,
4166,
3E0D,
3ABA,
3A8B,
3D15,
3E44,
3D3E,
3BDD,
3BAA,
3DCD,
42BA,
4769,
4C29,
527F,
5784,
5912,
56EF,
5281,
4FF0,
5091,
52D5,
5593,
55FA,
52FF,
4FD5,
4F37,
51DE,
544D,
53B6,
512F,
4E66,
4AEC,
46A6,
408A,
37A8,
2C34,
2106,
185A,
10D6,
096D,
0451,
0444,
08F2,
0E3A,
1155,
120F,
1188,
1266,
168C,
1C27,
21A6,
2497,
2376,
2018,
1EBD,
218C,
26A2,
2B4D,
3019,
34F6,
38AB,
3BC7,
3F2D,
4295,
4558,
4762,
49C3,
4BE6,
4D06,
4D51,
4D29,
4CA3,
4C64,
4BEE,
4B43,
49E3,
4770,
4477,
4219,
4066,
3EBB,
3C4E,
39D8,
3859,
37F4,
3892,
3B77,
40B5,
463E,
498B,
4AAE,
4B7A,
4E2C,
5248,
5588,
55A3,
52F9,
4FF4,
4E1D,
4C3D,
4916,
4422,
3EE7,
3C03,
3C30,
3D87,
3DFB,
3C0D,
394B,
3859,
39EF,
3BDC,
3C74,
3BF2,
3B40,
39B9,
384F,
386B,
39A8,
3AD8,
3BDD,
3B9E,
3979,
36AE,
3548,
357D,
3745,
3A2B,
3D2A,
3F69,
4183,
4378,
451F,
466A,
4843,
4A54,
4BC0,
4C36,
4BA2,
4953,
4695,
4475,
4287,
407C,
3F07,
3DE8,
3CCC,
3B7D,
3A4C,
38D6,
3711,
350C,
3380,
326E,
3158,
2FB2,
2DFF,
2B54,
2766,
23E3,
21F7,
2075,
1F34,
1E22,
1C9C,
1B31,
1BDA,
1DFE,
20A0,
23DE,
2743,
2956,
2A5E,
2AC4,
2C0E,
2F7C,
3431,
38F2,
3E05,
418C,
4271,
4237,
41E0,
414D,
41E2,
4232,
40FC,
4061,
4082,
3E51,
3CB3,
3DF0,
3F48,
3FD6,
4141,
425C,
445F,
47B0,
48A6,
4469,
3BE0,
3178,
2C1E,
3172,
3F69,
4D9E,
52ED,
49BF,
367B,
2485,
1E6B,
26F7,
38DA,
49F8,
527D,
4FDD,
4675,
3E8E,
3E80,
442D,
4825,
4506,
3A15,
2B06,
2019,
1CAC,
1D42,
2002,
2413,
2598,
25E8,
29B8,
30CB,
3372,
2C63,
1EC8,
133D,
1067,
1872,
2481,
2AD4,
2712,
1917,
0443,
F371,
F05F,
FADA,
0CF3,
2052,
2CD3,
2FAE,
2C13,
2450,
1A2B,
114A,
069F,
F827,
EBD9,
EBB7,
FBF5,
1621,
2B74,
3180,
2714,
1610,
0C6A,
0FCB,
1A42,
2142,
1E37,
137C,
06B6,
FD74,
F9F9,
F905,
F6F7,
F3C9,
EF69,
EDCE,
F399,
FF23,
0B34,
12A0,
0F31,
02E8,
F6AA,
F14A,
F5FE,
02E2,
0E58,
133C,
0F9E,
04F1,
FA1B,
F509,
F56F,
FA50,
FE28,
FF34,
010B,
05D9,
0DA6,
1461,
14FC,
109D,
0B3B,
091F,
0C55,
102C,
1049,
0C7E,
0703,
048A,
0520,
07B3,
0B53,
0FF8,
15D0,
1B8E,
1DED,
1DCC,
1B40,
1766,
12F7,
0C9A,
0705,
055C,
05F2,
06EF,
05A3,
0109,
FC20,
FA21,
FC03,
004A,
02A7,
01F4,
FD1A,
F656,
F207,
F227,
F418,
F53C,
F4B2,
F3DE,
F29E,
F0F4,
EEB8,
EB9A,
E88E,
E622,
E466,
E51A,
E752,
E935,
E8E1,
E670,
E38B,
E1B6,
E021,
DE97,
DB12,
D64F,
D30F,
D287,
D343,
D38F,
D195,
CEC7,
CD98,
CF39,
D127,
D10B,
CF7C,
D001,
D3DF,
DC27,
E8F2,
F785,
FFEE,
FB30,
E88F,
D303,
C76C,
C879,
D06D,
DC7C,
EC0C,
FF36,
0E8D,
099A,
E4FF,
ADDC,
8526,
843F,
A14B,
C96F,
F810,
1724,
057D,
D9B3,
C2A0,
C0C7,
BEAB,
C094,
D38B,
ED04,
EE22,
E608,
E7DC,
E470,
E377,
F5CE,
F1B5,
DE81,
D871,
CEF8,
C75D,
D64D,
DE00,
DF6D,
EB25,
F3EA,
FAB6,
02F6,
FC35,
E9E5,
D8B9,
CD3A,
D2BF,
E834,
FC3D,
02EC,
F962,
E5DF,
D5DB,
D006,
D415,
E241,
F42E,
FF95,
03D4,
0595,
04EC,
FF78,
F674,
EB8D,
DCA6,
C8AF,
B8EA,
B783,
C59C,
DB03,
EA20,
EC8B,
E45A,
D90D,
D637,
E055,
EAD3,
ECC2,
E633,
DA47,
CD3E,
C4CD,
C077,
BC9B,
B7CF,
B457,
B32F,
B5C7,
BC52,
C403,
C96B,
CB34,
C830,
C25F,
BD64,
BDC2,
C4D0,
CF93,
D828,
DAEE,
D6B6,
CE97,
C725,
C328,
C128,
BF6E,
BD4B,
BC2E,
BF2D,
C715,
CEDF,
D244,
CEB7,
C6BE,
C134,
C245,
C654,
C8C9,
C64D,
C16F,
BEA6,
C02E,
C415,
C6D0,
C77E,
CA07,
CF2A,
D492,
D89F,
DB83,
DBF0,
D826,
CF85,
C52E,
BC38,
B792,
B67F,
B6BB,
B509,
B1C6,
AF19,
AE57,
B029,
B6A2,
BEF9,
C4E9,
C63E,
C3AB,
C1A1,
C4EF,
CB85,
D0AC,
D0D6,
CF1D,
CF27,
D10F,
D462,
DAAB,
DF8D,
DFC1,
DD0B,
DD1E,
E1B2,
E874,
EEB5,
F3F1,
F4D8,
EE9A,
E228,
D570,
CD56,
CBDE,
CE4E,
CF49,
C88B,
B927,
A512,
9664,
9435,
9D00,
A88E,
B331,
BDBF,
CA60,
D986,
ED04,
042A,
1C39,
2DDB,
3093,
24B1,
1721,
0F43,
0B20,
04EF,
FC3C,
F3A9,
ECA2,
E19E,
D127,
BFD8,
B370,
A955,
9F02,
974E,
98A8,
A21E,
AD13,
B1B8,
AF21,
A8F4,
A752,
AEC5,
BDDC,
CD00,
D878,
E014,
E5E4,
E73E,
E444,
E024,
DE2F,
DBC2,
D7E8,
D260,
CF44,
D116,
D6EA,
D931,
D401,
C7A6,
BCF0,
BA8F,
C0DA,
C7B4,
CA18,
C3C4,
B7E6,
ACC7,
AAC5,
B1B3,
BDAA,
C6B6,
CB0F,
CBA5,
D008,
D876,
DEF6,
DB01,
D209,
CB58,
CCD3,
CFDD,
CFB1,
C91E,
C288,
BB90,
B7FB,
B7BB,
BF27,
C701,
CF21,
D062,
CF5D,
C9B8,
CE14,
D669,
EDA8,
CE24,
C1E9,
C42A,
B962,
B4D6,
AFFB,
B5CC,
BE9F,
C7E8,
C8A9,
C6E9,
C590,
CC1F,
D547,
DECC,
E5BB,
E976,
E172,
D036,
BDF2,
B51F,
B612,
BDEC,
C4FD,
C9D1,
CAC0,
C944,
C914,
CFBF,
D773,
DBEA,
DDED,
E020,
E0F5,
E0C5,
DB7F,
D17C,
C670,
BBBC,
AF2A,
A5C8,
A2CC,
A5BD,
AA58,
AD75,
ADA1,
AEBB,
B26E,
BAF3,
C7C6,
D2A1,
D47F,
D43F,
DAD7,
E866,
F6FB,
FFFF,
FF56,
FB65,
F9AF,
F912,
F8E2,
F6FF,
EFB5,
E4D8,
D698,
C67E,
BC6C,
BC62,
C27A,
C9DA,
CE00,
D095,
D2C1,
D4CC,
D7DF,
DB36,
DBAC,
DA3B,
D534,
CE66,
CAD7,
CD62,
D464,
DA12,
DB76,
DC3A,
DC6F,
DC63,
DF28,
E08F,
DE52,
DD33,
DC48,
D6BD,
CDA7,
C9D9,
CFC3,
D785,
D9C1,
DB18,
DF64,
E59E,
EB4F,
EFFC,
F5DA,
FFC1,
05AC,
F95B,
E0CD,
D944,
EA0B,
F6B5,
EEA9,
E30C,
DFF2,
DBB4,
D4B4,
D5DB,
DBF6,
DCAF,
DC4C,
E670,
F6A0,
FC08,
F371,
EBAA,
EC23,
F184,
FA7E,
0282,
014C,
F723,
E9A8,
DE07,
D961,
DB6F,
DDB3,
DC53,
DA8A,
DD41,
E1C2,
E285,
E2C1,
E1F5,
DC3D,
D63E,
D342,
CFC3,
CDBA,
CF12,
D3B9,
D8A6,
D525,
CB5D,
C985,
D3B8,
E269,
F0D0,
FDE9,
08AE,
0FA8,
1613,
20F8,
301F,
3EBC,
4776,
47C9,
40A3,
3744,
301A,
27E6,
1B89,
0EC9,
01D2,
F0D1,
DF14,
D381,
D0D9,
D1D0,
D2C0,
D4D9,
D6EB,
D7FB,
DA1D,
DB03,
D9B0,
DA89,
DD60,
DF81,
DFFF,
DF03,
DCBA,
DAEA,
DA8A,
DAD5,
DCFB,
E41F,
EEB3,
F7F8,
FD52,
FF05,
0220,
08C5,
0D75,
0C65,
08E6,
083A,
0AFE,
0C17,
080E,
0185,
FC5A,
FAD1,
FA95,
F6DF,
EFD4,
EB8C,
EDA5,
F31B,
F840,
FC49,
FF36,
0209,
0788,
11C2,
1F09,
28F0,
2BA7,
2A90,
2867,
2616,
25AE,
25D1,
2148,
17CE,
0ECD,
0A41,
079C,
04CD,
03E7,
061D,
0A0B,
0E27,
1109,
140E,
1886,
1DC0,
2444,
28F5,
25C8,
1DFA,
17A8,
101B,
04CF,
F9A5,
F17A,
ECFD,
EBA7,
EAD6,
EA85,
EE3D,
F664,
00E4,
0D3F,
19CD,
22F6,
26C8,
28AC,
3141,
42D6,
50A6,
514F,
4DFD,
4F2C,
4E99,
4808,
3FE4,
392F,
3527,
342B,
3516,
376E,
37BD,
3370,
2EF0,
2D4B,
2DA9,
31A5,
36D0,
3886,
36DB,
3205,
2918,
1FEA,
1B64,
1954,
161D,
1447,
16A4,
1965,
19AF,
186E,
17A1,
1787,
172D,
1740,
18A6,
1B3F,
1F11,
21D8,
20AE,
1D89,
1BE3,
1C64,
1BF3,
18CB,
1740,
19C2,
1EA5,
250E,
2C40,
31A7,
3458,
34D9,
358D,
370E,
375E,
338F,
2A41,
1F84,
195E,
175E,
1494,
1083,
0FBF,
1379,
18B5,
1F6E,
2871,
2F28,
3181,
34BF,
3DA6,
4561,
41BF,
36D1,
3246,
35C7,
37E6,
3481,
2FE6,
2D81,
2D97,
2F9A,
3374,
3781,
3904,
384B,
3A80,
40CC,
470E,
494F,
47EF,
4657,
4687,
47AE,
4814,
4606,
42E6,
41B9,
4216,
426B,
414E,
3D3D,
38E3,
37F6,
3A9B,
3CA5,
3C39,
3AF2,
3ADB,
3CDA,
4172,
45E5,
4A62,
50AF,
55FA,
5772,
54CC,
4FE1,
4CF0,
4D5D,
4FA4,
5292,
5354,
50B9,
4DEF,
4DFD,
518A,
54DE,
5548,
5391,
5103,
4D6E,
48DB,
4256,
3966,
2E67,
23CC,
1B53,
1333,
0AAA,
0485,
03B1,
0817,
0DCA,
1199,
12EA,
12AF,
1368,
177F,
1DA6,
23A0,
2622,
240E,
2002,
1E85,
2188,
26AE,
2AE7,
2EDD,
32FC,
368E,
3A10,
3DF1,
41F0,
458E,
487C,
4B99,
4E47,
4F97,
4FBB,
4F7D,
4F01,
4EAA,
4E21,
4D99,
4C44,
496B,
4580,
41F8,
3F95,
3E26,
3CD1,
3BB8,
3B0F,
3AC3,
3AE1,
3CFD,
41F6,
4818,
4C2E,
4DA6,
4E34,
5063,
5407,
56F3,
5719,
54C7,
51A1,
4EF8,
4C38,
48C2,
4442,
3FDC,
3D82,
3DDB,
3F12,
3F16,
3CE7,
3A6F,
39F3,
3BF4,
3E2B,
3E94,
3D3E,
3B65,
38F3,
371E,
3712,
3842,
3962,
3A26,
39BA,
37EA,
35A4,
348F,
34F8,
36ED,
3A03,
3D4B,
3FAB,
4169,
42BF,
4433,
45D6,
47DF,
49D9,
4B81,
4C62,
4BE2,
4962,
464E,
43D8,
421C,
40C8,
4003,
3F7A,
3EE9,
3DB1,
3C0B,
3A36,
388B,
36BC,
352F,
3404,
32CF,
30E1,
2ECE,
2C12,
2854,
24AE,
225C,
2091,
1F01,
1DEB,
1D0E,
1C1C,
1C90,
1E9E,
2157,
2453,
27A0,
2A1B,
2B8C,
2C3A,
2D78,
2FEF,
3386,
3820,
3DB8,
41B4,
42F4,
42F1,
4288,
4193,
41FE,
42D6,
427A,
425A,
4294,
403A,
3E40,
3F0D,
400B,
4091,
42A3,
44DC,
47AB,
4B06,
4B77,
4654,
3C98,
3111,
2B5D,
3162,
409E,
5011,
5608,
4C83,
3873,
2591,
1E3D,
261C,
386F,
4A14,
52CE,
5039,
46A9,
3ED1,
3F3B,
4581,
49EF,
4663,
3A02,
2992,
1DCC,
1A2F,
1B87,
1F3C,
23B1,
2570,
2606,
2A09,
314B,
33CA,
2C04,
1DA1,
11AE,
0EEA,
1780,
2440,
2B23,
275E,
1851,
01ED,
F000,
ECA4,
F7BA,
0AE3,
1F3E,
2C5F,
2F21,
2B1C,
236C,
1969,
1080,
0610,
F7CA,
EB81,
EBB5,
FC46,
1669,
2B9F,
3163,
265F,
150E,
0BD9,
103A,
1BD9,
23B8,
210F,
161F,
08A1,
FEE0,
FBC1,
FB79,
F9BA,
F668,
F13C,
EE5E,
F358,
FF0C,
0BCD,
13BC,
1065,
042A,
F821,
F30F,
F803,
04D4,
0FED,
148C,
1092,
057B,
FA8B,
F561,
F552,
F9B1,
FD33,
FE38,
0024,
0529,
0DEC,
15FF,
173B,
12AA,
0C81,
096D,
0C27,
0FE1,
0FFD,
0C5C,
0703,
0489,
04EE,
0729,
0A93,
0F0C,
14AB,
1A9D,
1D74,
1DD5,
1C04,
1890,
13D2,
0D32,
078F,
058A,
05B7,
068A,
053D,
00C3,
FBC8,
F940,
FA7D,
FE35,
0023,
FF73,
FB02,
F4F0,
F148,
F1A5,
F3A1,
F4E2,
F453,
F3A1,
F2BC,
F12A,
EEA0,
EAE3,
E735,
E43A,
E1B0,
E1E5,
E493,
E738,
E7A0,
E5DF,
E2DA,
E036,
DDD6,
DB8B,
D75F,
D277,
CFDA,
D0CE,
D2ED,
D36F,
D0A4,
CCC8,
CAF7,
CC99,
CED9,
CF28,
CDD9,
CE13,
D1D0,
DAE7,
E8D9,
F86C,
015B,
FC02,
E825,
D1E4,
C655,
C851,
D194,
DE47,
EE1E,
019F,
1108,
0C10,
E71E,
AEE9,
8545,
8445,
A1CE,
CB17,
FB61,
1B74,
08E5,
DAFD,
C263,
C00A,
BDD0,
C014,
D3FD,
EE40,
EF00,
E66A,
E869,
E51D,
E43A,
F734,
F2F7,
DF41,
D900,
CF16,
C711,
D652,
DE25,
DF83,
EB1B,
F348,
F9C3,
02EB,
FDDD,
ECA5,
DAF5,
CD9B,
D0F4,
E461,
F781,
FF6E,
F836,
E5C5,
D582,
CF54,
D33D,
E13C,
F348,
FF97,
0537,
0765,
0608,
FF16,
F3ED,
E7DB,
D91A,
C56E,
B65F,
B5BD,
C3B6,
D963,
E8C4,
EA71,
E1B4,
D660,
D3AE,
DF00,
EB42,
EE88,
E8BB,
DC5E,
CDB4,
C372,
BDAE,
B92D,
B4C4,
B1F1,
B0D3,
B2C4,
B86F,
BF97,
C4F3,
C6EF,
C424,
BEB2,
BA97,
BC6D,
C4F0,
D0C0,
D9CB,
DC05,
D681,
CD11,
C492,
C059,
BEF3,
BD71,
BAF9,
B977,
BBA8,
C2E6,
CB2E,
CFBA,
CD4A,
C671,
C1BF,
C30D,
C6E4,
C902,
C64F,
C179,
BEFC,
C0DF,
C4D3,
C78F,
C877,
CACC,
CF3C,
D44D,
D83C,
DAEF,
DB6E,
D7F8,
CFB2,
C570,
BC21,
B75A,
B667,
B69E,
B51E,
B24C,
AFE5,
AF3C,
B069,
B54B,
BC4A,
C1E2,
C397,
C1D3,
C0CB,
C4D6,
CB93,
D0A8,
D0FE,
CF9D,
CFE7,
D207,
D56A,
DBB7,
E12A,
E238,
DF7A,
DEA4,
E256,
E8A8,
EF01,
F4A3,
F5FC,
F022,
E386,
D601,
CCEC,
CA95,
CCAE,
CDFE,
C77B,
B812,
A3E8,
94E6,
9261,
9B46,
A728,
B1E6,
BC2B,
C87F,
D7CC,
EC0D,
049B,
1E4F,
30BC,
32F7,
25E6,
1720,
0E7C,
0A48,
0453,
FBBF,
F2FA,
EB6B,
DFBC,
CE55,
BBB3,
AE93,
A4CC,
9B15,
940D,
962F,
A02F,
AB94,
B0B6,
AE78,
A860,
A6A5,
AE1E,
BD89,
CCF0,
D88C,
E014,
E512,
E4EA,
E05F,
DAC3,
D7D4,
D565,
D24F,
CE19,
CC81,
CF55,
D5AF,
D811,
D276,
C5CA,
BB7F,
BA75,
C2E3,
CB29,
CD5B,
C60A,
B8D3,
ABDE,
A865,
AEFD,
BBC7,
C61F,
CB53,
CBEC,
CF9F,
D721,
DD6B,
DA19,
D1DC,
CBA6,
CD7A,
D05F,
CFB7,
C8C2,
C1F5,
BAB0,
B6A3,
B5B2,
BCEF,
C53F,
CDF6,
CFEA,
CFEE,
CAB5,
CEC0,
D69B,
EE32;