memory_initialization_radix=16;
memory_initialization_vector=
FF9A,
FFFC,
0008,
FFF9,
0008,
FFFE,
000D,
000B,
0021,
0028,
0042,
0051,
0070,
0085,
00A7,
00C2,
00E9,
0108,
0132,
0156,
0184,
01AC,
01DD,
0209,
023C,
026A,
029F,
02D0,
0308,
033B,
0374,
03A8,
03E2,
0417,
0451,
0488,
04C3,
04F9,
0533,
056A,
05A5,
05DB,
0614,
0649,
0680,
06B3,
06EA,
0716,
073D,
0749,
073C,
0714,
06D5,
0699,
0672,
064B,
062A,
0601,
05CE,
059D,
057D,
0557,
052B,
04FD,
04D8,
04B0,
048A,
0460,
0438,
040E,
03EA,
03C3,
039A,
036F,
034C,
0327,
02FF,
02D5,
02B3,
028F,
0268,
023F,
021C,
01F8,
01D3,
01AB,
0189,
0165,
0141,
011B,
00F9,
00D5,
00B2,
008D,
006B,
0048,
0026,
0002,
FFE1,
FFBE,
FF9D,
FF7B,
FF5B,
FF38,
FF18,
FEF5,
FED5,
FEB3,
FE94,
FE74,
FE55,
FE33,
FE13,
FDF3,
FDD4,
FDB3,
FD95,
FD76,
FD58,
FD37,
FD19,
FCFC,
FCDF,
FCBF,
FCA1,
FC83,
FC67,
FC48,
FC2C,
FC0F,
FBF3,
FBD5,
FBB9,
FB9D,
FB82,
FB63,
FB47,
FB2C,
FB12,
FAF4,
FAD9,
FABE,
FAA5,
FA88,
FA6E,
FA53,
FA3A,
FA1E,
FA04,
F9EA,
F9D2,
F9B7,
F99E,
F985,
F96E,
F954,
F93B,
F922,
F90B,
F8F1,
F8D9,
F8C0,
F8AA,
F891,
F879,
F861,
F84C,
F834,
F81D,
F806,
F7F0,
F7D8,
F7C2,
F7AC,
F797,
F780,
F76A,
F753,
F73F,
F729,
F714,
F6FF,
F6EC,
F6D6,
F6C0,
F6AB,
F699,
F684,
F670,
F65B,
F649,
F634,
F621,
F60C,
F5FA,
F5E6,
F5D3,
F5C0,
F5AE,
F59B,
F589,
F576,
F564,
F551,
F53F,
F52D,
F51D,
F50B,
F4F9,
F4E7,
F4D6,
F4C5,
F4B5,
F4A4,
F494,
F482,
F472,
F461,
F451,
F441,
F432,
F421,
F413,
F403,
F3F4,
F3E3,
F3D5,
F3C5,
F3B7,
F3A7,
F399,
F38B,
F37C,
F36D,
F35F,
F352,
F344,
F335,
F328,
F31A,
F30D,
F2FE,
F2F1,
F2E5,
F2D8,
F2CA,
F2BE,
F2B1,
F2A5,
F298,
F28B,
F27E,
F273,
F267,
F25C,
F24F,
F244,
F238,
F22D,
F220,
F215,
F20A,
F200,
F1F4,
F1EA,
F1DF,
F1D5,
F1CA,
F1C0,
F1B5,
F1AB,
F1A0,
F197,
F18C,
F183,
F179,
F170,
F167,
F15E,
F154,
F14C,
F142,
F139,
F12F,
F127,
F11E,
F116,
F10D,
F106,
F0FD,
F0F5,
F0ED,
F0E6,
F0DD,
F0D5,
F0CD,
F0C6,
F0BE,
F0B7,
F0B0,
F0A9,
F0A2,
F09A,
F093,
F08D,
F086,
F080,
F079,
F074,
F06D,
F066,
F060,
F05B,
F054,
F04F,
F049,
F043,
F03D,
F037,
F032,
F02D,
F028,
F023,
F01E,
F019,
F014,
F00F,
F00A,
F005,
F000,
EFFC,
EFF8,
EFF4,
EFEF,
EFEC,
EFE7,
EFE3,
EFDF,
EFDC,
EFD8,
EFD4,
EFD0,
EFCD,
EFC9,
EFC6,
EFC3,
EFC1,
EFBD,
EFBA,
EFB7,
EFB5,
EFB2,
EFAF,
EFAB,
EFA9,
EFA6,
EFA5,
EFA3,
EFA1,
EF9E,
EF9D,
EF9B,
EF98,
EF95,
EF94,
EF92,
EF91,
EF8F,
EF8E,
EF8D,
EF8C,
EF8A,
EF89,
EF88,
EF88,
EF86,
EF86,
EF85,
EF84,
EF83,
EF83,
EF81,
EF82,
EF81,
EF81,
EF80,
EF80,
EF80,
EF80,
EF80,
EF80,
EF7F,
EF80,
EF81,
EF82,
EF81,
EF82,
EF83,
EF83,
EF83,
EF84,
EF84,
EF86,
EF87,
EF89,
EF89,
EF8A,
EF8B,
EF8C,
EF8E,
EF90,
EF90,
EF91,
EF93,
EF95,
EF96,
EF98,
EF99,
EF9C,
EF9E,
EFA1,
EFA2,
EFA4,
EFA6,
EFA9,
EFAA,
EFAC,
EFAF,
EFB1,
EFB4,
EFB6,
EFB9,
EFBC,
EFBF,
EFC2,
EFC4,
EFC7,
EFCA,
EFCE,
EFD0,
EFD3,
EFD6,
EFDA,
EFDD,
EFE0,
EFE3,
EFE7,
EFEA,
EFEE,
EFF1,
EFF4,
EFF8,
EFFD,
F000,
F003,
F007,
F00C,
F010,
F014,
F018,
F01C,
F020,
F025,
F029,
F02D,
F031,
F035,
F03A,
F03F,
F043,
F048,
F04C,
F052,
F056,
F05A,
F05E,
F064,
F069,
F06E,
F073,
F078,
F07D,
F082,
F087,
F08C,
F091,
F097,
F09D,
F0A2,
F0A7,
F0AD,
F0B3,
F0B9,
F0BE,
F0C3,
F0C8,
F0CE,
F0D4,
F0DA,
F0E0,
F0E6,
F0EB,
F0F1,
F0F7,
F0FE,
F105,
F10B,
F110,
F117,
F11E,
F124,
F129,
F130,
F137,
F13E,
F144,
F14A,
F150,
F157,
F15D,
F164,
F16B,
F172,
F178,
F180,
F187,
F18E,
F194,
F19B,
F1A2,
F1A9,
F1B1,
F1B8,
F1BE,
F1C6,
F1CD,
F1D5,
F1DC,
F1E4,
F1EB,
F1F3,
F1FA,
F202,
F209,
F211,
F218,
F220,
F227,
F230,
F238,
F240,
F247,
F24F,
F258,
F260,
F267,
F26F,
F277,
F280,
F288,
F291,
F299,
F2A2,
F2AB,
F2B4,
F2BC,
F2C5,
F2CC,
F2D5,
F2DE,
F2E8,
F2F1,
F2FA,
F303,
F30D,
F315,
F31F,
F329,
F333,
F33C,
F346,
F34F,
F35A,
F364,
F370,
F37A,
F385,
F390,
F39B,
F3A6,
F3B2,
F3BE,
F3CB,
F3D7,
F3E4,
F3F2,
F401,
F40F,
F41F,
F42E,
F440,
F451,
F464,
F478,
F48F,
F4A6,
F4C2,
F4DD,
F4FD,
F521,
F54C,
F57A,
F5B5,
F5F8,
F651,
F6B8,
F74F,
F810,
F947,
FC56,
0171,
0CE9,
1E73,
3390,
4BE6,
5E7D,
6A7F,
72A7,
76D9,
7729,
735D,
7089,
6F89,
7080,
7469,
7494,
6E94,
6C1F,
7084,
724C,
6E4E,
6BB4,
6CF2,
6DCB,
6CF6,
6BCA,
6A4F,
698C,
6AB3,
6AF4,
6809,
65FD,
6802,
6955,
661E,
635E,
655B,
671D,
6420,
6121,
62BC,
6490,
6204,
5F0F,
602A,
61D8,
5FDE,
5D37,
5DD7,
5F34,
5DAB,
5B58,
5B86,
5C80,
5B5F,
597A,
5950,
59DD,
5908,
5792,
5736,
576A,
56C5,
55A6,
5520,
54F9,
546E,
539E,
530D,
52A9,
522D,
519C,
5106,
506C,
4FF4,
4F9D,
4F0B,
4E3B,
4DB8,
4D88,
4D04,
4C15,
4B8B,
4B82,
4B12,
4A0A,
496D,
4977,
4919,
4807,
4759,
476A,
471D,
4604,
4547,
4566,
4531,
4418,
434B,
4369,
4344,
422C,
414E,
416C,
415B,
404A,
3F5D,
3F72,
3F71,
3E70,
3D7E,
3D8A,
3D95,
3C9D,
3B9E,
3B9D,
3BB2,
3ACC,
39C8,
39BD,
39DA,
3904,
37FB,
37E5,
380D,
3747,
3639,
3611,
3639,
3584,
3478,
3444,
3472,
33CF,
32C5,
3283,
32AF,
321C,
3116,
30C7,
30F3,
306D,
2F68,
2F0D,
2F3A,
2EC7,
2DC9,
2D63,
2D8B,
2D24,
2C2D,
2BBC,
2BDF,
2B86,
2A97,
2A1B,
2A37,
29EB,
2907,
2885,
289D,
285A,
277D,
26F1,
2702,
26CA,
25F7,
2566,
256F,
2541,
2478,
23E1,
23E5,
23BF,
2302,
2265,
225D,
223B,
2188,
20EA,
20DD,
20C3,
201B,
1F7A,
1F65,
1F50,
1EB3,
1E11,
1DF4,
1DE1,
1D4C,
1CA8,
1C83,
1C74,
1BEC,
1B4B,
1B1F,
1B11,
1A92,
19F2,
19BF,
19B2,
193C,
189C,
1863,
1856,
17E9,
174D,
170F,
1705,
16A0,
1604,
15BF,
15B2,
1556,
14C1,
1477,
1468,
1413,
1381,
1333,
1324,
12D6,
1249,
11F7,
11E5,
119D,
1113,
10BC,
10AA,
1069,
0FE5,
0F8C,
0F76,
0F39,
0EBB,
0E5F,
0E46,
0E0E,
0D94,
0D35,
0D19,
0CE6,
0C73,
0C15,
0BF7,
0BC7,
0B57,
0AF6,
0AD6,
0AAA,
0A40,
09DF,
09BB,
0991,
092C,
08CB,
08A5,
087F,
0820,
07BF,
0795,
0770,
0716,
06B5,
0689,
0666,
060F,
05AF,
0581,
0560,
0510,
04B1,
0480,
045F,
0413,
03B5,
0382,
0362,
031A,
02BF,
028B,
026B,
0227,
01CD,
0197,
0177,
0137,
00DE,
00A6,
0086,
004A,
FFF7,
FFBE,
FF9F,
FF66,
FF12,
FED8,
FEB8,
FE83,
FE32,
FDF7,
FDD5,
FDA3,
FD55,
FD1A,
FCF9,
FCC9,
FC7E,
FC42,
FC1F,
FBF2,
FBA9,
FB6D,
FB4B,
FB20,
FAD9,
FA9C,
FA79,
FA51,
FA0D,
F9D1,
F9AE,
F987,
F945,
F908,
F8E5,
F8C0,
F882,
F846,
F821,
F7FD,
F7C1,
F786,
F761,
F73F,
F706,
F6CB,
F6A5,
F684,
F64D,
F613,
F5EC,
F5CD,
F599,
F560,
F539,
F51A,
F4E8,
F4B0,
F488,
F46A,
F43A,
F404,
F3DC,
F3BF,
F390,
F35B,
F333,
F317,
F2EA,
F2B7,
F28E,
F272,
F247,
F215,
F1EC,
F1D1,
F1A8,
F178,
F14F,
F134,
F10D,
F0DE,
F0B4,
F09B,
F076,
F049,
F01F,
F005,
EFE0,
EFB5,
EF8C,
EF74,
EF50,
EF26,
EEFB,
EEE3,
EEC0,
EE9B,
EE70,
EE5A,
EE37,
EE13,
EDE6,
EDD2,
EDAE,
ED8F,
ED60,
ED50,
ED17,
EBDC,
ECFF,
F6B4,
EFBD,
EFA1,
EF82,
EF61,
EF3F,
EF25,
EF0B,
EEEB,
EECA,
EEB1,
EE98,
EE78,
EE55,
EE3B,
EE24,
EE06,
EDE6,
EDCE,
EDB7,
ED9A,
ED7A,
ED61,
ED4C,
ED30,
ED10,
ECF7,
ECE2,
ECC8,
ECAA,
EC92,
EC7D,
EC64,
EC46,
EC2E,
EC1A,
EC02,
EBE6,
EBCE,
EBB9,
EBA1,
EB86,
EB6F,
EB5C,
EB46,
EB2C,
EB15,
EB01,
EAEC,
EAD3,
EABC,
EAAA,
EA95,
EA7C,
EA65,
EA53,
EA40,
EA29,
EA13,
EA01,
E9EE,
E9D8,
E9C3,
E9B1,
E99E,
E989,
E975,
E963,
E951,
E93D,
E929,
E919,
E908,
E8F4,
E8E0,
E8D0,
E8C0,
E8AD,
E899,
E88A,
E87B,
E869,
E857,
E847,
E838,
E827,
E815,
E806,
E7F7,
E7E6,
E7D6,
E7C7,
E7B9,
E7A9,
E799,
E78B,
E77E,
E76F,
E75F,
E750,
E743,
E735,
E725,
E718,
E70D,
E700,
E6F0,
E6E3,
E6D8,
E6CB,
E6BD,
E6B1,
E6A5,
E699,
E68B,
E67F,
E674,
E669,
E65C,
E650,
E647,
E63C,
E62F,
E623,
E61B,
E611,
E605,
E5F9,
E5F1,
E5E7,
E5DC,
E5D1,
E5C8,
E5BF,
E5B5,
E5AB,
E5A2,
E599,
E58F,
E586,
E57E,
E575,
E56C,
E563,
E55C,
E554,
E54C,
E543,
E53C,
E534,
E52D,
E525,
E51F,
E518,
E510,
E509,
E502,
E4FB,
E4F5,
E4EE,
E4E8,
E4E2,
E4DC,
E4D5,
E4CF,
E4C9,
E4C3,
E4BD,
E4B8,
E4B3,
E4AD,
E4A7,
E4A3,
E49F,
E49A,
E495,
E490,
E48C,
E488,
E482,
E47E,
E47B,
E477,
E473,
E46F,
E46C,
E468,
E464,
E460,
E45E,
E45B,
E458,
E455,
E452,
E450,
E44D,
E44B,
E448,
E446,
E443,
E441,
E43F,
E43E,
E43C,
E43B,
E43A,
E439,
E437,
E436,
E435,
E434,
E432,
E431,
E430,
E42F,
E42D,
E42C,
E42B,
E42C,
E42C,
E42C,
E42C,
E42C,
E42B,
E42C,
E42C,
E42D,
E42E,
E42F,
E42F,
E42F,
E42F,
E430,
E432,
E434,
E435,
E437,
E438,
E439,
E43A,
E43A,
E43C,
E43F,
E441,
E443,
E445,
E448,
E44A,
E44B,
E44D,
E44E,
E450,
E452,
E454,
E458,
E45B,
E45D,
E460,
E465,
E469,
E46C,
E46F,
E472,
E476,
E47C,
E480,
E481,
E483,
E486,
E48A,
E48E,
E493,
E498,
E49D,
E4A0,
E4A3,
E4A8,
E4AE,
E4B3,
E4B8,
E4BD,
E4C1,
E4C4,
E4C6,
E4CA,
E4CF,
E4D5,
E4DB,
E4E2,
E4E8,
E4ED,
E4F0,
E4F4,
E4F9,
E4FF,
E506,
E50E,
E515,
E51E,
E526,
E52C,
E532,
E537,
E53C,
E540,
E544,
E549,
E54E,
E554,
E55B,
E562,
E569,
E571,
E57B,
E580,
E584,
E58C,
E595,
E59D,
E5A3,
E5A5,
E5A6,
E5AD,
E5BA,
E5C5,
E5CD,
E5D4,
E5DC,
E5E4,
E5EB,
E5F7,
E605,
E610,
E617,
E61D,
E621,
E625,
E629,
E631,
E63C,
E648,
E652,
E65A,
E65E,
E661,
E664,
E669,
E670,
E679,
E682,
E68E,
E69C,
E6AA,
E6B7,
E6C3,
E6CE,
E6D6,
E6DC,
E6E2,
E6E9,
E6F1,
E6FA,
E704,
E70D,
E718,
E724,
E731,
E73D,
E748,
E750,
E758,
E766,
E773,
E770,
E76A,
E771,
E77D,
E78E,
E79E,
E79D,
E796,
E7A0,
E7B1,
E7C4,
E7D8,
E7EA,
E7FA,
E7FE,
E7FD,
E806,
E816,
E826,
E836,
E84B,
E861,
E86C,
E86E,
E86E,
E86E,
E86E,
E870,
E879,
E888,
E898,
E8A9,
E8BA,
E8CA,
E8D7,
E8E1,
E8E7,
E8EB,
E8EF,
E8F1,
E8F6,
E8FD,
E907,
E913,
E921,
E932,
E945,
E95C,
E971,
E982,
E993,
E9A7,
E9B9,
E9C5,
E9CC,
E9C7,
E9CD,
E9F1,
EA0B,
E9FD,
E9EA,
E9DC,
E9DE,
EA0B,
EA35,
EA34,
EA29,
EA23,
EA1E,
EA1A,
EA21,
EA4B,
EA7E,
EA9D,
EAB4,
EAC4,
EACD,
EAC4,
EAB6,
EAB7,
EABF,
EACD,
EAE1,
EAFF,
EB21,
EB42,
EB60,
EB79,
EB8C,
EB97,
EB9C,
EB9A,
EB93,
EB8C,
EB85,
EB7D,
EB75,
EB74,
EB79,
EB81,
EB8E,
EBA0,
EBB8,
EBCD,
EBE0,
EBFA,
EC1A,
EC2E,
EC35,
EC4C,
EC76,
EC98,
ECB2,
ECA9,
EC6F,
EC76,
ECDF,
ED2A,
ED42,
ED25,
ECBB,
EC82,
ECAC,
ECDF,
ED04,
ED37,
ED8B,
EDBB,
ED9B,
ED71,
ED58,
ED38,
ED05,
ECE0,
ECE6,
ECFB,
ED12,
ED35,
ED6C,
EDA9,
EDE3,
EE19,
EE49,
EE72,
EE94,
EEAE,
EEB9,
EEBF,
EECE,
EED9,
EEC2,
EEA2,
EE9D,
EEA4,
EEBA,
EED2,
EEC4,
EEA2,
EE83,
EE69,
EE6B,
EE81,
EE99,
EEB7,
EEF5,
EF43,
EF3F,
EF0B,
EF3E,
EFBA,
F04E,
F0E9,
F062,
EEEF,
EE4E,
EE73,
EF3B,
F09F,
F16F,
F19D,
F1F7,
F286,
F276,
F1AF,
F12D,
F113,
F0C0,
F018,
EFB3,
EFB2,
EFAA,
EF85,
EF85,
EFBF,
F000,
F03E,
F084,
F0D4,
F12F,
F19A,
F1FF,
F24E,
F2A6,
F31B,
F386,
F3CB,
F414,
F481,
F4E2,
F510,
F53C,
F595,
F5E1,
F5E9,
F5EE,
F623,
F685,
F777,
F82C,
F795,
F61D,
F30C,
F023,
F1A0,
F384,
EE98,
E70D,
DFCC,
DB6A,
E611,
F7A0,
006B,
04DF,
09BD,
0E98,
1522,
1C28,
1E48,
1D75,
20FD,
2719,
2891,
26D2,
2880,
2CAC,
2DFB,
2CF9,
2DCB,
3033,
315D,
315A,
31ED,
331B,
3425,
3509,
35C5,
364F,
3758,
3903,
3A37,
3AB2,
3BFE,
3E7E,
4089,
419F,
43BA,
4783,
4B1E,
4DD8,
51C5,
57D9,
5E0F,
63A2,
69F0,
7219,
78AC,
7BF6,
7C52,
78B5,
72CC,
69BD,
6320,
6530,
682A,
678B,
64E0,
5DE7,
58A1,
5D44,
6377,
6406,
6228,
5D66,
5946,
5D59,
62C4,
5F51,
59AF,
5B25,
5EC8,
5DD9,
5B4A,
5B0D,
5BC6,
5BDF,
5BA1,
5ADF,
59E8,
5A1C,
5ADF,
5A07,
5848,
582A,
5906,
5823,
5611,
557E,
5601,
5514,
5302,
5234,
5284,
51E5,
5067,
4FF8,
509C,
509A,
4FDB,
4F87,
4FBB,
4F25,
4D93,
4C52,
4B91,
4AF6,
4A7D,
4A62,
4ACC,
4AC5,
49EF,
494C,
4922,
490C,
4910,
48B0,
478E,
467B,
45C8,
4533,
44B8,
4453,
4409,
43C4,
4385,
430F,
4207,
4111,
40B8,
408B,
4062,
401B,
3F5A,
3E99,
3E61,
3E43,
3DDB,
3D5D,
3CEA,
3C76,
3BF6,
3B70,
3AF9,
3A7D,
39C3,
38FE,
38A4,
3872,
37DA,
3723,
3708,
3733,
36BB,
35EE,
35A4,
35A0,
3508,
3416,
33CB,
33F0,
3394,
32D7,
326C,
323E,
31AC,
30C4,
3054,
3055,
2FF3,
2F2C,
2EB1,
2E88,
2E41,
2DD6,
2D83,
2D52,
2CF2,
2C52,
2BCF,
2B7E,
2B05,
2A47,
29C2,
29A1,
2967,
28F0,
288C,
285A,
280B,
2773,
26F4,
26C1,
2690,
2646,
25F5,
259E,
2539,
24B2,
2439,
23FD,
23C2,
235D,
22F3,
2295,
223D,
21F3,
21A4,
2131,
20B5,
2044,
1FDB,
1F8C,
1F43,
1EDE,
1E74,
1E27,
1DE2,
1D7A,
1D0B,
1CCD,
1CA2,
1C54,
1BF5,
1BA3,
1B57,
1B07,
1AB6,
1A66,
1A16,
19BD,
195D,
190C,
18C4,
1877,
1827,
17DD,
1796,
174C,
1700,
16AB,
164E,
15F4,
159D,
1549,
14F9,
14AF,
1469,
1424,
13DF,
138F,
1330,
12D5,
1281,
122F,
11E0,
11A0,
1177,
1140,
10EC,
109A,
1053,
100C,
0FC3,
0F83,
0F58,
0F22,
0ECA,
0E77,
0E3C,
0E00,
0DB4,
0D66,
0D1E,
0CD6,
0C88,
0C3E,
0C01,
0BC2,
0B6C,
0B19,
0AEA,
0ABE,
0A72,
0A22,
09EB,
09B9,
0976,
092E,
08EC,
08AD,
0869,
0825,
07E4,
07A4,
0764,
0725,
06F0,
06BF,
0687,
064A,
0615,
05E3,
05A1,
0556,
0518,
04E3,
04A7,
0465,
0431,
0408,
03D1,
038D,
034F,
0317,
02D8,
0290,
0255,
0228,
01F5,
01BB,
0184,
0151,
0117,
00D1,
0097,
006F,
0042,
000D,
FFD9,
FFA7,
FF72,
FF36,
FF01,
FEDB,
FEAF,
FE73,
FE38,
FE08,
FDD8,
FDA5,
FD74,
FD46,
FD16,
FCDC,
FCA6,
FC80,
FC59,
FC22,
FBEB,
FBC0,
FB97,
FB65,
FB31,
FB01,
FAD2,
FAA0,
FA6F,
FA41,
FA14,
F9E7,
F9BA,
F991,
F96A,
F93A,
F907,
F8DD,
F8B5,
F885,
F854,
F82E,
F80E,
F7E4,
F7B5,
F78E,
F76A,
F73E,
F70C,
F6E4,
F6C0,
F698,
F66C,
F645,
F622,
F5F9,
F5CB,
F5A1,
F57A,
F553,
F52B,
F507,
F4E5,
F4C0,
F496,
F46F,
F44A,
F425,
F3FF,
F3DB,
F3B7,
F392,
F36B,
F346,
F324,
F302,
F2DE,
F2BB,
F298,
F275,
F253,
F233,
F213,
F1F3,
F1CE,
F1AB,
F18C,
F16D,
F14C,
F12A,
F108,
F0E8,
F0D2,
F0A7,
F02C,
EFF0,
EFD8,
EFB9,
EF96,
EF72,
EF55,
EF39,
EF1A,
EEFA,
EEDE,
EEC4,
EEA5,
EE85,
EE69,
EE4F,
EE31,
EE11,
EDF6,
EDDD,
EDC0,
EDA1,
ED86,
ED6E,
ED52,
ED34,
ED19,
ED00,
ECE4,
ECC8,
ECAF,
EC99,
EC7F,
EC63,
EC49,
EC32,
EC1A,
EBFF,
EBE7,
EBD1,
EBB9,
EB9E,
EB86,
EB70,
EB59,
EB41,
EB2A,
EB15,
EAFE,
EAE6,
EACE,
EABA,
EAA4,
EA8D,
EA76,
EA61,
EA4C,
EA35,
EA1F,
EA0C,
E9F8,
E9E1,
E9CB,
E9B9,
E9A7,
E991,
E97B,
E969,
E956,
E941,
E92D,
E91B,
E90A,
E8F5,
E8E1,
E8D0,
E8BE,
E8AC,
E899,
E888,
E876,
E865,
E853,
E842,
E832,
E820,
E80E,
E7FE,
E7EF,
E7DE,
E7CD,
E7BE,
E7AF,
E79E,
E78D,
E77F,
E771,
E761,
E751,
E742,
E734,
E726,
E716,
E708,
E6FB,
E6ED,
E6DD,
E6D0,
E6C4,
E6B6,
E6A8,
E69A,
E68E,
E681,
E673,
E667,
E65B,
E64F,
E643,
E636,
E62B,
E61F,
E612,
E606,
E5FB,
E5F0,
E5E4,
E5D9,
E5CF,
E5C5,
E5BA,
E5AF,
E5A5,
E59B,
E590,
E586,
E57C,
E573,
E569,
E55F,
E557,
E54E,
E544,
E53A,
E532,
E52A,
E521,
E519,
E511,
E508,
E500,
E4F7,
E4F0,
E4E8,
E4E1,
E4D9,
E4D3,
E4CC,
E4C4,
E4BD,
E4B6,
E4AF,
E4A8,
E4A0,
E49A,
E494,
E48E,
E487,
E481,
E47B,
E475,
E470,
E46A,
E465,
E460,
E45A,
E454,
E44F,
E44B,
E447,
E443,
E43E,
E43A,
E436,
E432,
E42E,
E42A,
E425,
E421,
E41E,
E41B,
E418,
E414,
E411,
E40E,
E40B,
E409,
E406,
E404,
E400,
E3FD,
E3FB,
E3F8,
E3F3,
E3F0,
E3EF,
E3EE,
E3EC,
E3E9,
E3E6,
E3E4,
E3E4,
E3E4,
E3E3,
E3E1,
E3DF,
E3DD,
E3DC,
E3DC,
E3DD,
E3DE,
E3DC,
E3DA,
E3D8,
E3D7,
E3D6,
E3D7,
E3D8,
E3DA,
E3DA,
E3D9,
E3D8,
E3D8,
E3DA,
E3DD,
E3E0,
E3E2,
E3E5,
E3E7,
E3E7,
E3E6,
E3E6,
E3E7,
E3E9,
E3EA,
E3ED,
E3F1,
E3F4,
E3F6,
E3F7,
E3F6,
E3F5,
E3F4,
E3F4,
E3F5,
E3F6,
E3F9,
E3FC,
E3FF,
E403,
E406,
E40A,
E40D,
E40F,
E410,
E411,
E413,
E414,
E414,
E417,
E41D,
E424,
E42B,
E433,
E43B,
E441,
E446,
E44B,
E450,
E455,
E459,
E45C,
E45E,
E460,
E463,
E466,
E469,
E46E,
E475,
E47C,
E47E,
E482,
E48C,
E495,
E497,
E49A,
E4A2,
E4AC,
E4B4,
E4BA,
E4B5,
E4B1,
E4C0,
E4D2,
E4D1,
E4C9,
E4C4,
E4C2,
E4C9,
E4D5,
E4DE,
E4E7,
E4E8,
E4E6,
E4E8,
E4ED,
E4FB,
E50E,
E51D,
E529,
E52E,
E52F,
E52F,
E531,
E53C,
E550,
E562,
E573,
E581,
E58E,
E593,
E592,
E591,
E592,
E594,
E599,
E5A3,
E5B4,
E5C3,
E5CF,
E5D8,
E5DD,
E5E0,
E5E2,
E5E3,
E5E4,
E5E2,
E5DB,
E5D9,
E5DE,
E5E7,
E5F3,
E603,
E61A,
E62D,
E638,
E641,
E64A,
E650,
E652,
E655,
E65C,
E664,
E66A,
E670,
E675,
E67A,
E67F,
E685,
E68F,
E69B,
E6A9,
E6B9,
E6CA,
E6DC,
E6F2,
E709,
E71F,
E733,
E744,
E752,
E75B,
E761,
E768,
E76F,
E76D,
E768,
E76A,
E770,
E776,
E77B,
E770,
E75F,
E77C,
E7B5,
E7B8,
E793,
E783,
E786,
E7AC,
E7EF,
E7FF,
E7E0,
E7CE,
E7C9,
E7CB,
E7D4,
E7F6,
E834,
E854,
E850,
E846,
E838,
E82A,
E81B,
E821,
E845,
E86D,
E894,
E8B9,
E8DC,
E8F3,
E8F7,
E8F2,
E8E4,
E8D7,
E8D0,
E8CF,
E8D2,
E8DF,
E8FC,
E91D,
E93C,
E95D,
E982,
E9A3,
E9B9,
E9C9,
E9D3,
E9D7,
E9D0,
E9C5,
E9BA,
E9AD,
E9A0,
E993,
E985,
E97C,
E986,
E993,
E98B,
E97E,
E978,
E980,
E9CE,
EA2D,
EA1D,
E9DE,
E9DC,
E9FE,
EA3F,
EA91,
EACB,
EAF3,
EAFA,
EAE8,
EAC6,
EA9C,
EA99,
EAB4,
EAD5,
EAFB,
EB30,
EB6E,
EB92,
EB9D,
EB9D,
EB92,
EB76,
EB4A,
EB22,
EB01,
EADF,
EABB,
EACA,
EB1B,
EB25,
EAC9,
EAB0,
EAF9,
EB88,
EC7C,
ECC8,
EBF5,
EB63,
EB7A,
EBC0,
EC30,
ECAF,
ED38,
ED99,
EDB0,
ED8A,
ED0D,
EC8E,
EC41,
EBFC,
EBA9,
EB7E,
EBB5,
EC02,
EC31,
EC6E,
ECE4,
ED59,
ED8F,
EDB6,
EDF8,
EE30,
EE2B,
EE13,
EE16,
EE17,
EDEC,
EDB4,
ED99,
ED87,
ED5D,
ED2D,
ED15,
ED09,
ECF5,
ECE1,
ECE0,
ECEA,
ECF4,
ED00,
ED1C,
ED41,
ED65,
ED88,
EDB3,
EDE2,
EE14,
EE47,
EE7C,
EEB4,
EEED,
EF28,
EF63,
EF9F,
EFDD,
F01E,
F05A,
F091,
F0CF,
F114,
F151,
F182,
F1B7,
F1F3,
F219,
F21A,
F25F,
F310,
F37F,
F39A,
F294,
EF6F,
EEE2,
F33A,
F87B,
FEA0,
004C,
F8CC,
F12F,
ED88,
EA51,
E611,
E3F1,
E6C6,
EAFB,
F041,
F1DA,
E7E7,
DE01,
DE0E,
E10F,
E384,
E678,
E9DB,
EDF8,
F3D7,
F9DC,
FD73,
0071,
0542,
0A51,
0D40,
0F62,
1298,
1605,
1849,
19FA,
1C08,
1E28,
1FE6,
2160,
22AE,
23D9,
252A,
2684,
2769,
2800,
28FE,
2A3D,
2AEE,
2B35,
2BF8,
2D1C,
2DB4,
2DD2,
2E68,
2F71,
3001,
3014,
3092,
3188,
3223,
324E,
32CD,
33BC,
346F,
34C8,
355F,
3655,
3728,
37B9,
387B,
3995,
3AA2,
3B7D,
3C89,
3DEB,
3F56,
40A6,
4227,
4400,
45F7,
47F2,
4A20,
4CA0,
4F51,
522B,
553D,
58A2,
5C34,
5FEE,
63B5,
6787,
6B2B,
6E83,
7141,
72F5,
73A2,
72C8,
70EA,
6DF2,
6AE2,
6987,
6945,
6B25,
6D12,
6AFD,
6612,
5C89,
517E,
4C6D,
4B4C,
4D5E,
51BB,
565C,
5ADE,
5D2D,
5D62,
5784,
4DFB,
4D40,
52DE,
562D,
57A4,
5492,
4DD0,
4DDC,
53E5,
5487,
500B,
4E66,
4FAB,
5050,
5041,
4F6A,
4DA0,
4D4A,
4EDB,
4ED7,
4C8D,
4BA6,
4CF3,
4D2D,
4B82,
4A8D,
4B09,
4B1A,
4A37,
4978,
492F,
48E7,
4888,
4802,
472B,
4687,
467E,
4637,
4512,
4423,
443B,
4426,
42ED,
41D8,
41FD,
4212,
40EC,
3FCC,
3FF3,
4028,
3F1D,
3DF9,
3E0D,
3E45,
3D48,
3C0F,
3BE1,
3BE4,
3AD0,
396D,
38FB,
38D5,
37DB,
36A2,
3660,
368F,
3618,
355F,
355D,
35B6,
3556,
348E,
3458,
347E,
344D,
33E5,
33F1,
344E,
3412,
3357,
32D2,
3277,
31E1,
3113,
305C,
2FC1,
2EEB,
2DD6,
2D33,
2D14,
2CDB,
2C75,
2C54,
2C8E,
2C9D,
2C69,
2C0A,
2B7C,
2AC6,
29DE,
2907,
2850,
27DD,
27D0,
27DE,
2803,
27EC,
275A,
269D,
25B4,
24F6,
24AA,
2490,
24BD,
24B2,
23EB,
2309,
225F,
21ED,
2200,
220F,
218A,
20DE,
203B,
1FBC,
1FC7,
1FDC,
1F3E,
1E7C,
1E47,
1E3E,
1E03,
1DAF,
1D3A,
1CC3,
1CAB,
1CB1,
1C41,
1BA2,
1B74,
1B79,
1B1B,
1A8C,
1A44,
1A25,
19DD,
197A,
1925,
18D9,
1887,
1830,
17C8,
1752,
16F5,
16AD,
1647,
15C5,
1567,
152E,
14D3,
1452,
13F1,
13B7,
1368,
12FC,
12AF,
128B,
1256,
1203,
11C0,
119A,
1166,
1119,
10D5,
10A6,
1069,
1011,
0FB9,
0F6B,
0F19,
0EBA,
0E5D,
0E08,
0DB5,
0D62,
0D19,
0CE5,
0CB7,
0C88,
0C5A,
0C32,
0C06,
0BD1,
0B91,
0B3C,
0AE1,
0A93,
0A44,
09E7,
098E,
0958,
0930,
0902,
08D4,
08AF,
0886,
0839,
07DB,
078B,
0740,
06E9,
0692,
0662,
0648,
061A,
05E1,
05A0,
0557,
04FA,
0492,
0455,
0438,
040F,
03DC,
03A1,
035C,
0307,
02A6,
0270,
0265,
0241,
0205,
01C3,
017C,
013E,
010C,
00EC,
00E1,
00B3,
0058,
0015,
FFFC,
FFD8,
FFA2,
FF69,
FF2D,
FEF6,
FECB,
FE9C,
FE65,
FE28,
FDE1,
FDA6,
FD8A,
FD61,
FD12,
FCCC,
FCAF,
FC8C,
FC42,
FBFE,
FBDF,
FBC1,
FB89,
FB52,
FB2D,
FB08,
FADA,
FAA9,
FA7B,
FA4D,
FA1E,
F9EE,
F9BD,
F98B,
F95A,
F929,
F8F7,
F8C6,
F897,
F869,
F83D,
F813,
F7E9,
F7C1,
F79C,
F778,
F751,
F727,
F6FF,
F6D8,
F6AA,
F678,
F64C,
F624,
F5F8,
F5C9,
F5A5,
F588,
F565,
F53C,
F519,
F4FC,
F4D6,
F4A7,
F47D,
F45A,
F431,
F401,
F3D9,
F3BE,
F39C,
F370,
F34D,
F338,
F317,
F2E3,
F2B7,
F29B,
F278,
F248,
F220,
F207,
F1EA,
F1BF,
F198,
F17D,
F15E,
F130,
F108,
F0F3,
F0DD,
F0B9,
F095,
F07A,
F05E,
F033,
F00E,
EFFD,
EFEB,
EFCF,
EFAE,
EF91,
EF74,
EF57,
EF39,
EF19,
EEF8,
EEDA,
EEBD,
EE9F,
EE80,
EE62,
EE45,
EE29,
EE0D,
EDF4,
EDDB,
EDC0,
EDA4,
ED88,
ED6D,
ED52,
ED37,
ED1C,
ED01,
ECE7,
ECCC,
ECB1,
EC96,
EC7D,
EC66,
EC4E,
EC36,
EC1E,
EC06,
EBEC,
EBD0,
EBB5,
EB9C,
EB84,
EB6B,
EB54,
EB3F,
EB28,
EB11,
EAFA,
EAE4,
EACE,
EAB5,
EA9E,
EA88,
EA73,
EA5D,
EA49,
EA36,
EA22,
EA0D,
E9F7,
E9E2,
E9CD,
E9B8,
E9A3,
E991,
E97F,
E96B,
E956,
E943,
E930,
E91C,
E908,
E8F6,
E8E5,
E8D2,
E8BE,
E8AD,
E89B,
E889,
E876,
E865,
E855,
E843,
E832,
E822,
E812,
E800,
E7EF,
E7DF,
E7D0,
E7C0,
E7AF,
E7A0,
E791,
E781,
E771,
E762,
E754,
E745,
E735,
E726,
E719,
E70B,
E6FC,
E6EE,
E6E0,
E6D3,
E6C4,
E6B7,
E6AA,
E69D,
E690,
E683,
E678,
E66B,
E65E,
E651,
E646,
E63A,
E62D,
E621,
E616,
E60B,
E5FF,
E5F4,
E5E9,
E5DE,
E5D2,
E5C7,
E5BE,
E5B4,
E5A9,
E59F,
E595,
E58B,
E580,
E577,
E56D,
E564,
E55B,
E552,
E549,
E53F,
E536,
E52D,
E525,
E51E,
E516,
E50D,
E505,
E4FD,
E4F4,
E4EC,
E4E5,
E4DE,
E4D6,
E4CE,
E4C7,
E4C0,
E4B9,
E4B3,
E4AD,
E4A7,
E4A1,
E49A,
E493,
E48C,
E486,
E480,
E47C,
E478,
E473,
E46E,
E469,
E464,
E45E,
E457,
E451,
E44C,
E448,
E443,
E440,
E43E,
E43A,
E435,
E430,
E42B,
E426,
E41F,
E41A,
E417,
E414,
E412,
E410,
E40E,
E40C,
E409,
E405,
E403,
E400,
E3FD,
E3FA,
E3F8,
E3F6,
E3F4,
E3F2,
E3F1,
E3F0,
E3F0,
E3F0,
E3F1,
E3F0,
E3EE,
E3EB,
E3E8,
E3E6,
E3E4,
E3E3,
E3E2,
E3E1,
E3E0,
E3DF,
E3E0,
E3E3,
E3E5,
E3E8,
E3E9,
E3E9,
E3E9,
E3E9,
E3EB,
E3ED,
E3EC,
E3EA,
E3E7,
E3E5,
E3E4,
E3E4,
E3E3,
E3E1,
E3E2,
E3E4,
E3E7,
E3EA,
E3EB,
E3E9,
E3EC,
E3F2,
E3F5,
E3F5,
E3F7,
E3FA,
E3FF,
E406,
E408,
E406,
E407,
E40B,
E410,
E418,
E41C,
E41B,
E41A,
E418,
E418,
E41A,
E41E,
E423,
E425,
E422,
E423,
E42C,
E431,
E42C,
E42D,
E43A,
E449,
E45A,
E461,
E451,
E449,
E45C,
E46E,
E473,
E477,
E478,
E47C,
E485,
E492,
E4A6,
E4B5,
E4B3,
E4AB,
E49C,
E490,
E491,
E499,
E4AB,
E4C0,
E4CE,
E4D7,
E4D4,
E4CC,
E4C6,
E4C2,
E4C5,
E4CC,
E4DB,
E4EC,
E4F5,
E4F9,
E4F8,
E4F4,
E4EC,
E4E4,
E4E3,
E4E9,
E4F8,
E50E,
E525,
E53D,
E551,
E55F,
E568,
E56A,
E566,
E55D,
E557,
E555,
E553,
E552,
E555,
E55F,
E56A,
E577,
E589,
E5A1,
E5B6,
E5C8,
E5D8,
E5E7,
E5F2,
E5F9,
E600,
E609,
E60E,
E610,
E611,
E612,
E612,
E613,
E617,
E61F,
E629,
E635,
E642,
E64F,
E65D,
E66C,
E679,
E685,
E68F,
E695,
E69A,
E6A1,
E6A8,
E6B1,
E6BA,
E6BE,
E6BF,
E6BE,
E6BC,
E6BD,
E6BE,
E6BD,
E6BC,
E6BC,
E6BD,
E6C3,
E6CC,
E6CF,
E6D1,
E6D5,
E6DB,
E6E9,
E6FB,
E70A,
E718,
E728,
E738,
E744,
E74C,
E75F,
E779,
E78A,
E794,
E79C,
E7A3,
E7CF,
E81A,
E819,
E7D3,
E7D0,
E80E,
E856,
E8A7,
E89F,
E833,
E805,
E826,
E84C,
E872,
E8B2,
E917,
E920,
E8A3,
E846,
E82A,
E847,
E8BC,
E8F4,
E8AB,
E890,
E8EA,
E944,
E987,
E993,
E93F,
E8D1,
E857,
E7F9,
E7D9,
E7F1,
E863,
E8E5,
E94D,
E9A5,
E9E6,
EA04,
E9D7,
E995,
E967,
E93E,
E914,
E8F5,
E8FA,
E90D,
E91A,
E927,
E93D,
E952,
E94D,
E93F,
E93B,
E93C,
E937,
E931,
E934,
E93F,
E953,
E970,
E995,
E9C1,
E9FB,
EA3E,
EA85,
EACF,
EB15,
EB58,
EB97,
EBD1,
EC04,
EC30,
EC51,
EC69,
EC7E,
EC8F,
EC94,
EC8B,
EC84,
EC82,
EC70,
EC4D,
EC2C,
EC10,
EBEC,
EBC0,
EB98,
EB78,
EB58,
EB35,
EB17,
EB00,
EAEB,
EAD6,
EAC5,
EAB9,
EAAE,
EAA2,
EA9C,
EAA3,
EAAC,
EAB2,
EABA,
EAC8,
EAD5,
EADD,
EAE8,
EAF8,
EB0D,
EB26,
EB44,
EB6B,
EB93,
EBB8,
EBDE,
EC09,
EC34,
EC58,
EC7D,
ECAC,
ECDD,
ED0C,
ED39,
ED6C,
EDA0,
EDCA,
EDF1,
EE21,
EE55,
EE87,
EEB7,
EEE9,
EF1B,
EF41,
EF61,
EF8D,
EFBF,
EFEB,
F012,
F03B,
F065,
F08E,
F0B6,
F0FB,
F156,
F0F7,
EFF9,
F091,
F29F,
F4C9,
F715,
F316,
E839,
E4EA,
EA93,
F303,
FE7C,
02AC,
FCA6,
FAE3,
00B4,
009F,
F725,
EE49,
E81D,
E291,
DDBB,
D951,
D4F1,
D2F7,
D537,
D738,
D687,
D794,
DD27,
E22D,
E35E,
E557,
EB3C,
F0B3,
F271,
F456,
F973,
FE61,
0021,
01A4,
059A,
099B,
0B39,
0C72,
0F65,
1283,
13F1,
14F2,
1719,
1973,
1AAA,
1B7C,
1D00,
1EB3,
1FCC,
209E,
21B2,
22DA,
23C4,
2488,
254F,
2613,
26D9,
279C,
283C,
28C5,
2979,
2A47,
2AC8,
2B0E,
2B9F,
2C6A,
2CD3,
2CE6,
2D5D,
2E32,
2E9E,
2E9D,
2F04,
2FE1,
3057,
3050,
30AA,
3186,
3209,
3207,
3264,
3355,
33F7,
3409,
3475,
3589,
3650,
366F,
36DC,
37FF,
38E9,
3927,
39AC,
3AF5,
3C1E,
3CA2,
3D5B,
3ED3,
403D,
410F,
4208,
43BA,
4575,
46AB,
4804,
4A1F,
4C52,
4DF5,
4FAD,
522E,
54DC,
570C,
5944,
5C30,
5F4E,
61F8,
6493,
67C0,
6B0B,
6DBB,
7021,
72DB,
757B,
7721,
7807,
7892,
787A,
76C6,
73BE,
6FC4,
6AD2,
6428,
5C41,
5461,
4CB6,
4602,
4081,
3E92,
3FEF,
4470,
4BAF,
538B,
5BA8,
5E38,
5B1B,
53E6,
4892,
4314,
447A,
49E8,
540F,
55FB,
4C90,
4676,
45F9,
484C,
4E8D,
4F9E,
476D,
437A,
489D,
4BB4,
4922,
46A3,
4593,
45A2,
47E0,
488B,
449E,
4236,
45B5,
47FB,
43EF,
40AF,
438A,
4607,
4318,
4030,
41D2,
43A4,
41D7,
3FB4,
4047,
413B,
4053,
3F0C,
3EDE,
3EF6,
3E94,
3E00,
3D4C,
3C9E,
3C80,
3C83,
3BAA,
3A8B,
3A89,
3AF2,
3A03,
387C,
3868,
3909,
381A,
3650,
361E,
36E4,
3610,
342C,
33CF,
348E,
33CB,
31D5,
314D,
3201,
3159,
2F6B,
2ECD,
2F85,
2F0D,
2D42,
2C99,
2D4E,
2D00,
2B5B,
2AA9,
2B56,
2B35,
29CD,
292E,
29E8,
2A05,
28E9,
2865,
2921,
2960,
286C,
27EA,
289C,
28EE,
2813,
2781,
2809,
2846,
275C,
2690,
26BE,
26BC,
25AC,
24A3,
2479,
243E,
2323,
2209,
21C3,
2192,
20B7,
1FE3,
1FED,
2024,
1FB3,
1F32,
1F72,
1FD9,
1F80,
1EE5,
1EC1,
1EAE,
1DE7,
1CD8,
1C46,
1BEA,
1B29,
1A4D,
1A30,
1A81,
1A76,
1A39,
1A43,
1A6A,
19E3,
18E0,
1828,
17A8,
1706,
1651,
163C,
16B2,
16BF,
1666,
1603,
1597,
14F4,
1417,
13C9,
1420,
1422,
13B0,
1339,
12C1,
125D,
1212,
1200,
1247,
1215,
1113,
1068,
1077,
1081,
105F,
101B,
0FA0,
0F36,
0EFF,
0ED5,
0EB6,
0E81,
0E0C,
0DAE,
0DB1,
0D9C,
0D07,
0C8B,
0CB2,
0CC9,
0C28,
0B81,
0B77,
0B7C,
0B14,
0A9A,
0A58,
0A26,
09E6,
09A0,
094A,
08F1,
08AC,
086D,
081F,
07CD,
078B,
0750,
070E,
06C9,
0683,
063D,
05FF,
05C4,
057F,
0537,
0502,
04DA,
04A1,
045D,
042D,
040B,
03D4,
038E,
0359,
0333,
02F9,
02AE,
0272,
0245,
020A,
01C0,
0184,
0158,
011D,
00D0,
0091,
0067,
0033,
FFF0,
FFBA,
FF9A,
FF73,
FF3B,
FF0F,
FEF7,
FED2,
FE94,
FE5C,
FE3C,
FE10,
FDC9,
FD85,
FD55,
FD1E,
FCCF,
FC87,
FC5D,
FC34,
FBF8,
FBC3,
FBAA,
FB91,
FB60,
FB30,
FB19,
FAFF,
FAC2,
FA7F,
FA54,
FA2A,
F9E1,
F995,
F96C,
F94D,
F919,
F8E2,
F8C1,
F8A6,
F878,
F841,
F818,
F7F3,
F7BE,
F782,
F75F,
F74A,
F720,
F6EB,
F6C4,
F6A2,
F670,
F632,
F605,
F5E4,
F5BC,
F58E,
F573,
F565,
F543,
F50E,
F4E1,
F4BC,
F492,
F460,
F43E,
F42D,
F40E,
F3DC,
F3B3,
F395,
F372,
F346,
F320,
F305,
F2E1,
F2AA,
F280,
F26D,
F255,
F22E,
F208,
F1E8,
F1C5,
F19A,
F174,
F15E,
F143,
F117,
F0F0,
F0DC,
F0C6,
F09A,
F071,
F05A,
F042,
F015,
EFF3,
EFDF,
EFC3,
EF9A,
EF6F,
EF56,
EF3E,
EF16,
EEE9,
EECD,
EEB5,
EE93,
EE71,
EE60,
EE54,
EE37,
EE13,
EDF9,
EDE1,
EDBD,
ED96,
ED7E,
ED6F,
ED57,
ED3A,
ED25,
ED13,
ECF5,
ECCE,
ECB3,
EC9F,
EC85,
EC67,
EC52,
EC46,
EC2F,
EC0C,
EBF1,
EBDC,
EBC1,
EB9E,
EB86,
EB7A,
EB66,
EB49,
EB30,
EB1D,
EB05,
EAE5,
EACC,
EABE,
EAAB,
EA8D,
EA74,
EA64,
EA51,
EA38,
EA21,
EA13,
EA01,
E9E5,
E9CB,
E9BC,
E9AC,
E995,
E97F,
E96E,
E95D,
E946,
E930,
E922,
E914,
E8FC,
E8E5,
E8D6,
E8C8,
E8B3,
E89D,
E88D,
E87F,
E86B,
E857,
E848,
E83A,
E827,
E812,
E804,
E7F7,
E7E5,
E7D1,
E7C3,
E7B7,
E7A5,
E791,
E783,
E777,
E767,
E755,
E747,
E73C,
E72D,
E71A,
E70D,
E703,
E6F5,
E6E3,
E6D5,
E6CC,
E6BE,
E6AD,
E6A0,
E696,
E689,
E679,
E66C,
E663,
E657,
E648,
E63C,
E632,
E627,
E619,
E60D,
E603,
E5F9,
E5EC,
E5E0,
E5D7,
E5CD,
E5C0,
E5B4,
E5AD,
E5A4,
E598,
E58C,
E584,
E57C,
E570,
E566,
E55F,
E557,
E54C,
E541,
E53B,
E534,
E529,
E51E,
E517,
E511,
E508,
E4FE,
E4F7,
E4F1,
E4E8,
E4DE,
E4D8,
E4D3,
E4CB,
E4C2,
E4BC,
E4B8,
E4B0,
E4A7,
E4A1,
E49D,
E497,
E490,
E48A,
E484,
E47D,
E476,
E472,
E471,
E46C,
E464,
E45F,
E45A,
E454,
E44D,
E447,
E442,
E43D,
E436,
E433,
E434,
E433,
E430,
E42B,
E425,
E41E,
E416,
E411,
E410,
E410,
E410,
E411,
E411,
E40F,
E409,
E403,
E401,
E3FF,
E3FD,
E3FC,
E3FE,
E3FF,
E3FD,
E3FA,
E3F7,
E3F5,
E3F3,
E3F2,
E3F4,
E3F7,
E3FA,
E3FA,
E3F8,
E3F3,
E3EC,
E3E4,
E3DF,
E3DC,
E3DB,
E3DC,
E3DD,
E3DF,
E3E0,
E3E2,
E3E7,
E3EC,
E3EE,
E3ED,
E3EC,
E3EA,
E3E7,
E3E3,
E3E1,
E3DE,
E3D9,
E3D3,
E3D1,
E3D4,
E3D9,
E3E0,
E3E6,
E3EB,
E3EE,
E3EF,
E3F3,
E3F9,
E3FC,
E3FF,
E400,
E400,
E3FF,
E3FD,
E3FC,
E3FB,
E3FD,
E401,
E405,
E40B,
E40D,
E40C,
E40F,
E416,
E41E,
E427,
E42D,
E42F,
E431,
E435,
E439,
E43F,
E445,
E449,
E44C,
E44C,
E44C,
E44F,
E454,
E45E,
E466,
E466,
E468,
E472,
E47E,
E487,
E48E,
E492,
E497,
E4A0,
E4AB,
E4B7,
E4C1,
E4C4,
E4C7,
E4CF,
E4D8,
E4E0,
E4E7,
E4E9,
E4E9,
E4F0,
E4F7,
E4F4,
E4ED,
E4EE,
E4F0,
E4EF,
E4ED,
E4EC,
E4EC,
E4F2,
E4F9,
E4FA,
E4F6,
E4F7,
E4FD,
E4FE,
E4FE,
E4FF,
E501,
E501,
E500,
E4FF,
E4FD,
E507,
E51B,
E51C,
E50B,
E51E,
E559,
E56D,
E557,
E54A,
E54A,
E577,
E5DF,
E5F1,
E587,
E558,
E589,
E5C4,
E602,
E628,
E62A,
E60F,
E5C7,
E5A9,
E5DF,
E62F,
E69C,
E6D3,
E68E,
E650,
E65A,
E662,
E643,
E62F,
E643,
E66A,
E6A5,
E6E4,
E722,
E746,
E727,
E6EB,
E699,
E64C,
E628,
E624,
E658,
E6A9,
E705,
E760,
E79E,
E7C4,
E7C1,
E7A2,
E76C,
E72A,
E6F8,
E6D1,
E6B5,
E6A3,
E6A1,
E6AD,
E6C1,
E6DD,
E701,
E72A,
E74E,
E76D,
E78B,
E7A8,
E7BD,
E7CC,
E7D9,
E7E3,
E7EF,
E7FD,
E804,
E802,
E7F4,
E7D9,
E7BC,
E79D,
E77C,
E75A,
E738,
E718,
E6FD,
E6E9,
E6DD,
E6DB,
E6DD,
E6E0,
E6EA,
E6FB,
E719,
E748,
E77E,
E7B9,
E7EF,
E818,
E844,
E878,
E8B3,
E8F8,
E93D,
E97D,
E9B7,
E9E5,
EA0F,
EA39,
EA62,
EA89,
EAAD,
EAD1,
EAEF,
EB00,
EB07,
EB00,
EAF5,
EAF2,
EAF0,
EAEA,
EADF,
EAC2,
EA9E,
EA7D,
EA5E,
EA4C,
EA40,
EA2F,
EA1A,
E9FE,
E9DD,
E9C2,
E9AB,
E9A1,
E99D,
E98F,
E979,
E95D,
E93F,
E92C,
E922,
E918,
E90E,
E904,
E8FA,
E8FC,
E907,
E910,
E919,
E91F,
E921,
E931,
E94E,
E96B,
E986,
E99A,
E9A3,
E9B3,
E9CE,
E9E9,
EA01,
EA14,
EA20,
EA37,
EA5E,
EA83,
EAA1,
EABA,
EACA,
EAE4,
EB17,
EB48,
EB6A,
EB8E,
EBBE,
EBEC,
EC15,
EC38,
EC50,
EC6A,
EC94,
ECBC,
ECD3,
ECEB,
ED13,
ED42,
ED74,
EDA6,
EDD5,
EE02,
EE32,
EE60,
EE8D,
EEB1,
EEB9,
EEB9,
EEAC,
EED0,
F082,
F239,
EF66,
EAFA,
EA6A,
ECC2,
F6DE,
0343,
FCA2,
EAF1,
E07F,
DB73,
DFBD,
EAE8,
F1DA,
F5F4,
FE57,
0963,
0B53,
056E,
0249,
016E,
FBD0,
F1BF,
EA90,
E680,
E160,
DB12,
D6AF,
D485,
D2EC,
D1CB,
D141,
D141,
D245,
D488,
D681,
D7AD,
D9DF,
DDC5,
E0FD,
E290,
E4FF,
E967,
ED0A,
EE88,
F0AF,
F500,
F896,
F9AC,
FB3B,
FF2C,
029D,
0388,
04AB,
0818,
0B3E,
0C00,
0CC2,
0FA9,
1278,
12F5,
1345,
15B2,
1841,
18AD,
18BF,
1AA8,
1CD7,
1D28,
1D07,
1E98,
2093,
20DA,
2094,
21E5,
23C1,
2415,
23C3,
24BE,
264A,
268D,
2629,
26FC,
287B,
28CE,
2865,
28EF,
2A1C,
2A5E,
29F4,
2A74,
2BB0,
2C10,
2BAE,
2C04,
2D08,
2D6A,
2D24,
2D7E,
2E8B,
2F02,
2EC2,
2EFE,
2FE0,
3051,
301C,
3057,
3142,
31CD,
31AF,
31DC,
329D,
3322,
3321,
336A,
3458,
3511,
352D,
3576,
364D,
370C,
3757,
37CA,
38CB,
39B8,
3A22,
3A9F,
3B9E,
3C9C,
3D33,
3DDB,
3F01,
4034,
4105,
41E1,
433F,
44B6,
45D2,
46EE,
4878,
4A26,
4B96,
4D08,
4EDD,
50D6,
5285,
5427,
5631,
5869,
5A5D,
5C3C,
5E71,
60D0,
62FD,
6511,
6759,
69B5,
6BB4,
6D6D,
6F3D,
7108,
7254,
732A,
73C2,
740D,
739E,
7277,
70B9,
6E5F,
6B05,
66AC,
61A4,
5BF7,
559E,
4E9D,
47E2,
4193,
3C31,
37DA,
35A9,
35FA,
388A,
3D9B,
43E2,
4B6F,
5163,
54C8,
54DA,
5045,
4A2E,
42B1,
3DF1,
3EE8,
41F3,
4749,
4A2E,
4645,
41B4,
3ECA,
3E6E,
4470,
48CD,
43A6,
3DB6,
3CF0,
3E4E,
4296,
4588,
3F95,
392B,
3CE6,
4268,
405E,
3C51,
3B87,
3C0A,
3D55,
3E70,
3BD8,
3854,
3A3A,
3DF0,
3B9C,
36E2,
3817,
3BFA,
3A8A,
366B,
36B1,
396C,
38B3,
35DE,
3595,
3701,
36B1,
351F,
3488,
34B8,
3481,
33F2,
3360,
32CA,
3287,
329A,
3219,
30F2,
3095,
312A,
30CC,
2F2F,
2E95,
2F70,
2F3F,
2D6A,
2C93,
2D75,
2D66,
2B8C,
2A8F,
2B6C,
2B79,
2999,
2876,
2950,
2989,
27C8,
2689,
2732,
276F,
25CB,
2481,
2519,
256E,
23E6,
2288,
22F8,
2357,
2203,
20B5,
2115,
2186,
2051,
1EFE,
1F44,
1FC5,
1ED5,
1DAC,
1DEF,
1E7E,
1DB0,
1C8A,
1CB6,
1D4A,
1CAE,
1BAE,
1BD9,
1C7B,
1C03,
1B0D,
1B1D,
1BB0,
1B53,
1A74,
1A7A,
1B09,
1AB4,
19C8,
19A2,
1A0C,
19BA,
18D5,
1894,
18DF,
1881,
1785,
1715,
1732,
16C3,
15BB,
152F,
1537,
14D5,
13E6,
1363,
1379,
1336,
1267,
11EF,
120A,
11E5,
113C,
10D8,
1101,
10F2,
105B,
0FF2,
100A,
0FF3,
0F4F,
0ECA,
0EC2,
0EA1,
0E09,
0D8B,
0D8A,
0D7D,
0D01,
0C92,
0C9A,
0C99,
0C1F,
0B9C,
0B71,
0B40,
0A9F,
09F5,
09B6,
098F,
0923,
08BC,
08CF,
0905,
08E9,
08B0,
08AA,
089F,
081A,
075D,
06DF,
0680,
060B,
059D,
05A5,
05ED,
05E7,
05AF,
0585,
055C,
04ED,
0450,
0409,
0404,
03D1,
037C,
034F,
0342,
0317,
02CF,
02A8,
02A2,
0251,
01AE,
015E,
016D,
016F,
015B,
012D,
00DF,
007D,
0002,
FFCE,
0005,
0006,
FFA1,
FF44,
FF0B,
FED7,
FEA6,
FE80,
FE70,
FE46,
FDDD,
FD85,
FD6A,
FD50,
FD25,
FCEB,
FC94,
FC46,
FC23,
FC03,
FBD2,
FB99,
FB4C,
FB09,
FAFC,
FAE9,
FA86,
FA22,
FA27,
FA37,
F9DA,
F968,
F956,
F95C,
F91F,
F8D0,
F8AF,
F89E,
F869,
F827,
F7FD,
F7DD,
F7B2,
F782,
F75D,
F73D,
F711,
F6DF,
F6B5,
F68F,
F66C,
F64C,
F628,
F602,
F5DB,
F5B2,
F58B,
F566,
F53F,
F516,
F4F1,
F4CF,
F4A9,
F481,
F45D,
F440,
F419,
F3E8,
F3BE,
F3A1,
F37E,
F353,
F32F,
F317,
F2F6,
F2C5,
F299,
F27B,
F257,
F226,
F1FD,
F1E4,
F1C7,
F19C,
F176,
F15F,
F145,
F11A,
F0F3,
F0DD,
F0C4,
F09C,
F076,
F060,
F049,
F01C,
F018,
EFE4,
EFAD,
EFA0,
EF95,
EF64,
EF30,
EF24,
EF20,
EEF4,
EEC1,
EEB5,
EEB1,
EE88,
EE53,
EE43,
EE3F,
EE18,
EDE3,
EDCE,
EDC6,
EDA1,
ED6C,
ED56,
ED50,
ED2E,
ECFC,
ECE5,
ECE0,
ECC3,
EC94,
EC7E,
EC7B,
EC61,
EC35,
EC1E,
EC1A,
EC03,
EBD6,
EBBD,
EBB9,
EBA2,
EB75,
EB59,
EB52,
EB3D,
EB14,
EAF8,
EAF1,
EADF,
EAB8,
EA9E,
EA9A,
EA8B,
EA67,
EA4C,
EA47,
EA39,
EA15,
E9F7,
E9F1,
E9E4,
E9C1,
E9A4,
E99B,
E98F,
E972,
E957,
E94D,
E943,
E926,
E90B,
E902,
E8F9,
E8DE,
E8C3,
E8B9,
E8AF,
E896,
E87C,
E870,
E867,
E850,
E837,
E82C,
E824,
E80E,
E7F4,
E7E9,
E7E3,
E7CE,
E7B3,
E7A8,
E7A2,
E790,
E777,
E76A,
E764,
E753,
E73B,
E72E,
E729,
E719,
E702,
E6F5,
E6F0,
E6E1,
E6CB,
E6BD,
E6B8,
E6AB,
E697,
E689,
E684,
E678,
E664,
E657,
E653,
E648,
E634,
E626,
E622,
E618,
E607,
E5F9,
E5F4,
E5EB,
E5DB,
E5CE,
E5C8,
E5C0,
E5B0,
E5A2,
E59D,
E596,
E588,
E57C,
E577,
E570,
E562,
E555,
E551,
E54B,
E53F,
E534,
E52F,
E52A,
E51D,
E511,
E50C,
E508,
E4FD,
E4F1,
E4EC,
E4E8,
E4DF,
E4D4,
E4D1,
E4CF,
E4C6,
E4BC,
E4B6,
E4B3,
E4AB,
E4A1,
E49B,
E498,
E48F,
E484,
E480,
E47E,
E478,
E470,
E46C,
E46A,
E465,
E45F,
E45B,
E459,
E454,
E44B,
E447,
E447,
E441,
E438,
E432,
E431,
E42C,
E425,
E420,
E420,
E41E,
E41A,
E416,
E414,
E411,
E410,
E40E,
E40C,
E409,
E405,
E402,
E402,
E400,
E3FC,
E3F8,
E3F8,
E3F6,
E3F2,
E3EE,
E3F0,
E3F0,
E3EB,
E3E8,
E3EA,
E3ED,
E3E9,
E3E6,
E3E8,
E3E9,
E3E6,
E3E3,
E3E3,
E3E4,
E3E1,
E3DC,
E3DB,
E3DA,
E3D7,
E3D4,
E3D4,
E3D5,
E3D4,
E3D2,
E3D4,
E3D8,
E3DA,
E3DD,
E3E1,
E3E6,
E3EB,
E3F0,
E3F6,
E3FB,
E3FE,
E400,
E404,
E408,
E40B,
E40E,
E411,
E415,
E419,
E41C,
E420,
E423,
E426,
E428,
E42C,
E431,
E436,
E439,
E43C,
E43F,
E440,
E440,
E440,
E440,
E43F,
E43D,
E43A,
E436,
E433,
E431,
E430,
E430,
E434,
E43D,
E444,
E447,
E449,
E448,
E449,
E44E,
E44C,
E42F,
E421,
E44D,
E46F,
E452,
E432,
E436,
E450,
E494,
E4C4,
E47F,
E42F,
E444,
E479,
E4A6,
E4C8,
E4C6,
E4AF,
E47B,
E44E,
E482,
E4DE,
E517,
E539,
E52D,
E505,
E4E0,
E4BF,
E4B5,
E4C0,
E4F7,
E549,
E583,
E5A9,
E5B2,
E59F,
E568,
E517,
E4EC,
E4E4,
E4FB,
E52F,
E57A,
E5D8,
E611,
E624,
E620,
E604,
E5D0,
E584,
E54E,
E534,
E528,
E52A,
E543,
E578,
E5AB,
E5D5,
E604,
E63F,
E66D,
E687,
E696,
E69A,
E689,
E658,
E626,
E5FB,
E5D6,
E5BA,
E5A7,
E5A2,
E5A0,
E597,
E597,
E5AB,
E5CC,
E5FB,
E631,
E66D,
E6A6,
E6CF,
E6F2,
E718,
E73B,
E758,
E76C,
E76F,
E766,
E749,
E725,
E713,
E703,
E6E5,
E6BE,
E693,
E666,
E63C,
E618,
E60B,
E608,
E5E9,
E5C0,
E5B1,
E5B4,
E5BE,
E5CE,
E5DD,
E5ED,
E608,
E62D,
E65C,
E694,
E6BF,
E6E1,
E70F,
E749,
E785,
E7C3,
E7F7,
E820,
E84F,
E884,
E8B6,
E8E3,
E909,
E925,
E945,
E96D,
E986,
E989,
E992,
E9A8,
E9B6,
E9B8,
E9B3,
E9A3,
E99D,
E9AF,
E9B6,
E9A0,
E98F,
E994,
E996,
E98E,
E981,
E96D,
E95A,
E951,
E944,
E928,
E90B,
E8FB,
E8E8,
E8BF,
E89B,
E897,
E899,
E887,
E873,
E868,
E861,
E858,
E852,
E853,
E858,
E856,
E851,
E847,
E83C,
E83F,
E847,
E842,
E838,
E83D,
E84B,
E852,
E858,
E870,
E892,
E8A9,
E8B9,
E8D3,
E8F3,
E903,
E906,
E91B,
E93D,
E955,
E964,
E977,
E98F,
E9A4,
E9B7,
E9D7,
EA05,
EA2D,
EA4F,
EA6C,
EA84,
EA95,
EA9F,
EAB0,
EACC,
EAEC,
EB0D,
EB32,
EB5B,
EB83,
EBA7,
EBC6,
EBDD,
EBF7,
EC16,
EC3E,
EC81,
EC99,
EC3F,
EC24,
ECCD,
ED8F,
EE4F,
EE56,
EC53,
EAB9,
EB99,
ED7D,
F051,
F2E5,
F478,
F376,
EA5A,
E168,
E317,
E9F7,
F6AB,
01C0,
F9F3,
EBD5,
E7AB,
E77A,
E5B6,
E4D7,
EA1F,
F27B,
F923,
FE97,
01AC,
02F0,
03B2,
0372,
FF6C,
F8E8,
F4BB,
F1E8,
EC0A,
E42F,
DFF4,
DE8B,
DAAD,
D4F4,
D2CE,
D3DE,
D2DE,
CFE9,
CFE1,
D2DA,
D403,
D30D,
D44A,
D828,
DA95,
DAFB,
DCED,
E110,
E40A,
E519,
E723,
EAEE,
EDE4,
EF34,
F130,
F4AC,
F794,
F912,
FAE4,
FDC7,
004A,
01B1,
0343,
05B1,
07E5,
0937,
0A8B,
0C70,
0E3A,
0F70,
10A2,
1243,
13D7,
14F3,
15F8,
1736,
1870,
1970,
1A5E,
1B61,
1C5C,
1D2D,
1DEE,
1EB9,
1F86,
2058,
2124,
21D0,
2269,
2304,
239B,
241E,
2498,
252F,
25CF,
263F,
2694,
270F,
279D,
2803,
2851,
28BD,
293D,
2998,
29D7,
2A43,
2AD2,
2B20,
2B36,
2B92,
2C30,
2C81,
2C83,
2CC4,
2D4C,
2D98,
2D9B,
2DDB,
2E6E,
2ECD,
2EE2,
2F27,
2FB8,
301C,
3032,
3075,
310F,
3181,
319C,
31D9,
326A,
32E4,
3318,
3366,
3402,
348A,
34C7,
351B,
35C9,
3668,
36A9,
3703,
37D1,
38A3,
3920,
39A0,
3A65,
3B2D,
3BB7,
3C49,
3D35,
3E33,
3EF9,
3FBE,
40C4,
41DC,
42C8,
43B3,
44EC,
463D,
474D,
484E,
499B,
4B0A,
4C54,
4D99,
4F2D,
50EA,
5269,
53CD,
5583,
576A,
5921,
5ABD,
5C91,
5E8A,
6041,
61C7,
6387,
6573,
6727,
68A6,
6A30,
6BBF,
6CF5,
6DCD,
6E8E,
6F3A,
6F6F,
6F23,
6E94,
6DCA,
6C6C,
6A67,
67EE,
6504,
6185,
5D60,
58E6,
5426,
4F24,
49CF,
44BB,
401A,
3C11,
38BE,
367D,
35AA,
35F0,
3775,
39AD,
3C95,
3F45,
4111,
4216,
41D5,
412F,
4056,
4045,
4297,
45A0,
4920,
4AFF,
47AD,
41A0,
3857,
301B,
307F,
3551,
3DFA,
4677,
4540,
3F8E,
39E1,
34DE,
356D,
38C8,
3AF6,
3C58,
3B9C,
397E,
3689,
3387,
35D5,
3B12,
39D6,
3480,
3337,
34C0,
3622,
375D,
3574,
310A,
319F,
368B,
35F1,
3024,
2F6C,
33E5,
3443,
3014,
2EDF,
3143,
31BE,
2FB0,
2E9C,
2EF7,
2F15,
2EC7,
2E29,
2D11,
2CA9,
2D7C,
2D65,
2B70,
2A8A,
2C11,
2C83,
2A24,
28C0,
2A5F,
2B1F,
28BD,
270E,
2877,
2951,
271C,
2554,
269A,
2795,
2585,
239B,
24AA,
25BB,
2400,
221F,
22C9,
23AB,
2235,
2075,
20F8,
21DA,
2091,
1ECF,
1F0A,
1FCC,
1ECB,
1D43,
1D55,
1DF5,
1D10,
1B94,
1B85,
1C1B,
1B76,
1A33,
1A00,
1A60,
19C0,
1886,
1840,
189C,
1829,
1722,
16D3,
1714,
16B3,
15C7,
1571,
15A7,
1567,
14AE,
1460,
148A,
144F,
139B,
134B,
137E,
1365,
12DB,
1293,
12B4,
1295,
120B,
11B5,
11C5,
11B0,
114C,
1107,
110E,
10FA,
109F,
1054,
1041,
101B,
0FB7,
0F61,
0F48,
0F26,
0ED1,
0E7D,
0E4D,
0E18,
0DBD,
0D60,
0D1E,
0CD8,
0C6B,
0BFD,
0BB9,
0B7D,
0B2B,
0AD5,
0A8A,
0A3E,
09D8,
096C,
0912,
08BE,
085D,
07F9,
07A2,
0751,
06FD,
06AA,
0666,
062A,
05E7,
05A2,
0567,
0533,
0501,
04D5,
04B8,
04A7,
0498,
0489,
0478,
0463,
043E,
040B,
03CE,
0386,
032D,
02C4,
0252,
01D6,
0161,
00F6,
0099,
004A,
000B,
FFDD,
FFBA,
FFA3,
FF93,
FF8A,
FF7C,
FF65,
FF48,
FF25,
FEFA,
FEC3,
FE84,
FE3F,
FDEE,
FD8B,
FD29,
FCCF,
FC82,
FC46,
FC1F,
FC17,
FC1C,
FC28,
FC30,
FC29,
FC0D,
FBC9,
FB75,
FB1F,
FAC9,
FA7A,
FA36,
FA05,
F9E3,
F9D5,
F9CF,
F9CF,
F9C7,
F996,
F94F,
F8FC,
F8A6,
F869,
F83F,
F835,
F83C,
F833,
F81D,
F7EA,
F7A2,
F750,
F6FB,
F6CE,
F6BE,
F6B7,
F6B5,
F68C,
F645,
F5F9,
F5A8,
F581,
F57D,
F573,
F561,
F52E,
F4DB,
F49D,
F476,
F467,
F474,
F457,
F406,
F3C5,
F39A,
F37F,
F37B,
F35B,
F30F,
F2D2,
F2AF,
F295,
F287,
F265,
F21A,
F1E2,
F1DA,
F1C9,
F198,
F166,
F13B,
F118,
F108,
F0F0,
F0B7,
F086,
F07E,
F072,
F03E,
F010,
F015,
F00A,
EFF1,
EFCD,
EF93,
EF5E,
EF5C,
EF5E,
EF28,
EEE8,
EEDD,
EEDE,
EEB6,
EE83,
EE6B,
EE5B,
EE32,
EE03,
EDF8,
EDF9,
EDD2,
ED98,
ED8B,
ED91,
ED66,
ED1F,
ED0F,
ED20,
ED02,
ECC6,
ECB3,
ECBD,
ECA2,
EC6A,
EC50,
EC4E,
EC35,
EC06,
EBEC,
EBE9,
EBD5,
EBAF,
EB96,
EB8C,
EB77,
EB54,
EB3A,
EB2C,
EB16,
EAF5,
EADB,
EACF,
EABB,
EA9A,
EA81,
EA76,
EA65,
EA46,
EA2D,
EA21,
EA10,
E9F2,
E9D7,
E9CB,
E9BB,
E99D,
E982,
E978,
E96B,
E94E,
E934,
E92B,
E921,
E906,
E8EC,
E8E2,
E8D9,
E8BE,
E8A2,
E898,
E890,
E877,
E85C,
E852,
E84B,
E833,
E817,
E80D,
E808,
E7F2,
E7D6,
E7CC,
E7C8,
E7B3,
E799,
E78D,
E788,
E775,
E75B,
E74F,
E74B,
E73A,
E720,
E714,
E711,
E702,
E6E8,
E6DB,
E6D8,
E6CA,
E6B2,
E6A5,
E6A3,
E697,
E680,
E672,
E66F,
E664,
E64E,
E640,
E63E,
E634,
E61F,
E611,
E60E,
E606,
E5F2,
E5E4,
E5E2,
E5DA,
E5C7,
E5B8,
E5B5,
E5AF,
E59E,
E590,
E58D,
E587,
E577,
E569,
E566,
E561,
E552,
E545,
E542,
E53E,
E530,
E523,
E520,
E51C,
E50F,
E502,
E4FE,
E4FB,
E4F0,
E4E4,
E4E0,
E4DE,
E4D4,
E4C9,
E4C6,
E4C5,
E4BC,
E4B0,
E4AC,
E4AA,
E4A1,
E494,
E48E,
E48C,
E483,
E477,
E473,
E474,
E46E,
E464,
E461,
E461,
E45C,
E452,
E44E,
E44D,
E448,
E43D,
E438,
E438,
E435,
E42E,
E42C,
E430,
E430,
E42B,
E428,
E428,
E424,
E41B,
E414,
E413,
E411,
E40D,
E40C,
E410,
E412,
E40E,
E40B,
E40C,
E40A,
E401,
E3FA,
E3F9,
E3F9,
E3F7,
E3F7,
E3FC,
E3FE,
E3F7,
E3F0,
E3EC,
E3E9,
E3E4,
E3E1,
E3E5,
E3EB,
E3F1,
E3F4,
E3EA,
E3DE,
E3DF,
E3E3,
E3DE,
E3D7,
E3D7,
E3DC,
E3F2,
E407,
E3DB,
E39E,
E3B0,
E3E7,
E3FF,
E403,
E3E6,
E3B9,
E3B0,
E3C0,
E3DF,
E407,
E408,
E3EC,
E3C7,
E39F,
E3A6,
E3D3,
E3FC,
E41E,
E41C,
E3F8,
E3D2,
E3AB,
E3AC,
E3D8,
E402,
E426,
E43E,
E448,
E445,
E434,
E41D,
E401,
E3F0,
E3ED,
E405,
E43F,
E470,
E487,
E497,
E4A0,
E49D,
E48B,
E470,
E447,
E42B,
E42A,
E434,
E447,
E462,
E485,
E4AB,
E4D2,
E4EC,
E4E2,
E4D2,
E4D2,
E4CC,
E4AD,
E489,
E473,
E465,
E464,
E46A,
E472,
E482,
E4AC,
E4DD,
E4FE,
E519,
E53F,
E563,
E56F,
E56E,
E56D,
E567,
E551,
E532,
E515,
E4F9,
E4DB,
E4BC,
E4A2,
E48C,
E482,
E481,
E485,
E48F,
E4A5,
E4C5,
E4E6,
E508,
E52E,
E557,
E57D,
E59E,
E5C3,
E5EC,
E608,
E615,
E624,
E638,
E63A,
E624,
E612,
E608,
E5F3,
E5CF,
E5B0,
E59A,
E583,
E568,
E551,
E53E,
E52C,
E517,
E505,
E4FB,
E4F4,
E4ED,
E4EC,
E4F5,
E4FF,
E503,
E50B,
E51B,
E52D,
E539,
E547,
E55C,
E575,
E590,
E5AF,
E5D4,
E5FE,
E62E,
E660,
E68F,
E6BC,
E6EC,
E719,
E73D,
E75C,
E77C,
E79B,
E7AF,
E7BF,
E7D1,
E7E4,
E7F5,
E806,
E816,
E827,
E83A,
E84D,
E85D,
E869,
E872,
E879,
E87F,
E882,
E881,
E87B,
E875,
E86F,
E86B,
E869,
E865,
E860,
E85B,
E855,
E84E,
E845,
E839,
E82C,
E81F,
E813,
E804,
E7F0,
E7E0,
E7D3,
E7CB,
E7C8,
E7C5,
E7C3,
E7BD,
E7B4,
E7A9,
E79F,
E78F,
E775,
E75D,
E74A,
E73F,
E73E,
E743,
E74B,
E756,
E762,
E76D,
E772,
E771,
E761,
E753,
E755,
E75D,
E760,
E76A,
E78B,
E7AE,
E7B7,
E7BA,
E7C9,
E7DB,
E7E2,
E7E6,
E7E8,
E7EF,
E80C,
E833,
E857,
E878,
E891,
E8A3,
E8B4,
E8C3,
E8CA,
E8CF,
E8E8,
E90E,
E92C,
E944,
E957,
E967,
E982,
E9A6,
E9C9,
E9EB,
EA07,
EA1E,
EA3A,
EA5C,
EA7C,
EA99,
EAB2,
EAC7,
EAEE,
EB2D,
EB58,
EB6A,
EB63,
EB34,
EB89,
ECB0,
ECB4,
EAD5,
EA3B,
EBE0,
EDFF,
F0E1,
F062,
E92E,
E5C0,
EBD4,
F00B,
ED0C,
EAA5,
EBB3,
EF27,
F78B,
FBFB,
F40F,
EB3E,
E8C9,
E664,
DF3C,
DA55,
DF14,
E62B,
E9F3,
EE12,
F601,
FE15,
0224,
046D,
0689,
079C,
065C,
03A6,
001A,
FBE9,
F7B2,
F337,
EDB3,
E7E7,
E3DE,
E0B7,
DC5D,
D7B6,
D561,
D471,
D226,
CF4D,
CEE0,
D019,
CFAD,
CE3E,
CF21,
D1CC,
D2CF,
D283,
D452,
D7FC,
D9DD,
DA08,
DBFB,
DFC5,
E216,
E2B9,
E4BF,
E876,
EAE9,
EBA5,
ED92,
F140,
F3BB,
F44F,
F5E2,
F941,
FBAF,
FC4A,
FDA3,
00A9,
02F6,
0386,
04A1,
075C,
097E,
09DB,
0A9A,
0CF5,
0EF3,
0F5A,
0FEF,
11E6,
13AA,
140D,
147F,
162A,
17C1,
181E,
1875,
19F8,
1B7F,
1BC6,
1BEC,
1D43,
1EBA,
1EEF,
1EE3,
1FEF,
2133,
2169,
2153,
2237,
2366,
23AD,
239D,
245A,
2566,
25A6,
2587,
2616,
26FA,
272A,
26F5,
2769,
2846,
287E,
2847,
28B9,
29A7,
29F4,
29BF,
2A1A,
2AF2,
2B3D,
2B01,
2B43,
2C05,
2C49,
2C01,
2C2C,
2CE5,
2D36,
2CFE,
2D2A,
2DE8,
2E51,
2E2F,
2E5C,
2F16,
2F8A,
2F79,
2FA0,
3047,
30B5,
309D,
30B2,
3146,
31BD,
31C8,
31F4,
328F,
331A,
334A,
338F,
3438,
34D6,
3511,
3557,
35FF,
36A6,
36F3,
3746,
37FA,
38BB,
3936,
39B2,
3A7D,
3B56,
3BE7,
3C70,
3D48,
3E37,
3EE2,
3F81,
406B,
4170,
4233,
42E7,
43FA,
4538,
461E,
46E3,
4814,
4982,
4AA0,
4B95,
4CE9,
4E79,
4FD0,
5100,
5254,
53C2,
552F,
569D,
581A,
59A6,
5B20,
5C89,
5E1A,
5FD4,
6157,
629D,
63F8,
6570,
66C8,
67FB,
691D,
6A2E,
6B18,
6BD5,
6C75,
6D01,
6D26,
6CC4,
6C1D,
6B40,
6A0E,
6880,
6683,
640B,
6119,
5D9D,
59BF,
558D,
50FA,
4BEC,
46A7,
413A,
3BDA,
3696,
31C9,
2DCA,
2A96,
284D,
271E,
2772,
291C,
2C64,
30DC,
3696,
3CCE,
42D4,
4832,
4BEE,
4DEC,
4CEE,
49AD,
43E7,
3CB7,
357D,
2EF1,
2BCE,
2B6E,
2EFF,
3515,
3B3F,
40D8,
4183,
3E73,
3826,
2FE8,
2C7C,
2CFA,
3214,
3A89,
3BF6,
3774,
31CB,
2B3C,
2CB8,
35CF,
380C,
3341,
2F33,
2BFF,
2D7E,
3492,
34F9,
2CB1,
2A16,
2FA6,
31CC,
2E71,
2C1F,
2BD9,
2C73,
2E55,
2E4E,
2A93,
2919,
2CC3,
2E27,
299E,
270E,
2A95,
2C95,
28D8,
2630,
28A7,
2A78,
27FB,
25CE,
270C,
282B,
2698,
24EE,
251E,
2582,
24E8,
2425,
23CD,
2396,
2375,
233D,
2274,
21A5,
21CA,
2210,
20FD,
1F9E,
1FD9,
208B,
1F8B,
1DFB,
1E3A,
1F2B,
1E30,
1C60,
1C85,
1DA0,
1CB8,
1AB8,
1AB0,
1BD8,
1B19,
1919,
18EB,
1A0D,
1976,
1783,
1745,
187F,
1814,
1620,
15B5,
16D9,
1690,
14B4,
141B,
1509,
14CC,
1305,
125B,
1347,
1335,
1194,
10E6,
11D6,
11F0,
106C,
0FAA,
1081,
10B1,
0F50,
0E7C,
0F27,
0F5C,
0E1C,
0D42,
0DDD,
0E25,
0D03,
0C27,
0CB8,
0D1C,
0C26,
0B54,
0BDF,
0C5C,
0B8F,
0AC4,
0B3A,
0BBC,
0B06,
0A39,
0A95,
0B16,
0A7B,
09B0,
09EF,
0A65,
09E2,
091F,
0946,
09AF,
0934,
086B,
087C,
08DF,
086F,
07A2,
079F,
07FD,
0795,
06C0,
06A0,
06EB,
0685,
05A9,
056E,
05A7,
053E,
0457,
0403,
042D,
03CC,
02EA,
0289,
02AB,
0256,
017F,
0121,
0153,
011F,
0064,
0010,
004C,
0037,
FFA3,
FF5B,
FF95,
FF93,
FF1C,
FEE3,
FF27,
FF32,
FEBB,
FE71,
FEA6,
FEAE,
FE37,
FDD6,
FDDC,
FDC6,
FD41,
FCCE,
FCC7,
FCAE,
FC26,
FBA6,
FB8B,
FB6D,
FAF7,
FA88,
FA81,
FA83,
FA2D,
F9D6,
F9E5,
FA04,
F9CA,
F985,
F9A6,
F9D3,
F97E,
F904,
F8FD,
F915,
F8B6,
F82B,
F7FA,
F7EE,
F7A2,
F73C,
F70E,
F6FF,
F6D0,
F695,
F69E,
F6CF,
F6BC,
F67A,
F668,
F675,
F64D,
F5F8,
F5B8,
F58A,
F53D,
F4D5,
F4A8,
F4B6,
F4A7,
F478,
F460,
F464,
F449,
F406,
F3D8,
F3C7,
F39D,
F34D,
F318,
F312,
F303,
F2DC,
F2C3,
F2C6,
F2AD,
F25A,
F212,
F1EB,
F1C7,
F199,
F182,
F19C,
F1A6,
F177,
F140,
F116,
F0E7,
F0A2,
F06C,
F06F,
F072,
F03F,
F014,
F005,
EFED,
EFC4,
EF95,
EF6D,
EF46,
EF1C,
EEF7,
EEEA,
EEE5,
EED9,
EEC8,
EEB5,
EE9C,
EE71,
EE3C,
EE0F,
EDE7,
EDC6,
EDAC,
EDA0,
ED9B,
ED89,
ED6D,
ED4C,
ED26,
ED00,
ECDB,
ECC6,
ECBC,
ECAE,
EC9C,
EC84,
EC66,
EC43,
EC1B,
EBFF,
EBF1,
EBDF,
EBCA,
EBAF,
EB8E,
EB6C,
EB4A,
EB33,
EB2B,
EB1A,
EAFD,
EAE1,
EAC5,
EAAD,
EA9C,
EA8C,
EA7C,
EA66,
EA44,
EA2A,
EA21,
EA14,
E9FC,
E9E3,
E9CC,
E9B8,
E9A8,
E996,
E981,
E96B,
E953,
E93E,
E931,
E923,
E90A,
E8F1,
E8E4,
E8D8,
E8C1,
E8A9,
E89A,
E88E,
E87B,
E868,
E856,
E846,
E836,
E826,
E816,
E805,
E7F5,
E7E5,
E7D5,
E7C5,
E7B5,
E7A5,
E796,
E787,
E777,
E767,
E759,
E74C,
E73D,
E72D,
E71F,
E713,
E704,
E6F4,
E6E6,
E6DB,
E6CD,
E6BC,
E6AF,
E6A5,
E698,
E688,
E67C,
E672,
E666,
E656,
E649,
E641,
E636,
E627,
E61B,
E612,
E608,
E5FA,
E5EE,
E5E6,
E5DC,
E5CE,
E5C2,
E5BA,
E5B1,
E5A5,
E59A,
E593,
E58B,
E57F,
E574,
E56C,
E564,
E559,
E54F,
E548,
E541,
E537,
E52D,
E527,
E522,
E518,
E50E,
E507,
E502,
E4F9,
E4EF,
E4E9,
E4E4,
E4DC,
E4D3,
E4CD,
E4C7,
E4BF,
E4B7,
E4B0,
E4AB,
E4A3,
E49C,
E496,
E493,
E48D,
E486,
E47F,
E478,
E475,
E475,
E471,
E469,
E460,
E456,
E456,
E45D,
E457,
E444,
E43C,
E43E,
E43D,
E439,
E431,
E425,
E41D,
E419,
E41A,
E41F,
E41D,
E410,
E404,
E3F9,
E3F6,
E3FF,
E409,
E410,
E411,
E407,
E3F9,
E3E7,
E3DC,
E3DE,
E3E6,
E3F6,
E402,
E407,
E404,
E3F4,
E3E1,
E3CF,
E3C2,
E3C1,
E3C8,
E3D7,
E3EA,
E3FA,
E406,
E40A,
E408,
E3FE,
E3F1,
E3E6,
E3DE,
E3DC,
E3DF,
E3E6,
E3EF,
E3F7,
E3FE,
E403,
E406,
E404,
E3FF,
E3FA,
E3F6,
E3F5,
E3F6,
E3FA,
E400,
E40A,
E416,
E41D,
E422,
E424,
E424,
E421,
E41D,
E417,
E410,
E40A,
E407,
E407,
E40A,
E40C,
E40F,
E413,
E419,
E41E,
E423,
E429,
E430,
E43A,
E447,
E453,
E460,
E46D,
E47B,
E483,
E483,
E47D,
E471,
E461,
E44A,
E433,
E422,
E413,
E408,
E402,
E404,
E40B,
E414,
E41F,
E426,
E42E,
E43A,
E44B,
E460,
E47A,
E498,
E4B6,
E4D2,
E4EA,
E4FA,
E507,
E514,
E522,
E531,
E540,
E54B,
E552,
E554,
E550,
E53F,
E529,
E516,
E505,
E502,
E505,
E502,
E4FA,
E4DD,
E4B4,
E48F,
E46E,
E463,
E468,
E46F,
E477,
E470,
E45C,
E444,
E429,
E41F,
E425,
E437,
E455,
E46A,
E474,
E47A,
E47B,
E489,
E4A6,
E4C9,
E4F1,
E513,
E52C,
E543,
E559,
E574,
E595,
E5B5,
E5D1,
E5F2,
E61E,
E641,
E654,
E660,
E662,
E671,
E69F,
E6CE,
E6F8,
E712,
E706,
E6FD,
E711,
E730,
E75A,
E778,
E76B,
E75C,
E770,
E78A,
E79D,
E7A8,
E79C,
E78C,
E789,
E78B,
E78E,
E790,
E78D,
E787,
E782,
E77D,
E776,
E76F,
E762,
E752,
E73C,
E727,
E735,
E753,
E74C,
E72F,
E723,
E720,
E719,
E70F,
E6F4,
E6CD,
E6D2,
E6F8,
E6F4,
E6CD,
E6C3,
E6D1,
E6CF,
E6BE,
E6B1,
E6A8,
E6AB,
E6BB,
E6BE,
E6B1,
E6B2,
E6C6,
E6CB,
E6BB,
E6B3,
E6B9,
E6BC,
E6BC,
E6B8,
E6B0,
E6AE,
E6B9,
E6C2,
E6C0,
E6C3,
E6D4,
E6E0,
E6DF,
E6E3,
E6F8,
E70E,
E71D,
E72E,
E746,
E75F,
E776,
E78D,
E7A6,
E7C0,
E7E0,
E7FE,
E80D,
E819,
E82B,
E839,
E835,
E82E,
E836,
E843,
E844,
E848,
E866,
E88F,
E8AB,
E8C3,
E8E7,
E90F,
E925,
E934,
E952,
E977,
E994,
E9AC,
E9CE,
E9F4,
E9FD,
E9F7,
EA4C,
EADB,
EA6A,
E940,
E9AA,
EB5B,
EC95,
ED5E,
EA2E,
E33C,
E4E6,
EF6E,
F452,
F2D1,
EDF3,
E555,
E23F,
E680,
E87E,
E676,
EA03,
F5E3,
FC42,
F961,
F614,
F42A,
EF9F,
E6B7,
DF7E,
DC31,
DABC,
DB19,
DD3B,
E163,
E6F4,
EE3E,
F51A,
F9E0,
FE58,
03BD,
0798,
0776,
0679,
0716,
0697,
0239,
FD3C,
FAD5,
F837,
F251,
EC18,
E91C,
E6B2,
E18A,
DC22,
DA0A,
D8F3,
D56F,
D189,
D0BE,
D128,
CF60,
CD03,
CD5F,
CF04,
CEBA,
CDB0,
CEF5,
D181,
D249,
D223,
D3E5,
D6DF,
D84E,
D8B8,
DAB1,
DDD3,
DF8E,
E029,
E21C,
E53E,
E735,
E80D,
EA09,
ED34,
EF57,
F050,
F22B,
F51E,
F726,
F7FB,
F968,
FBBE,
FD8C,
FE81,
FFD9,
01E7,
03A0,
04B2,
0605,
07EF,
0979,
0A34,
0B27,
0CCE,
0E36,
0EDD,
0FAE,
112C,
1292,
1374,
1459,
159A,
16B6,
173F,
17CD,
18E6,
19EE,
1A57,
1ABA,
1BAB,
1CA8,
1D37,
1DB1,
1E77,
1F36,
1F79,
1FA2,
203B,
20F2,
215A,
21AC,
223E,
22E5,
235E,
23C6,
2466,
2514,
2550,
2552,
259E,
2615,
268B,
2703,
2787,
280B,
2843,
2844,
2871,
28C1,
2910,
2960,
29CD,
2A51,
2A87,
2A73,
2A86,
2AC3,
2AFF,
2B36,
2B95,
2C22,
2C6F,
2C6B,
2C77,
2CA1,
2CCC,
2CF3,
2D44,
2DD3,
2E3B,
2E5A,
2E77,
2E9E,
2ECB,
2EFE,
2F55,
2FF1,
3078,
30BE,
30F5,
3123,
3154,
318B,
31E1,
327A,
3313,
337F,
33DD,
3430,
3480,
34D1,
3526,
3586,
35E3,
3620,
366A,
3703,
37B4,
3849,
38D3,
3957,
39D3,
3A3E,
3AAE,
3B57,
3C1C,
3CCB,
3D76,
3E3F,
3F1B,
3FFF,
40E7,
41BA,
427F,
4338,
43EE,
44D1,
45D4,
46D4,
47D3,
48D9,
49E5,
4B0A,
4C44,
4D5D,
4E58,
4F5E,
506F,
519A,
52E1,
5420,
5553,
56AC,
5830,
59A7,
5B0C,
5C5C,
5D91,
5ECB,
6010,
613E,
624B,
6349,
643A,
652D,
6632,
670F,
67A8,
6834,
68CB,
692D,
693A,
6917,
68D4,
684F,
6777,
664E,
64C6,
62F8,
60F6,
5EA1,
5BDA,
58BF,
5559,
51A4,
4D8E,
4932,
4492,
3FCA,
3AE7,
3605,
3131,
2C9F,
28A5,
253E,
227F,
208E,
1FE6,
205D,
2203,
24C5,
28F5,
2E2D,
33EF,
39FB,
3FCE,
451E,
48BA,
4AAD,
4A2A,
4774,
4243,
3B18,
3355,
2B5C,
25B5,
2264,
2329,
27B0,
2E50,
36AC,
3C09,
3E2B,
3B74,
33B5,
2C79,
261D,
254B,
2B21,
30DB,
3601,
35C2,
2E02,
2885,
2727,
2924,
3029,
327A,
2BBB,
26DF,
273E,
293F,
2D77,
2E61,
274D,
2322,
289A,
2CB2,
295B,
25DF,
2591,
264B,
2852,
292E,
254E,
223B,
25DE,
293A,
2517,
20A3,
235A,
26CF,
2414,
2063,
21A0,
23E6,
22A9,
2081,
2089,
2146,
210D,
206C,
1FB7,
1F10,
1F4C,
1FD3,
1ECD,
1D20,
1D75,
1EC3,
1DBB,
1B71,
1BB6,
1D84,
1CAD,
1A15,
1A1B,
1C02,
1B4D,
1889,
184B,
1A39,
19C5,
171A,
16B2,
1894,
1862,
15E6,
1550,
1703,
16F6,
149E,
13D3,
1542,
155C,
1360,
1287,
13AA,
13D4,
1223,
1143,
1226,
124B,
10B1,
0FBC,
1086,
10C6,
0F53,
0E55,
0F00,
0F51,
0E0D,
0D0E,
0D94,
0DE1,
0CA6,
0B92,
0BFB,
0C61,
0B86,
0A9D,
0AAB,
0AD0,
0A3B,
0997,
099E,
09B4,
0908,
0843,
0858,
08A0,
082F,
078C,
077C,
079A,
073D,
06B6,
069E,
06B1,
065B,
05DB,
05D1,
0602,
05C5,
054B,
0513,
0504,
04C6,
046C,
0461,
048E,
0465,
03F7,
03B6,
039D,
0369,
031B,
0306,
0329,
0316,
02C8,
0290,
0273,
0242,
01F6,
01CB,
01CE,
01B7,
0177,
013E,
0118,
00DD,
0082,
003A,
001B,
FFF3,
FFAE,
FF6C,
FF37,
FEF6,
FE98,
FE43,
FE12,
FDDC,
FD8B,
FD3D,
FD07,
FCCA,
FC70,
FC19,
FBDE,
FBA4,
FB58,
FB10,
FAE1,
FAB5,
FA75,
FA34,
FA0A,
F9E2,
F9A7,
F969,
F937,
F90B,
F8DD,
F8B3,
F8A3,
F89D,
F887,
F86B,
F858,
F847,
F826,
F7FC,
F7D4,
F7AB,
F77A,
F744,
F719,
F6F5,
F6C8,
F695,
F66D,
F64A,
F61D,
F5E5,
F5B0,
F57C,
F541,
F500,
F4C5,
F492,
F45C,
F425,
F3F7,
F3D3,
F3B0,
F38E,
F374,
F363,
F350,
F338,
F321,
F30C,
F2F4,
F2D6,
F2B6,
F293,
F26E,
F244,
F21A,
F1F2,
F1CB,
F1A4,
F17D,
F158,
F134,
F111,
F0F2,
F0D8,
F0BE,
F09F,
F080,
F064,
F049,
F02D,
F009,
EFE4,
EFB7,
EF8D,
EF65,
EF49,
EF32,
EF16,
EEFC,
EEED,
EEE1,
EECF,
EEBB,
EEAB,
EE9A,
EE7D,
EE59,
EE3A,
EE1A,
EDF3,
EDC9,
EDA5,
ED86,
ED66,
ED47,
ED33,
ED25,
ED13,
ECFE,
ECEC,
ECDD,
ECC5,
ECA6,
EC89,
EC6B,
EC49,
EC22,
EC03,
EBEA,
EBD0,
EBB6,
EBA2,
EB93,
EB81,
EB6B,
EB55,
EB3E,
EB24,
EB04,
EAE9,
EAD5,
EAC2,
EAAD,
EA9B,
EA8B,
EA78,
EA5E,
EA43,
EA2C,
EA15,
E9FE,
E9EB,
E9DD,
E9CE,
E9BB,
E9A5,
E98F,
E978,
E95E,
E946,
E935,
E926,
E916,
E905,
E8F3,
E8E0,
E8CA,
E8B5,
E8A4,
E895,
E883,
E870,
E85F,
E84F,
E83C,
E82A,
E81B,
E80D,
E7FB,
E7E9,
E7D9,
E7CA,
E7BA,
E7AA,
E79C,
E78E,
E77E,
E76C,
E75E,
E753,
E743,
E732,
E724,
E718,
E70A,
E6FA,
E6ED,
E6E0,
E6D3,
E6C5,
E6B7,
E6AB,
E69E,
E690,
E684,
E678,
E66C,
E65E,
E652,
E647,
E63C,
E62F,
E623,
E618,
E60D,
E601,
E5F6,
E5EC,
E5E2,
E5D6,
E5CA,
E5C2,
E5B8,
E5AD,
E5A2,
E599,
E590,
E585,
E57A,
E573,
E56B,
E561,
E557,
E54E,
E545,
E53C,
E534,
E52D,
E525,
E51C,
E513,
E50B,
E504,
E4FB,
E4F3,
E4EA,
E4E2,
E4DB,
E4D4,
E4D1,
E4CE,
E4C6,
E4BC,
E4B2,
E4A8,
E49F,
E496,
E493,
E492,
E48F,
E48C,
E487,
E480,
E477,
E46D,
E466,
E460,
E45D,
E45B,
E457,
E453,
E44E,
E449,
E444,
E43F,
E43B,
E439,
E439,
E43B,
E43A,
E437,
E431,
E429,
E41F,
E414,
E40A,
E402,
E3FC,
E3F8,
E3F7,
E3FC,
E403,
E40B,
E412,
E418,
E41D,
E41F,
E41D,
E417,
E40D,
E402,
E3F6,
E3EB,
E3E2,
E3DD,
E3DA,
E3D9,
E3DA,
E3DE,
E3E4,
E3EC,
E3F5,
E3FD,
E404,
E40A,
E40E,
E411,
E412,
E410,
E40C,
E405,
E3FD,
E3F7,
E3F1,
E3ED,
E3EA,
E3E9,
E3E9,
E3E9,
E3E9,
E3EC,
E3F0,
E3F6,
E3FC,
E401,
E405,
E409,
E40D,
E411,
E413,
E414,
E412,
E40F,
E40B,
E408,
E407,
E406,
E406,
E406,
E406,
E406,
E407,
E409,
E40F,
E418,
E424,
E433,
E446,
E459,
E46B,
E47B,
E488,
E492,
E49B,
E4A2,
E4A9,
E4AD,
E4AE,
E4AC,
E4A9,
E4A3,
E49A,
E490,
E488,
E47F,
E476,
E46B,
E45E,
E452,
E447,
E43E,
E436,
E431,
E42D,
E42A,
E425,
E420,
E41A,
E414,
E410,
E40D,
E40F,
E413,
E416,
E419,
E419,
E419,
E419,
E41B,
E421,
E429,
E432,
E43D,
E44A,
E45B,
E46E,
E483,
E49C,
E4B7,
E4D3,
E4F0,
E50C,
E528,
E53F,
E550,
E55C,
E561,
E566,
E569,
E572,
E581,
E595,
E5B0,
E5CD,
E5EE,
E60C,
E628,
E641,
E655,
E663,
E66C,
E674,
E67A,
E67F,
E684,
E688,
E689,
E689,
E68B,
E690,
E69C,
E6A8,
E6B5,
E6BF,
E6C9,
E6CD,
E6C9,
E6C2,
E6B7,
E6AA,
E699,
E68C,
E68B,
E690,
E69D,
E6AF,
E6C3,
E6D4,
E6D5,
E6CA,
E6B0,
E68F,
E66D,
E651,
E64A,
E64F,
E663,
E67C,
E68B,
E694,
E695,
E68F,
E682,
E672,
E661,
E650,
E64A,
E64C,
E654,
E661,
E672,
E685,
E67D,
E663,
E642,
E61E,
E60D,
E60E,
E625,
E64F,
E66B,
E678,
E671,
E655,
E63E,
E62D,
E62D,
E63F,
E65D,
E688,
E69F,
E69D,
E68D,
E670,
E65A,
E64E,
E65C,
E691,
E6BE,
E6DA,
E6DE,
E6BF,
E6AF,
E6C3,
E6E4,
E710,
E73C,
E762,
E777,
E768,
E760,
E775,
E797,
E7CA,
E7FA,
E817,
E822,
E809,
E7F0,
E7F8,
E815,
E863,
E8A3,
E879,
E83E,
E84F,
E880,
E8C8,
E90A,
E905,
E8E3,
E8AA,
E89A,
E9EE,
EB60,
E922,
E5C1,
E760,
EB7B,
EF42,
F1B2,
E819,
D8F5,
DD70,
EE22,
F7E3,
FC35,
F541,
E5F0,
DDF6,
DC1C,
DC95,
DF7B,
E7F4,
F530,
FB97,
FB1D,
FB1D,
FBB2,
F6C5,
EBF9,
E478,
E14A,
DD2E,
D797,
D5CD,
D8EE,
DC7B,
DFB5,
E48F,
EB95,
F21E,
F76C,
FC47,
00BB,
044D,
06C0,
0815,
080A,
073C,
05E3,
03AC,
0037,
FC8F,
F96B,
F5E7,
F159,
ECE4,
E971,
E600,
E1B3,
DDBF,
DB68,
D958,
D641,
D365,
D232,
D160,
CF5E,
CD80,
CD9D,
CE49,
CD81,
CC91,
CD7A,
CEFB,
CEE4,
CE73,
D00C,
D27B,
D34E,
D38A,
D585,
D84F,
D96B,
D9B3,
DBB0,
DEA9,
E032,
E0DB,
E2FA,
E614,
E7BD,
E851,
EA25,
ECFC,
EE95,
EF17,
F0C5,
F392,
F545,
F5D3,
F75C,
FA00,
FB9D,
FBFB,
FD35,
FF9C,
0135,
01A1,
02D5,
054A,
06FF,
0767,
0855,
0A60,
0BCB,
0BEC,
0C8A,
0E62,
0FCF,
100E,
10A0,
124F,
13A5,
13C6,
1418,
157D,
16AE,
16CA,
1707,
1851,
1987,
19BF,
1A02,
1B45,
1C84,
1CC5,
1CEF,
1DF2,
1EFB,
1F0A,
1EF1,
1FBB,
20AC,
20C5,
20B1,
2173,
226D,
2296,
227D,
2327,
2413,
2443,
2426,
24B9,
259B,
25D4,
25B6,
2633,
2704,
273B,
2710,
276C,
2821,
2851,
281D,
2864,
290D,
293B,
28FD,
292B,
29BE,
29F2,
29C4,
2A02,
2AB8,
2B1B,
2B16,
2B57,
2BF6,
2C40,
2C0F,
2C1D,
2C94,
2CD3,
2CAF,
2CC5,
2D48,
2D9D,
2D89,
2DA1,
2E23,
2E85,
2E88,
2EAF,
2F3F,
2FB7,
2FCA,
2FF3,
307B,
30F3,
310E,
3134,
31B3,
322B,
324E,
3276,
32F4,
3371,
3399,
33BD,
342E,
34AA,
34DE,
3512,
35A2,
364C,
36B9,
371F,
37C9,
3885,
38F8,
3952,
39E8,
3A93,
3B04,
3B60,
3BF7,
3CAC,
3D35,
3DAA,
3E5B,
3F2D,
3FD3,
405D,
4113,
41E8,
4293,
4322,
43F3,
44FB,
45EB,
46C5,
47C8,
48F0,
49E9,
4AB3,
4B9A,
4CA3,
4D9B,
4E80,
4F88,
50BD,
51DE,
52E0,
53F0,
5519,
562A,
5716,
5815,
5939,
5A52,
5B51,
5C65,
5DA5,
5ECB,
5FB9,
60A1,
619A,
6270,
6302,
6390,
6447,
64E5,
6549,
658E,
65CA,
65D3,
657E,
64FB,
6470,
63B6,
62AA,
6167,
600D,
5E73,
5C5F,
59FD,
5774,
54AF,
518A,
4E1D,
4A7C,
46A5,
4280,
3E2C,
39D4,
357B,
311F,
2CD9,
28E0,
2534,
21D4,
1EDE,
1CC4,
1B78,
1AFE,
1B58,
1CE2,
1F77,
22B7,
269A,
2B68,
30F3,
3647,
3B4D,
3FAD,
434B,
4526,
452F,
4345,
3F63,
3A36,
33D3,
2D31,
266E,
2179,
1EBD,
1EB5,
21D3,
268D,
2CF4,
324C,
35D5,
3697,
3386,
2EF3,
28D8,
245A,
2325,
2419,
2828,
2B62,
2B8D,
2A93,
285A,
268E,
26C0,
26F5,
25FA,
24F9,
2472,
2496,
26AD,
27ED,
245C,
20AA,
21D1,
2422,
2512,
24E0,
2159,
1DE0,
210D,
2583,
22A5,
1DAD,
1E63,
2123,
20F3,
1F7D,
1E4C,
1D67,
1E8A,
206E,
1E71,
1A9A,
1BB1,
1F7B,
1E3E,
19F7,
1A66,
1DF0,
1D10,
18FE,
18C3,
1B92,
1B5F,
1898,
1817,
19B3,
1994,
17B6,
16EC,
1756,
1746,
16A2,
1629,
15E7,
15B9,
15A8,
1545,
1466,
13FD,
145A,
142C,
12F6,
1261,
1315,
131D,
119A,
10C4,
11B1,
11FC,
105F,
0F4F,
103B,
10A8,
0F02,
0DC3,
0E9D,
0F2F,
0DB0,
0C6F,
0D57,
0E24,
0CD0,
0B7F,
0C3D,
0D01,
0BA2,
0A17,
0AA0,
0B6B,
0A3D,
08C7,
095B,
0A5B,
0963,
07EB,
0852,
0942,
0854,
06C0,
06EF,
07CE,
0703,
0580,
0596,
0676,
05E3,
0488,
049A,
0586,
051D,
03D2,
03C1,
048F,
042B,
02D6,
029A,
034C,
02FD,
01C1,
017A,
022D,
0208,
00F7,
00B5,
016A,
0167,
0071,
0022,
00BF,
00C1,
FFD2,
FF69,
FFE7,
FFEB,
FF07,
FE93,
FF06,
FF1B,
FE50,
FDDA,
FE49,
FE72,
FDC0,
FD4C,
FDB6,
FDF1,
FD5A,
FCE8,
FD43,
FD7E,
FCEF,
FC6E,
FCA8,
FCD7,
FC4A,
FBBF,
FBEA,
FC1A,
FB99,
FB0B,
FB27,
FB55,
FADD,
FA49,
FA55,
FA81,
FA12,
F97D,
F97C,
F9A6,
F943,
F8AF,
F8A4,
F8CD,
F873,
F7E2,
F7CC,
F7F3,
F7A2,
F710,
F6EF,
F710,
F6C4,
F632,
F606,
F624,
F5E3,
F559,
F52C,
F54E,
F51D,
F49F,
F473,
F498,
F476,
F404,
F3D9,
F401,
F3ED,
F389,
F361,
F38C,
F384,
F32D,
F306,
F332,
F332,
F2DE,
F2B1,
F2D6,
F2D4,
F27D,
F245,
F25F,
F25C,
F206,
F1C5,
F1D2,
F1CA,
F173,
F127,
F126,
F119,
F0C1,
F070,
F063,
F05D,
F035,
F005,
F021,
F02B,
EFD9,
EF7F,
EF88,
EF9B,
EF50,
EEF5,
EEF4,
EF04,
EEBF,
EE66,
EE62,
EE77,
EE3C,
EDE6,
EDE4,
EE03,
EDD4,
ED84,
ED80,
EDA0,
ED79,
ED2C,
ED23,
ED42,
ED20,
ECD4,
ECC5,
ECE2,
ECC3,
EC77,
EC61,
EC77,
EC59,
EC0A,
EBED,
EC02,
EBE8,
EB9B,
EB7B,
EB8F,
EB7E,
EB3D,
EB1F,
EB33,
EB26,
EAE8,
EAC9,
EADD,
EAD6,
EA9B,
EA79,
EA89,
EA83,
EA4B,
EA26,
EA33,
EA2F,
E9FA,
E9D3,
E9DE,
E9DE,
E9AC,
E984,
E98C,
E98E,
E961,
E939,
E93C,
E93E,
E917,
E8F1,
E8F2,
E8F4,
E8D2,
E8AC,
E8AC,
E8AE,
E88A,
E861,
E862,
E86B,
E846,
E817,
E815,
E822,
E806,
E7DC,
E7D6,
E7DD,
E7C4,
E79E,
E797,
E79E,
E787,
E760,
E756,
E75E,
E74A,
E725,
E71B,
E724,
E713,
E6EF,
E6E2,
E6EA,
E6DC,
E6B9,
E6AC,
E6B4,
E6A8,
E688,
E679,
E67F,
E675,
E656,
E646,
E64C,
E644,
E627,
E617,
E61C,
E616,
E5FA,
E5E9,
E5EE,
E5E9,
E5D0,
E5BF,
E5C3,
E5C0,
E5A8,
E595,
E597,
E595,
E57F,
E56D,
E56F,
E56E,
E55B,
E54A,
E54A,
E54A,
E539,
E528,
E528,
E527,
E514,
E500,
E500,
E503,
E4F6,
E4E5,
E4E3,
E4E3,
E4D9,
E4CC,
E4CC,
E4CF,
E4C2,
E4B0,
E4B0,
E4B7,
E4AB,
E496,
E492,
E495,
E48E,
E480,
E47B,
E47C,
E477,
E46F,
E46E,
E470,
E46C,
E463,
E463,
E46A,
E466,
E459,
E457,
E45E,
E45A,
E448,
E441,
E446,
E441,
E430,
E426,
E427,
E421,
E412,
E40B,
E40F,
E40F,
E408,
E405,
E40B,
E40F,
E411,
E413,
E418,
E41B,
E419,
E419,
E41D,
E420,
E41C,
E419,
E418,
E417,
E410,
E409,
E405,
E3FF,
E3F3,
E3E6,
E3DE,
E3D7,
E3CD,
E3C4,
E3BF,
E3BC,
E3B7,
E3B5,
E3B9,
E3BF,
E3BF,
E3C0,
E3CA,
E3D7,
E3DD,
E3E3,
E3ED,
E3F9,
E404,
E40F,
E41D,
E42D,
E436,
E43B,
E448,
E459,
E460,
E460,
E463,
E468,
E468,
E465,
E462,
E45D,
E458,
E451,
E449,
E440,
E435,
E428,
E41E,
E418,
E40B,
E3F6,
E3E7,
E3E2,
E3D9,
E3C9,
E3BB,
E3B3,
E3AC,
E3A9,
E3A4,
E39C,
E397,
E396,
E396,
E397,
E398,
E398,
E39B,
E3A5,
E3AD,
E3AE,
E3B3,
E3C1,
E3CD,
E3D0,
E3D2,
E3DC,
E3E6,
E3EA,
E3ED,
E3F5,
E3FE,
E403,
E409,
E418,
E429,
E435,
E440,
E44F,
E461,
E479,
E493,
E4A8,
E4BC,
E4D6,
E4F4,
E514,
E535,
E552,
E56C,
E587,
E5A3,
E5BC,
E5D1,
E5E2,
E5EF,
E5FB,
E605,
E60E,
E618,
E61D,
E61F,
E623,
E62A,
E62C,
E62B,
E62E,
E633,
E632,
E62B,
E62D,
E63B,
E645,
E649,
E653,
E663,
E670,
E677,
E683,
E697,
E69E,
E690,
E683,
E67C,
E674,
E66D,
E65C,
E637,
E61E,
E625,
E624,
E606,
E5F4,
E603,
E611,
E60A,
E601,
E5FB,
E5FD,
E613,
E621,
E606,
E5E8,
E5E9,
E5ED,
E5E1,
E5CC,
E5A8,
E584,
E578,
E574,
E565,
E556,
E54A,
E546,
E564,
E58E,
E5A0,
E5AA,
E5B9,
E5CA,
E5DE,
E5F0,
E5E9,
E5D3,
E5B3,
E58F,
E58A,
E59A,
E59D,
E598,
E59B,
E5A5,
E5C3,
E5EF,
E613,
E630,
E633,
E61F,
E60D,
E5FE,
E5F9,
E600,
E5FF,
E5F6,
E5F8,
E605,
E62C,
E671,
E6AE,
E6DC,
E6FA,
E703,
E704,
E6FE,
E6FC,
E704,
E70A,
E709,
E710,
E725,
E744,
E76F,
E79E,
E7D3,
E7F7,
E7FA,
E7EC,
E7CB,
E7B1,
E7B0,
E7BD,
E7D7,
E7F8,
E81C,
E84E,
E8BA,
E8F1,
E81B,
E781,
E930,
EAC8,
E8DE,
E66B,
E6C1,
E8A1,
EDA8,
F18D,
E7EC,
DB59,
E01C,
EC4D,
F3D7,
F7F2,
F322,
E976,
E374,
DFB2,
DCB1,
DB6D,
E29B,
EF0E,
F574,
F798,
FB18,
FECC,
FB50,
F219,
EBB1,
E7A4,
E176,
D9A5,
D65E,
D794,
D872,
D8DF,
DC26,
E272,
E823,
ECD6,
F265,
F904,
FE4E,
01C8,
04A0,
06EB,
0832,
0849,
07BD,
06A9,
04F4,
0298,
FF99,
FBCC,
F80E,
F4DA,
F15D,
ED27,
E922,
E5DC,
E288,
DE97,
DB25,
D925,
D736,
D445,
D1AB,
D087,
CFA3,
CDFC,
CC97,
CC88,
CCB4,
CBD2,
CB13,
CC00,
CD4B,
CD4B,
CD2C,
CE8E,
D063,
D12E,
D1BE,
D361,
D55F,
D652,
D6F9,
D905,
DBA3,
DCC5,
DD3F,
DF45,
E21C,
E3B9,
E4A0,
E662,
E8A9,
EA37,
EB4A,
ED0D,
EF52,
F0AE,
F14F,
F2FA,
F590,
F71B,
F7A5,
F927,
FBAB,
FD3F,
FDC6,
FF0D,
0141,
02BD,
0343,
044E,
0623,
076E,
07E0,
08CC,
0A93,
0BE9,
0C62,
0D2D,
0EB4,
0FF3,
1083,
1141,
1290,
13A3,
140A,
1496,
15C5,
16C2,
16FC,
1758,
187B,
1979,
198F,
19BD,
1ADE,
1BF0,
1C04,
1C1A,
1D35,
1E59,
1E79,
1E7D,
1F6F,
207F,
20A8,
20A3,
2172,
2266,
226E,
2236,
22E0,
23CB,
23D8,
2391,
2405,
24C7,
24ED,
24CD,
2537,
25E7,
2613,
25F6,
2657,
2707,
273E,
2724,
2775,
2816,
2856,
2849,
2890,
291F,
295E,
294E,
297E,
29EE,
2A1E,
2A04,
2A2A,
2A9C,
2AC6,
2A91,
2AAD,
2B3D,
2B8A,
2B6A,
2B82,
2BFB,
2C55,
2C69,
2C96,
2CFA,
2D45,
2D55,
2D7F,
2DED,
2E41,
2E44,
2E5F,
2ECE,
2F28,
2F26,
2F33,
2F9C,
2FFA,
3000,
300C,
3069,
30CB,
30FA,
312D,
319B,
320E,
3249,
3288,
3317,
33B2,
3401,
3441,
34BF,
354E,
35B4,
360F,
368A,
370C,
3762,
37AB,
382F,
38CD,
3933,
3983,
3A19,
3AD6,
3B5A,
3BC1,
3C6B,
3D40,
3DEA,
3E7A,
3F36,
4012,
40C5,
4157,
4212,
42F1,
43AB,
4440,
44FD,
45E0,
46A3,
4740,
4815,
492C,
4A30,
4B17,
4C03,
4CF4,
4DFE,
4F2A,
5036,
510E,
51FE,
531F,
542A,
5508,
55E7,
56CD,
57D0,
590B,
5A26,
5AEA,
5BBF,
5CDE,
5DF8,
5EED,
5FCA,
6087,
612E,
61BB,
6251,
6331,
63DC,
63BB,
6384,
63F3,
645B,
6426,
63A8,
630F,
624F,
6168,
605F,
5F4C,
5E08,
5C3A,
5A17,
57E7,
5589,
52C1,
4FB1,
4C99,
495E,
45B1,
41B7,
3DB7,
39AD,
358F,
316B,
2D6C,
298E,
259A,
21AF,
1E48,
1B64,
191F,
177B,
1698,
1677,
16FB,
1828,
1A61,
1DA4,
21B4,
2688,
2BA9,
3105,
35F5,
3A54,
3DE7,
4092,
41E3,
41AE,
3FE5,
3C60,
376F,
30EC,
2A22,
234B,
1DAB,
19D2,
1859,
1A0F,
1DDA,
240F,
2A87,
3096,
349B,
34F5,
3299,
2C93,
25C6,
1F67,
1B1E,
1B9A,
1E99,
2463,
29EB,
2BFA,
2B70,
2655,
2040,
1CBC,
1B76,
1F62,
24A1,
2645,
259B,
209A,
1AE0,
1C6E,
20F7,
2326,
239D,
1F11,
18CF,
1B10,
2158,
20ED,
1CE1,
1B29,
1AEE,
1CD6,
1FF2,
1DD1,
1837,
18FE,
1E6A,
1DB5,
1826,
1785,
1B21,
1B61,
187F,
1792,
189D,
191A,
18FB,
184C,
16F2,
16BD,
1808,
17AD,
14FF,
143F,
167E,
16BD,
1391,
1259,
14D0,
1589,
1289,
1126,
1390,
1491,
11C9,
1022,
1211,
1317,
10BE,
0F10,
107D,
1162,
0F53,
0D9C,
0E99,
0F71,
0DF4,
0C8E,
0D4B,
0E0D,
0CE0,
0B99,
0C08,
0CA6,
0BD6,
0ACC,
0AE5,
0B2F,
0A73,
097D,
096C,
0999,
0909,
083D,
07F9,
07E8,
0782,
06FD,
06C2,
06AB,
065D,
05F4,
05B4,
058B,
055C,
0527,
04DA,
047D,
0447,
042E,
03E9,
0381,
033D,
0318,
02C7,
024F,
0212,
0213,
01C9,
012C,
00DF,
00F1,
00BE,
002F,
FFE5,
FFFA,
FFD8,
FF5D,
FF1F,
FF47,
FF36,
FEB6,
FE74,
FEB3,
FEB2,
FE20,
FDC4,
FDFB,
FE03,
FD7C,
FD18,
FD35,
FD36,
FCBB,
FC56,
FC6C,
FC70,
FBFB,
FB98,
FBBA,
FBD4,
FB61,
FAF4,
FB1B,
FB47,
FAE0,
FA6E,
FA8C,
FABB,
FA62,
F9F3,
FA09,
FA3B,
F9EF,
F984,
F991,
F9C1,
F97D,
F912,
F91A,
F94E,
F90B,
F893,
F890,
F8C4,
F884,
F805,
F7EF,
F816,
F7D8,
F758,
F734,
F752,
F712,
F689,
F65A,
F678,
F63B,
F5A9,
F570,
F591,
F55E,
F4CE,
F48E,
F4AB,
F482,
F3FF,
F3BB,
F3D3,
F3B2,
F33C,
F2FB,
F314,
F2FB,
F286,
F240,
F25A,
F24E,
F1E7,
F1A1,
F1B6,
F1B1,
F15A,
F11C,
F134,
F138,
F0EA,
F0AE,
F0C5,
F0D2,
F08E,
F053,
F064,
F073,
F039,
F003,
EF9F,
EF41,
EF56,
EF74,
EF29,
EED1,
EEE1,
EF02,
EEC3,
EE71,
EE79,
EE97,
EE61,
EE13,
EE1A,
EE3D,
EE10,
EDC4,
EDC5,
EDE8,
EDC0,
ED73,
ED70,
ED93,
ED6E,
ED1E,
ED17,
ED3F,
ED16,
ECB4,
ECAA,
ECE4,
ECBD,
EC46,
EC28,
EC5D,
EC4B,
EBF2,
EBC6,
EBCB,
EBBA,
EB8E,
EB73,
EB6D,
EB50,
EB12,
EAF4,
EB06,
EAFD,
EACA,
EAA8,
EAA8,
EA9B,
EA6D,
EA53,
EA63,
EA60,
EA2F,
EA0A,
EA0B,
EA02,
E9D9,
E9BB,
E9C8,
E9CA,
E99C,
E972,
E970,
E96B,
E940,
E919,
E91E,
E922,
E8FB,
E8D1,
E8CE,
E8CC,
E8A5,
E87A,
E87A,
E882,
E864,
E840,
E83F,
E846,
E827,
E7FE,
E7F8,
E7FF,
E7E4,
E7BE,
E7B8,
E7C0,
E7A9,
E782,
E77A,
E782,
E76C,
E745,
E73B,
E743,
E731,
E70C,
E701,
E709,
E6FA,
E6D7,
E6CB,
E6D2,
E6C5,
E6A3,
E694,
E69C,
E691,
E671,
E662,
E669,
E660,
E641,
E630,
E637,
E630,
E613,
E603,
E609,
E604,
E5EA,
E5D9,
E5DD,
E5D9,
E5BF,
E5AD,
E5B0,
E5AE,
E595,
E583,
E586,
E586,
E570,
E55E,
E562,
E563,
E54E,
E53B,
E53C,
E53E,
E52D,
E51B,
E51D,
E522,
E514,
E504,
E503,
E504,
E4F0,
E4D9,
E4D4,
E4D4,
E4C8,
E4B8,
E4B9,
E4BE,
E4B1,
E49D,
E496,
E496,
E48C,
E480,
E485,
E493,
E490,
E482,
E47C,
E47B,
E473,
E465,
E469,
E47A,
E47A,
E46D,
E462,
E45B,
E453,
E449,
E449,
E454,
E44E,
E433,
E421,
E41B,
E418,
E418,
E416,
E412,
E405,
E3ED,
E3E3,
E3F4,
E3FB,
E3ED,
E3E0,
E3DB,
E3DE,
E3ED,
E3F8,
E3FA,
E3F8,
E3F2,
E3F6,
E412,
E425,
E413,
E407,
E41B,
E431,
E436,
E436,
E431,
E431,
E442,
E451,
E444,
E434,
E43D,
E44B,
E44D,
E449,
E43F,
E434,
E43B,
E444,
E430,
E414,
E41D,
E432,
E420,
E3FE,
E400,
E40F,
E3FD,
E3D9,
E3D2,
E3D9,
E3CD,
E3B5,
E3AE,
E3B1,
E3A9,
E399,
E38B,
E380,
E37C,
E37F,
E375,
E361,
E35F,
E36F,
E370,
E363,
E35F,
E366,
E36C,
E36F,
E377,
E385,
E38E,
E38D,
E397,
E3AF,
E3BE,
E3BC,
E3C4,
E3DE,
E3F5,
E402,
E40E,
E418,
E424,
E432,
E444,
E45E,
E473,
E47B,
E484,
E497,
E4AA,
E4B7,
E4C2,
E4CD,
E4DB,
E4ED,
E500,
E514,
E523,
E523,
E520,
E521,
E526,
E537,
E54A,
E554,
E558,
E552,
E54B,
E54D,
E555,
E55C,
E562,
E55D,
E552,
E550,
E552,
E557,
E55E,
E564,
E567,
E564,
E55E,
E55E,
E564,
E56E,
E57A,
E583,
E589,
E58B,
E58C,
E594,
E5A4,
E5AF,
E5B4,
E5B9,
E5BD,
E5C2,
E5CA,
E5CE,
E5CD,
E5C9,
E5C1,
E5BA,
E5B6,
E5AB,
E595,
E581,
E571,
E567,
E569,
E56B,
E56D,
E565,
E54F,
E539,
E527,
E51D,
E522,
E52C,
E53B,
E54A,
E558,
E563,
E566,
E565,
E55C,
E556,
E55F,
E56E,
E57D,
E58C,
E598,
E5A2,
E5AC,
E5B2,
E5AB,
E5A1,
E59C,
E59E,
E5B3,
E5CD,
E5D7,
E5D7,
E5D6,
E5D2,
E5D0,
E5CE,
E5C5,
E5BB,
E5BF,
E5CE,
E5E5,
E5FF,
E609,
E607,
E60D,
E619,
E622,
E62A,
E631,
E638,
E647,
E65C,
E669,
E66F,
E673,
E676,
E676,
E674,
E673,
E673,
E67B,
E68C,
E69C,
E6A8,
E6BE,
E6E4,
E6FC,
E6FC,
E70A,
E731,
E740,
E721,
E725,
E771,
E791,
E74F,
E721,
E729,
E78E,
E8CF,
E901,
E649,
E4C8,
E794,
EA1E,
E9AC,
E8C7,
E894,
E85E,
E815,
E708,
E2B1,
E0BF,
EA1E,
F422,
F397,
EF53,
EB8B,
E710,
E02C,
DA14,
DAB2,
DEEA,
E4CE,
EBBD,
F242,
F803,
FB7E,
FCCD,
FA22,
F4E2,
EFDE,
EA9F,
E3AE,
DC2C,
D850,
D710,
D55B,
D3E5,
D655,
DBC3,
DFD3,
E2FC,
E8AF,
F068,
F5A8,
F8A0,
FCFA,
0296,
0580,
059A,
06AD,
08F3,
08FD,
066A,
04C4,
0494,
02A1,
FE4D,
FAD5,
F8F8,
F5F0,
F0F7,
ECD4,
EA6C,
E767,
E2E9,
DF4D,
DD9E,
DB9A,
D83E,
D588,
D485,
D350,
D0D4,
CEC3,
CE27,
CD8A,
CBED,
CAB8,
CB06,
CB85,
CB2D,
CB0E,
CC1B,
CD47,
CD85,
CDC6,
CF02,
D069,
D10F,
D1AE,
D332,
D4F4,
D617,
D722,
D8E0,
DACF,
DC0C,
DD12,
DEB5,
E095,
E1FF,
E33B,
E4F0,
E6DD,
E84F,
E983,
EB36,
ED30,
EEC1,
F00D,
F199,
F34C,
F4AE,
F5D3,
F752,
F918,
FA99,
FBDB,
FD40,
FEC5,
FFEA,
00AC,
01AD,
02F6,
0430,
0555,
0690,
07EC,
08F2,
0986,
0A36,
0B1E,
0C0F,
0D03,
0E11,
0F4E,
1041,
10B2,
112E,
11DE,
12A6,
138A,
147C,
1586,
1657,
16A6,
16F6,
178B,
1835,
18F5,
19B4,
1A6C,
1AFE,
1B2C,
1B5E,
1BF6,
1CA4,
1D40,
1DD0,
1E48,
1EAD,
1EF1,
1F36,
1FB6,
2047,
20BB,
2123,
2190,
21F5,
222B,
2255,
22C7,
2352,
238F,
23A9,
23E5,
2438,
24B2,
253F,
2592,
25BD,
25CA,
25C8,
262C,
26D8,
2722,
2723,
274C,
2795,
2803,
2891,
28C6,
28A6,
28B2,
28EC,
2949,
29CE,
29EB,
298A,
29B6,
2A9E,
2B03,
2AAC,
2A91,
2ADD,
2B3D,
2BB5,
2BE6,
2B99,
2BB6,
2CA4,
2D3A,
2CFD,
2CDA,
2D1D,
2D7B,
2DF8,
2E45,
2E10,
2E04,
2E91,
2F2A,
2F9B,
2FD6,
2F91,
2F6C,
300A,
30B0,
30C6,
30CD,
3121,
3182,
31B4,
31EE,
3281,
3310,
3308,
32E4,
334A,
33E0,
3450,
34B1,
3510,
3565,
3585,
3596,
35F6,
3684,
3730,
37E3,
3829,
3833,
3873,
38D9,
3971,
3A2E,
3AF3,
3BB6,
3C10,
3C19,
3C6E,
3D03,
3DA3,
3E4F,
3F1B,
4004,
4086,
40A1,
4101,
41B0,
4267,
4321,
440E,
4538,
460E,
4670,
46F1,
47AA,
486D,
4931,
4A37,
4BA4,
4CE8,
4DD1,
4EB4,
4FA4,
507A,
511A,
51DD,
52FB,
5418,
5511,
5608,
5711,
57FC,
589B,
5936,
5A02,
5AC9,
5B68,
5C0C,
5CE4,
5DC0,
5E7C,
5F27,
5FCD,
6051,
607F,
6087,
609F,
60B1,
60B6,
60AE,
60A3,
607F,
6018,
5F7B,
5EB5,
5DBB,
5C63,
5AC2,
58F6,
5700,
54EF,
52C2,
5090,
4E4A,
4BC0,
48FA,
4603,
42DA,
3F77,
3BDE,
3812,
341A,
300C,
2BEF,
27F6,
2427,
208B,
1D28,
1A18,
175F,
151C,
1356,
121E,
117C,
1179,
121A,
137E,
15B2,
18A4,
1C60,
20AC,
2588,
2A9B,
2FD6,
34CA,
3952,
3CFE,
3F8E,
40C2,
4049,
3E3E,
3A57,
3519,
2E5E,
272D,
1FDA,
1959,
1475,
1188,
1183,
13E4,
196A,
206D,
285E,
2F9F,
342C,
35EB,
32B0,
2C79,
2375,
1A20,
1438,
1194,
15C1,
1D74,
25D8,
2D27,
2C7E,
26FB,
1DF5,
1418,
1308,
1780,
1F14,
27B2,
2611,
1DE9,
17AA,
132A,
1782,
21E3,
2293,
1BE8,
1768,
14BB,
17A4,
1F67,
1E68,
152E,
1317,
1841,
1A3F,
18BE,
1681,
1369,
13DD,
18E1,
1936,
12EB,
1150,
1702,
18B7,
138C,
1137,
1470,
15E6,
1365,
11B7,
1255,
12CF,
1282,
11E5,
10C6,
103B,
1148,
11A0,
0F7D,
0E0B,
0FBC,
10D4,
0E55,
0C4D,
0E33,
0FE0,
0D99,
0B62,
0D1D,
0EF6,
0CEA,
0A8F,
0BF3,
0DC7,
0BF6,
098C,
0A96,
0C5E,
0AFD,
08CB,
0974,
0AF4,
09C9,
07B0,
080C,
0961,
0888,
06B8,
06DA,
07F2,
075C,
05DB,
05D3,
06AB,
0629,
04C3,
048D,
0532,
04EA,
03E9,
03B5,
0431,
03F9,
0319,
02CA,
030E,
02D9,
021F,
01CB,
01EF,
01D2,
015C,
011B,
0126,
00FB,
007E,
001F,
FFFA,
FFC8,
FF7D,
FF3F,
FF1A,
FEE8,
FE9A,
FE49,
FDF7,
FDAE,
FD75,
FD3C,
FCFC,
FCC2,
FC99,
FC65,
FC0A,
FBBA,
FB9B,
FB7C,
FB39,
FAFC,
FAEB,
FAD5,
FA81,
FA2E,
FA1F,
FA18,
F9D8,
F994,
F98F,
F992,
F948,
F8EF,
F8E3,
F8EC,
F8B4,
F86A,
F866,
F878,
F83A,
F7DC,
F7CD,
F7E2,
F7B4,
F768,
F75F,
F778,
F745,
F6E4,
F6CF,
F6EB,
F6C5,
F671,
F657,
F66A,
F641,
F5E4,
F5C6,
F5E1,
F5C1,
F564,
F538,
F543,
F523,
F4D1,
F4AA,
F4BD,
F49F,
F43F,
F406,
F40D,
F3F2,
F39E,
F369,
F370,
F357,
F2FD,
F2C0,
F2C5,
F2B2,
F25C,
F21A,
F213,
F1FE,
F1B1,
F173,
F16F,
F15F,
F114,
F0D2,
F0CB,
F0BE,
F078,
F033,
F01E,
F022,
F032,
F039,
F00E,
EFD2,
EFA3,
EF78,
EF5A,
EF43,
EF3F,
EF32,
EED4,
EE69,
EE77,
EEAC,
EE78,
EE1C,
EDFC,
EDF5,
EDC1,
ED7E,
ED8D,
EDC2,
ED88,
ED10,
ECF6,
ED15,
ECF8,
ECB7,
ECB7,
ECE3,
ECB9,
EC4C,
EC2F,
EC58,
EC46,
EBFE,
EBF5,
EC2C,
EC1C,
EBBD,
EB96,
EBB3,
EBA1,
EB55,
EB3E,
EB70,
EB6E,
EB1E,
EAF5,
EB0F,
EB03,
EAB0,
EA82,
EA9F,
EAA2,
EA61,
EA3A,
EA56,
EA58,
EA0E,
E9D8,
E9E8,
E9E8,
E9A4,
E970,
E985,
E991,
E95D,
E92F,
E940,
E94D,
E91A,
E8E7,
E8F0,
E8FB,
E8CB,
E898,
E8A0,
E8AF,
E887,
E857,
E85F,
E872,
E84F,
E81F,
E822,
E833,
E812,
E7E0,
E7DE,
E7ED,
E7CF,
E79E,
E799,
E7A9,
E790,
E762,
E75B,
E76C,
E757,
E72A,
E720,
E730,
E71F,
E6F3,
E6E8,
E6F6,
E6E8,
E6BE,
E6B1,
E6C0,
E6B4,
E68B,
E67C,
E68A,
E682,
E65B,
E64B,
E657,
E651,
E62D,
E61B,
E627,
E623,
E601,
E5ED,
E5F8,
E5F6,
E5D7,
E5C3,
E5CC,
E5CC,
E5AF,
E59B,
E5A3,
E5A4,
E589,
E574,
E57A,
E57C,
E563,
E54D,
E551,
E554,
E53E,
E52A,
E52F,
E534,
E522,
E50F,
E515,
E51D,
E50D,
E4FA,
E4FB,
E4FF,
E4ED,
E4D7,
E4D5,
E4D9,
E4CB,
E4B7,
E4B8,
E4C1,
E4B8,
E4A8,
E4A7,
E4AE,
E4A1,
E489,
E480,
E480,
E472,
E45C,
E458,
E461,
E45E,
E452,
E451,
E45B,
E455,
E440,
E438,
E43C,
E43A,
E42F,
E430,
E43C,
E43F,
E435,
E430,
E433,
E42F,
E421,
E421,
E435,
E441,
E43E,
E43A,
E439,
E430,
E41A,
E40F,
E41A,
E427,
E42E,
E431,
E431,
E427,
E406,
E3ED,
E3F1,
E3FB,
E405,
E40B,
E406,
E3F8,
E3DA,
E3C1,
E3C7,
E3D3,
E3CF,
E3C6,
E3BC,
E3B4,
E3B2,
E3B3,
E3B4,
E3B3,
E39F,
E389,
E397,
E3B1,
E3B2,
E3A6,
E391,
E37C,
E388,
E3A4,
E3AE,
E3AB,
E396,
E37A,
E391,
E3C7,
E3D1,
E3BC,
E3B2,
E3B1,
E3BC,
E3D2,
E3DA,
E3D6,
E3D6,
E3DA,
E3E1,
E3EA,
E3FE,
E41C,
E422,
E40D,
E40C,
E426,
E43C,
E44C,
E44F,
E440,
E44C,
E483,
E493,
E45F,
E44F,
E487,
E4AA,
E49C,
E497,
E4AD,
E4C0,
E4C6,
E4C5,
E4B9,
E4B7,
E4D3,
E4E8,
E4DB,
E4D3,
E4E9,
E4FC,
E4F4,
E4EA,
E4F1,
E4FA,
E4FE,
E4FF,
E503,
E506,
E50A,
E50C,
E503,
E4F9,
E4FB,
E502,
E508,
E510,
E523,
E536,
E536,
E52D,
E52C,
E52E,
E529,
E522,
E523,
E528,
E530,
E53B,
E547,
E555,
E55A,
E559,
E554,
E54C,
E54A,
E54D,
E54E,
E54D,
E555,
E562,
E569,
E569,
E564,
E55B,
E551,
E545,
E53F,
E53F,
E53C,
E535,
E52F,
E52B,
E527,
E525,
E523,
E522,
E51E,
E517,
E515,
E51C,
E51C,
E50B,
E4FC,
E4F4,
E4EF,
E4EA,
E4EA,
E4F4,
E4FA,
E4F3,
E4EB,
E4EA,
E4EB,
E4EF,
E4F4,
E4FA,
E501,
E50D,
E51B,
E52A,
E536,
E52E,
E522,
E525,
E52B,
E529,
E526,
E52E,
E53B,
E548,
E557,
E567,
E579,
E58E,
E5A4,
E5B9,
E5CC,
E5D5,
E5D9,
E5EA,
E602,
E611,
E618,
E616,
E60E,
E609,
E609,
E619,
E637,
E652,
E669,
E683,
E69F,
E6A9,
E6A1,
E6B8,
E6F0,
E6DF,
E67A,
E69B,
E762,
E791,
E703,
E61F,
E4AB,
E61E,
EC1A,
EC8E,
E3E1,
DF08,
E14B,
E7B0,
F4BD,
F7DD,
E6F4,
DA4C,
DB50,
E077,
E996,
F0E3,
F23D,
F159,
EE9F,
EB09,
E6F9,
E386,
E207,
E152,
E0B7,
E138,
E432,
E80C,
EBB2,
EF5C,
F359,
F689,
F710,
F610,
F43C,
F15A,
EC9B,
E725,
E2B8,
DED3,
DAE4,
D78E,
D680,
D6FB,
D7F6,
D9B9,
DD36,
E1D2,
E605,
EA1E,
EF08,
F45A,
F883,
FBCB,
FF40,
02A4,
04A4,
0573,
064E,
0717,
06B0,
052E,
03BD,
025B,
0022,
FD11,
FA56,
F80B,
F520,
F17A,
EE26,
EB4A,
E82A,
E4A4,
E188,
DF0B,
DC60,
D94B,
D6B2,
D4E1,
D30F,
D0FB,
CF4B,
CE47,
CD51,
CC1E,
CB4D,
CB3B,
CB32,
CACD,
CAA4,
CB14,
CB96,
CBD4,
CC34,
CCFE,
CDD7,
CE70,
CF27,
D056,
D197,
D281,
D373,
D4CD,
D643,
D781,
D8C5,
DA5F,
DC0D,
DD71,
DECB,
E08F,
E26B,
E3C9,
E4F4,
E661,
E7E1,
E929,
EA58,
EBA5,
ECFF,
EE38,
EF64,
F0DB,
F27E,
F3EE,
F53F,
F6C5,
F86E,
F9D3,
FB02,
FC38,
FD71,
FE79,
FF55,
004D,
0164,
025E,
033C,
0471,
0606,
0737,
07ED,
08F5,
0A6E,
0B85,
0C16,
0CBB,
0D8D,
0E64,
0F44,
0FF2,
1046,
10FA,
126B,
137C,
13B1,
1412,
1508,
15F2,
169F,
170E,
1709,
1737,
181E,
18FC,
1961,
19C2,
1A5A,
1B10,
1C03,
1CD9,
1D2F,
1D52,
1D4E,
1D60,
1DF7,
1EAC,
1F19,
1F74,
1FE0,
205F,
2123,
21EF,
2265,
22A0,
2279,
223A,
229B,
2352,
241D,
24EC,
2561,
2599,
2592,
256C,
25B7,
2645,
2683,
268D,
26BD,
2707,
274F,
2795,
27F6,
2869,
287B,
2838,
281F,
2831,
286D,
28D3,
2948,
29CC,
29E1,
2978,
291E,
28DF,
28DB,
2922,
2993,
2A39,
2A96,
2A7E,
2A5B,
2A39,
2A37,
2A68,
2ABC,
2B3E,
2BA2,
2BBF,
2BD2,
2BEA,
2C0D,
2C47,
2C83,
2CB6,
2CE2,
2CF7,
2D2D,
2DBE,
2E62,
2F02,
2F75,
2F67,
2F37,
2F12,
2F21,
2FD7,
30B9,
3158,
31CE,
31F5,
3201,
3233,
3274,
32C2,
330B,
330A,
32FB,
3359,
33F8,
34C5,
359E,
35FD,
3614,
3636,
365E,
36BA,
3734,
375E,
375A,
37B9,
3863,
3912,
39C6,
3A45,
3A97,
3B0A,
3B98,
3C25,
3CB1,
3CFB,
3D03,
3D82,
3E87,
3F4B,
3FBF,
4054,
4114,
41F9,
4310,
43CC,
4402,
4481,
4583,
4641,
467F,
46DF,
4789,
4862,
4982,
4A76,
4AF3,
4BAE,
4D0C,
4E45,
4EEF,
4F90,
505D,
512C,
51FA,
52AC,
5311,
538B,
547E,
5570,
55F2,
5677,
5768,
586A,
5933,
59EB,
5AB8,
5B7B,
5C0F,
5C8B,
5D12,
5D8B,
5DD5,
5E02,
5E22,
5E34,
5E4E,
5E59,
5E1F,
5DBA,
5D6E,
5D21,
5C9B,
5BE7,
5B26,
5A4D,
5935,
57E6,
5689,
5512,
5338,
5109,
4ECB,
4C79,
49EA,
4723,
443F,
4140,
3DFA,
3A6F,
36FA,
33A4,
301F,
2C64,
28BE,
2535,
21B7,
1E43,
1B0C,
1822,
1560,
12BE,
1093,
0EFF,
0DEA,
0D56,
0D60,
0E1D,
0F71,
115E,
13ED,
173B,
1B00,
1F30,
23A4,
2857,
2CFA,
316A,
355E,
389D,
3AEC,
3BEE,
3BB2,
39EE,
36E9,
327A,
2D19,
26DC,
2059,
1A0C,
1472,
1073,
0E1C,
0E69,
10BF,
155C,
1B59,
21DC,
2827,
2C4F,
2E6F,
2CE8,
28B4,
2230,
1A76,
1469,
101B,
1056,
13FE,
19D1,
20E6,
2461,
24C9,
2101,
19FA,
1545,
12BA,
147A,
1A02,
1D15,
1DB7,
1B79,
165D,
1487,
1652,
17DA,
18FE,
1824,
14C3,
13DF,
167D,
1748,
1536,
13C1,
1372,
13DE,
156D,
1548,
11DF,
1081,
13B5,
151F,
11D3,
0FA1,
1129,
125E,
1194,
108D,
0FA8,
0F58,
109C,
1138,
0EED,
0D33,
0F47,
1105,
0E8C,
0C24,
0DFE,
0FFC,
0DD8,
0B54,
0C97,
0E5B,
0CC1,
0A88,
0B22,
0C66,
0B6E,
09DA,
0A02,
0AB9,
0A2D,
0927,
08EE,
090E,
08CD,
085E,
07FB,
07A2,
077C,
076D,
06EA,
0623,
05F8,
0634,
05AF,
04A2,
0483,
051D,
04C2,
0395,
036C,
0433,
03F0,
02A1,
0259,
0332,
02FE,
018C,
011D,
01FE,
01F3,
0096,
001B,
00FF,
0113,
FFC4,
FF39,
001F,
0053,
FF0F,
FE66,
FF2D,
FF6A,
FE36,
FD7A,
FE30,
FE7E,
FD5B,
FC90,
FD39,
FD9F,
FC99,
FBC4,
FC51,
FCBA,
FBC3,
FAE1,
FB5A,
FBD0,
FAF3,
FA0B,
FA6A,
FAE3,
FA24,
F942,
F98C,
FA06,
F95E,
F87D,
F8B4,
F931,
F89B,
F7B7,
F7DC,
F85C,
F7E3,
F70B,
F725,
F7A8,
F744,
F671,
F67C,
F6FE,
F6B3,
F5F0,
F5EB,
F663,
F624,
F563,
F550,
F5C3,
F59B,
F4EE,
F4C9,
F521,
F50A,
F483,
F462,
F4AE,
F495,
F402,
F3E6,
F465,
F44D,
F361,
F321,
F3E9,
F40D,
F31E,
F2B0,
F338,
F36A,
F2E0,
F28C,
F2C4,
F2CB,
F24F,
F205,
F249,
F26C,
F215,
F1CA,
F1D2,
F1CA,
F16D,
F129,
F15D,
F180,
F128,
F0B9,
F05E,
F080,
F071,
F063,
F060,
F058,
F03B,
F010,
EFDB,
EFA3,
EF79,
EF56,
EF3A,
EF22,
EF12,
EF02,
EEE3,
EEBB,
EE93,
EE68,
EE3C,
EE0F,
EDED,
EDD1,
EDB3,
ED94,
ED7C,
ED67,
ED48,
ED21,
ECFF,
ECE0,
ECBC,
EC94,
EC74,
EC59,
EC3D,
EC20,
EC08,
EBF4,
EBDB,
EBBC,
EBA0,
EB88,
EB6B,
EB48,
EB2B,
EB16,
EB00,
EAE9,
EAD5,
EAC6,
EAB4,
EA9C,
EA86,
EA76,
EA64,
EA49,
EA32,
EA25,
EA13,
E9F8,
E9E0,
E9D2,
E9C4,
E9AD,
E999,
E98D,
E981,
E96E,
E95B,
E94E,
E940,
E929,
E913,
E906,
E8FA,
E8E2,
E8C9,
E8BA,
E8AD,
E896,
E87E,
E86E,
E861,
E84E,
E839,
E82B,
E81E,
E80C,
E7F8,
E7EA,
E7DE,
E7CC,
E7B8,
E7AA,
E79E,
E78E,
E77A,
E76C,
E762,
E752,
E740,
E732,
E727,
E718,
E707,
E6F9,
E6EF,
E6E2,
E6D1,
E6C3,
E6BA,
E6AD,
E69D,
E690,
E685,
E679,
E66A,
E65E,
E654,
E649,
E63B,
E62F,
E625,
E61A,
E60D,
E602,
E5F9,
E5EF,
E5E2,
E5D6,
E5CF,
E5C6,
E5BA,
E5AE,
E5A5,
E59C,
E591,
E586,
E57E,
E575,
E56A,
E560,
E558,
E551,
E546,
E53D,
E536,
E52F,
E526,
E51D,
E516,
E50F,
E506,
E4FB,
E4F4,
E4EE,
E4E5,
E4DC,
E4D5,
E4D0,
E4C8,
E4C0,
E4BC,
E4B9,
E4B4,
E4AF,
E4AD,
E4AD,
E4AB,
E4A8,
E4A5,
E4A2,
E49E,
E49A,
E496,
E493,
E48F,
E489,
E485,
E481,
E47B,
E471,
E46C,
E46A,
E467,
E464,
E460,
E45D,
E459,
E453,
E44D,
E446,
E43F,
E438,
E432,
E42E,
E427,
E41B,
E40F,
E406,
E3FD,
E3F1,
E3E8,
E3E2,
E3DF,
E3DF,
E3DF,
E3DF,
E3DD,
E3D7,
E3CF,
E3C2,
E3B3,
E3A3,
E394,
E389,
E384,
E386,
E38C,
E398,
E3A2,
E3A4,
E3A1,
E397,
E388,
E373,
E361,
E35F,
E368,
E37C,
E394,
E3AD,
E3C1,
E3BB,
E3A7,
E38D,
E374,
E36F,
E37A,
E39A,
E3C5,
E3DD,
E3E8,
E3D8,
E3B7,
E3A2,
E397,
E3AF,
E3E1,
E40E,
E436,
E434,
E40F,
E3F1,
E3DD,
E3EF,
E426,
E455,
E47D,
E47F,
E456,
E440,
E443,
E45F,
E498,
E4B7,
E4B3,
E4A1,
E47F,
E478,
E49D,
E4C5,
E4E9,
E4FB,
E4EC,
E4E3,
E4EB,
E501,
E52C,
E546,
E533,
E51B,
E508,
E507,
E530,
E54E,
E538,
E51D,
E515,
E51F,
E55B,
E58A,
E563,
E536,
E54F,
E577,
E58A,
E589,
E54F,
E514,
E53E,
E57A,
E54E,
E507,
E515,
E53F,
E545,
E538,
E518,
E4F7,
E51D,
E55F,
E540,
E4F1,
E4FF,
E53C,
E51E,
E4CC,
E4C5,
E4F0,
E4E7,
E4BA,
E4AA,
E4B0,
E4AF,
E4A8,
E49C,
E48C,
E498,
E4BE,
E4BE,
E496,
E494,
E4BC,
E4B9,
E480,
E470,
E499,
E49B,
E465,
E452,
E478,
E482,
E456,
E44D,
E483,
E4A7,
E49D,
E4A4,
E4D8,
E4F9,
E4EB,
E4E2,
E4F8,
E508,
E4FF,
E4FA,
E50B,
E519,
E516,
E512,
E51B,
E523,
E523,
E527,
E53D,
E554,
E55B,
E55D,
E55D,
E55E,
E563,
E56A,
E56E,
E574,
E57D,
E589,
E594,
E5A0,
E5B0,
E5BD,
E5B3,
E59C,
E58F,
E586,
E574,
E55F,
E557,
E558,
E55D,
E565,
E568,
E56A,
E571,
E57E,
E5AA,
E5EC,
E59C,
E4D6,
E5AC,
E7EE,
E76E,
E44C,
E35F,
E4AF,
E8B9,
EFEB,
EC71,
DC09,
D820,
E48C,
EF66,
F748,
F552,
E580,
DB17,
DAD3,
DCE9,
E07A,
E7D8,
F56D,
FCBA,
F780,
F0A9,
EB4D,
E48F,
DA94,
D438,
D650,
DAC5,
DF6F,
E5A6,
EEC8,
F70A,
FB6B,
FDC2,
FE61,
FD05,
F8D2,
F329,
ECBA,
E61B,
E040,
DB01,
D671,
D30B,
D221,
D2A9,
D37A,
D53C,
D960,
DEA5,
E2ED,
E717,
ECC5,
F2EC,
F72B,
FA6D,
FEBF,
0342,
057B,
063F,
0800,
0A0F,
09E0,
0817,
0753,
071C,
04EC,
0130,
FEB6,
FD3A,
FA2D,
F5BF,
F2A0,
F0C6,
EDA4,
E92F,
E5F0,
E413,
E147,
DD50,
DA90,
D967,
D77B,
D45C,
D243,
D1BB,
D09A,
CE46,
CCD4,
CCF6,
CCA7,
CB2C,
CA56,
CAED,
CB21,
CA14,
C98C,
CA75,
CB32,
CADC,
CAE7,
CC4B,
CD88,
CD89,
CDD4,
CFA8,
D160,
D182,
D1DA,
D42F,
D689,
D6E4,
D724,
D93B,
DB96,
DC8D,
DD48,
DF0D,
E110,
E26D,
E391,
E4EF,
E652,
E75A,
E852,
E9FC,
EBDC,
ECAD,
ED11,
EE8C,
F08F,
F1C9,
F29A,
F3E2,
F573,
F6E4,
F843,
F9D1,
FB77,
FC6F,
FCE3,
FE26,
0010,
015C,
021A,
02F4,
03EA,
04B2,
054C,
066F,
082C,
0943,
0993,
0A31,
0B3C,
0C46,
0D45,
0E72,
0FE8,
10DF,
110E,
117E,
127C,
1361,
1404,
14B2,
158E,
1620,
1611,
1645,
1739,
1826,
18B0,
194C,
1A44,
1B12,
1B45,
1B81,
1C3F,
1CF3,
1D35,
1D6A,
1DE3,
1E45,
1E2C,
1E07,
1E44,
1EAC,
1F28,
1FBF,
2096,
2167,
21AF,
21C3,
2206,
2252,
227C,
229D,
22F3,
2357,
236D,
2361,
239A,
23F3,
240A,
2406,
2471,
2521,
25A1,
2601,
2674,
26E7,
26CC,
2646,
2630,
2679,
2679,
263F,
26A1,
2797,
284C,
28BC,
291A,
2965,
296B,
2924,
28E6,
28BB,
2898,
287A,
28BF,
2988,
2A30,
2A8D,
2AF9,
2B8E,
2BD1,
2B8C,
2B40,
2B0B,
2AF1,
2AFF,
2B30,
2B91,
2C01,
2C78,
2CEC,
2D62,
2DA6,
2D75,
2D4B,
2D84,
2DC3,
2DCB,
2DD2,
2DFF,
2E35,
2E63,
2E91,
2EBF,
2EF4,
2F32,
2F86,
3020,
30C6,
3121,
3157,
3178,
3185,
3168,
3148,
318B,
31FB,
3234,
325A,
32B0,
3321,
3382,
33DF,
346C,
3516,
3592,
35F1,
3655,
36BB,
36FE,
3729,
3797,
383B,
38C6,
393B,
399F,
39F5,
3A5C,
3AD6,
3B82,
3C63,
3D35,
3DF5,
3E73,
3EA3,
3F06,
3FB2,
4081,
417D,
4246,
42C0,
4329,
4380,
4408,
44E3,
45D8,
46EC,
47C1,
480F,
4878,
4940,
4A28,
4B31,
4C2C,
4CF8,
4D9C,
4DF3,
4E68,
4F62,
5062,
5116,
51B4,
524B,
52EB,
53B9,
548A,
553B,
55DB,
5664,
56F2,
57C1,
5896,
5922,
598D,
5A01,
5A71,
5AD8,
5B36,
5B90,
5BE2,
5C33,
5C75,
5C7D,
5C5E,
5C4A,
5C33,
5C06,
5BC0,
5B32,
5A70,
59E6,
5977,
5893,
574F,
561A,
54EA,
53AD,
5260,
509E,
4E6C,
4C61,
4A7E,
4831,
4572,
429C,
3FB4,
3CBB,
39B9,
3664,
32A8,
2F22,
2BF8,
2890,
24C0,
212B,
1DFE,
1ACD,
1774,
1459,
1199,
0F37,
0D40,
0BA9,
0A66,
09B4,
09C0,
0A51,
0B55,
0CEC,
0F3D,
1214,
1567,
1924,
1D55,
21C0,
2651,
2ACC,
2F00,
32C3,
35DF,
382C,
394C,
3953,
3809,
3591,
31AE,
2CC4,
2702,
20C5,
1A6D,
145F,
0F87,
0BF1,
0A6C,
0ABD,
0D71,
11F8,
17D8,
1E81,
2466,
2954,
2B7D,
2B2E,
27C4,
21D9,
1B02,
13AE,
0ED0,
0C5C,
0DD2,
12D1,
18BD,
1F4D,
2285,
223F,
1EB3,
17D4,
12A0,
0F88,
1012,
14DE,
1902,
1BFA,
1BC8,
175A,
1386,
110D,
10F2,
145D,
16CF,
170C,
15A4,
11A8,
0F6E,
1145,
132F,
1425,
1397,
0FCB,
0D8C,
1083,
12DD,
1108,
0EDA,
0E01,
0DFF,
0FCF,
10DC,
0DC9,
0B0B,
0D80,
101F,
0D97,
0A84,
0BD1,
0DD8,
0CB2,
0AD2,
0AD6,
0B6C,
0B64,
0B0E,
0A3A,
095A,
09D4,
0AB3,
0994,
07B9,
0844,
09D7,
08D0,
0688,
06FC,
08EC,
0821,
05B5,
05E4,
07CA,
0737,
04DD,
04CF,
068F,
0638,
0419,
03CA,
052B,
04EB,
030A,
0298,
03BB,
03AA,
022A,
01B3,
0294,
0296,
015B,
00D7,
0171,
0175,
0078,
FFF1,
0048,
0046,
FF84,
FF01,
FF1B,
FF06,
FE6C,
FDF7,
FDF3,
FDDE,
FD74,
FD19,
FD02,
FCE6,
FC9B,
FC50,
FC1A,
FBEB,
FBC1,
FB92,
FB50,
FB10,
FAEA,
FAC3,
FA75,
FA24,
F9F4,
F9CC,
F99A,
F961,
F915,
F8CE,
F8C5,
F8CB,
F88E,
F839,
F7FC,
F7D5,
F7FC,
F836,
F7A2,
F6BC,
F6EE,
F7A9,
F74F,
F659,
F626,
F66B,
F643,
F5D6,
F5D8,
F627,
F5D0,
F4FA,
F4E2,
F56E,
F581,
F523,
F4F2,
F4EE,
F4A3,
F40A,
F3F2,
F470,
F483,
F40B,
F3BA,
F3A7,
F374,
F30C,
F2F7,
F361,
F388,
F332,
F2EA,
F2D4,
F2A2,
F22F,
F1F5,
F239,
F264,
F231,
F203,
F202,
F1E4,
F173,
F11A,
F126,
F135,
F10B,
F0EB,
F10D,
F120,
F0D1,
F021,
F02C,
F02A,
EFEE,
EFAC,
EFA8,
EFAA,
EF75,
EF38,
EF2E,
EF2E,
EEFD,
EEC2,
EEC1,
EED2,
EEA9,
EE6C,
EE63,
EE6E,
EE4B,
EE13,
EE02,
EE04,
EDDA,
ED99,
ED83,
ED85,
ED5F,
ED21,
ED04,
ED01,
ECE4,
ECB3,
EC9F,
ECA2,
EC89,
EC56,
EC3E,
EC40,
EC2A,
EBFB,
EBE0,
EBDD,
EBC6,
EB94,
EB74,
EB6C,
EB54,
EB23,
EB01,
EAF5,
EADE,
EAB0,
EA90,
EA8A,
EA7A,
EA52,
EA35,
EA33,
EA29,
EA07,
E9EB,
E9E7,
E9DE,
E9BE,
E9A1,
E99B,
E992,
E971,
E952,
E949,
E940,
E921,
E903,
E8FA,
E8F1,
E8D5,
E8B8,
E8AE,
E8A6,
E88B,
E86F,
E866,
E862,
E84C,
E831,
E827,
E823,
E80D,
E7F3,
E7E9,
E7E6,
E7D3,
E7BA,
E7AF,
E7AB,
E799,
E77E,
E772,
E76F,
E75D,
E744,
E737,
E733,
E724,
E70B,
E6FD,
E6F9,
E6EA,
E6D4,
E6C6,
E6C2,
E6B6,
E6A0,
E692,
E68E,
E682,
E66E,
E660,
E65B,
E651,
E63D,
E62F,
E62B,
E622,
E610,
E602,
E5FE,
E5F5,
E5E3,
E5D5,
E5D1,
E5CA,
E5B9,
E5AB,
E5A7,
E5A1,
E592,
E585,
E581,
E57C,
E56E,
E562,
E55F,
E55D,
E551,
E545,
E543,
E540,
E535,
E529,
E526,
E524,
E51A,
E50E,
E509,
E506,
E4FA,
E4ED,
E4E7,
E4E4,
E4DA,
E4CF,
E4C8,
E4C4,
E4BB,
E4AF,
E4A9,
E4A6,
E49D,
E492,
E48F,
E490,
E48C,
E485,
E483,
E484,
E481,
E47A,
E476,
E475,
E46E,
E463,
E45B,
E455,
E44B,
E43D,
E431,
E42A,
E420,
E414,
E409,
E402,
E3FB,
E3F2,
E3EE,
E3EF,
E3F0,
E3EC,
E3EC,
E3F0,
E3F5,
E3F9,
E3FD,
E403,
E404,
E3FF,
E3F7,
E3ED,
E3E3,
E3D8,
E3CF,
E3C8,
E3C0,
E3B2,
E3A9,
E3AF,
E3BA,
E3C6,
E3D3,
E3E4,
E3F5,
E405,
E413,
E420,
E427,
E41D,
E40D,
E3FC,
E3EB,
E3DF,
E3D6,
E3D3,
E3D4,
E3DB,
E3E7,
E401,
E422,
E436,
E442,
E445,
E442,
E438,
E428,
E410,
E3F4,
E3E3,
E3DE,
E3EF,
E413,
E436,
E458,
E46F,
E47C,
E47A,
E46B,
E44C,
E41F,
E401,
E3F1,
E403,
E439,
E46C,
E498,
E4BB,
E4D2,
E4CC,
E4A1,
E46F,
E438,
E41F,
E433,
E458,
E48E,
E4B8,
E4CD,
E4C6,
E497,
E460,
E422,
E407,
E434,
E474,
E4BC,
E4EE,
E4EB,
E4CE,
E492,
E45E,
E451,
E465,
E4BC,
E50E,
E51A,
E501,
E4B2,
E464,
E459,
E473,
E4BA,
E501,
E503,
E4DC,
E47D,
E420,
E446,
E4A5,
E4EB,
E518,
E4E5,
E489,
E477,
E493,
E4E7,
E54F,
E53B,
E4DB,
E49B,
E474,
E4B1,
E52E,
E529,
E4C7,
E497,
E491,
E4C6,
E52A,
E51A,
E4A0,
E477,
E49D,
E4D0,
E511,
E503,
E49A,
E49A,
E51C,
E553,
E526,
E506,
E4FF,
E51B,
E56B,
E56F,
E4F2,
E4C3,
E52B,
E553,
E4EC,
E4B1,
E4E9,
E515,
E50A,
E4F0,
E4C4,
E4B0,
E4E2,
E4F8,
E4A4,
E46E,
E4C5,
E50C,
E4C9,
E48F,
E4DB,
E526,
E4FC,
E4CA,
E4ED,
E51B,
E516,
E507,
E50F,
E520,
E531,
E541,
E53C,
E537,
E55E,
E590,
E590,
E580,
E5A5,
E5DD,
E5E6,
E5D9,
E5F1,
E615,
E5E3,
E591,
E66F,
E7DC,
E606,
E249,
E488,
EAE1,
EBBC,
E840,
E22E,
DA3F,
DFB3,
F111,
F636,
EF54,
E7EA,
E03A,
DBC1,
DAFD,
DED2,
E7B0,
EFE8,
F6F0,
F8B1,
F3AA,
EDA5,
E773,
E078,
D846,
D47F,
D7A6,
DBC6,
DF57,
E529,
EEE7,
F68E,
F917,
FAD3,
FD86,
FD7F,
F7FB,
F1E9,
EE0A,
E956,
E1A0,
DAB2,
D794,
D546,
D1B1,
CF4E,
D09F,
D322,
D4CA,
D719,
DBB5,
E101,
E546,
E97A,
EEB5,
F401,
F7F1,
FB4F,
FF35,
02E1,
04DF,
05F9,
0791,
08FD,
08B9,
077E,
06F2,
067F,
04A2,
01E0,
FFA4,
FD9E,
FAFD,
F7EC,
F4E7,
F1E6,
EEDB,
EBCC,
E90F,
E695,
E3AC,
E063,
DDAA,
DB7E,
D95A,
D73C,
D51A,
D2F2,
D117,
CF90,
CE65,
CDA4,
CCC7,
CBB6,
CACA,
CA09,
C9B2,
C9EB,
CA17,
CA09,
CA09,
CA1B,
CA5E,
CAE3,
CB9C,
CC94,
CD8A,
CE57,
CF1F,
CFE0,
D0C0,
D1E3,
D31A,
D456,
D589,
D695,
D7AC,
D8FE,
DA59,
DB99,
DCDE,
DE4A,
DFAB,
E0B7,
E1B8,
E300,
E457,
E581,
E6A3,
E7ED,
E93D,
EA5E,
EB72,
ECB2,
EE04,
EF48,
F088,
F1E7,
F34B,
F44F,
F526,
F64D,
F7A5,
F8EF,
FA33,
FB82,
FCD3,
FDF9,
FEFA,
FFF2,
00DC,
018B,
020A,
02E9,
041F,
054C,
066F,
076E,
0847,
08E9,
0951,
09D8,
0A8B,
0B2D,
0BB6,
0C8C,
0DC8,
0EEB,
0FDF,
10BE,
1189,
121F,
1268,
12C5,
1358,
13F2,
1488,
1547,
1652,
1749,
1800,
18A1,
193A,
19AC,
19D5,
19FA,
1A46,
1A97,
1AD8,
1B36,
1BE4,
1CA2,
1D45,
1DDA,
1E61,
1ED1,
1F10,
1F3F,
1F86,
1FCB,
1FEB,
2005,
2048,
2099,
20CC,
2106,
219A,
2251,
22D6,
233E,
2390,
23CD,
23EE,
23FF,
242E,
246C,
247F,
247C,
249E,
24D9,
2510,
2548,
2591,
25E8,
2639,
2684,
26D9,
2735,
2760,
275E,
2784,
27D2,
2812,
2841,
2869,
288C,
28A0,
28A4,
28B5,
28D9,
2903,
2931,
2969,
29AD,
29E1,
29F9,
2A22,
2A6A,
2AB7,
2B04,
2B55,
2BB2,
2BF3,
2BF7,
2BFC,
2C21,
2C39,
2C29,
2C1C,
2C25,
2C3E,
2C6B,
2CA4,
2CE2,
2D2C,
2D8B,
2DFA,
2E8A,
2F0E,
2F4D,
2F6C,
2F78,
2F7C,
2F88,
2F9C,
2FC7,
2FF9,
3015,
3034,
3084,
30F0,
315C,
31CB,
323C,
32A6,
32E2,
32FF,
3302,
32F8,
330B,
333A,
339F,
342E,
34C4,
3561,
360D,
36C3,
3750,
37B8,
3803,
3833,
3853,
3866,
38AE,
392E,
39CA,
3A81,
3B38,
3BED,
3C76,
3CCD,
3D0A,
3D2C,
3D5C,
3DA3,
3E06,
3E8B,
3F31,
3FFE,
40D7,
41BB,
4270,
42CE,
431F,
4370,
43DF,
448B,
454A,
4617,
46E5,
47A6,
486C,
494C,
4A13,
4A90,
4AF8,
4B5B,
4BCE,
4C79,
4D35,
4DF3,
4EA8,
4F35,
4FB3,
5034,
50B2,
5128,
51A0,
5227,
52BB,
536C,
5426,
54D2,
556E,
55D8,
562C,
56A9,
573A,
57CF,
5863,
58E8,
595A,
59A6,
59D0,
59CE,
59AB,
5997,
598B,
5990,
599A,
5955,
58C9,
5810,
572E,
5660,
55A4,
54DE,
540D,
52D9,
513C,
4F83,
4DB1,
4BDD,
4A0D,
4829,
4636,
43DD,
4104,
3E21,
3B47,
388A,
3609,
3337,
2FDF,
2C6B,
28E8,
2589,
2279,
1F66,
1C31,
18FB,
15BF,
12BE,
1025,
0DE0,
0C06,
0A5E,
08A6,
0755,
06C4,
06C4,
0764,
086F,
09A2,
0B4D,
0DCF,
10E3,
1480,
1870,
1C71,
2090,
24E6,
293C,
2D65,
312D,
340E,
3623,
3756,
379D,
36AB,
3494,
30F9,
2C34,
26D4,
20F4,
1AB2,
1455,
0E99,
09A8,
06C3,
05C0,
0694,
0926,
0DDE,
1464,
1B23,
21E3,
26F4,
2A32,
2A8C,
27FC,
2291,
1A58,
125D,
0AF1,
0685,
0597,
087D,
0FB7,
176E,
1F4C,
231B,
2156,
1C03,
1259,
0A8F,
0662,
074C,
1009,
1831,
1D70,
1D83,
144F,
0BBB,
07B0,
0852,
11ED,
196D,
173A,
120D,
0A46,
0601,
0E38,
1643,
1391,
0E58,
0A31,
0851,
0E82,
1480,
0EB4,
071B,
0966,
0E32,
0E1B,
0C28,
09A5,
0793,
0A51,
0E32,
0ACF,
0508,
0756,
0CD4,
0AA9,
0511,
05F1,
0A11,
0949,
05C9,
05A1,
0784,
078C,
0656,
05AB,
0566,
0599,
062B,
0579,
03B2,
03B4,
0561,
04EE,
0256,
0205,
0434,
042C,
017F,
00E2,
02F6,
0330,
00CA,
000E,
01EC,
0235,
FFC6,
FF02,
015F,
01E5,
FEA1,
FD4A,
0059,
01B0,
FE82,
FC8F,
FE90,
FFDC,
FE26,
FCE1,
FDF8,
FE8F,
FCA5,
FB4B,
FCFA,
FE59,
FCBB,
FB0C,
FB8B,
FC31,
FB57,
FA84,
FB5F,
FC38,
FAF5,
F965,
F9A5,
FA54,
F9E5,
F942,
F9B8,
FA5E,
F997,
F85A,
F844,
F8A6,
F86D,
F7FF,
F82E,
F899,
F83C,
F774,
F717,
F6F8,
F6AB,
F64C,
F655,
F6A4,
F696,
F642,
F60E,
F5F1,
F597,
F50B,
F4C9,
F4CD,
F4CA,
F4BD,
F4B7,
F4B6,
F4A1,
F476,
F43B,
F3F1,
F3A9,
F366,
F333,
F315,
F305,
F306,
F2FA,
F2D5,
F2B7,
F2AA,
F287,
F238,
F1F0,
F1C1,
F196,
F16A,
F14E,
F152,
F150,
F12E,
F114,
F11F,
F11D,
F0EA,
F0B2,
F094,
F076,
F046,
F036,
F018,
EFEF,
EFCC,
EFA6,
EF71,
EF3C,
EF1C,
EF04,
EEE3,
EEC5,
EEB8,
EEB0,
EE99,
EE7D,
EE6F,
EE66,
EE52,
EE39,
EE2F,
EE2A,
EE10,
EDEB,
EDCD,
EDB3,
ED8C,
ED5E,
ED3F,
ED2D,
ED0C,
ECE1,
ECC3,
ECAE,
EC90,
EC6B,
EC55,
EC4C,
EC3B,
EC20,
EC0F,
EC0A,
EBFA,
EBDC,
EBC7,
EBBF,
EBAC,
EB89,
EB70,
EB64,
EB4F,
EB2B,
EB0D,
EAFB,
EAE1,
EAB7,
EA96,
EA84,
EA6F,
EA4E,
EA32,
EA23,
EA10,
E9EF,
E9D3,
E9C5,
E9B6,
E99A,
E981,
E975,
E968,
E94E,
E936,
E92A,
E91E,
E906,
E8EE,
E8E2,
E8D6,
E8BF,
E8A6,
E89B,
E892,
E87C,
E863,
E857,
E84D,
E838,
E81F,
E811,
E807,
E7F3,
E7DC,
E7CF,
E7C6,
E7B4,
E79E,
E790,
E788,
E777,
E761,
E754,
E74D,
E73E,
E729,
E71B,
E714,
E706,
E6F1,
E6E4,
E6DE,
E6D1,
E6BE,
E6B0,
E6A8,
E69C,
E689,
E67C,
E675,
E66A,
E659,
E64C,
E646,
E63C,
E62A,
E61D,
E616,
E60D,
E5FE,
E5F1,
E5EC,
E5E4,
E5D4,
E5C8,
E5C2,
E5BA,
E5AC,
E59F,
E59A,
E594,
E587,
E57B,
E574,
E56D,
E561,
E556,
E54F,
E548,
E53D,
E531,
E52B,
E525,
E51A,
E50E,
E509,
E505,
E4FC,
E4F1,
E4EC,
E4E9,
E4E0,
E4D7,
E4D1,
E4CE,
E4C6,
E4BD,
E4B9,
E4B6,
E4AF,
E4A6,
E4A1,
E49D,
E496,
E48C,
E485,
E481,
E479,
E46E,
E467,
E462,
E459,
E44D,
E443,
E43B,
E42F,
E422,
E419,
E416,
E411,
E40B,
E407,
E407,
E405,
E401,
E400,
E404,
E407,
E408,
E40B,
E413,
E418,
E419,
E419,
E41A,
E418,
E411,
E40A,
E406,
E402,
E3FB,
E3F5,
E3F1,
E3EC,
E3E4,
E3DD,
E3DC,
E3DE,
E3E4,
E3ED,
E3FA,
E406,
E40D,
E414,
E41D,
E426,
E42E,
E435,
E43D,
E442,
E43F,
E439,
E42F,
E423,
E416,
E40B,
E407,
E409,
E40F,
E41A,
E424,
E42F,
E43E,
E451,
E46C,
E48B,
E49F,
E4A9,
E4A4,
E494,
E47D,
E462,
E44A,
E437,
E426,
E419,
E414,
E418,
E427,
E441,
E462,
E48B,
E4A9,
E4B9,
E4BA,
E4A9,
E48E,
E469,
E447,
E429,
E415,
E40A,
E40F,
E427,
E44C,
E481,
E4AE,
E4CF,
E4D7,
E4B8,
E48E,
E45C,
E42C,
E402,
E3E4,
E3DA,
E3E6,
E418,
E453,
E490,
E4BA,
E4B3,
E493,
E459,
E41C,
E3F3,
E3DF,
E3F1,
E414,
E43E,
E467,
E47C,
E481,
E46C,
E44B,
E42A,
E412,
E422,
E444,
E468,
E485,
E473,
E44A,
E42A,
E414,
E422,
E446,
E46E,
E495,
E494,
E476,
E440,
E3FE,
E404,
E444,
E49C,
E503,
E507,
E4B5,
E45F,
E408,
E41A,
E493,
E4FB,
E54D,
E53E,
E4C3,
E470,
E44E,
E47E,
E514,
E567,
E55B,
E524,
E4B7,
E49B,
E505,
E558,
E571,
E56A,
E533,
E51F,
E55A,
E57C,
E552,
E538,
E55B,
E580,
E59D,
E597,
E53A,
E504,
E568,
E5C8,
E5BE,
E58F,
E535,
E506,
E594,
E61D,
E5CF,
E559,
E539,
E557,
E61C,
E6BB,
E574,
E410,
E5D4,
E83A,
E741,
E4EF,
E2BD,
E1A3,
E850,
F0DD,
E9E0,
DC27,
DB80,
E25C,
EB04,
F3BD,
ED92,
DE7D,
DD69,
E5A1,
E79A,
E550,
E563,
E71F,
E68F,
E431,
E50C,
E8C7,
EB75,
ED07,
ECB7,
EA72,
E767,
E3AE,
DFBB,
DB94,
DA78,
DD1F,
E00F,
E2C1,
E74E,
EE63,
F390,
F583,
F73E,
F991,
F956,
F511,
F09C,
ED4D,
E914,
E2F1,
DD94,
DA71,
D791,
D3E6,
D1B0,
D2AB,
D457,
D535,
D6F7,
DAF5,
DF5E,
E2CD,
E688,
EBC3,
F0FB,
F4A4,
F7F3,
FC12,
FFE8,
0212,
039B,
05B0,
0781,
07ED,
07A8,
07AB,
0769,
05CC,
0387,
01DE,
0054,
FE19,
FB7A,
F910,
F6A6,
F394,
F028,
ED5E,
EAFA,
E844,
E564,
E2F7,
E0DC,
DE4D,
DB6B,
D904,
D709,
D511,
D323,
D1A3,
D08F,
CF49,
CDCB,
CCA2,
CBD4,
CB0D,
CA46,
C9D6,
C9CE,
C9B8,
C97C,
C97B,
C9C7,
CA17,
CA5A,
CABE,
CB53,
CBDB,
CC3C,
CCC1,
CD85,
CE5D,
CF38,
D042,
D1A0,
D2F0,
D3F7,
D4F2,
D5F0,
D6F0,
D7F0,
D90C,
DA68,
DBD3,
DD2E,
DE8C,
DFFD,
E160,
E28D,
E3A3,
E4B3,
E5BC,
E6B7,
E7BD,
E8F8,
EA4D,
EBA8,
ED0C,
EE7C,
EFEB,
F135,
F266,
F38C,
F4A2,
F58D,
F663,
F753,
F857,
F96C,
FA91,
FBCE,
FD1A,
FE46,
FF58,
005A,
014D,
0237,
0319,
0408,
0500,
05E7,
06BD,
0795,
086C,
0944,
0A1E,
0AFF,
0BEB,
0CC9,
0D98,
0E62,
0F29,
0FDE,
107B,
1112,
11A6,
1233,
12B9,
133C,
13BD,
1430,
148E,
14ED,
1556,
15C7,
1641,
16C4,
1751,
17E2,
1871,
1902,
1999,
1A27,
1AA5,
1B12,
1B65,
1BA6,
1BCF,
1BF9,
1C3B,
1C89,
1CE3,
1D45,
1DAE,
1E1D,
1E8F,
1F09,
1F95,
2027,
20B4,
2137,
21A3,
21FB,
2235,
2257,
226E,
2278,
2272,
2264,
2256,
224E,
225B,
227C,
22B2,
22FB,
234A,
23A3,
240C,
2481,
24FB,
2578,
25F1,
2666,
26D2,
2735,
2796,
27F4,
2844,
2885,
28AD,
28BA,
28AE,
2888,
2859,
2824,
27F4,
27CD,
27BA,
27BE,
27DC,
2816,
2863,
28C4,
2928,
2989,
29EC,
2A53,
2ABD,
2B2A,
2B97,
2C05,
2C69,
2CBC,
2D00,
2D32,
2D55,
2D67,
2D69,
2D5B,
2D41,
2D1C,
2CF7,
2CE0,
2CD6,
2CE1,
2CFF,
2D31,
2D77,
2DD4,
2E41,
2EB8,
2F2F,
2F93,
2FEB,
3037,
307D,
30C0,
30FF,
3139,
316D,
318C,
31A0,
31AC,
31B8,
31E0,
321E,
327A,
32EC,
335F,
33D1,
3439,
3499,
34EE,
3539,
3576,
35A6,
35CC,
35EA,
3609,
362A,
364C,
3670,
369D,
36D4,
3718,
376B,
37D9,
3864,
3901,
39AE,
3A57,
3AF6,
3B8B,
3C12,
3C92,
3D08,
3D7A,
3DEA,
3E61,
3EE3,
3F74,
4018,
40C3,
4173,
4224,
42D4,
4387,
4440,
44F3,
459C,
4631,
46A4,
4700,
473A,
477A,
47DE,
4864,
4927,
4A04,
4AE8,
4BC6,
4C83,
4D29,
4DB4,
4E2B,
4E93,
4EF0,
4F48,
4FA1,
500B,
5084,
5119,
51C3,
5282,
534E,
540F,
54C3,
5554,
55C9,
5623,
5668,
56A1,
56D3,
5725,
578D,
5806,
5886,
58D6,
58F7,
58DC,
5886,
5819,
5796,
5719,
56A5,
562E,
55B6,
552C,
548F,
53CC,
52E0,
51C0,
5066,
4EDA,
4D17,
4B49,
4979,
47AF,
45FB,
4414,
41E6,
3F70,
3C9F,
39AE,
36AA,
33AE,
30D0,
2DF6,
2B20,
2830,
250F,
21D4,
1E7C,
1B29,
17EB,
14D1,
11F2,
0F44,
0CCA,
0A80,
0860,
0673,
04B5,
0349,
025B,
01EF,
023B,
030E,
0440,
05D2,
07BB,
0A07,
0CE6,
103F,
1423,
1864,
1CC2,
2125,
253F,
2911,
2C9A,
2FC5,
3262,
345C,
3533,
34F8,
336A,
30AD,
2D15,
28B2,
238D,
1DC5,
17AE,
116E,
0BF4,
075A,
0452,
02EE,
0377,
05F4,
09F7,
0F75,
159F,
1C5A,
221F,
26A7,
2894,
2762,
23A6,
1D11,
15B5,
0DD0,
0797,
03E3,
0357,
06FD,
0CD7,
1544,
1C0E,
1F38,
1E8F,
17EF,
1035,
08CE,
0446,
05E1,
0A5A,
122B,
1843,
177D,
137E,
0B9E,
051D,
06DF,
0B6B,
10A6,
1419,
0F46,
08AC,
0746,
085F,
0C8A,
108E,
0C88,
0648,
0744,
0AF9,
0BBE,
0AFF,
087B,
0591,
07D6,
0C47,
09EB,
0434,
0515,
09A4,
0969,
0632,
051B,
0577,
05FB,
06A0,
0625,
04C1,
0492,
056D,
04C5,
02B6,
031F,
0604,
05D7,
024F,
015E,
0384,
03DE,
01D5,
0173,
0365,
03AC,
0168,
0039,
00F2,
0136,
0074,
0036,
0108,
0144,
003D,
FF63,
FF2F,
FF07,
FEC0,
FE9D,
FECC,
FEE7,
FEBC,
FE68,
FDDD,
FD5B,
FD1D,
FCE5,
FC84,
FC43,
FC7E,
FCAB,
FC30,
FBA8,
FBAF,
FBB4,
FAFC,
FA3C,
FA69,
FAC5,
FA53,
F9B9,
F9E7,
FA40,
F9BA,
F8F2,
F905,
F95F,
F8D6,
F7F6,
F7FC,
F869,
F80C,
F74E,
F762,
F7E5,
F786,
F69F,
F680,
F6E4,
F691,
F5BE,
F5AD,
F635,
F604,
F535,
F513,
F590,
F56C,
F4A6,
F475,
F4E9,
F4C4,
F3EA,
F398,
F3F5,
F3DA,
F316,
F2D1,
F34C,
F35E,
F2BE,
F27B,
F2EB,
F301,
F25F,
F207,
F260,
F274,
F1D3,
F16A,
F1AF,
F1C0,
F11C,
F0A5,
F0E4,
F106,
F083,
F01D,
F068,
F0A4,
F03B,
EFD6,
F001,
EF6E,
EFD5,
F01A,
EF80,
EED7,
EF22,
EF89,
EF07,
EE61,
EEA3,
EF15,
EEAD,
EE11,
EE4D,
EEC8,
EE75,
EDDC,
EE0B,
EE84,
EE3E,
EDA3,
EDBC,
EE28,
EDE3,
ED3E,
ED42,
EDA9,
ED70,
ECD0,
ECC9,
ED2F,
ED03,
EC66,
EC52,
ECB2,
EC90,
EBF9,
EBDD,
EC3B,
EC29,
EB9E,
EB7E,
EBDE,
EBDB,
EB59,
EB32,
EB8B,
EB91,
EB16,
EAE8,
EB3B,
EB48,
EAD3,
EA9C,
EAE6,
EAF8,
EA8B,
EA4F,
EA92,
EAAA,
EA43,
E9FF,
EA38,
EA53,
E9F1,
E9A7,
E9D5,
E9F3,
E99A,
E94E,
E976,
E997,
E946,
E8F8,
E91B,
E940,
E8F9,
E8AA,
E8C5,
E8EC,
E8AD,
E85F,
E875,
E89E,
E868,
E81B,
E82B,
E855,
E826,
E7DB,
E7E5,
E811,
E7E9,
E79E,
E7A3,
E7CE,
E7AD,
E765,
E764,
E78E,
E774,
E72D,
E728,
E752,
E73D,
E6F9,
E6F0,
E717,
E707,
E6C5,
E6B8,
E6DE,
E6D3,
E695,
E683,
E6A6,
E6A0,
E665,
E651,
E672,
E670,
E638,
E620,
E63F,
E641,
E60E,
E5F4,
E60F,
E614,
E5E4,
E5C9,
E5E2,
E5E9,
E5BD,
E5A0,
E5B7,
E5C2,
E59A,
E57B,
E58E,
E59A,
E576,
E558,
E568,
E576,
E554,
E534,
E543,
E552,
E534,
E513,
E51E,
E52E,
E513,
E4F2,
E4FA,
E50A,
E4F2,
E4D1,
E4D6,
E4E7,
E4D1,
E4B0,
E4B3,
E4C3,
E4B0,
E48F,
E48F,
E49E,
E48D,
E46C,
E46A,
E479,
E46D,
E44E,
E44C,
E45D,
E456,
E43D,
E43B,
E44E,
E44A,
E433,
E430,
E443,
E442,
E42D,
E42C,
E440,
E444,
E432,
E430,
E444,
E44B,
E43C,
E43A,
E44C,
E451,
E440,
E438,
E443,
E444,
E42F,
E423,
E42B,
E42D,
E41A,
E40D,
E415,
E418,
E407,
E3FA,
E401,
E406,
E3F7,
E3EB,
E3F6,
E401,
E3FC,
E3F9,
E40C,
E421,
E424,
E428,
E43D,
E455,
E459,
E459,
E467,
E477,
E474,
E46C,
E473,
E47D,
E476,
E469,
E466,
E466,
E454,
E43B,
E42F,
E429,
E41B,
E40A,
E40A,
E415,
E418,
E418,
E425,
E43D,
E44B,
E451,
E461,
E478,
E485,
E487,
E48E,
E49B,
E49A,
E48C,
E47F,
E476,
E465,
E44C,
E43B,
E436,
E42E,
E421,
E41D,
E427,
E431,
E438,
E448,
E468,
E482,
E48E,
E497,
E4A0,
E49E,
E489,
E473,
E465,
E454,
E43B,
E427,
E422,
E41F,
E412,
E40C,
E418,
E427,
E42C,
E432,
E445,
E456,
E45A,
E459,
E458,
E452,
E442,
E42E,
E41A,
E409,
E406,
E409,
E40F,
E416,
E41B,
E41F,
E423,
E428,
E432,
E43F,
E450,
E460,
E458,
E440,
E423,
E403,
E3ED,
E3E2,
E3FA,
E42E,
E455,
E473,
E48A,
E49A,
E479,
E42C,
E402,
E3FC,
E3EF,
E3DA,
E3F9,
E451,
E48D,
E4A8,
E4A6,
E483,
E457,
E422,
E3FA,
E3E3,
E411,
E4A2,
E50E,
E52E,
E527,
E4F2,
E4A8,
E441,
E419,
E46C,
E4DE,
E563,
E5BC,
E5B6,
E56C,
E4AB,
E430,
E4A2,
E547,
E5D7,
E63E,
E650,
E605,
E4DC,
E3FC,
E4CD,
E646,
E88C,
E99C,
E445,
DED6,
E32E,
EA57,
ED59,
ED37,
E510,
DB2E,
DC9F,
E38B,
EA18,
EFFE,
F198,
EFBB,
E78D,
DC64,
D8D2,
DA6F,
DE52,
E435,
EB88,
F36C,
F6F6,
F6BE,
F32B,
ECAF,
E526,
DCF2,
D782,
D4DF,
D4FA,
D7D0,
DC64,
E295,
E980,
F104,
F6A2,
F9EC,
FC5E,
FE16,
FD31,
F927,
F4AC,
F040,
EAEC,
E469,
DE91,
D9FA,
D60C,
D2BC,
D098,
D009,
D03A,
D0E1,
D296,
D5D8,
D96E,
DC9B,
E083,
E620,
EB74,
EEFE,
F289,
F76A,
FBC3,
FDCE,
FF92,
02E4,
05DD,
0692,
06B8,
080F,
0908,
07A1,
058B,
04D7,
042E,
01B5,
FEB9,
FD46,
FC27,
F95C,
F5EB,
F393,
F191,
EE60,
EAB1,
E80B,
E5F3,
E363,
E0A7,
DE9C,
DCFF,
DAEE,
D898,
D6B8,
D52F,
D358,
D152,
CFF6,
CF2C,
CE21,
CCDE,
CC2E,
CC0B,
CB98,
CACE,
CA6D,
CA82,
CA4F,
C9BF,
C985,
C9B7,
C9CF,
C9B1,
C9FA,
CAD3,
CB9E,
CC34,
CD01,
CE29,
CF1E,
CFA7,
D040,
D10E,
D1D6,
D27D,
D347,
D456,
D581,
D6C1,
D808,
D94E,
DA93,
DBD4,
DD0D,
DE34,
DF56,
E079,
E19A,
E2BB,
E3D5,
E4D8,
E5DD,
E6FA,
E824,
E955,
EA97,
EC07,
ED8A,
EF01,
F072,
F1D8,
F32C,
F455,
F562,
F663,
F756,
F832,
F902,
F9E3,
FACE,
FBB0,
FC94,
FD94,
FEA9,
FFC4,
00E4,
0208,
032A,
0441,
054B,
0634,
0700,
07C0,
0874,
091A,
09B3,
0A45,
0ACF,
0B58,
0BE1,
0C5E,
0CCB,
0D54,
0E02,
0EB5,
0F68,
1037,
112B,
120D,
12CF,
138A,
1441,
14DE,
1553,
15CA,
1651,
16CD,
1730,
1798,
1818,
188D,
18E2,
193E,
19B9,
1A38,
1AA9,
1B24,
1BBF,
1C5F,
1CF1,
1D82,
1E20,
1EBA,
1F40,
1FBF,
2042,
20B7,
2100,
2132,
215F,
217B,
2164,
213B,
2132,
2135,
2125,
2119,
213F,
217F,
21AD,
21D9,
2228,
228B,
22DF,
232D,
2395,
240C,
246C,
24BB,
2515,
2576,
25C2,
25FE,
2650,
26B3,
2708,
2750,
279D,
27F0,
2823,
2834,
283E,
283F,
282D,
2807,
27E7,
27D1,
27B5,
278E,
2776,
2770,
276F,
276C,
2783,
27BE,
2800,
2844,
2892,
28F1,
2948,
2989,
29C9,
2A11,
2A57,
2A95,
2AD9,
2B2A,
2B7C,
2BC7,
2C10,
2C55,
2C93,
2CC2,
2CEA,
2D0E,
2D29,
2D30,
2D2B,
2D1F,
2D09,
2CE3,
2CBC,
2CA4,
2C9A,
2CA3,
2CBE,
2CFA,
2D4B,
2DA4,
2E05,
2E71,
2EE3,
2F52,
2FBF,
3030,
30A3,
310B,
316C,
31C7,
321C,
3260,
3298,
32D6,
3317,
3358,
339A,
33E2,
342F,
347D,
34CB,
351C,
356E,
35CB,
3632,
36A5,
3723,
379E,
3816,
3887,
38EE,
3945,
3988,
39CA,
3A0E,
3A51,
3A93,
3ADF,
3B38,
3B91,
3BE6,
3C42,
3CAD,
3D23,
3DA9,
3E3E,
3EE4,
3F94,
404C,
4100,
41A4,
423E,
42C9,
434B,
43C1,
4436,
44B5,
4535,
45B0,
4633,
46D1,
4777,
4816,
48BC,
4980,
4A4D,
4B10,
4BCC,
4C80,
4D28,
4DB8,
4E38,
4EA9,
4F13,
4F85,
4FFA,
506F,
50E7,
516C,
51F7,
5270,
52DE,
5350,
53C3,
5431,
5496,
54EC,
5533,
5568,
558D,
5595,
5586,
557C,
5575,
557A,
5589,
55A5,
55CB,
55CD,
55A7,
555E,
54F0,
5451,
537B,
5299,
51B0,
50CB,
4FF0,
4F09,
4E12,
4D0B,
4BF8,
4AB7,
4938,
479A,
45E5,
4403,
41E3,
3FAF,
3D7D,
3B31,
38BD,
363D,
33BF,
3137,
2EA9,
2BFC,
2911,
260D,
2302,
1FE3,
1C95,
1951,
1650,
1379,
10C8,
0E45,
0C08,
09F3,
07D4,
05D2,
040E,
0290,
0175,
00C2,
0096,
00F0,
0202,
039B,
0562,
0770,
09F4,
0CD5,
0FE2,
1329,
16F7,
1B1F,
1F36,
2338,
272A,
2AEC,
2DD0,
2FE3,
313D,
31DB,
3196,
306D,
2E38,
2AFE,
26EE,
2212,
1C99,
1691,
1097,
0AC1,
05F1,
0254,
002E,
FFA4,
00D2,
03E5,
0832,
0DB3,
13C0,
1A5B,
1FAA,
22F3,
2465,
23BF,
2098,
1A13,
12BA,
0B12,
04ED,
0198,
00FA,
042B,
0944,
103D,
16AF,
1B07,
1C6B,
1850,
11E2,
0992,
02F4,
0329,
0680,
0C4C,
1207,
13FC,
1353,
0E27,
080B,
062F,
06A9,
09E4,
0DCE,
0E08,
0C5A,
098D,
06A8,
07B9,
0A92,
0AC2,
097F,
07F7,
0667,
06E9,
08A6,
0914,
0895,
072B,
0529,
0508,
0653,
06B3,
0654,
05CC,
051B,
0522,
05D5,
0547,
0378,
02FD,
03F8,
0430,
0379,
033C,
03A0,
0393,
02EF,
0255,
01D4,
0196,
01BE,
018E,
00B4,
0077,
016E,
01AB,
004E,
FF7F,
0039,
0072,
FF22,
FE3E,
FEE2,
FF39,
FE2A,
FD63,
FE06,
FE76,
FD7E,
FCA4,
FD1F,
FD8D,
FCCD,
FBFF,
FC21,
FC4F,
FBA9,
FAED,
FAE2,
FAF5,
FA84,
FA03,
FA11,
FA43,
FA06,
F9AB,
F9A3,
F9AF,
F969,
F901,
F8D2,
F8B7,
F867,
F800,
F7C5,
F7A1,
F76A,
F728,
F6ED,
F6BA,
F6A8,
F6AD,
F686,
F63F,
F635,
F659,
F631,
F5C6,
F59B,
F5AB,
F56A,
F4D8,
F493,
F4A1,
F464,
F3CD,
F38A,
F3B2,
F398,
F31E,
F2ED,
F328,
F329,
F2C5,
F297,
F2CF,
F2D4,
F271,
F236,
F25F,
F261,
F1FE,
F1B7,
F1CA,
F1C1,
F157,
F101,
F105,
F0F8,
F08E,
F036,
F047,
F052,
F006,
EFB3,
EF7B,
F0A7,
F002,
EF69,
EFAB,
EFFE,
EF70,
EEC8,
EEF3,
EF40,
EECD,
EE34,
EE56,
EEA7,
EE4A,
EDBC,
EDDA,
EE32,
EDE8,
ED61,
ED78,
EDD4,
ED98,
ED13,
ED21,
ED7F,
ED54,
ECD9,
ECDD,
ED35,
ED14,
EC9F,
EC9B,
ECF0,
ECD6,
EC5F,
EC50,
ECA2,
EC8D,
EC13,
EBF6,
EC3E,
EC2E,
EBBA,
EB93,
EBD1,
EBC6,
EB54,
EB27,
EB63,
EB60,
EAF4,
EAC1,
EAF9,
EAFE,
EA9A,
EA63,
EA97,
EAA2,
EA45,
EA0B,
EA39,
EA4A,
E9F5,
E9B8,
E9E0,
E9F5,
E9A7,
E967,
E98A,
E9A4,
E95D,
E91D,
E93C,
E959,
E919,
E8D7,
E8F1,
E911,
E8D7,
E892,
E8A7,
E8C8,
E895,
E850,
E85F,
E881,
E853,
E80E,
E817,
E83A,
E812,
E7CE,
E7D2,
E7F4,
E7D2,
E78F,
E78E,
E7B0,
E794,
E754,
E74F,
E76F,
E758,
E71B,
E712,
E731,
E71F,
E6E3,
E6D7,
E6F6,
E6E9,
E6B0,
E6A1,
E6BD,
E6B4,
E67F,
E66D,
E688,
E682,
E650,
E63B,
E655,
E653,
E624,
E60D,
E623,
E624,
E5F7,
E5DF,
E5F4,
E5F8,
E5CF,
E5B4,
E5C6,
E5CC,
E5A5,
E58A,
E59A,
E5A2,
E57F,
E562,
E56F,
E579,
E559,
E53D,
E548,
E552,
E536,
E51A,
E522,
E52D,
E515,
E4F8,
E4FF,
E50C,
E4F6,
E4DA,
E4E0,
E4EF,
E4DD,
E4C1,
E4C6,
E4D5,
E4C5,
E4AA,
E4AD,
E4BD,
E4B1,
E497,
E497,
E4A5,
E49B,
E481,
E480,
E48F,
E486,
E46C,
E469,
E478,
E472,
E45A,
E456,
E462,
E45D,
E446,
E43F,
E449,
E444,
E42C,
E423,
E42C,
E429,
E413,
E409,
E411,
E40F,
E3FC,
E3F4,
E3FE,
E402,
E3F5,
E3F2,
E401,
E40A,
E403,
E403,
E416,
E424,
E41D,
E41C,
E431,
E442,
E43F,
E43D,
E44E,
E45D,
E45F,
E460,
E46F,
E47B,
E479,
E476,
E483,
E48F,
E487,
E47A,
E47D,
E481,
E472,
E45D,
E455,
E44F,
E43D,
E426,
E41B,
E416,
E409,
E3FC,
E3FE,
E407,
E403,
E3F9,
E401,
E413,
E418,
E416,
E41E,
E42E,
E43D,
E44B,
E45F,
E477,
E489,
E495,
E4AB,
E4CA,
E4D7,
E4D4,
E4D2,
E4D2,
E4C8,
E4B1,
E4A0,
E494,
E47D,
E455,
E437,
E427,
E412,
E3F6,
E3E5,
E3E6,
E3E7,
E3E2,
E3E8,
E3FF,
E417,
E42E,
E441,
E44B,
E45D,
E484,
E49C,
E485,
E475,
E48F,
E4A0,
E48C,
E46E,
E44D,
E42C,
E411,
E3EE,
E3AB,
E373,
E380,
E39E,
E39E,
E39E,
E3B1,
E3D6,
E425,
E479,
E49D,
E4A4,
E488,
E45F,
E465,
E477,
E444,
E3F2,
E3BD,
E399,
E38A,
E388,
E378,
E365,
E365,
E378,
E3BE,
E425,
E454,
E459,
E462,
E46D,
E478,
E47F,
E464,
E429,
E3C5,
E33D,
E2FD,
E308,
E33F,
E3A1,
E3F9,
E441,
E470,
E482,
E493,
E4A8,
E497,
E454,
E3FB,
E389,
E33C,
E326,
E350,
E3CE,
E468,
E524,
E588,
E53C,
E4E7,
E4C2,
E4B0,
E4DF,
E46F,
E1EC,
E174,
E7D8,
EC14,
E600,
DF65,
DDE3,
E0D6,
EF08,
F919,
E951,
D647,
D54A,
DB72,
E577,
EFFA,
F4B2,
F507,
EDC4,
E31B,
D96B,
D234,
D563,
DE16,
E5E6,
ED88,
F577,
FBFD,
F987,
F18E,
EBBE,
E6BD,
DEEE,
D60A,
D341,
D50F,
D638,
D780,
DE19,
E8CD,
F063,
F52E,
FA0F,
FEC3,
FF6C,
FC22,
FA26,
F9A5,
F639,
EFA9,
E994,
E456,
DEC3,
D8BC,
D4DD,
D3E0,
D23B,
CF19,
CDEF,
CFA4,
D22D,
D545,
D8CC,
DCB1,
E08B,
E3FE,
E81C,
EDB2,
F271,
F4F0,
F797,
FB93,
FF79,
02E1,
0570,
065F,
0701,
0854,
0958,
097D,
08EC,
073E,
0563,
0493,
039A,
011C,
FE56,
FCBA,
FB3E,
F8CD,
F5EC,
F2D4,
EFC3,
ED96,
EB97,
E84F,
E4A7,
E26F,
E0CF,
DE1C,
DB0A,
D92E,
D7F6,
D607,
D3C7,
D23E,
D12D,
CFF2,
CEA4,
CD65,
CC39,
CB71,
CAFA,
CA31,
C92B,
C893,
C861,
C815,
C7B0,
C7D9,
C894,
C8E3,
C8B3,
C909,
C9FF,
CAAE,
CAF7,
CB57,
CBDC,
CC62,
CCE4,
CD83,
CE48,
CF10,
CFCC,
D0B7,
D1ED,
D321,
D43D,
D553,
D65A,
D784,
D900,
DA5A,
DB45,
DC44,
DDAA,
DF00,
DFF8,
E0ED,
E216,
E33F,
E448,
E554,
E68A,
E7B6,
E88D,
E97A,
EB1C,
ECC4,
ED89,
EE2A,
EF97,
F12D,
F21A,
F2D9,
F406,
F54E,
F630,
F6ED,
F7FE,
F929,
F9F6,
FA98,
FB80,
FC86,
FD35,
FDBB,
FEB7,
FFF6,
00AF,
011B,
0234,
03C5,
04BA,
053B,
0635,
0791,
0872,
08E6,
09BB,
0AED,
0BA5,
0BDF,
0C79,
0D81,
0E33,
0E7E,
0F0C,
0FF3,
10A8,
1113,
11A9,
1283,
134B,
13ED,
149B,
1564,
1618,
16A0,
1739,
1800,
18AC,
1915,
1990,
1A49,
1AF2,
1B61,
1BD5,
1C75,
1D05,
1D57,
1DAA,
1E35,
1EA4,
1EA1,
1EA0,
1F15,
1F82,
1F6C,
1F4B,
1F9B,
1FF5,
1FEA,
1FCF,
2009,
2055,
205F,
205F,
20B2,
211C,
2133,
2136,
21B0,
2253,
2277,
2269,
22E4,
239B,
23C3,
23A1,
23F8,
2493,
24D7,
24E3,
252D,
25A0,
25D3,
25D6,
2617,
2689,
26B7,
26AA,
26D9,
273F,
275B,
2729,
2739,
2795,
27A8,
2764,
274D,
2776,
2774,
2736,
2723,
2753,
2767,
2742,
2747,
2798,
27CF,
27CA,
27DA,
281B,
2859,
2881,
28AE,
28EC,
2924,
294C,
2979,
29BD,
29FF,
2A32,
2A67,
2AA9,
2AE7,
2B0F,
2B39,
2B7F,
2BC8,
2C03,
2C37,
2C65,
2C8B,
2C9E,
2CAE,
2CD9,
2D01,
2CEB,
2CC9,
2CF0,
2D28,
2D0E,
2CDC,
2D02,
2D4A,
2D53,
2D44,
2D69,
2DA9,
2DD8,
2E00,
2E42,
2E94,
2EDF,
2F29,
2F95,
3018,
3068,
3092,
30FB,
3197,
3201,
3241,
32AE,
3346,
33CA,
3438,
34B5,
3542,
35C9,
3647,
36C7,
3749,
37B3,
37FE,
3855,
38C0,
3920,
3970,
39C3,
3A1D,
3A77,
3ACE,
3B35,
3BB4,
3C37,
3CB7,
3D3B,
3DC3,
3E4F,
3EE1,
3F70,
3FF5,
4073,
40EC,
415C,
41B9,
4221,
42B5,
4340,
4389,
43D1,
4456,
44E8,
4568,
45E1,
464B,
46B5,
4733,
47B8,
4831,
48AC,
494E,
49F8,
4A6C,
4AD2,
4B6E,
4C1F,
4CB1,
4D32,
4DB5,
4E37,
4EB4,
4F32,
4FDB,
5097,
50EB,
50FD,
5186,
525C,
52BB,
52C1,
5301,
536E,
53C4,
5404,
543F,
5474,
54B1,
54F5,
5532,
5567,
555B,
5505,
54DE,
54FA,
54DC,
5473,
53F8,
536F,
52E4,
5261,
51CD,
5127,
5054,
4F44,
4E2A,
4D1C,
4BEF,
4A92,
4922,
47A7,
461A,
447D,
42C7,
40F9,
3F07,
3CE0,
3A9B,
3845,
35D4,
333E,
308E,
2DC7,
2AE6,
27DE,
24D1,
21E5,
1F0A,
1C3C,
1970,
1691,
13AF,
10D7,
0E10,
0B63,
08DA,
06A4,
049D,
0265,
0040,
FEAA,
FD88,
FCF1,
FCCB,
FCB8,
FCE6,
FE2F,
0032,
014E,
0203,
04B0,
08C9,
0C0A,
0EB4,
11BB,
1511,
1948,
1E3D,
224A,
256D,
284C,
2ADC,
2D5B,
2FCC,
3070,
2F15,
2CDE,
29CD,
26E0,
2463,
2066,
1A7A,
1436,
0DBD,
0821,
03CF,
00A5,
FEE6,
FDC9,
FCE8,
FDDC,
0180,
06AC,
0D7C,
1485,
1B68,
209A,
22B2,
22B4,
207C,
1C6F,
1622,
0F2C,
0858,
0274,
FE6F,
FCE2,
FFCD,
051F,
0C78,
13EA,
1943,
1BF5,
18BE,
1266,
0A2A,
0218,
FE8D,
FE7E,
0473,
0CFF,
12AA,
15B5,
11B2,
09DE,
037E,
FEDC,
022E,
0A1E,
0E7F,
101C,
0B37,
023C,
0027,
0328,
0828,
0E76,
0C93,
0411,
0183,
0425,
06CB,
0976,
0760,
0079,
FFE6,
063A,
0811,
0489,
0280,
0277,
0380,
05F6,
0595,
00F5,
FF98,
03B7,
04AB,
FFAE,
FD71,
00EF,
02BF,
003A,
FEBE,
0053,
015F,
006F,
FF81,
FF3E,
FF34,
FF8A,
FF63,
FDBB,
FC7C,
FD51,
FDE7,
FC3A,
FADE,
FC50,
FDA4,
FBDC,
FA0A,
FB76,
FD25,
FBC3,
F9FF,
FB14,
FC93,
FB33,
F93D,
FA0E,
FB88,
FA47,
F830,
F882,
F9AE,
F8D5,
F735,
F76E,
F878,
F7D9,
F674,
F6CF,
F821,
F7E8,
F6C1,
F6CA,
F799,
F773,
F69C,
F685,
F701,
F6B8,
F5C8,
F588,
F5EB,
F5AE,
F4D0,
F47C,
F4BB,
F498,
F401,
F3A7,
F39E,
F37A,
F32D,
F2FD,
F2F6,
F2D9,
F295,
F274,
F28F,
F28E,
F255,
F230,
F23B,
F23A,
F21B,
F1F7,
F1D5,
F1B7,
F1A4,
F183,
F13F,
F106,
F101,
F0EE,
F098,
F046,
F024,
F025,
F07B,
EFA4,
EF9F,
EF94,
EF65,
EF30,
EF23,
EF1C,
EF06,
EEE9,
EED7,
EEC6,
EEB1,
EE9C,
EE90,
EE86,
EE72,
EE5A,
EE48,
EE38,
EE20,
EE02,
EDEF,
EDDF,
EDC0,
ED97,
ED79,
ED60,
ED45,
ED27,
ED08,
ECE6,
ECC8,
ECAB,
EC8D,
EC6F,
EC56,
EC40,
EC23,
EBFD,
EBE0,
EBCD,
EBB6,
EB98,
EB7D,
EB66,
EB4F,
EB36,
EB1F,
EB09,
EAF4,
EAE0,
EACC,
EAB7,
EAA3,
EA92,
EA7F,
EA69,
EA54,
EA44,
EA33,
EA1F,
EA0C,
E9FD,
E9EC,
E9D8,
E9C5,
E9B8,
E9AA,
E995,
E982,
E973,
E965,
E953,
E940,
E930,
E91F,
E90B,
E8F7,
E8E7,
E8D7,
E8C3,
E8AF,
E89D,
E88C,
E879,
E865,
E854,
E844,
E831,
E81F,
E80E,
E7FD,
E7EC,
E7DA,
E7CA,
E7BC,
E7AB,
E79B,
E78A,
E77A,
E76B,
E75C,
E74C,
E73C,
E72D,
E71F,
E711,
E703,
E6F5,
E6E8,
E6DA,
E6CC,
E6BE,
E6B2,
E6A5,
E697,
E68B,
E67F,
E673,
E665,
E659,
E64E,
E643,
E636,
E62A,
E621,
E616,
E609,
E5FD,
E5F3,
E5E9,
E5DC,
E5D0,
E5C7,
E5BD,
E5B1,
E5A6,
E59D,
E594,
E588,
E57C,
E573,
E56A,
E55F,
E554,
E54C,
E543,
E539,
E52F,
E527,
E51F,
E515,
E50A,
E503,
E4FB,
E4F2,
E4E7,
E4E0,
E4DA,
E4D2,
E4C9,
E4C2,
E4BD,
E4B7,
E4B1,
E4AC,
E4A8,
E4A4,
E4A0,
E49D,
E49C,
E499,
E496,
E493,
E492,
E490,
E48F,
E48C,
E489,
E485,
E483,
E482,
E483,
E480,
E47A,
E477,
E477,
E475,
E473,
E470,
E46C,
E469,
E465,
E463,
E461,
E45D,
E456,
E451,
E44E,
E44B,
E446,
E440,
E438,
E431,
E42A,
E424,
E421,
E41D,
E414,
E40A,
E3FF,
E3F6,
E3F3,
E3F2,
E3EF,
E3EB,
E3E3,
E3DE,
E3E2,
E3E9,
E3F0,
E3F7,
E3FE,
E406,
E40F,
E41A,
E426,
E433,
E43D,
E446,
E44A,
E44E,
E459,
E466,
E468,
E467,
E46C,
E474,
E473,
E46F,
E476,
E482,
E485,
E483,
E477,
E467,
E466,
E46F,
E45B,
E435,
E42C,
E43A,
E420,
E3E5,
E3C9,
E3CA,
E3CB,
E3CB,
E3BE,
E3A0,
E39E,
E3BC,
E3D2,
E3DE,
E3EA,
E3F5,
E412,
E448,
E46A,
E46A,
E46D,
E47A,
E492,
E4C0,
E4D9,
E4CB,
E4B7,
E4A2,
E499,
E4AE,
E4B5,
E49A,
E473,
E443,
E41D,
E41A,
E416,
E3FC,
E3D9,
E3A9,
E385,
E388,
E39D,
E3C2,
E3E4,
E3E1,
E3DA,
E3EA,
E409,
E448,
E48A,
E4B2,
E4C3,
E4AA,
E47F,
E468,
E457,
E448,
E435,
E40F,
E3DD,
E39F,
E361,
E346,
E347,
E362,
E391,
E3B9,
E3DE,
E3FB,
E413,
E441,
E47D,
E4B1,
E4DE,
E4F0,
E4E9,
E4C3,
E481,
E44A,
E421,
E40B,
E40B,
E414,
E425,
E434,
E43F,
E450,
E467,
E49B,
E4F3,
E52E,
E539,
E571,
E607,
E5DA,
E457,
E3A4,
E4A6,
E564,
E572,
E439,
E011,
DFDD,
E999,
EEB8,
E548,
DD40,
DED1,
E3E6,
EDFD,
F2A2,
E44D,
D740,
DC57,
E4AC,
E742,
E8DC,
EC95,
EE34,
E6CC,
DDE8,
DB9D,
DC5D,
DEEC,
E2FE,
E8CA,
EEB8,
F1ED,
F2E4,
F004,
EAEC,
E61F,
E144,
DB9B,
D64E,
D572,
D786,
D96A,
DBDF,
E218,
EA9F,
F03F,
F3CB,
F843,
FCEB,
FD0E,
F977,
F6FF,
F554,
F0E1,
E9FD,
E55E,
E302,
DE9D,
D824,
D424,
D2F4,
D117,
CE34,
CE1B,
D175,
D3FB,
D4E5,
D779,
DC79,
E0BB,
E35B,
E73A,
ED64,
F23C,
F455,
F6E1,
FB07,
FE8C,
0077,
02A7,
0643,
0899,
07C9,
06FF,
080C,
08E9,
089D,
07F8,
0784,
0644,
02CF,
FF7F,
FED9,
FE47,
FB83,
F823,
F51C,
F23F,
EFAF,
ED74,
EC2A,
EAC8,
E713,
E2E3,
E141,
E088,
DE8A,
DC0D,
D9D6,
D7C0,
D5BF,
D3DC,
D253,
D0FC,
CF38,
CD4F,
CC4F,
CBE4,
CAD9,
C979,
C92A,
C99E,
C915,
C7D5,
C7FC,
C949,
C93F,
C805,
C7F0,
C8F6,
C98A,
C9A9,
C99E,
C964,
C9C3,
CADC,
CB66,
CB28,
CBB2,
CD52,
CE83,
CEF3,
CF8E,
D078,
D1AA,
D349,
D48C,
D507,
D5F1,
D7E1,
D945,
D93D,
D9CA,
DC18,
DDE6,
DDDA,
DE1C,
DFF8,
E1AE,
E21E,
E2B8,
E494,
E654,
E6D8,
E75F,
E8FF,
EAB3,
EB95,
EC62,
EDCB,
EF47,
F046,
F130,
F284,
F3E9,
F4DF,
F5BB,
F6F9,
F854,
F96D,
FA66,
FB64,
FC60,
FD61,
FE63,
FF5E,
004D,
0109,
01A8,
026D,
034B,
0441,
0542,
05DD,
0631,
06D9,
07C3,
08AC,
0994,
0A47,
0AC8,
0B64,
0C19,
0CD9,
0DA2,
0E46,
0EC0,
0F43,
0FD4,
1059,
10CE,
1156,
11F9,
127D,
12D6,
133D,
13BF,
1446,
14D1,
154A,
15A6,
160F,
169A,
1720,
1798,
17F7,
1826,
1872,
191A,
19A5,
19C3,
19E8,
1A56,
1AD3,
1B54,
1BBC,
1BD5,
1BF6,
1C75,
1D07,
1D82,
1DE6,
1E12,
1E3B,
1EAA,
1F2B,
1F8C,
1FDC,
200E,
2039,
2091,
20F4,
2136,
2168,
219C,
21D3,
2222,
2277,
229E,
22AF,
22F4,
2354,
238D,
23B0,
23EE,
243E,
2484,
24C2,
24EC,
2507,
2559,
25D7,
2603,
25E8,
2616,
2688,
26BE,
26B7,
26C5,
26ED,
2705,
270A,
271B,
273E,
274F,
274B,
2744,
2738,
274F,
279C,
27C6,
27AF,
27AD,
27D8,
280D,
284A,
287E,
289E,
28C3,
28F9,
2932,
296A,
29A2,
29D9,
2A0D,
2A37,
2A65,
2AA5,
2AE6,
2B20,
2B51,
2B67,
2B83,
2BCE,
2C1B,
2C39,
2C53,
2C92,
2CDB,
2D0F,
2D3C,
2D61,
2D8B,
2DE2,
2E42,
2E5B,
2E60,
2EBF,
2F39,
2F41,
2F1A,
2F62,
2FDF,
301C,
3030,
3020,
2FFE,
3042,
30C6,
30F8,
30F2,
30FD,
3116,
315A,
31C1,
31F5,
31FE,
3225,
326A,
32CF,
3355,
3392,
337C,
33A5,
3417,
3482,
34E2,
3522,
3538,
3581,
3616,
368B,
36C6,
36FB,
372E,
3785,
381C,
389D,
38E6,
3922,
3950,
3991,
39FF,
3A72,
3ADE,
3B39,
3B71,
3BAC,
3BFC,
3C6E,
3D2D,
3DE7,
3E57,
3EBA,
3F24,
3FAB,
4089,
416F,
4209,
428C,
4314,
43A7,
446B,
4535,
45CA,
4646,
46BE,
4733,
47AC,
482F,
48E0,
499F,
4A2A,
4A95,
4AF0,
4B44,
4BBF,
4C52,
4CE1,
4D6D,
4DFA,
4E83,
4EDC,
4F12,
4F67,
4FD7,
5059,
50EA,
5161,
51BE,
5210,
5255,
52A3,
52F8,
5352,
53B1,
53DD,
53CF,
53B6,
5394,
5373,
5359,
532A,
52E1,
528A,
5229,
51A5,
50EC,
504C,
4FE4,
4F7D,
4F0F,
4E8C,
4DE6,
4D3B,
4CAC,
4BBD,
49F0,
487E,
486F,
47D6,
4535,
42AF,
41CE,
40D2,
3EA7,
3BF0,
3867,
356C,
3559,
350E,
30AF,
2BD3,
2A58,
29A1,
2763,
247D,
210C,
1D7F,
1AB4,
1861,
16DD,
1562,
11A8,
0D04,
09BB,
0747,
05A6,
047B,
0268,
FFDA,
FD47,
FAE3,
FA0C,
FA5D,
FAD9,
FB7D,
FB74,
FAF6,
FB24,
FBFB,
FDF8,
0102,
045A,
07F3,
0AE4,
0D26,
0FC2,
12C0,
164B,
1A6A,
1EE9,
23D0,
27C1,
2A76,
2C58,
2D59,
2D9A,
2D11,
2C24,
2AFD,
28F8,
25DD,
21D7,
1CD0,
170E,
106C,
0A14,
0486,
FFDF,
FC57,
FA49,
FA47,
FB97,
FE16,
01B6,
06C2,
0C57,
1208,
1777,
1C5F,
200A,
216E,
20D7,
1DA5,
1894,
1161,
0986,
027D,
FCD6,
FA5A,
FAA0,
FF33,
0631,
0DF5,
1566,
195F,
1A4C,
15B3,
0DC2,
057A,
FDC5,
FBB0,
FDD8,
04AF,
0E3D,
130F,
13F7,
0E2F,
03A3,
FD04,
F9E5,
FE94,
0997,
0EF0,
0F17,
099C,
FEF0,
FC6A,
0229,
074B,
0BA5,
0926,
FEB2,
FB8F,
01D0,
0598,
05AD,
032B,
FD14,
FC16,
0355,
05FF,
000F,
FCFB,
002E,
0293,
0260,
0141,
FECF,
FDE7,
00E5,
0212,
FD9D,
FACD,
FE6E,
00E6,
FD19,
FA00,
FC87,
FEC5,
FC4E,
F9EA,
FB5D,
FD1D,
FC58,
FB47,
FBB8,
FC63,
FC3C,
FBCB,
FB43,
FAD2,
FB24,
FB8A,
FABA,
F9A6,
FA0A,
FAC9,
F9A1,
F7DD,
F838,
F969,
F88F,
F6DA,
F74E,
F8CC,
F80C,
F619,
F662,
F803,
F793,
F5CC,
F608,
F7B2,
F762,
F587,
F586,
F718,
F6FF,
F55D,
F535,
F689,
F671,
F4CC,
F477,
F5AF,
F5BF,
F44E,
F3D6,
F4C0,
F4C0,
F355,
F2C5,
F3A8,
F3CF,
F292,
F1F5,
F2A7,
F2D8,
F1D2,
F141,
F1E2,
F225,
F140,
F0B1,
F14D,
F1AE,
F100,
F07B,
F0E1,
F12A,
F095,
F01E,
F08D,
F0EA,
F04C,
F0DA,
F06E,
F007,
F00C,
F01B,
EFCC,
EF75,
EF8A,
EFA8,
EF46,
EECD,
EEDD,
EF0F,
EEC8,
EE5B,
EE57,
EE75,
EE2F,
EDC5,
EDCF,
EE08,
EDC2,
ED3D,
ED34,
ED6F,
ED45,
ECE1,
ECD2,
ECFA,
ECD0,
EC6C,
EC61,
EC9B,
EC78,
EC06,
EBF4,
EC3B,
EC2B,
EBC4,
EBA7,
EBDA,
EBCD,
EB74,
EB59,
EB8D,
EB84,
EB25,
EB05,
EB45,
EB46,
EADD,
EAAF,
EAEF,
EAFC,
EA9F,
EA6C,
EA9C,
EAA9,
EA5A,
EA27,
EA49,
EA55,
EA0F,
E9DD,
E9FC,
EA0A,
E9C1,
E987,
E9A7,
E9BE,
E978,
E938,
E955,
E971,
E930,
E8ED,
E904,
E922,
E8E9,
E8A7,
E8B7,
E8D5,
E8A2,
E85F,
E86B,
E88A,
E85F,
E81F,
E824,
E840,
E81A,
E7DD,
E7DE,
E7FA,
E7DB,
E7A0,
E79C,
E7B6,
E79B,
E763,
E75C,
E776,
E761,
E729,
E720,
E73A,
E729,
E6F3,
E6E6,
E700,
E6F2,
E6BE,
E6AF,
E6C8,
E6BF,
E68D,
E67C,
E693,
E68D,
E65E,
E64A,
E661,
E65E,
E630,
E61A,
E630,
E630,
E606,
E5EE,
E601,
E604,
E5DD,
E5C3,
E5D4,
E5D9,
E5B5,
E59B,
E5A9,
E5B0,
E58E,
E572,
E57F,
E588,
E56A,
E54E,
E558,
E562,
E546,
E529,
E531,
E53B,
E522,
E506,
E50C,
E518,
E502,
E4E6,
E4EB,
E4F7,
E4E4,
E4C8,
E4CB,
E4D9,
E4C9,
E4AF,
E4B1,
E4BE,
E4B0,
E495,
E495,
E4A4,
E499,
E480,
E47E,
E48B,
E484,
E46D,
E46B,
E47A,
E475,
E461,
E45F,
E46D,
E46A,
E456,
E454,
E466,
E467,
E456,
E452,
E45F,
E462,
E455,
E452,
E45D,
E462,
E45C,
E45A,
E463,
E464,
E457,
E455,
E469,
E471,
E45A,
E451,
E46C,
E47B,
E464,
E452,
E458,
E45F,
E45C,
E457,
E456,
E452,
E449,
E442,
E447,
E448,
E430,
E419,
E41E,
E428,
E422,
E416,
E40D,
E404,
E3F7,
E3EC,
E3F1,
E3F8,
E3E4,
E3CA,
E3CB,
E3D6,
E3D2,
E3C6,
E3C0,
E3BD,
E3B7,
E3B2,
E3BD,
E3D2,
E3D4,
E3CD,
E3CF,
E3D9,
E3E8,
E3FD,
E410,
E421,
E429,
E428,
E437,
E455,
E46B,
E477,
E47D,
E47C,
E475,
E469,
E46B,
E47E,
E487,
E485,
E479,
E465,
E449,
E423,
E40D,
E410,
E411,
E40B,
E3FC,
E3E3,
E3C5,
E39D,
E382,
E382,
E388,
E392,
E398,
E398,
E392,
E380,
E376,
E37F,
E397,
E3C2,
E3F5,
E42C,
E45B,
E46E,
E478,
E484,
E490,
E4A1,
E4B8,
E4E2,
E50D,
E523,
E528,
E519,
E4F8,
E4B9,
E470,
E441,
E422,
E40B,
E3FD,
E3F6,
E3F2,
E3E8,
E3DA,
E3C4,
E3AC,
E3A4,
E3AC,
E3CE,
E406,
E442,
E484,
E4C8,
E50B,
E531,
E53C,
E53A,
E52D,
E517,
E4F9,
E4E6,
E4DD,
E4DA,
E4DB,
E4BD,
E477,
E47B,
E4E3,
E4C9,
E3F8,
E352,
E2E0,
E3C1,
E6CC,
E74B,
E341,
E084,
E085,
E396,
EC0C,
EFF1,
E9A1,
E240,
DBBF,
D9AA,
E0CB,
E8E6,
EEDA,
F1B4,
EE99,
E8AF,
DFCA,
D822,
D5E8,
D71A,
DCA1,
E417,
EC51,
F394,
F6F2,
F76F,
F418,
EE6D,
E73F,
DF94,
D91A,
D406,
D201,
D24E,
D4EB,
D95E,
DF75,
E680,
ECF8,
F2E6,
F7CD,
FB95,
FD40,
FD27,
FBBA,
F90E,
F509,
EFF3,
EAD3,
E5AA,
E06E,
DB45,
D716,
D3DB,
D12D,
CF19,
CE38,
CE87,
CF4E,
D085,
D29A,
D592,
D8B2,
DBE2,
DF90,
E3C9,
E7F1,
EBEC,
F000,
F43D,
F810,
FB4D,
FE38,
00D9,
02F5,
0461,
0590,
06AD,
0775,
07D0,
07E3,
07C3,
0724,
05C1,
0412,
0244,
005F,
FE6F,
FC96,
FB21,
F981,
F743,
F4AF,
F1BF,
EEB7,
EBBD,
E916,
E76F,
E613,
E469,
E281,
E004,
DD48,
DA71,
D7DC,
D6A6,
D611,
D548,
D44E,
D26E,
D029,
CE4E,
CCDB,
CCA6,
CD1F,
CCC9,
CBEA,
CA4F,
C85B,
C7EE,
C89C,
C982,
CA88,
CA13,
C87C,
C802,
C87E,
C99D,
CB4D,
CBB9,
CAED,
CAC3,
CB42,
CC9B,
CEE4,
CFC3,
CEEB,
CEC8,
CF99,
D0DE,
D2B6,
D392,
D2E8,
D325,
D4F0,
D694,
D7C5,
D870,
D833,
D8BA,
DAEB,
DCA6,
DCF5,
DD7C,
DEDF,
E06E,
E21B,
E36C,
E3C3,
E45A,
E627,
E7D5,
E864,
E8F8,
EA62,
EBE2,
ED08,
EDFD,
EEA1,
EF4F,
F0A3,
F1F1,
F241,
F27D,
F3F2,
F5A2,
F639,
F681,
F782,
F8B9,
F975,
FA07,
FAF2,
FC05,
FD01,
FDEF,
FEBD,
FF7B,
0065,
0166,
0232,
02E4,
040D,
0579,
0634,
0670,
0725,
0837,
0901,
0992,
0A95,
0BF9,
0CAF,
0CBD,
0D34,
0E1B,
0EB9,
0F05,
0FAD,
10C6,
117A,
11AB,
1200,
128F,
130C,
136A,
13E0,
1480,
14FE,
1541,
1592,
1607,
1684,
170C,
1782,
17D9,
181D,
1844,
1886,
190D,
199C,
1A21,
1A91,
1AD8,
1B14,
1B50,
1B9A,
1C0B,
1C85,
1CFC,
1D62,
1D93,
1DC4,
1E39,
1EB6,
1EFC,
1F32,
1F75,
1FB9,
1FEF,
2028,
2094,
2103,
2103,
20DE,
211E,
2187,
21B4,
21C7,
21FB,
2236,
2219,
21D4,
2232,
22EA,
22FB,
22A3,
22B5,
2311,
235C,
239A,
23B7,
23B6,
23D8,
2418,
2451,
2485,
24E6,
2574,
25AE,
258A,
25B1,
2636,
2687,
2690,
26B9,
270D,
278E,
2854,
28A3,
2838,
2818,
288E,
2904,
2962,
299A,
298B,
29A7,
2A33,
2A91,
2A6E,
2A47,
2A45,
2A68,
2AD9,
2B28,
2AF6,
2AC7,
2AF5,
2B2A,
2B33,
2B37,
2B53,
2B66,
2B46,
2B2F,
2B69,
2BB9,
2BF2,
2C13,
2BE0,
2BAC,
2C12,
2CA4,
2CD9,
2CE4,
2CDD,
2CDA,
2D3D,
2DC6,
2DE8,
2DE0,
2E2B,
2E9C,
2EC1,
2EC3,
2F22,
2FAF,
2FB8,
2F6E,
2F99,
3018,
308A,
30F0,
3126,
3132,
3145,
315E,
3185,
31B9,
3218,
32A3,
32ED,
32EF,
331B,
337B,
33C3,
33EA,
342A,
348D,
34D0,
34E0,
3520,
35AD,
3629,
367D,
36CD,
3720,
3763,
3785,
37C2,
3833,
38C2,
397B,
3A1D,
3A7B,
3ACF,
3B2E,
3B8C,
3BDC,
3C55,
3D3D,
3E17,
3E72,
3EB8,
3F2E,
3FA9,
400C,
4078,
411C,
41C1,
421F,
4269,
42CF,
4333,
4369,
439B,
4413,
44A5,
4517,
457A,
45DF,
463B,
465F,
4672,
46E2,
4786,
4808,
487B,
4910,
49B4,
4A28,
4A7C,
4AEA,
4B69,
4BBA,
4BED,
4C9E,
4DB3,
4E24,
4E05,
4E68,
4F44,
4F85,
4F28,
4F34,
4FB5,
5009,
5024,
5047,
5078,
5099,
50AC,
5048,
4F2D,
4F41,
514F,
517F,
4E4D,
4D0D,
4FC9,
515D,
500F,
4E6F,
4CDD,
4C2A,
4D5C,
4E19,
4D33,
4BCC,
49F1,
487E,
4864,
4858,
47CD,
4693,
43C7,
4111,
400C,
3F57,
3E30,
3CB8,
3AB3,
3853,
3579,
32BF,
316B,
3055,
2DF4,
2B12,
2863,
25B4,
22B7,
1FCE,
1E25,
1CED,
1A7C,
175F,
1435,
10F7,
0D89,
0A2B,
081A,
06E2,
0542,
0366,
0192,
FFBD,
FD5A,
FAA3,
F916,
F896,
F86D,
F8A0,
F99A,
FB4B,
FC7C,
FD26,
FE45,
FFE3,
01A0,
0376,
0642,
0A2A,
0E2B,
1224,
1634,
1A61,
1DF0,
20A1,
230B,
2547,
2713,
2855,
295B,
2A4D,
2AA0,
2A1A,
28DD,
26E8,
23F6,
1FAB,
1ABC,
155A,
0FAC,
09A2,
0404,
FF6A,
FBC5,
F946,
F827,
F908,
FB45,
FEBD,
0330,
08C5,
0E9C,
13CB,
183F,
1B8D,
1D6C,
1CAE,
1A14,
15C3,
1047,
09F5,
03A0,
FF24,
FC4E,
FC1C,
FE04,
0253,
080E,
0D03,
110E,
123C,
1113,
0D54,
07CA,
0374,
0045,
FFFC,
0219,
0500,
086F,
0922,
075B,
051D,
027F,
023F,
0465,
05FC,
06EF,
056B,
0111,
FF90,
01A0,
03FD,
06A7,
056D,
FEA0,
FBAF,
FF03,
028E,
05DF,
0510,
FCF0,
F9B1,
00FF,
059D,
027C,
FEED,
FC76,
FC70,
01EC,
047A,
FD59,
F86D,
FE30,
02E0,
FE61,
F9F1,
FBC4,
FE30,
FDC8,
FC9D,
FB1C,
FA36,
FC39,
FE07,
FB08,
F7BA,
FA5C,
FDD6,
FAED,
F6CA,
F933,
FD3E,
FB0A,
F6F7,
F891,
FC1D,
FA89,
F6F1,
F7C9,
FA9B,
F9BE,
F712,
F770,
F973,
F8FC,
F706,
F6D6,
F7CF,
F77E,
F643,
F5F6,
F665,
F658,
F5E2,
F58F,
F55C,
F533,
F516,
F4BA,
F419,
F3F9,
F470,
F463,
F3AA,
F38A,
F43F,
F441,
F331,
F2D8,
F3B4,
F3E5,
F2D1,
F26D,
F370,
F3C6,
F28C,
F1EE,
F2E8,
F356,
F21B,
F160,
F25A,
F2E7,
F1AF,
F0CD,
F1AD,
F24A,
F126,
F031,
F0E8,
F1B0,
F162,
F123,
F009,
EF11,
EFC8,
F09A,
EF97,
EE63,
EEF2,
EFCF,
EF10,
EE01,
EE7B,
EF54,
EEAA,
ED90,
EDE4,
EEB6,
EE32,
ED2E,
ED78,
EE52,
EDE8,
ECE2,
ED03,
EDC3,
ED7C,
EC9A,
ECB7,
ED79,
ED40,
EC55,
EC52,
ED04,
ECE4,
EC15,
EC08,
ECAD,
EC97,
EBC7,
EBA6,
EC43,
EC43,
EB8A,
EB5D,
EBE3,
EBE6,
EB33,
EAF9,
EB79,
EB8D,
EAE9,
EAA4,
EB13,
EB2D,
EA96,
EA4C,
EAB3,
EAD6,
EA49,
E9F5,
EA50,
EA7B,
E9FF,
E9A8,
E9F2,
EA1F,
E9B0,
E958,
E99C,
E9D0,
E969,
E90C,
E946,
E97E,
E924,
E8C6,
E8F2,
E928,
E8DB,
E880,
E8A6,
E8E0,
E89A,
E83B,
E859,
E895,
E859,
E7FB,
E80F,
E849,
E819,
E7C0,
E7CC,
E803,
E7DB,
E785,
E78B,
E7C2,
E7A0,
E74B,
E74B,
E783,
E76A,
E717,
E711,
E745,
E732,
E6E5,
E6D9,
E70A,
E6FD,
E6B3,
E6A2,
E6D0,
E6C9,
E684,
E670,
E69A,
E698,
E655,
E63D,
E666,
E668,
E62A,
E60E,
E633,
E639,
E5FF,
E5E1,
E603,
E60E,
E5D8,
E5B8,
E5D6,
E5E3,
E5B3,
E591,
E5AB,
E5BA,
E58E,
E56C,
E583,
E594,
E56C,
E549,
E55C,
E56F,
E54C,
E527,
E538,
E54C,
E52C,
E508,
E515,
E52A,
E50F,
E4EA,
E4F2,
E506,
E4F1,
E4CF,
E4D6,
E4EA,
E4D6,
E4B3,
E4B8,
E4CE,
E4BC,
E496,
E499,
E4B2,
E4A6,
E484,
E483,
E495,
E48C,
E46E,
E46D,
E480,
E477,
E457,
E453,
E468,
E465,
E448,
E442,
E454,
E452,
E438,
E431,
E442,
E442,
E42A,
E423,
E434,
E436,
E41E,
E415,
E428,
E42F,
E41E,
E417,
E427,
E42E,
E41C,
E413,
E426,
E432,
E428,
E422,
E42F,
E437,
E429,
E422,
E43A,
E44F,
E449,
E440,
E446,
E44C,
E442,
E43C,
E453,
E46A,
E464,
E457,
E453,
E451,
E446,
E43C,
E44A,
E45C,
E456,
E447,
E443,
E441,
E42A,
E40C,
E408,
E411,
E413,
E411,
E40F,
E40A,
E3EE,
E3C4,
E3B1,
E3AF,
E3AA,
E3A4,
E3AA,
E3B9,
E3B9,
E3AB,
E39C,
E38C,
E378,
E360,
E35E,
E374,
E383,
E389,
E395,
E3A8,
E3B0,
E3A8,
E3A4,
E3A8,
E3AF,
E3B8,
E3D0,
E3FB,
E420,
E438,
E44B,
E45A,
E460,
E457,
E456,
E465,
E478,
E48A,
E4A2,
E4C7,
E4E3,
E4E6,
E4E1,
E4DA,
E4C7,
E49D,
E472,
E455,
E43C,
E420,
E408,
E3FB,
E3F2,
E3ED,
E3E6,
E3CF,
E3B1,
E38C,
E367,
E351,
E342,
E32C,
E31C,
E32E,
E354,
E370,
E38E,
E3C4,
E407,
E43A,
E464,
E492,
E4BF,
E4E5,
E504,
E51A,
E528,
E539,
E54C,
E553,
E552,
E569,
E594,
E54A,
E498,
E4F3,
E654,
E5ED,
E3B0,
E280,
E270,
E4E9,
EA90,
E8C9,
DD3E,
D954,
E044,
E7ED,
EFEC,
EFEF,
E3A4,
DADA,
D9A4,
DC06,
E2A5,
EA62,
F34B,
F6CF,
F012,
E7B4,
E024,
D9E5,
D5D0,
D59B,
DC58,
E496,
EBEB,
F21A,
F633,
F78E,
F427,
EE84,
E7A2,
E06B,
D9E0,
D49A,
D20E,
D1AB,
D3FF,
D826,
DD9D,
E3EC,
EA8E,
F0FE,
F5F9,
F9CB,
FC62,
FDA6,
FCB9,
FA3F,
F740,
F391,
EE91,
E8D1,
E3DD,
DF6D,
DACE,
D64E,
D346,
D169,
CF95,
CDFE,
CDD4,
CEE1,
CFDC,
D0DE,
D30E,
D654,
D95A,
DC20,
DFD9,
E486,
E8C8,
EC81,
F0B2,
F570,
F96E,
FC74,
FF6D,
0281,
048F,
0541,
05EC,
06E9,
0726,
063E,
058A,
0587,
053B,
044F,
0372,
0302,
020F,
000B,
FDDA,
FBEB,
F98C,
F626,
F2E1,
F08B,
EE68,
EC1B,
EA15,
E8DE,
E7A9,
E5BD,
E3A4,
E1C4,
DFB3,
DCBB,
D9BC,
D7BE,
D632,
D4B0,
D36C,
D2DD,
D272,
D11A,
CF5E,
CDBD,
CC28,
CA77,
C8FA,
C8BB,
C93A,
C9A7,
CA0D,
CA47,
CA46,
C941,
C7A6,
C705,
C72A,
C7F0,
C93C,
CAB1,
CC37,
CC8E,
CBE5,
CB9C,
CBB1,
CC67,
CDB9,
CF5B,
D147,
D1EF,
D132,
D0AC,
D078,
D130,
D306,
D4EB,
D6D1,
D79D,
D6D5,
D697,
D752,
D8BD,
DB1E,
DCEC,
DD9B,
DDAF,
DCD6,
DD1F,
DFE1,
E286,
E42A,
E517,
E4BA,
E4E2,
E6DF,
E91B,
EB1D,
EC54,
EB6C,
EADF,
ECF1,
EF73,
F133,
F24E,
F1D0,
F169,
F35E,
F5B6,
F68C,
F6C3,
F668,
F64A,
F89F,
FB6A,
FB33,
FA0F,
FB2A,
FD22,
FE3F,
FEDC,
FE90,
FDFD,
FF70,
01D4,
021E,
0153,
026C,
0499,
057A,
057D,
059A,
05CB,
06C8,
085D,
089E,
07CE,
08D4,
0B7A,
0C23,
0AE6,
0B79,
0DEF,
0EB5,
0D96,
0DDB,
0FD6,
10E9,
10C3,
1112,
120E,
12F3,
13AF,
1418,
1400,
145F,
159D,
166D,
164E,
1694,
17D6,
18AA,
1867,
1851,
1900,
1988,
1968,
1985,
1A8A,
1B51,
1AF5,
1AC1,
1BBF,
1C8A,
1BDA,
1B40,
1C2D,
1D3C,
1D3D,
1D1D,
1DAE,
1E46,
1E1A,
1DDF,
1E99,
1F77,
1F48,
1EE1,
1F8E,
208D,
20BA,
209B,
20EE,
2170,
21C1,
2200,
2270,
22E9,
22BD,
2241,
229F,
2383,
240F,
245E,
2495,
24B4,
249A,
2459,
2493,
2532,
2580,
2586,
2595,
25AC,
25C5,
25E0,
2612,
265D,
2674,
264F,
2640,
2651,
2675,
26B0,
26E8,
2718,
2732,
272C,
2723,
271D,
2728,
2751,
2783,
27BF,
27E8,
27E7,
27EB,
2805,
2835,
2890,
28D3,
28CD,
28BD,
28B6,
28D0,
2939,
29B8,
2A44,
2AA5,
2A7E,
2A41,
2A42,
2A6A,
2AD7,
2B54,
2BA5,
2BDD,
2BE5,
2BEB,
2C4D,
2CC6,
2CFC,
2D11,
2D15,
2D17,
2D4E,
2D9C,
2DD9,
2E0C,
2E20,
2E29,
2E74,
2EDD,
2EEB,
2EC4,
2EC6,
2EE6,
2F2A,
2F88,
2FCC,
2FFC,
3016,
301E,
3044,
3084,
30B3,
30D2,
311E,
3196,
31FE,
3252,
3291,
32BA,
32EF,
3334,
3386,
33E6,
344A,
34B2,
3521,
359E,
35F3,
3604,
363B,
36C1,
3733,
376B,
37B9,
3839,
38BF,
3945,
39A5,
39B2,
39CE,
3A3A,
3AA2,
3AD1,
3B08,
3B6E,
3BEC,
3C8C,
3D1C,
3D56,
3D87,
3DF2,
3E53,
3E4C,
3E45,
3EBF,
3F55,
3F92,
3FC4,
405E,
4104,
411B,
410A,
4171,
4205,
4265,
42A1,
4262,
4219,
43A7,
45F4,
4580,
43AB,
448A,
46FA,
4805,
4819,
470B,
454F,
46E0,
4AE1,
4BBF,
4A0F,
4960,
4992,
4AC0,
4CDC,
4DEE,
4DED,
4D07,
4B2E,
4B38,
4D78,
4EFA,
4F77,
4F32,
4DFF,
4D43,
4D40,
4DDF,
4F5E,
5025,
4FB1,
4EE0,
4DB2,
4CE2,
4CCA,
4D18,
4DF8,
4E82,
4E3A,
4D9A,
4C97,
4BAD,
4B30,
4AE2,
4AD2,
4AAE,
4A46,
498A,
482D,
46AF,
456A,
4444,
4358,
427C,
419D,
409D,
3F3C,
3DA7,
3C00,
3A38,
382E,
3604,
33EB,
31CA,
2F80,
2D20,
2ACA,
2871,
25F8,
2370,
2106,
1EA6,
1C1D,
197C,
16EB,
1461,
11AE,
0EE6,
0C51,
09E4,
077E,
0527,
0314,
0140,
FF7D,
FDCD,
FC4B,
FAF9,
F9BB,
F892,
F7B7,
F72F,
F6F1,
F6FC,
F793,
F8C3,
FA46,
FC17,
FE41,
00C5,
037B,
065A,
0966,
0CA2,
0FE5,
1320,
1672,
19EE,
1D49,
2063,
2346,
25F5,
2836,
29ED,
2B00,
2B4E,
2AC6,
2934,
26CB,
2385,
1F78,
1A7F,
150A,
0F4A,
097C,
03CA,
FE8E,
FA38,
F6DB,
F4D7,
F424,
F52F,
F7A5,
FB99,
00A5,
06AD,
0D1E,
1323,
1880,
1C5D,
1EAE,
1E79,
1C24,
1762,
10DA,
095A,
0175,
FB0B,
F630,
F498,
F5DA,
FA52,
014B,
0888,
0FA8,
13A5,
14A1,
1177,
0A9B,
032C,
FB7F,
F7EA,
F891,
FD28,
05B0,
0C2D,
101A,
0EC7,
075F,
0014,
F962,
F80A,
FDE6,
03CE,
0911,
0956,
01EA,
FBC9,
F8FB,
FA04,
0159,
059B,
025E,
FE44,
FA67,
F979,
FF2F,
0311,
FFB9,
FC2D,
FB87,
FC44,
FF62,
0143,
FD98,
FA59,
FD06,
FFFE,
FE8A,
FC55,
FBFF,
FC42,
FCE4,
FD3B,
FB7F,
F99D,
FACD,
FC8F,
FAE3,
F863,
F948,
FB37,
FA25,
F804,
F858,
F9A7,
F911,
F79D,
F777,
F7FD,
F7CF,
F740,
F6FA,
F6E3,
F6F5,
F71E,
F6D3,
F634,
F63A,
F6C0,
F67B,
F589,
F582,
F653,
F635,
F525,
F516,
F61E,
F624,
F4F9,
F4B7,
F5A5,
F5A6,
F45F,
F3E8,
F4B7,
F4D1,
F3B7,
F34D,
F42B,
F465,
F350,
F2BB,
F360,
F38A,
F274,
F1C3,
F248,
F285,
F1B2,
F121,
F1A6,
F1F1,
F126,
F07A,
F0D2,
F111,
F053,
EFBF,
F087,
EF1C,
EFE8,
F084,
EFA8,
EEAE,
EF2D,
EFDC,
EF3C,
EE67,
EECB,
EF71,
EEFB,
EE3D,
EE7A,
EEFF,
EE9B,
EDE8,
EE08,
EE7D,
EE3D,
EDB0,
EDC3,
EE23,
EDEC,
ED65,
ED5D,
EDA1,
ED79,
ED0C,
ED01,
ED3D,
ED24,
ECC7,
ECAF,
ECCF,
ECB0,
EC58,
EC3B,
EC57,
EC47,
EC05,
EBEA,
EBFC,
EBE9,
EBA9,
EB83,
EB84,
EB72,
EB41,
EB24,
EB26,
EB18,
EAEB,
EAC9,
EABE,
EAAB,
EA87,
EA6A,
EA62,
EA54,
EA34,
EA17,
EA07,
E9F4,
E9D9,
E9BF,
E9AD,
E99C,
E985,
E96F,
E95B,
E948,
E936,
E924,
E90F,
E8FB,
E8EB,
E8DC,
E8C8,
E8B3,
E8A4,
E895,
E881,
E86B,
E85F,
E855,
E841,
E82A,
E81D,
E814,
E801,
E7EB,
E7DF,
E7D9,
E7C6,
E7AD,
E7A1,
E79B,
E78A,
E772,
E767,
E763,
E752,
E737,
E72B,
E72B,
E71C,
E700,
E6F3,
E6F3,
E6E6,
E6CC,
E6BF,
E6BE,
E6B2,
E699,
E68B,
E68B,
E681,
E669,
E65A,
E65A,
E651,
E63A,
E62B,
E62A,
E623,
E60D,
E5FE,
E5FD,
E5F8,
E5E3,
E5D4,
E5D3,
E5CE,
E5BB,
E5AB,
E5AA,
E5A6,
E595,
E587,
E585,
E581,
E571,
E562,
E561,
E560,
E551,
E542,
E540,
E53F,
E533,
E526,
E523,
E522,
E515,
E506,
E505,
E507,
E4FD,
E4EF,
E4EB,
E4EB,
E4DF,
E4CF,
E4CD,
E4D1,
E4C9,
E4BB,
E4B6,
E4B6,
E4AE,
E4A0,
E49B,
E49B,
E494,
E488,
E481,
E47F,
E477,
E469,
E463,
E464,
E460,
E458,
E453,
E453,
E44C,
E43C,
E434,
E433,
E430,
E429,
E427,
E42B,
E427,
E416,
E40B,
E409,
E406,
E3FF,
E3FD,
E407,
E40B,
E402,
E3F9,
E3F6,
E3F0,
E3E5,
E3DF,
E3E5,
E3EB,
E3ED,
E3EF,
E3F7,
E3FC,
E3F4,
E3EB,
E3ED,
E3F0,
E3EF,
E3F0,
E3FD,
E40C,
E416,
E41E,
E424,
E428,
E426,
E423,
E428,
E431,
E43B,
E447,
E459,
E46A,
E46F,
E46D,
E469,
E462,
E458,
E44C,
E449,
E44B,
E44E,
E451,
E456,
E45B,
E45E,
E45F,
E45D,
E457,
E449,
E433,
E41B,
E401,
E3F0,
E3E9,
E3E4,
E3E2,
E3E0,
E3DF,
E3D8,
E3CB,
E3C2,
E3BF,
E3B5,
E3A4,
E38D,
E36E,
E358,
E353,
E34F,
E34B,
E34B,
E353,
E358,
E353,
E34E,
E34C,
E347,
E33D,
E330,
E319,
E30B,
E310,
E322,
E33F,
E360,
E37D,
E39F,
E3D2,
E407,
E42F,
E452,
E474,
E48F,
E498,
E49D,
E4A8,
E4B5,
E4C6,
E4D5,
E4DA,
E4DC,
E4EC,
E504,
E52A,
E553,
E55D,
E557,
E556,
E552,
E546,
E52D,
E4E0,
E478,
E47A,
E4B2,
E3FF,
E2C1,
E336,
E4D7,
E4DF,
E3AA,
E13B,
DDE4,
E2CC,
EF00,
ECFE,
DD3E,
D6FC,
DAB4,
E553,
F787,
F888,
E4B0,
D8FC,
D8EE,
DB0E,
DED9,
E6D6,
F4A1,
FA58,
F357,
EAD7,
E28F,
DB2E,
D530,
D39D,
D8EA,
E05B,
E945,
F108,
F5F3,
F85D,
F793,
F3D1,
EBBE,
E34B,
DD0A,
D767,
D167,
CDB7,
CFA5,
D37B,
D68D,
DAE7,
E313,
EB9A,
F08F,
F485,
FA1D,
FEDA,
FEF1,
FD12,
FC94,
FB7A,
F64E,
EF85,
EB46,
E7B2,
E156,
DA1B,
D62C,
D3F0,
CFF9,
CB9F,
CAA6,
CBD3,
CBAF,
CB1D,
CD5D,
D19A,
D481,
D69C,
DAC2,
E076,
E47C,
E71C,
EB36,
F096,
F424,
F5EA,
F8C1,
FCBA,
FF19,
FFAD,
0132,
03F8,
0570,
0537,
05B9,
076A,
080D,
071C,
06A6,
0742,
06D7,
04B3,
02BD,
019D,
FFC3,
FC7D,
F977,
F776,
F52D,
F1F2,
EF1A,
ED76,
EBD4,
E985,
E785,
E69F,
E598,
E37D,
E155,
DFEE,
DE5D,
DBB1,
D8F8,
D732,
D593,
D344,
D11C,
D02D,
CFA5,
CE9F,
CDA0,
CD6E,
CD60,
CC4F,
CAE4,
CA14,
C972,
C824,
C6B7,
C676,
C6D8,
C6DF,
C6D6,
C797,
C8BD,
C8F7,
C89D,
C89B,
C8CD,
C896,
C825,
C897,
C9C2,
CACC,
CBBF,
CD1F,
CED9,
CFC7,
CFEF,
D05B,
D115,
D1A8,
D20F,
D332,
D530,
D6A8,
D767,
D826,
D8FD,
D958,
D8FD,
D976,
DB43,
DCF2,
DE34,
DF7A,
E0E7,
E1C4,
E196,
E1AD,
E288,
E3D6,
E5CF,
E795,
E8B0,
E95C,
E958,
E97A,
EA4C,
EBA1,
EDE1,
F007,
F148,
F1ED,
F172,
F128,
F29D,
F4A8,
F6CD,
F896,
F8D1,
F880,
F860,
F8B1,
FACA,
FD64,
FEB4,
FF43,
FEC2,
FE04,
FF3D,
015F,
0310,
044B,
036F,
01A1,
0268,
04B4,
068D,
0804,
07A2,
0617,
06DE,
094A,
0AC2,
0B73,
0ADD,
093E,
09EC,
0CA5,
0D72,
0C68,
0C34,
0CDD,
0DFC,
0F9D,
0FE5,
0E8A,
0ECB,
112D,
123B,
115E,
10DB,
10FC,
11BD,
1372,
1426,
1300,
12DA,
14D3,
1605,
1542,
1512,
1694,
17A5,
173F,
16FE,
1796,
1862,
194C,
1A0A,
1A3C,
1A7B,
1B47,
1BF3,
1BDA,
1BD4,
1CBD,
1DA1,
1D87,
1D61,
1E29,
1F13,
1F48,
1F5F,
2010,
20C8,
20A3,
2041,
207B,
20ED,
2120,
2145,
21AE,
2231,
228A,
22C9,
22EF,
2305,
2314,
2321,
233E,
2366,
238E,
23B7,
23F8,
2449,
2482,
24A6,
24AE,
249E,
24B2,
24E7,
250A,
251C,
2561,
25DA,
260A,
25E8,
25DF,
25F8,
25F7,
25D4,
25EE,
265B,
26A6,
26B6,
26D4,
2714,
2721,
26DB,
26BE,
26F8,
272A,
2736,
2762,
27DA,
2828,
2808,
27EF,
2814,
2831,
281B,
2821,
2885,
28E3,
28F4,
28FF,
2939,
2960,
292B,
28FB,
2933,
2980,
299B,
29BC,
2A28,
2A9D,
2ACE,
2AE0,
2AEE,
2AF3,
2AE5,
2ADE,
2B1D,
2B7D,
2BC8,
2C14,
2C92,
2D1E,
2D49,
2D43,
2D86,
2DEE,
2E33,
2E63,
2E94,
2EC8,
2F13,
2F73,
2FF0,
3083,
30F3,
3143,
3170,
317D,
3194,
31B5,
3206,
3287,
32E9,
3326,
3351,
336A,
339D,
33F3,
3449,
349F,
34B3,
3469,
3451,
3491,
34D5,
350B,
356E,
3628,
366D,
35BD,
3591,
36B2,
3775,
3717,
36A0,
364E,
3675,
37CC,
387E,
36B5,
35C4,
38B7,
3B3C,
39BF,
37F2,
384C,
397B,
3BBA,
3D44,
3ACB,
380B,
396D,
3C01,
3D94,
3E6F,
3D5B,
3BD3,
3C2F,
3D86,
3FCD,
4219,
417E,
3FA3,
3F57,
3FF2,
4169,
4354,
4471,
44F2,
444A,
42FB,
431E,
4447,
45B2,
4749,
484A,
48C4,
485F,
4746,
4716,
47BA,
48B1,
49F4,
4AD8,
4B55,
4B39,
4A7B,
4A20,
4A43,
4A8C,
4AF8,
4BB2,
4CC9,
4D7D,
4DA3,
4D77,
4CEA,
4C6B,
4C15,
4C02,
4C52,
4CC0,
4D42,
4DCC,
4E6A,
4E9C,
4DFD,
4D50,
4CE9,
4C7F,
4BF2,
4B90,
4B9E,
4BCA,
4C01,
4C15,
4BCF,
4B48,
4A79,
4966,
47ED,
4660,
4516,
43EF,
42F4,
4213,
414E,
408E,
3FC4,
3ED1,
3D59,
3B94,
39D3,
37E8,
355C,
3284,
3009,
2DB8,
2B45,
28D2,
26D4,
2519,
232E,
2124,
1F16,
1CF9,
1A8C,
17DF,
1519,
123F,
0F5B,
0C75,
099D,
06DA,
0469,
0249,
0050,
FE7D,
FCF7,
FBC1,
FAA0,
F98E,
F8A2,
F7DE,
F72C,
F687,
F60D,
F5C2,
F5A9,
F5C3,
F632,
F704,
F840,
F9F1,
FC0E,
FE99,
018F,
0501,
08B1,
0C8A,
1081,
1494,
1896,
1C72,
2002,
231F,
25C7,
27EB,
296D,
2A1D,
2A19,
2968,
27F1,
2571,
2231,
1E46,
19CE,
14C3,
0F6D,
0A0A,
04BD,
FFBF,
FB31,
F756,
F45B,
F2E2,
F2B4,
F3EC,
F666,
FA4F,
FF4F,
0510,
0B43,
1133,
16A6,
1A9D,
1D19,
1D47,
1B5E,
1704,
10A6,
0957,
0168,
FA59,
F45E,
F172,
F180,
F4E1,
FB58,
02CD,
0AF9,
10AA,
138F,
1250,
0CA5,
0505,
FB80,
F515,
F2AE,
F523,
FD82,
0624,
0E75,
117E,
0CD2,
0554,
FAAE,
F493,
F6C6,
FC9D,
0735,
0D19,
085C,
00DF,
F710,
F26B,
FAC6,
0347,
05E7,
0431,
F9C6,
F22D,
F914,
0133,
01B9,
FF2B,
F887,
F3B7,
FAEE,
02CC,
FD90,
F5F7,
F749,
FB27,
FC63,
FC35,
F8F5,
F584,
F927,
FEA5,
FB46,
F4E7,
F76F,
FD7A,
FBB1,
F661,
F729,
FAFC,
FA81,
F7A3,
F755,
F89B,
F8E8,
F88D,
F7D1,
F6D1,
F737,
F8B4,
F823,
F5D2,
F5F6,
F85F,
F803,
F4E0,
F48F,
F752,
F74B,
F3F4,
F34B,
F61B,
F66A,
F330,
F24E,
F50A,
F5B7,
F2DE,
F1CA,
F411,
F4CA,
F240,
F106,
F2E8,
F3B4,
F192,
F05B,
F1F1,
F2D6,
F126,
F007,
F15D,
F249,
F0F0,
EFD8,
F0C6,
F18B,
F08C,
EF66,
EF0A,
F0E8,
F067,
EFF8,
F028,
F063,
F002,
EF8E,
EFB0,
EFEA,
EFA1,
EF3B,
EF4D,
EF7C,
EF3F,
EEDF,
EED5,
EEE7,
EEA9,
EE4D,
EE40,
EE56,
EE2E,
EDE8,
EDE0,
EDF8,
EDD8,
ED94,
ED78,
ED75,
ED4B,
ED05,
ECE4,
ECDF,
ECC4,
EC97,
EC81,
EC80,
EC6C,
EC42,
EC24,
EC13,
EBF5,
EBC9,
EBAA,
EB9E,
EB8A,
EB6B,
EB53,
EB47,
EB33,
EB14,
EAF6,
EADA,
EABF,
EAA2,
EA89,
EA75,
EA64,
EA54,
EA42,
EA2B,
EA14,
EA00,
E9EA,
E9CB,
E9B0,
E9A3,
E995,
E97E,
E968,
E95B,
E94D,
E935,
E91B,
E906,
E8F5,
E8E6,
E8D8,
E8C5,
E8B2,
E8A6,
E89C,
E887,
E86F,
E85E,
E850,
E842,
E834,
E824,
E813,
E804,
E7F6,
E7E6,
E7D6,
E7C7,
E7B8,
E7A9,
E79B,
E78E,
E781,
E771,
E760,
E752,
E747,
E739,
E728,
E71B,
E710,
E702,
E6F1,
E6E4,
E6DB,
E6CE,
E6BD,
E6B0,
E6A7,
E69B,
E689,
E67C,
E676,
E66A,
E659,
E64C,
E646,
E63C,
E62C,
E61F,
E618,
E60F,
E5FF,
E5F2,
E5EC,
E5E4,
E5D5,
E5C8,
E5C3,
E5BC,
E5AE,
E5A1,
E59D,
E597,
E58B,
E57E,
E579,
E573,
E566,
E55B,
E558,
E554,
E549,
E53D,
E538,
E535,
E52C,
E522,
E51E,
E51B,
E512,
E508,
E503,
E501,
E4F6,
E4EA,
E4E6,
E4E6,
E4E3,
E4DE,
E4D8,
E4D1,
E4C7,
E4BD,
E4B7,
E4B5,
E4AE,
E4A4,
E4A3,
E4A8,
E4A2,
E493,
E489,
E483,
E47C,
E474,
E46F,
E46D,
E46C,
E46D,
E46A,
E465,
E45B,
E44E,
E443,
E43D,
E436,
E42A,
E427,
E432,
E435,
E42B,
E424,
E424,
E41F,
E40F,
E402,
E3FB,
E3F8,
E3FB,
E3FE,
E401,
E403,
E403,
E3FE,
E3F0,
E3E0,
E3D4,
E3C8,
E3BC,
E3B5,
E3BB,
E3C4,
E3CA,
E3D0,
E3D5,
E3D7,
E3D3,
E3CC,
E3BF,
E3B2,
E3AD,
E3AB,
E3A6,
E3A3,
E3AE,
E3BD,
E3C1,
E3C1,
E3CA,
E3D7,
E3DA,
E3DA,
E3DD,
E3E2,
E3E1,
E3DE,
E3E6,
E3F6,
E3FE,
E401,
E416,
E437,
E44B,
E453,
E45B,
E464,
E464,
E45D,
E45A,
E45B,
E459,
E453,
E456,
E463,
E46A,
E469,
E46E,
E47B,
E485,
E488,
E486,
E480,
E470,
E453,
E437,
E420,
E409,
E3F0,
E3DB,
E3CA,
E3BA,
E3AC,
E39E,
E391,
E385,
E37A,
E374,
E37A,
E37C,
E36F,
E35B,
E343,
E330,
E32E,
E330,
E332,
E334,
E331,
E330,
E336,
E343,
E35C,
E37D,
E3A3,
E3CE,
E3FD,
E42C,
E450,
E46F,
E48D,
E4A8,
E4B7,
E4C4,
E4F8,
E536,
E506,
E4A9,
E4F9,
E5A8,
E60F,
E62D,
E464,
E197,
E494,
EB7B,
EAEB,
E48A,
DF0C,
DA8B,
E13C,
F1E0,
F47A,
E94B,
E01C,
D959,
D7CF,
DC0C,
E30E,
ECE5,
F273,
F288,
EDEF,
E3C8,
DB51,
D603,
D379,
D42D,
D8E4,
E2FE,
EBE1,
F155,
F551,
F81C,
F756,
F0DA,
E9BC,
E412,
DE38,
D73D,
D266,
D263,
D3FF,
D5B8,
D919,
DFC9,
E6E0,
EC1A,
F0F3,
F686,
FB18,
FC8B,
FC99,
FCAD,
FBB5,
F820,
F36D,
EF3E,
EADE,
E55C,
DFA5,
DB3C,
D77E,
D396,
D012,
CE30,
CD5F,
CCAE,
CC70,
CD80,
CF7E,
D1A6,
D418,
D74D,
DB0B,
DE8D,
E1F0,
E5BF,
E9D1,
ED67,
F093,
F3B3,
F6BD,
F974,
FBDB,
FE0F,
000E,
01C3,
032D,
047B,
05B1,
0684,
06E9,
0726,
0742,
0722,
06C5,
060F,
04F5,
03A8,
0237,
0077,
FE5D,
FC0F,
F991,
F700,
F46A,
F1C8,
EF1B,
EC78,
E9E7,
E781,
E562,
E361,
E167,
DF9E,
DE39,
DCDA,
DB3B,
D9A2,
D84F,
D6E6,
D502,
D315,
D188,
D010,
CE5A,
CCC2,
CBC1,
CAFF,
CA1F,
C962,
C930,
C940,
C938,
C932,
C940,
C958,
C972,
C97F,
C92D,
C8AD,
C851,
C811,
C7F2,
C7F8,
C845,
C8CC,
C980,
CA57,
CB2F,
CC03,
CCAB,
CD2B,
CD81,
CDB4,
CE0B,
CE85,
CEF8,
CF67,
D015,
D104,
D220,
D369,
D473,
D52E,
D60F,
D723,
D81D,
D8F2,
D9C4,
DA94,
DB93,
DCD5,
DE16,
DF49,
E056,
E120,
E216,
E36E,
E4C8,
E617,
E729,
E7C2,
E86B,
E96A,
EA7D,
EB93,
ECB8,
EDFA,
EF39,
F061,
F17B,
F296,
F379,
F3B7,
F3FA,
F4EA,
F624,
F7A4,
F915,
FA01,
FA84,
FA36,
F9C9,
FA54,
FB68,
FD00,
FEBE,
FFE4,
0094,
004F,
FFB2,
0029,
014F,
031C,
052D,
0614,
062C,
057D,
046B,
0518,
06FF,
08E1,
0AAD,
0AC4,
0988,
0935,
09B1,
0B82,
0E7F,
0F8C,
0EBB,
0DEB,
0D24,
0E3A,
115F,
12CB,
1220,
116D,
10BF,
11AE,
14D5,
1650,
1538,
145D,
1419,
14FE,
17D0,
18F8,
16DA,
159D,
16B7,
17F9,
1907,
1952,
17E9,
1785,
1A29,
1C26,
1B35,
1A34,
1A8D,
1B3C,
1C30,
1CB1,
1B82,
1AA0,
1C3F,
1DD3,
1CBA,
1B73,
1C86,
1DFB,
1DEC,
1D89,
1DEB,
1E8B,
1F25,
1F8F,
1EFF,
1E35,
1EB9,
1FA9,
1F5B,
1EAF,
1F9E,
2135,
213A,
2080,
2108,
2228,
21DF,
20C6,
20AF,
2141,
2179,
217B,
21E7,
22A2,
231A,
235B,
2392,
23BD,
23DB,
23F0,
23EA,
23C9,
2418,
24E3,
2548,
2530,
256B,
2615,
2663,
2630,
263D,
26B5,
26EB,
26A9,
26CE,
27AD,
2834,
27F9,
2803,
28BF,
292D,
28D6,
28A2,
28FA,
293C,
290B,
291E,
2A01,
2ABF,
2AA8,
2A93,
2B14,
2B6B,
2AF0,
2A66,
2A60,
2A77,
2A62,
2A6F,
2B17,
2BCF,
2BEB,
2BE1,
2C31,
2C7E,
2C46,
2BE4,
2BC8,
2BCC,
2BD0,
2BE9,
2C5E,
2CF3,
2D17,
2D04,
2D28,
2D60,
2D4F,
2D1A,
2D35,
2D7F,
2D84,
2D60,
2D7C,
2DC4,
2DC5,
2D97,
2DBE,
2E2D,
2E99,
2F04,
2F69,
2FC5,
300F,
304A,
2FEA,
2EDF,
2F1F,
30EE,
312A,
2F4F,
2F29,
3170,
328E,
31DC,
3104,
2FFF,
30FA,
3569,
36CF,
3239,
300F,
33AE,
3676,
362F,
354F,
3403,
338C,
3509,
36EB,
38FC,
39C7,
3727,
3517,
3696,
38D4,
3ACE,
3BF9,
3ADA,
3933,
3803,
37AD,
39D5,
3C7E,
3DC3,
3E25,
3CF1,
3B5A,
3B08,
3B88,
3D72,
3FC8,
40D4,
40FF,
3FC9,
3DFB,
3D44,
3D52,
3E93,
4087,
4214,
433C,
4305,
41E5,
4126,
40B6,
40EA,
41AF,
433D,
4562,
46CF,
4794,
47CF,
4789,
46A9,
4545,
4515,
4622,
478C,
4949,
4ACA,
4BFB,
4C4E,
4B99,
4B01,
4AB2,
4A55,
49DC,
4A00,
4AFD,
4C4D,
4DEF,
4F5E,
5077,
50D0,
5006,
4F12,
4E45,
4D5B,
4C32,
4B57,
4B20,
4B4C,
4BF3,
4CB3,
4D67,
4DCA,
4D75,
4CE0,
4C51,
4B7E,
4A0A,
4875,
471A,
45F9,
4555,
44E7,
446F,
440F,
43FD,
43F5,
43AD,
4318,
41D7,
4031,
3E88,
3CC0,
3AAB,
386C,
363E,
341C,
321B,
3037,
2E8F,
2D0A,
2B59,
2995,
2841,
2728,
254D,
22E2,
20C2,
1ECB,
1C12,
18BA,
15A1,
12BF,
0FB7,
0C8F,
098C,
06AF,
0405,
0191,
FF5B,
FD68,
FB86,
F9AE,
F842,
F75A,
F66C,
F55B,
F49C,
F44F,
F403,
F391,
F37F,
F401,
F48D,
F4E6,
F5BC,
F76B,
F933,
FAB6,
FC9C,
FF3E,
0220,
0513,
0845,
0BDC,
0F91,
1344,
16EA,
1A82,
1DD7,
20AE,
2322,
253B,
26D8,
27D9,
282A,
277F,
260F,
23EA,
2116,
1D7C,
1943,
146D,
0F33,
09E1,
0490,
FF7C,
FAC4,
F6C7,
F393,
F18A,
F0A5,
F164,
F383,
F6B9,
FAE7,
000E,
05E5,
0B91,
10F1,
154E,
1890,
19A3,
18A6,
15D5,
1154,
0B78,
0476,
FE29,
F8C1,
F55E,
F425,
F5D4,
FA90,
0060,
071D,
0CA3,
108F,
112B,
0DB8,
0854,
00EA,
FAA5,
F64D,
F578,
F9A3,
FEED,
04ED,
0861,
0736,
038F,
FC95,
F76D,
F72D,
F96B,
FF26,
0352,
01F9,
FEC2,
F9B4,
F6B2,
FAEE,
FFC6,
00C0,
FFA6,
FACB,
F6EC,
FB19,
0055,
FF8D,
FCBA,
F988,
F76E,
FBEC,
0147,
FD21,
F66E,
F811,
FCA8,
FCDF,
FB1A,
F90E,
F73E,
F990,
FD82,
FAF0,
F53A,
F6DA,
FC72,
FB17,
F58E,
F5C6,
F9C6,
F97F,
F625,
F57F,
F6F4,
F72D,
F65C,
F58D,
F4BE,
F4EE,
F620,
F5B9,
F392,
F37E,
F5E0,
F5EB,
F2F0,
F260,
F536,
F5A8,
F268,
F16D,
F44A,
F515,
F1F9,
F0BD,
F367,
F472,
F1A9,
F050,
F2BF,
F406,
F1BA,
F057,
F24C,
F383,
F188,
F018,
F19E,
F2C5,
F123,
EFBF,
F0DD,
F214,
F1A7,
F275,
F0E3,
EF82,
F07B,
F1AA,
F087,
EF20,
EFE0,
F0FC,
F012,
EEC0,
EF50,
F05A,
EFB2,
EE8B,
EEE9,
EFCA,
EF41,
EE2C,
EE5A,
EF16,
EEAA,
EDAE,
EDB7,
EE4C,
EE05,
ED3D,
ED3A,
EDB7,
ED90,
ECF5,
ECDE,
ED2E,
ED0B,
EC87,
EC66,
ECA0,
EC79,
EBF2,
EBD1,
EC20,
EC0D,
EB88,
EB63,
EBB8,
EBB9,
EB45,
EB11,
EB42,
EB3F,
EAE5,
EAB0,
EAC7,
EABF,
EA78,
EA50,
EA6D,
EA70,
EA2E,
EA03,
EA1C,
EA23,
E9EC,
E9BE,
E9BF,
E9B9,
E990,
E96D,
E971,
E970,
E94A,
E927,
E928,
E92A,
E90E,
E8EE,
E8E3,
E8DA,
E8BF,
E8A2,
E89A,
E896,
E883,
E86B,
E85E,
E854,
E842,
E82D,
E820,
E816,
E804,
E7F0,
E7E1,
E7D4,
E7C7,
E7B9,
E7AB,
E79C,
E78D,
E77E,
E76E,
E75D,
E751,
E747,
E739,
E728,
E71B,
E711,
E703,
E6F1,
E6E4,
E6DB,
E6CE,
E6BD,
E6B0,
E6A9,
E69C,
E68A,
E67C,
E675,
E66B,
E659,
E64C,
E646,
E63C,
E62B,
E61D,
E618,
E60F,
E5FF,
E5F2,
E5ED,
E5E6,
E5D5,
E5C8,
E5C4,
E5BE,
E5AD,
E5A0,
E59D,
E599,
E58B,
E57E,
E57C,
E578,
E568,
E55A,
E556,
E554,
E549,
E53D,
E53B,
E53A,
E52E,
E521,
E51D,
E51B,
E512,
E507,
E505,
E504,
E4FA,
E4EE,
E4ED,
E4EF,
E4E8,
E4DD,
E4D7,
E4D4,
E4CB,
E4BF,
E4BE,
E4C2,
E4BF,
E4B6,
E4B1,
E4AE,
E4A8,
E49E,
E49B,
E49C,
E494,
E484,
E47D,
E481,
E481,
E47D,
E47A,
E479,
E473,
E469,
E462,
E461,
E45A,
E44A,
E43F,
E43E,
E43B,
E433,
E42E,
E42E,
E42C,
E426,
E420,
E41C,
E415,
E408,
E3FC,
E3F8,
E3F0,
E3DE,
E3D1,
E3D6,
E3DA,
E3D2,
E3C9,
E3C2,
E3BD,
E3BF,
E3BD,
E3AE,
E39C,
E390,
E387,
E386,
E386,
E379,
E36E,
E378,
E387,
E37C,
E36B,
E372,
E37F,
E37B,
E370,
E366,
E360,
E367,
E375,
E372,
E367,
E36F,
E381,
E382,
E37B,
E383,
E395,
E3A2,
E3AB,
E3B3,
E3BB,
E3CD,
E3E6,
E3ED,
E3E4,
E3EB,
E400,
E404,
E3F3,
E3FB,
E41E,
E430,
E42B,
E438,
E45E,
E477,
E47E,
E489,
E49B,
E4A5,
E4A0,
E49E,
E4A5,
E4AA,
E4AC,
E4AC,
E4A6,
E4A2,
E4A1,
E49E,
E497,
E491,
E492,
E48E,
E47C,
E46D,
E472,
E476,
E46A,
E45E,
E45E,
E45B,
E449,
E435,
E427,
E415,
E3ED,
E3C4,
E3BE,
E3BD,
E397,
E36E,
E37F,
E396,
E33F,
E2D3,
E2EB,
E34A,
E411,
E4B5,
E271,
DF48,
E1D2,
E729,
E885,
E715,
E0AA,
D7EB,
DC7D,
E9E9,
EF4E,
EE71,
E80A,
DD49,
D83E,
D86D,
DD5A,
E68F,
EE4C,
F449,
F3D9,
ECBF,
E515,
DD3F,
D780,
D448,
D5C5,
DCC4,
E457,
EBE6,
F276,
F7B0,
F97C,
F6BC,
F239,
EC45,
E578,
DDCB,
D778,
D39E,
D16B,
D0FC,
D27E,
D68A,
DB98,
E123,
E6FE,
ED21,
F29A,
F697,
F97A,
FB2A,
FBA1,
FA85,
F862,
F574,
F1D3,
ED77,
E8BD,
E3F8,
DF46,
DAE8,
D6F4,
D3BB,
D12A,
CF68,
CE54,
CDDA,
CE00,
CEF5,
D08E,
D29F,
D51D,
D7F3,
DB14,
DE5D,
E1C8,
E53E,
E8BC,
EC50,
EFE2,
F306,
F5D2,
F887,
FB1D,
FD5E,
FF53,
0121,
02C5,
0417,
0518,
05D9,
065B,
06C5,
071B,
071D,
06C6,
0635,
0569,
046C,
033E,
01EF,
0084,
FED6,
FCD7,
FAC1,
F8A4,
F651,
F3AF,
F120,
EECB,
EC5F,
E9BD,
E722,
E498,
E246,
E04D,
DE83,
DCE8,
DB4A,
D96A,
D7C7,
D6C8,
D5E6,
D4D5,
D3B3,
D272,
D13B,
D03B,
CF46,
CE43,
CD22,
CB99,
CA0A,
C8E9,
C7F6,
C6FF,
C61C,
C558,
C4C4,
C484,
C496,
C53C,
C626,
C6A9,
C706,
C79A,
C84A,
C8FE,
C9AC,
CA22,
CA66,
CA3C,
C9D3,
C9DD,
CA3C,
CA9B,
CB00,
CB5E,
CBBF,
CC84,
CDA2,
CF1D,
D0EA,
D26A,
D398,
D4C7,
D5F4,
D6C8,
D73F,
D7AD,
D81B,
D874,
D8B5,
D933,
D9FE,
DB09,
DC5C,
DDF7,
DFF1,
E1A7,
E2E3,
E3E1,
E49E,
E523,
E566,
E5A0,
E5E3,
E64E,
E6FC,
E7ED,
E936,
EAB0,
EC58,
EE10,
EFE5,
F158,
F1D7,
F1FA,
F1F6,
F1F6,
F21F,
F2AD,
F428,
F609,
F81D,
FA11,
FB52,
FC13,
FC21,
FBDB,
FB95,
FB7C,
FC2A,
FD68,
FF6E,
01C3,
037C,
04BE,
0545,
0548,
04E1,
045B,
04E9,
063B,
082C,
0A76,
0BD8,
0C7E,
0C43,
0B5F,
0AD5,
0AA6,
0BB7,
0DD8,
0FCC,
1189,
11F0,
110D,
100C,
0EFA,
0F60,
115F,
139B,
160F,
16C1,
1545,
13E8,
12DC,
132A,
1558,
171A,
180C,
17D4,
15D5,
14D9,
15DF,
177D,
19D9,
1AC4,
18AD,
16D5,
165C,
1717,
1A0B,
1C34,
1B79,
1A2E,
18E3,
1899,
1B42,
1D79,
1C3B,
1A67,
1976,
1979,
1C09,
1E79,
1D4C,
1B77,
1BC0,
1CDF,
1EB8,
2030,
1E45,
1BA7,
1CE0,
1F5A,
1F74,
1E9D,
1E42,
1E4A,
1FD9,
21E5,
20F6,
1EB0,
1FCD,
22A6,
228F,
20C1,
2097,
217F,
2249,
22FE,
22C5,
21DC,
228A,
247B,
2441,
2221,
224D,
24A8,
2510,
2373,
2373,
2541,
25EA,
252B,
251C,
25F8,
2674,
2666,
262C,
25BC,
25B3,
2653,
2693,
260D,
2627,
2781,
2830,
274D,
2704,
2861,
292A,
282D,
27A2,
28D3,
2999,
288D,
27E4,
292D,
2A45,
2998,
2904,
2A08,
2AE9,
2A07,
2928,
2A0B,
2B17,
2ABA,
2A3E,
2B15,
2C16,
2BD1,
2B4E,
2BEB,
2CC8,
2CB7,
2C44,
2BE6,
2BA6,
2C1F,
2CD5,
2C7A,
2BC6,
2CB1,
2E54,
2E62,
2D87,
2CE4,
2C7C,
2E18,
30CD,
2EA2,
293F,
2A8C,
30CE,
316A,
2D75,
2BFF,
2CB7,
2E54,
30C9,
310C,
2F0F,
2D60,
2C11,
2CE1,
3027,
31B0,
30F5,
2F9E,
2D95,
2D53,
2FA8,
314A,
3198,
311A,
2F89,
2E80,
2E78,
2F97,
3298,
347D,
33C9,
32AF,
31AA,
3100,
30FF,
31D9,
345F,
365A,
361D,
356E,
350C,
34AD,
3417,
341D,
360E,
3828,
38D8,
390E,
3944,
393A,
3857,
37A2,
38D5,
3AAA,
3BC6,
3CAA,
3DDF,
3EE0,
3E53,
3D2D,
3D15,
3D7A,
3D8B,
3DAF,
3F43,
417E,
4247,
4235,
429F,
4331,
4288,
4126,
413C,
4266,
433E,
43E5,
452B,
46E5,
478F,
4743,
471D,
471E,
46BE,
4602,
45E9,
4683,
46DC,
46DC,
478D,
4917,
4A18,
4A4F,
4AB7,
4B7F,
4BA1,
4ACA,
4A1F,
49E9,
49AE,
494E,
4952,
4A05,
4AAF,
4B02,
4B93,
4CC2,
4DA4,
4DB4,
4D9E,
4DB2,
4D74,
4C74,
4B77,
4B0C,
4AA8,
49EE,
4952,
4943,
4948,
48E8,
48A1,
4915,
499A,
4982,
4929,
48C9,
4849,
4789,
46A1,
45C8,
44C3,
4300,
40E8,
3F2E,
3D9A,
3BEF,
3A3F,
38B1,
3734,
358C,
33DA,
32B1,
31D4,
3071,
2EB3,
2D00,
2B4B,
2973,
2778,
2566,
2338,
20A0,
1DAC,
1AF9,
1885,
15DA,
12FA,
0FF9,
0CD7,
09F6,
0761,
050A,
02FC,
00BE,
FE35,
FC1C,
FA9C,
F93A,
F7E8,
F6A9,
F579,
F464,
F364,
F2B5,
F27C,
F254,
F20D,
F205,
F269,
F2F8,
F39B,
F478,
F5A4,
F719,
F8E7,
FAED,
FD16,
FF72,
0201,
04D5,
081F,
0B84,
0EB6,
11E1,
152C,
185D,
1B38,
1DD1,
203F,
2255,
23C9,
24AA,
24E0,
246E,
232C,
2139,
1EAF,
1B90,
17AA,
1332,
0E6A,
0967,
0449,
FF3B,
FACB,
F6F7,
F3E2,
F19C,
F0AE,
F0FF,
F285,
F52E,
F92B,
FE4B,
03B5,
094B,
0E7F,
1331,
165D,
17EC,
178B,
152D,
10F2,
0ADA,
0409,
FC9E,
F63A,
F12F,
EE99,
EEEA,
F1EF,
F80A,
FF21,
0709,
0D29,
108B,
1095,
0C23,
059D,
FCDC,
F5AE,
F1EA,
F1D4,
F758,
FE86,
06C2,
0C31,
0B05,
067A,
FDC6,
F620,
F40C,
F5B8,
FDA5,
055D,
0685,
0418,
FC75,
F520,
F5F8,
FA0F,
FF8B,
03C4,
FF08,
F7CE,
F6AB,
F85F,
FC1A,
FFD0,
FC68,
F661,
F6BB,
FA01,
FB0D,
FACD,
F895,
F584,
F6BB,
FA4B,
F950,
F593,
F569,
F79F,
F7BF,
F65E,
F5A4,
F56E,
F5B1,
F65F,
F5EB,
F46B,
F476,
F60E,
F5FE,
F41F,
F3CE,
F555,
F57D,
F3E0,
F36B,
F49A,
F4DC,
F3B0,
F333,
F3E7,
F41B,
F35C,
F2F2,
F341,
F360,
F304,
F2BF,
F2C4,
F2C7,
F2B1,
F294,
F26D,
F253,
F264,
F25E,
F20B,
F1C7,
F1E5,
F1EE,
F177,
F12C,
F1FC,
EFAB,
F132,
F268,
F0D7,
EF10,
F037,
F1AD,
F04C,
EE79,
EF6E,
F0ED,
EFBF,
EDEC,
EECD,
F06F,
EF5C,
ED63,
EE1E,
EFE1,
EF12,
ED22,
ED88,
EF0E,
EE7A,
ECC4,
ED01,
EE60,
EDE6,
EC3A,
EC5C,
EDC5,
ED7E,
EBE8,
EBE0,
ED25,
ED0B,
EBAD,
EB8F,
ECAE,
ECA8,
EB63,
EB2E,
EC38,
EC46,
EB10,
EABC,
EBA6,
EBC9,
EABB,
EA5E,
EB2B,
EB5D,
EA6A,
EA07,
EACA,
EB12,
EA3A,
E9C8,
EA66,
EAAF,
E9F0,
E97B,
EA08,
EA59,
E9AC,
E92D,
E9A0,
E9F5,
E969,
E8F5,
E95E,
E9B9,
E939,
E8BA,
E909,
E95E,
E8F0,
E876,
E8BB,
E915,
E8B6,
E83B,
E86D,
E8C3,
E877,
E805,
E82F,
E885,
E845,
E7D3,
E7ED,
E83C,
E806,
E799,
E7AA,
E7F9,
E7D0,
E767,
E76E,
E7B8,
E798,
E733,
E732,
E778,
E760,
E701,
E6FA,
E73B,
E72B,
E6D1,
E6C3,
E6FF,
E6F6,
E6A3,
E68F,
E6C6,
E6C2,
E674,
E65C,
E68F,
E692,
E649,
E62C,
E65B,
E662,
E61F,
E5FF,
E629,
E633,
E5F6,
E5D4,
E5F9,
E607,
E5CF,
E5AB,
E5CD,
E5DE,
E5AB,
E585,
E5A3,
E5B7,
E589,
E562,
E57B,
E591,
E569,
E542,
E558,
E56F,
E54C,
E526,
E538,
E54F,
E530,
E508,
E515,
E52D,
E514,
E4F0,
E4FF,
E51C,
E507,
E4E1,
E4E7,
E4FE,
E4EA,
E4C5,
E4CB,
E4E6,
E4D8,
E4B4,
E4B3,
E4C8,
E4BD,
E49E,
E4A4,
E4C3,
E4BF,
E49F,
E49B,
E4AD,
E4A3,
E47F,
E47A,
E493,
E493,
E478,
E471,
E480,
E47F,
E467,
E464,
E47E,
E484,
E46A,
E45E,
E46A,
E467,
E44B,
E43C,
E44A,
E44C,
E430,
E41F,
E42A,
E42F,
E41D,
E415,
E429,
E435,
E425,
E417,
E41E,
E422,
E411,
E403,
E40D,
E412,
E3F6,
E3D7,
E3CC,
E3C6,
E3BA,
E3B0,
E3B3,
E3B5,
E39D,
E386,
E39D,
E3BF,
E3B9,
E3A4,
E39C,
E399,
E39F,
E3A7,
E3A6,
E39E,
E37F,
E357,
E35B,
E374,
E36A,
E34D,
E343,
E346,
E34F,
E35D,
E35B,
E34E,
E345,
E340,
E34B,
E365,
E360,
E341,
E340,
E35D,
E364,
E356,
E34F,
E351,
E359,
E36A,
E373,
E371,
E36D,
E365,
E369,
E37F,
E387,
E376,
E37F,
E3B5,
E3DC,
E3DB,
E3DF,
E3F6,
E40E,
E426,
E438,
E43E,
E44A,
E46C,
E485,
E47C,
E475,
E48C,
E49D,
E491,
E484,
E48A,
E493,
E493,
E48E,
E475,
E46C,
E4C9,
E505,
E3FC,
E317,
E50B,
E740,
E564,
E251,
E140,
E1E2,
E83F,
EF23,
E6F3,
D91F,
DA19,
E2CF,
E9FE,
EF9C,
EC5C,
E3A7,
DEDD,
DCB9,
DB0C,
DA7C,
E19A,
EE01,
F18F,
EDD9,
EAB9,
E7D9,
E0C5,
D631,
D287,
D5C9,
D959,
DD06,
E39D,
ED38,
F317,
F45C,
F455,
F339,
EF49,
E7FD,
E141,
DBE1,
D731,
D334,
D15E,
D268,
D50D,
D948,
DE68,
E441,
EA72,
F100,
F693,
FA36,
FCFF,
FF62,
0042,
FE93,
FBFB,
F965,
F5F6,
F0E0,
EB82,
E6FC,
E261,
DCC6,
D792,
D46E,
D1EA,
CE88,
CBB1,
CB4F,
CBD8,
CB79,
CB68,
CD66,
D040,
D233,
D439,
D827,
DCD4,
DFF5,
E297,
E6EA,
EBF0,
EF67,
F210,
F5BC,
F9DA,
FCB3,
FEBE,
01B9,
052B,
06C6,
0702,
084C,
0A50,
0AE2,
0A36,
0A39,
0ACE,
0A18,
0822,
06F0,
0691,
0502,
0222,
FFD7,
FE53,
FC1B,
F8FA,
F671,
F4D5,
F258,
EE7D,
EB69,
E9B5,
E7B9,
E500,
E2CD,
E19F,
E00F,
DD71,
DB64,
DAB7,
D9E8,
D841,
D6E8,
D68E,
D5F8,
D44D,
D2D5,
D276,
D20A,
D0C3,
CF81,
CEF9,
CE56,
CCBC,
CB2A,
CAA9,
CA40,
C8E6,
C780,
C715,
C6E4,
C5F6,
C50C,
C543,
C5ED,
C62A,
C665,
C74B,
C869,
C8CC,
C8F2,
C9F7,
CB5A,
CBFC,
CC37,
CCCE,
CD7D,
CD43,
CC79,
CC45,
CC75,
CC64,
CC32,
CCAB,
CDAC,
CE23,
CE31,
CF0A,
D09E,
D228,
D3A5,
D581,
D7B8,
D93D,
D9F7,
DABC,
DB9C,
DC0C,
DBF5,
DC0F,
DC80,
DCA8,
DC5C,
DCA3,
DDCF,
DEF5,
DFD8,
E11F,
E305,
E506,
E703,
E909,
EB36,
ECC7,
ED2C,
ED52,
ED93,
EDB3,
ED8C,
ED9F,
EE5A,
EF56,
F05F,
F1BF,
F3E4,
F60C,
F791,
F8CE,
F9E9,
FAB7,
FADD,
FACA,
FAF5,
FB21,
FAEE,
FAD6,
FBA5,
FCF1,
FE84,
0040,
01FB,
038F,
0469,
04CB,
0505,
0511,
04B2,
0437,
04BF,
05F1,
0737,
0890,
09E8,
0B2A,
0BB9,
0BB7,
0B75,
0B06,
0AD8,
0AF0,
0BF7,
0DD4,
0F71,
10C6,
1191,
11CF,
1184,
10AE,
1073,
10F2,
11FE,
13A4,
1532,
169A,
16F4,
15DF,
14E7,
144B,
1454,
154A,
1696,
1842,
195D,
196B,
1901,
17FB,
1785,
1856,
19B4,
1BD5,
1D36,
1C8A,
1B83,
1AAE,
1A6D,
1B90,
1D13,
1EAB,
1FA2,
1E9C,
1D40,
1CB4,
1CE0,
1ED2,
20D2,
20A3,
1F92,
1E00,
1CD6,
1EA6,
2163,
226B,
227F,
2134,
1F9B,
208D,
22A5,
23F0,
2491,
22F0,
2053,
20FE,
237B,
245E,
242D,
2291,
2028,
2142,
24CE,
2580,
2406,
232B,
22D3,
242D,
2700,
26A4,
233E,
22D4,
257F,
267D,
259D,
24A0,
2386,
23F1,
2654,
26A7,
2403,
2370,
261F,
274F,
25D8,
250B,
25B1,
2651,
26BD,
268D,
252F,
24C1,
2698,
2774,
256A,
2451,
267D,
2802,
2675,
2541,
267E,
27E3,
285C,
2840,
26E8,
261A,
284B,
2A25,
27E2,
2550,
261F,
27EB,
2988,
2A4C,
2727,
23E2,
275D,
2C6E,
2B80,
286D,
278B,
27D1,
29C2,
2C3C,
2C21,
2AA5,
2931,
27F7,
2906,
2B61,
2C73,
2C9D,
2B83,
29A4,
29CB,
2B6B,
2CB3,
2DAF,
2DA5,
2CBA,
2BF3,
2B55,
2BE7,
2D9A,
2E9C,
2EE3,
2F00,
2EF9,
2E8D,
2DAF,
2DF7,
2FB6,
3090,
301C,
2FEB,
303E,
3040,
2FB5,
2FB7,
30AE,
317D,
31D7,
3237,
32C4,
32F4,
3260,
3238,
3333,
3402,
33FA,
3407,
34AB,
351F,
34C8,
3499,
354E,
360E,
363D,
3679,
3757,
3813,
37D7,
3770,
378F,
37C9,
37B4,
37BE,
3897,
39B0,
3A60,
3AF6,
3BE5,
3CC4,
3CBC,
3C4C,
3C33,
3C34,
3BD4,
3B68,
3BEB,
3CF2,
3D9C,
3E1F,
3EF8,
3FFF,
40B9,
413D,
41DB,
427C,
427A,
41FB,
41DC,
420D,
4214,
41FD,
424F,
4307,
43C8,
448C,
45C6,
4778,
489D,
4919,
4966,
4989,
4959,
48C7,
4861,
484D,
481D,
47B8,
47A2,
4808,
487D,
48E9,
4979,
4A46,
4AF8,
4B5F,
4BE3,
4CC1,
4D6F,
4DA8,
4DA4,
4D6A,
4CE6,
4BE5,
4AF3,
4A86,
4A2B,
49A3,
491A,
48A2,
4833,
47BF,
4770,
4793,
47D1,
47D5,
47CB,
47E5,
47F1,
47A4,
4727,
46A7,
4608,
4513,
43EB,
42CA,
4195,
400C,
3E56,
3CCF,
3B5D,
39D1,
383C,
36D5,
358B,
342A,
32BE,
317C,
3055,
2F08,
2D9E,
2C3A,
2ADA,
295B,
27C0,
2630,
24A8,
22CF,
20A4,
1E7F,
1C64,
1A20,
17B0,
1527,
1285,
0FC4,
0CE0,
0A0C,
0758,
0493,
01AF,
FEF6,
FC7D,
FA1E,
F7D2,
F5BD,
F3EF,
F255,
F0EE,
EFB9,
EEBA,
EDE1,
ED19,
ECAD,
ECD9,
ED4A,
EDDC,
EEA6,
EFAD,
F0FA,
F29B,
F489,
F6DC,
F961,
FBE9,
FE96,
0186,
04A1,
07E6,
0B3C,
0E93,
11D4,
14C8,
1793,
1A71,
1D2C,
1F7D,
2162,
22A2,
2352,
2377,
2312,
221C,
208B,
1DF3,
1A8F,
16C7,
129C,
0E14,
093E,
041E,
FED9,
F9F2,
F576,
F1B8,
EEC0,
ECAA,
EB81,
EBE5,
EDCC,
F0E4,
F521,
FA22,
FFD3,
05B1,
0BA3,
10C5,
14EA,
1755,
17C7,
1665,
130C,
0E1F,
077F,
0091,
F98B,
F3E8,
F041,
EF11,
F103,
F541,
FC37,
03A2,
0B06,
1040,
11B4,
0FF4,
09D5,
020E,
F904,
F1C6,
EF17,
F021,
F6F2,
FF2F,
0698,
0B2B,
0876,
023E,
F8D5,
F06C,
EF97,
F2FF,
FBA5,
047A,
04B6,
0076,
F803,
EF7A,
F172,
F83E,
FE62,
02E9,
FD30,
F31B,
F223,
F633,
FB14,
FFD0,
FB7C,
F226,
F2CE,
F9BA,
FB79,
F9A3,
F6CE,
F34E,
F531,
FB51,
FA5C,
F35B,
F2DA,
F85A,
F931,
F55C,
F40D,
F57A,
F664,
F6B0,
F603,
F418,
F41F,
F6D9,
F718,
F38F,
F29D,
F609,
F702,
F367,
F1ED,
F4E5,
F625,
F34A,
F1BE,
F3C2,
F4DC,
F2F8,
F1B4,
F2E1,
F3A4,
F264,
F16D,
F22A,
F2BD,
F1D9,
F10C,
F176,
F1C3,
F089,
F095,
F116,
F164,
F0A0,
EFCE,
F024,
F0A3,
F018,
EF63,
EF9F,
F009,
EF76,
EEAC,
EEF2,
EF88,
EF15,
EE45,
EE58,
EEC5,
EE69,
EDB7,
EDD0,
EE49,
EDF5,
ED32,
ED25,
ED87,
ED53,
ECBF,
ECBD,
ED21,
ECEF,
EC4A,
EC2A,
EC7C,
EC68,
EBF5,
EBE3,
EC2F,
EC16,
EB90,
EB64,
EBA4,
EB9F,
EB3F,
EB1E,
EB56,
EB4E,
EAE8,
EAB6,
EADE,
EADC,
EA8D,
EA66,
EA92,
EA9B,
EA51,
EA21,
EA38,
EA3A,
E9FB,
E9D1,
E9ED,
E9F9,
E9C1,
E992,
E9A0,
E9A5,
E971,
E943,
E94F,
E959,
E930,
E907,
E910,
E919,
E8F3,
E8C8,
E8C9,
E8D0,
E8AE,
E886,
E888,
E891,
E874,
E84C,
E848,
E84D,
E831,
E80C,
E804,
E809,
E7F3,
E7D1,
E7CA,
E7CF,
E7BB,
E799,
E78E,
E791,
E77F,
E75E,
E752,
E754,
E745,
E727,
E71B,
E71C,
E70F,
E6F2,
E6E4,
E6E5,
E6D8,
E6BE,
E6B0,
E6B0,
E6A5,
E68C,
E67D,
E67D,
E674,
E65D,
E64E,
E64D,
E644,
E62E,
E61F,
E61D,
E616,
E602,
E5F4,
E5F1,
E5EB,
E5D8,
E5CA,
E5C8,
E5C3,
E5B2,
E5A3,
E5A1,
E59C,
E58D,
E57E,
E57B,
E578,
E569,
E55B,
E558,
E554,
E548,
E53B,
E539,
E538,
E52E,
E522,
E51E,
E51C,
E510,
E503,
E4FE,
E4FB,
E4F4,
E4EB,
E4E9,
E4EA,
E4E3,
E4D9,
E4D4,
E4D3,
E4CC,
E4C2,
E4C1,
E4C6,
E4C3,
E4BC,
E4B8,
E4B7,
E4AF,
E4A3,
E49D,
E49C,
E499,
E494,
E494,
E49A,
E49A,
E493,
E48D,
E48A,
E485,
E47E,
E47E,
E487,
E48A,
E485,
E47E,
E475,
E46A,
E45D,
E457,
E45B,
E45F,
E461,
E462,
E462,
E45C,
E44D,
E442,
E442,
E446,
E450,
E456,
E455,
E44A,
E430,
E418,
E410,
E40F,
E411,
E412,
E40A,
E3FB,
E3E2,
E3CA,
E3C3,
E3C4,
E3C9,
E3CE,
E3CB,
E3C2,
E3B1,
E3A0,
E3A3,
E3AE,
E3B6,
E3BA,
E3A9,
E38D,
E378,
E369,
E370,
E380,
E375,
E358,
E334,
E30C,
E302,
E30C,
E30F,
E30C,
E2F5,
E2CF,
E2CA,
E2DF,
E2F4,
E308,
E305,
E2EA,
E2E4,
E2F5,
E30E,
E330,
E335,
E317,
E307,
E30D,
E31A,
E330,
E32E,
E308,
E2F3,
E2FC,
E30F,
E32F,
E338,
E313,
E302,
E320,
E341,
E35C,
E365,
E341,
E336,
E374,
E3AA,
E3A4,
E3A2,
E3C4,
E3F0,
E421,
E44D,
E466,
E47D,
E4B6,
E4BE,
E3C4,
E34A,
E645,
E8BA,
E404,
DE9A,
E13E,
E6D9,
ECEE,
F02E,
E1F7,
D059,
D90D,
EC5F,
F351,
F31A,
EABC,
DE28,
D818,
D6A0,
DA42,
E1BE,
EC36,
F79F,
F76B,
EEBB,
E7DA,
E211,
DA05,
D0E2,
D0E7,
D8ED,
DF84,
E4C0,
EC4C,
F5D0,
F96F,
F6CE,
F3F4,
F137,
EB16,
E12C,
D9C2,
D5DC,
D242,
CE8F,
CDF2,
D161,
D579,
D98B,
DEF7,
E64B,
ECC5,
F15A,
F57D,
F999,
FC46,
FCB6,
FC1B,
FAC0,
F86D,
F4DF,
F0D7,
ECB9,
E857,
E38E,
DEE4,
DAB8,
D707,
D40E,
D199,
CF88,
CE1A,
CDAD,
CDF2,
CEBC,
D019,
D240,
D4D2,
D745,
D9F0,
DD63,
E120,
E461,
E782,
EB0D,
EEAC,
F1AF,
F468,
F78D,
FABF,
FD05,
FEB7,
00A7,
0298,
03B5,
0441,
052D,
063E,
066D,
05EE,
05C9,
05DC,
054D,
0433,
0372,
02FE,
01CB,
FFE2,
FE77,
FD93,
FC3F,
FA6C,
F8E1,
F7B5,
F5F8,
F381,
F171,
F002,
EE40,
EBF6,
E9FC,
E893,
E6C8,
E448,
E1FE,
E03D,
DE4F,
DBE3,
D9C8,
D86E,
D6E5,
D4AD,
D29E,
D128,
CFB7,
CDF0,
CC73,
CBC9,
CB2D,
CA0A,
C90C,
C8BD,
C889,
C7E8,
C769,
C79F,
C7FA,
C7EA,
C7DC,
C853,
C8D1,
C8A2,
C847,
C862,
C898,
C868,
C822,
C85B,
C8B5,
C875,
C7F3,
C7C8,
C7C4,
C776,
C71A,
C774,
C843,
C8E1,
C972,
CA6D,
CBB1,
CCA6,
CD6C,
CEA9,
D043,
D1A6,
D2DC,
D456,
D605,
D734,
D7E3,
D896,
D951,
D9B1,
D9AF,
D9F2,
DA90,
DB0A,
DB53,
DBEA,
DCEB,
DDE0,
DEB0,
DFCA,
E152,
E2CA,
E40B,
E57A,
E73D,
E8DD,
EA28,
EB66,
ECB9,
EDAF,
EDFA,
EE1E,
EE49,
EE6A,
EE71,
EEBC,
EFA9,
F0C6,
F1D3,
F30D,
F4B3,
F669,
F7EF,
F956,
FAAB,
FBB1,
FBF3,
FBE6,
FBEA,
FBEB,
FBE0,
FBF2,
FC81,
FD51,
FE20,
FF0B,
0058,
01CE,
0312,
0431,
052F,
05FC,
062F,
0606,
060C,
0631,
066E,
06CB,
077C,
086E,
0966,
0A67,
0B9F,
0CF7,
0DB6,
0DEE,
0DE5,
0DA3,
0D7D,
0D7B,
0DF0,
0EE1,
0FC7,
1097,
1181,
1286,
1340,
139F,
13CE,
13CA,
13CF,
13E4,
1454,
1548,
1627,
16CA,
1763,
17F7,
187D,
18EE,
1962,
19EB,
1A5D,
1A99,
1ADB,
1B44,
1BA4,
1BDC,
1C28,
1CB9,
1D52,
1DDB,
1E49,
1E7D,
1E90,
1E6E,
1E73,
1F22,
2006,
20E5,
2196,
21A9,
216E,
20ED,
2089,
212F,
2242,
233C,
23F9,
239D,
22C4,
2232,
21F6,
232B,
2501,
259D,
256A,
2448,
22B5,
22DC,
2426,
2591,
26F5,
2645,
241B,
2353,
23A6,
24ED,
26F5,
26DE,
24E1,
23B3,
234E,
2483,
275B,
2782,
24AC,
2340,
238A,
24EA,
27A9,
277D,
2338,
21F1,
2557,
272D,
2628,
24C5,
2308,
233A,
2716,
2822,
22E3,
20AB,
2654,
2973,
24A6,
2128,
236D,
2625,
27C8,
2783,
2270,
1F6B,
254D,
2A6F,
26F0,
229E,
22A0,
23F3,
25D7,
2770,
2707,
25EC,
24D7,
2412,
24A4,
25DE,
27B0,
2932,
27BF,
255E,
2535,
261D,
273F,
2878,
291C,
294A,
2896,
2777,
2742,
27B3,
28EE,
2A9D,
2B2B,
2AEE,
2ACC,
2AB0,
2A0D,
2916,
2996,
2B4B,
2C1E,
2C27,
2CC7,
2DF1,
2DB0,
2C02,
2BA8,
2CCD,
2D7C,
2D8C,
2E96,
30DC,
31C4,
30C8,
305F,
310B,
30E8,
2F6B,
2EF2,
3046,
3155,
317B,
3232,
342D,
353B,
3433,
335A,
33AC,
33B2,
3299,
31FF,
32F8,
3400,
342D,
34B3,
36A9,
384F,
3825,
37A3,
37C7,
37C5,
36CF,
35F0,
366C,
3734,
372A,
3736,
3897,
3A4A,
3B0E,
3B7E,
3C4C,
3CF9,
3C6F,
3B69,
3B32,
3B45,
3ABB,
3A04,
3A2C,
3AD1,
3B1D,
3B58,
3C80,
3E37,
3F68,
403D,
413E,
4243,
425A,
41B5,
4165,
4158,
40F4,
404D,
401D,
4064,
408F,
409F,
4164,
42E9,
4441,
4557,
4671,
4795,
483B,
4840,
485E,
48BC,
48D7,
4891,
485F,
4867,
4838,
47AA,
473D,
4723,
4712,
46EC,
4713,
47CA,
4892,
4931,
49E8,
4ADF,
4BC9,
4C72,
4D08,
4DAF,
4E18,
4DEA,
4D8C,
4D3E,
4CDD,
4C57,
4BC5,
4B4F,
4ABE,
49C2,
48A0,
479A,
46A0,
45A9,
44CE,
4458,
4410,
43B9,
435C,
4305,
42A3,
4202,
4141,
40AA,
4024,
3F8D,
3EE7,
3E44,
3D94,
3C94,
3B4E,
39D7,
382F,
3648,
342E,
323C,
3068,
2E86,
2C96,
2A79,
282E,
25AD,
22F8,
2073,
1E24,
1BEB,
19C9,
17AA,
158D,
135C,
1112,
0ED7,
0CB4,
0A9B,
0889,
0690,
04BA,
02E0,
00F3,
FF09,
FD1F,
FB4C,
F99B,
F812,
F6C4,
F577,
F405,
F29B,
F137,
F006,
EF2B,
EE97,
EE5E,
EE4B,
EE33,
EE39,
EE66,
EED3,
EFA3,
F0CC,
F267,
F44D,
F663,
F8A9,
FB15,
FDAA,
0071,
0366,
069D,
09F2,
0D34,
1060,
1357,
1622,
18D2,
1B54,
1D9D,
1F92,
20CB,
215C,
2132,
2060,
1F0B,
1D33,
1AB9,
17A8,
13E2,
0F82,
0AE9,
0625,
0171,
FCDC,
F882,
F473,
F123,
EE9F,
ED5E,
ED6E,
EEA9,
F114,
F480,
F8EA,
FE06,
03CC,
0977,
0EE3,
1338,
162B,
177F,
16F2,
1494,
1023,
0A5D,
032A,
FBF8,
F528,
EFEB,
ED13,
ECA4,
EF5A,
F417,
FB24,
0266,
0906,
0D85,
0E05,
0B74,
04A3,
FC83,
F471,
EE47,
ED13,
EF5D,
F69B,
FF1C,
059B,
0941,
0579,
FE46,
F5F3,
EEDC,
EFE4,
F529,
FCC4,
041C,
02C8,
FCDB,
F5E1,
EF7B,
F2C6,
FB1C,
FF00,
FFC2,
FA15,
F100,
F21E,
F9C3,
FC9B,
FBFD,
F7FC,
F19A,
F397,
FC34,
FC65,
F560,
F37F,
F65E,
F859,
F973,
F7EA,
F37E,
F3BC,
F97E,
F9FE,
F3BA,
F235,
F75D,
F8F3,
F4FB,
F330,
F539,
F648,
F556,
F46F,
F3DD,
F3D4,
F4CD,
F4E7,
F2F7,
F217,
F426,
F512,
F253,
F0A9,
F339,
F4E1,
F215,
EFEF,
F239,
F417,
F1D5,
EF6D,
EFB8,
F17E,
F0E6,
F048,
F02B,
F037,
F03B,
F02A,
EFAD,
EF2B,
EF4D,
EF8B,
EEF6,
EE3F,
EEB5,
EF7A,
EEDA,
EDC3,
EE17,
EEF4,
EE58,
ED1E,
ED7B,
EE9C,
EE27,
ECDA,
ED05,
EE0F,
EDA3,
EC48,
EC5D,
ED78,
ED3A,
EBF2,
EBF2,
ED05,
ECDA,
EB8B,
EB69,
EC74,
EC6B,
EB36,
EB0E,
EC22,
EC3B,
EB12,
EAC7,
EBB6,
EBD4,
EAB4,
EA55,
EB3C,
EB7A,
EA7B,
EA12,
EAE3,
EB2A,
EA35,
E9B7,
EA6F,
EAC3,
E9E5,
E960,
EA0B,
EA73,
E9B4,
E92D,
E9C8,
EA37,
E988,
E8F4,
E971,
E9DF,
E944,
E8AF,
E91C,
E990,
E90D,
E878,
E8D0,
E941,
E8CC,
E835,
E87A,
E8EB,
E88A,
E7F7,
E82F,
E8A1,
E853,
E7C5,
E7F0,
E860,
E820,
E794,
E7B0,
E81B,
E7E7,
E75F,
E76D,
E7D3,
E7AC,
E72A,
E72E,
E790,
E775,
E6FA,
E6F5,
E752,
E741,
E6CB,
E6BD,
E716,
E70E,
E69E,
E688,
E6D9,
E6DA,
E672,
E655,
E6A1,
E6A8,
E647,
E624,
E66A,
E678,
E61F,
E5F8,
E637,
E649,
E5F8,
E5CC,
E605,
E61C,
E5D3,
E5A5,
E5D7,
E5F2,
E5AE,
E57D,
E5AA,
E5C9,
E58D,
E55B,
E583,
E5A5,
E56F,
E53B,
E55C,
E57E,
E54F,
E51A,
E536,
E55B,
E533,
E500,
E518,
E53F,
E51E,
E4EC,
E4FF,
E526,
E508,
E4D4,
E4E1,
E505,
E4EC,
E4B9,
E4C1,
E4E6,
E4D3,
E4A3,
E4AA,
E4D1,
E4C5,
E497,
E499,
E4BB,
E4B0,
E484,
E485,
E4AD,
E4AD,
E488,
E488,
E4AC,
E4AA,
E47F,
E473,
E48E,
E48B,
E463,
E459,
E476,
E47C,
E45E,
E456,
E474,
E47B,
E458,
E447,
E45B,
E461,
E445,
E43C,
E45F,
E474,
E460,
E451,
E462,
E466,
E443,
E429,
E43A,
E448,
E437,
E428,
E437,
E441,
E426,
E40A,
E40D,
E414,
E406,
E3FC,
E414,
E42E,
E425,
E413,
E416,
E41A,
E402,
E3E7,
E3F9,
E419,
E41A,
E40B,
E402,
E3F8,
E3D1,
E39E,
E392,
E39A,
E399,
E392,
E38B,
E382,
E35C,
E326,
E31B,
E332,
E33C,
E33A,
E33F,
E346,
E329,
E2ED,
E2E6,
E315,
E332,
E33A,
E33E,
E33C,
E328,
E2FF,
E2EE,
E2FC,
E311,
E32F,
E32B,
E2F6,
E2CE,
E2C0,
E2CC,
E302,
E319,
E2F5,
E2D3,
E2C2,
E2B8,
E2B5,
E2BD,
E2DB,
E2E2,
E2AA,
E28B,
E2CB,
E2FD,
E2CF,
E2AC,
E2C6,
E33C,
E4E8,
E58A,
E15A,
DE22,
E32B,
E956,
EACB,
E8B7,
DDC8,
D41B,
DEA3,
EE89,
F207,
EF5C,
E773,
DD9C,
D8B7,
D78B,
DCE6,
E5F9,
EEFE,
F6BD,
F597,
EEB4,
E795,
E01E,
D8DC,
D2AC,
D3A7,
DA11,
E062,
E6CF,
EE63,
F670,
F96A,
F7CA,
F546,
F1D8,
EB8D,
E2A3,
DBD7,
D773,
D377,
CFDF,
CF71,
D296,
D635,
D9E9,
DF2C,
E64E,
EC8C,
F13D,
F592,
F9BD,
FC6F,
FD21,
FCD3,
FBAE,
F96D,
F5D1,
F1A9,
ED35,
E87C,
E380,
DEAF,
DA55,
D64E,
D294,
CF6B,
CD16,
CB67,
CA59,
C9FB,
CA81,
CB90,
CCE3,
CEAA,
D122,
D404,
D71A,
DA79,
DE4B,
E247,
E606,
E9AF,
ED5B,
F0F5,
F462,
F7A6,
FAC8,
FDB3,
0029,
0243,
0406,
0580,
06E0,
0817,
0900,
09A4,
0A1C,
0A58,
09F7,
0919,
0842,
075F,
0613,
0471,
0305,
01BF,
0000,
FDD0,
FBCF,
F9FB,
F7B4,
F4FA,
F2A2,
F0BD,
EE97,
EC21,
E9F5,
E82D,
E620,
E3AD,
E18E,
DFEF,
DE49,
DC7A,
DAF6,
D9EB,
D8BF,
D737,
D5D6,
D4CD,
D3B5,
D25A,
D134,
D084,
CFDA,
CEFB,
CE47,
CE09,
CDB5,
CCE2,
CC0A,
CB7F,
CAE3,
C9D8,
C8E6,
C895,
C860,
C7CE,
C73D,
C70D,
C6D9,
C614,
C53B,
C4E7,
C4BE,
C44A,
C3E8,
C43C,
C4E3,
C546,
C5AC,
C6A6,
C7E3,
C8B9,
C96D,
CA8D,
CBE6,
CCF1,
CDDA,
CF2C,
D0BC,
D208,
D324,
D461,
D5AA,
D68F,
D721,
D7AC,
D82F,
D876,
D88B,
D8CD,
D93E,
D992,
D9C9,
DA37,
DAE4,
DB78,
DBE9,
DCAF,
DDDD,
DF02,
E00A,
E14A,
E2D8,
E445,
E570,
E6B9,
E83D,
E99A,
EAAF,
EBBE,
ECE3,
EDC1,
EE21,
EE61,
EEA6,
EEBB,
EE75,
EE44,
EE6D,
EEBB,
EF13,
EFB7,
F0EF,
F25D,
F3CD,
F553,
F705,
F8B1,
FA2A,
FB7D,
FCA4,
FD9A,
FE52,
FEC7,
FED0,
FE98,
FE38,
FDCD,
FD92,
FD86,
FDC8,
FE55,
FF61,
00BB,
0211,
0371,
0502,
069F,
07CE,
08AA,
0953,
09C3,
09B4,
0948,
08FA,
08C7,
08BA,
08D9,
0975,
0A84,
0BE5,
0D90,
0F4E,
1115,
1278,
136F,
1414,
1465,
1446,
13B0,
1327,
12BC,
128E,
12A8,
1332,
143C,
15AF,
17A5,
1924,
19D8,
1A2F,
1A2F,
19D1,
18F0,
184E,
1845,
1887,
1911,
19E3,
1B17,
1C59,
1D9E,
1E6C,
1E33,
1DA7,
1D0B,
1C67,
1BA5,
1B79,
1CFF,
1EEE,
2070,
2189,
21B9,
2164,
209F,
1FB0,
1EE2,
1E64,
1EE3,
1FE9,
2142,
228D,
22B9,
2240,
216B,
206A,
1FA3,
1F39,
2035,
2203,
23AB,
250B,
249E,
2303,
21DF,
2123,
2180,
22BE,
24EA,
27A5,
267E,
2229,
20E9,
226C,
234A,
238F,
23B0,
23A1,
2444,
25C1,
23BB,
1D6D,
1E42,
2850,
2BD1,
25F8,
21A7,
2033,
21B5,
277B,
2AA3,
290B,
2633,
21D4,
2106,
272B,
2BB1,
2B68,
28FC,
2369,
2095,
2530,
2985,
29F9,
28CE,
2567,
22D3,
2409,
25C7,
2619,
2661,
2781,
288A,
28F1,
2849,
242B,
20F8,
25F9,
2C66,
2C2C,
29B5,
289E,
27E1,
271A,
2673,
25E3,
25DD,
28B1,
2C59,
2BBC,
2904,
281F,
280A,
26BC,
250D,
25B6,
27F2,
2A75,
2D08,
2D70,
2C32,
2BD5,
2C09,
29E9,
2609,
268F,
2AFC,
2CA3,
2B9D,
2CCB,
3030,
3064,
2D18,
2B90,
2C48,
2BA5,
2931,
28F4,
2BBA,
2DB7,
2E33,
2F96,
328F,
33D8,
324E,
30DA,
303A,
2F37,
2D53,
2C44,
2CE3,
2DF4,
2F29,
30BA,
32D4,
34E9,
36BF,
380F,
385E,
384E,
383A,
37BA,
363C,
34C7,
343F,
3412,
33ED,
342E,
356B,
3705,
387C,
39E2,
3B28,
3C33,
3CB1,
3CD6,
3CE0,
3CA9,
3BC1,
3A8A,
39A1,
38E1,
3800,
3749,
37C0,
38F0,
39D7,
3AB4,
3C52,
3E5A,
3F87,
4024,
414E,
42C5,
4344,
42FD,
42FA,
4321,
4266,
40E7,
3FFD,
3FA7,
3EFF,
3E08,
3E08,
3F12,
3FBB,
3FE3,
40A1,
4218,
4311,
4351,
43EF,
4525,
45FF,
463F,
469B,
4748,
47A7,
4781,
4751,
4741,
4701,
466B,
45DF,
4589,
4530,
44B6,
445B,
444B,
4440,
4401,
43F3,
446C,
4507,
457D,
4617,
472B,
4836,
48B4,
490C,
4995,
4A08,
4A0D,
49F8,
4A33,
4A71,
4A58,
4A16,
49ED,
49A8,
48E1,
47D5,
46DF,
45DE,
448D,
4318,
41E9,
40DC,
3FAE,
3E75,
3D75,
3C96,
3B96,
3A80,
3963,
383E,
3705,
35BD,
348C,
336F,
3275,
3198,
30AC,
2FAE,
2E7D,
2D18,
2B8E,
29DD,
2812,
262A,
2461,
22C0,
20FC,
1F06,
1D12,
1B2D,
1904,
167B,
13F0,
1176,
0EE7,
0C32,
0995,
072E,
04BF,
0232,
FFAD,
FD3B,
FACF,
F85C,
F60E,
F3FF,
F21D,
F06A,
EEE5,
ED94,
EC64,
EB45,
EA48,
E973,
E8DB,
E89C,
E8B1,
E929,
E9F8,
EB28,
EC91,
EDF1,
EF74,
F142,
F353,
F5B0,
F854,
FB51,
FE8E,
01F2,
056D,
08C8,
0C12,
0F77,
12DC,
160C,
1908,
1BE3,
1E83,
2084,
21F6,
2302,
239C,
2374,
2298,
214A,
1F81,
1CF9,
19BB,
15E2,
1176,
0CB0,
079A,
0281,
FD74,
F8A4,
F420,
F043,
ED21,
EAED,
E9B6,
E9DA,
EB82,
EE4F,
F24B,
F6F8,
FC45,
01C7,
0771,
0C7C,
10A5,
135D,
1431,
134D,
106C,
0BE9,
056A,
FE7A,
F7B1,
F19E,
EC9F,
E9BE,
EA69,
ED68,
F2E9,
F9B7,
01B5,
08BE,
0C60,
0D34,
09FB,
0436,
FBC6,
F324,
ED7F,
EAD6,
EE44,
F4F7,
FD47,
0539,
07B7,
064B,
FF25,
F584,
EFC3,
ED41,
F258,
FB8F,
0161,
0454,
FF38,
F543,
F0F1,
F0D2,
F641,
FF5D,
001B,
FA72,
F58F,
F16E,
F424,
FCBF,
FDDF,
F803,
F4BB,
F40E,
F613,
FB02,
FAC3,
F46A,
F2C0,
F71E,
F8BE,
F670,
F4DD,
F48B,
F4FC,
F691,
F66B,
F33A,
F21F,
F52D,
F661,
F347,
F191,
F3AD,
F4C3,
F28C,
F120,
F29D,
F3A7,
F26F,
F158,
F1B0,
F20C,
F1AB,
F13A,
F10A,
F102,
F153,
EE44,
F0D0,
F2E3,
F060,
ED82,
EF83,
F20E,
EFFC,
ED2D,
EEDC,
F171,
EFE5,
ED43,
EE44,
F056,
EF34,
ECF9,
EDAA,
EF7C,
EEC9,
ECFA,
ED62,
EED8,
EE58,
ECC6,
ECDF,
EDF2,
EDAF,
EC8C,
EC86,
ED47,
ED30,
EC6F,
EC52,
ECBB,
ECA8,
EC22,
EBF7,
EC24,
EC1B,
EBD5,
EBB9,
EBCC,
EBC8,
EBA5,
EB84,
EB63,
EB4B,
EB40,
EB22,
EAE1,
EAC6,
EAEB,
EAE9,
EA93,
EA69,
EAA3,
EAAE,
EA42,
EA02,
EA45,
EA5E,
E9E9,
E99D,
E9E9,
EA17,
E9A4,
E94F,
E9A4,
E9E4,
E973,
E90D,
E957,
E99D,
E92D,
E8BB,
E8FC,
E94A,
E8E5,
E86E,
E8AC,
E906,
E8AD,
E832,
E867,
E8C6,
E877,
E7F6,
E820,
E883,
E83C,
E7B7,
E7D7,
E83F,
E804,
E77C,
E792,
E7FB,
E7CC,
E745,
E751,
E7BD,
E799,
E712,
E713,
E77C,
E764,
E6DF,
E6D6,
E73F,
E731,
E6AF,
E69C,
E703,
E700,
E683,
E667,
E6C8,
E6CF,
E658,
E634,
E690,
E69F,
E62F,
E604,
E65B,
E672,
E607,
E5D5,
E626,
E644,
E5E2,
E5AB,
E5F6,
E61B,
E5C0,
E583,
E5C6,
E5F1,
E59E,
E55D,
E59A,
E5C9,
E57E,
E53A,
E570,
E5A3,
E561,
E51C,
E54A,
E580,
E545,
E4FE,
E525,
E55C,
E529,
E4E1,
E501,
E539,
E50F,
E4C8,
E4E3,
E51D,
E4FC,
E4B9,
E4CE,
E509,
E4EE,
E4A8,
E4B6,
E4ED,
E4D6,
E490,
E495,
E4CA,
E4BA,
E47A,
E47F,
E4B7,
E4B1,
E477,
E479,
E4B0,
E4AC,
E46D,
E464,
E491,
E48F,
E455,
E449,
E479,
E480,
E44E,
E445,
E478,
E486,
E456,
E445,
E46B,
E474,
E441,
E427,
E446,
E454,
E432,
E424,
E44C,
E465,
E445,
E430,
E44A,
E457,
E42D,
E40B,
E423,
E437,
E419,
E400,
E41C,
E437,
E422,
E40A,
E419,
E42A,
E410,
E3F3,
E402,
E41A,
E408,
E3F2,
E414,
E440,
E426,
E3F6,
E3FC,
E415,
E401,
E3DD,
E3E6,
E404,
E403,
E3F3,
E3F3,
E3FB,
E3E8,
E3C6,
E3CA,
E3E6,
E3D8,
E3AD,
E3A2,
E3B0,
E3A5,
E386,
E382,
E399,
E398,
E380,
E373,
E373,
E363,
E341,
E33A,
E353,
E35C,
E34D,
E348,
E356,
E34A,
E317,
E2FD,
E30A,
E325,
E34B,
E36E,
E38C,
E37C,
E314,
E2E4,
E344,
E36A,
E2CF,
E298,
E3A1,
E449,
E396,
E268,
E05C,
DFF6,
E504,
E8D5,
E4DC,
DFEE,
DE93,
DF0E,
E231,
E5D6,
E7DF,
E88B,
E6CA,
E35E,
DCCB,
D72F,
DB84,
E3AF,
E886,
EBD6,
EECF,
F013,
EA4E,
E139,
DC01,
D91A,
D6FB,
D65A,
DAE6,
E2CB,
E97F,
EF49,
F3FA,
F74D,
F6E5,
F35A,
EEA6,
E8EB,
E2D6,
DC9E,
D7A3,
D3F9,
D255,
D2BC,
D497,
D7DA,
DC73,
E259,
E7EF,
ECF3,
F218,
F771,
FB1E,
FCA7,
FD81,
FDE6,
FCCF,
F9D8,
F683,
F33F,
EF1F,
E9B0,
E4B0,
E0F8,
DCDB,
D776,
D30F,
D0F6,
CF1E,
CC7D,
CAAA,
CAA4,
CB26,
CB7E,
CC5C,
CE45,
D07D,
D25E,
D4B2,
D86D,
DC50,
DEF8,
E1B2,
E609,
EA70,
ECE4,
EEF9,
F2A8,
F691,
F8E2,
FAAF,
FD82,
0076,
0223,
032F,
0497,
05F6,
067E,
068E,
06F7,
0770,
0725,
0663,
0621,
0615,
0514,
036A,
024B,
0181,
FFE9,
FDAF,
FC33,
FB4F,
F995,
F71C,
F560,
F45C,
F264,
EF6E,
ED2C,
EBBD,
E9BB,
E702,
E4E0,
E389,
E1CE,
DF79,
DD85,
DC2C,
DA71,
D805,
D601,
D4C5,
D34B,
D136,
CF77,
CE72,
CD60,
CBEB,
CAB8,
CA1D,
C981,
C890,
C7CB,
C786,
C740,
C69C,
C61B,
C621,
C638,
C5FE,
C5E0,
C63F,
C6C5,
C734,
C7B5,
C87B,
C94A,
C9DC,
CA59,
CAE8,
CB6C,
CBB0,
CBE9,
CC7A,
CD24,
CD7B,
CDBC,
CE66,
CF31,
CF83,
CF99,
CFEF,
D05A,
D06D,
D04F,
D073,
D0C2,
D0F2,
D118,
D193,
D250,
D2F4,
D38B,
D46B,
D588,
D694,
D790,
D8B1,
D9F3,
DB26,
DC48,
DD81,
DED3,
DFF8,
E0E5,
E20F,
E38B,
E4BC,
E582,
E662,
E779,
E847,
E8A6,
E8FF,
E969,
E9B4,
E9CE,
E9EC,
EA23,
EA48,
EA3E,
EA65,
EAF7,
EB9C,
EC1F,
ECE8,
EE44,
EFCD,
F14C,
F2FA,
F51A,
F728,
F8B1,
FA12,
FB95,
FCD9,
FD6B,
FDBD,
FE35,
FE91,
FE8D,
FE5B,
FE15,
FDCE,
FDB5,
FDB7,
FDB8,
FDE4,
FEA9,
FFCE,
0112,
027E,
0425,
05EB,
07AF,
0957,
0A55,
0ADC,
0B7F,
0C16,
0C0E,
0B8F,
0B15,
0A9D,
0A39,
09EE,
09B4,
0997,
09F5,
0ACB,
0C49,
0E65,
1063,
1236,
1420,
161E,
1756,
17B0,
1768,
1673,
1568,
145E,
135F,
1271,
11D6,
119D,
1227,
13BB,
1576,
1723,
18C5,
1A59,
1B83,
1C0D,
1C0E,
1B65,
1A66,
1912,
17F1,
175E,
1749,
17DD,
1905,
1B07,
1D2A,
1F0C,
2053,
2047,
1F7C,
1DE3,
1C3F,
1B83,
1B45,
1B5D,
1C0D,
1E4A,
20D6,
21C5,
2223,
237F,
248C,
221F,
1E6F,
1D3A,
1D72,
1F00,
2116,
2026,
1E1A,
2221,
28DC,
25F6,
1D6F,
1C14,
1F76,
2138,
21F1,
21C1,
20E2,
22C6,
26D6,
2778,
2509,
21EC,
1E40,
1E8C,
22E2,
274C,
2BB1,
2B1A,
24B4,
20C1,
2029,
21A4,
2595,
28B0,
2A7A,
291E,
232E,
1FA6,
2098,
22D7,
2664,
28EC,
2980,
27D2,
223B,
1EEB,
2161,
250A,
291C,
2BA9,
2AAF,
2822,
237B,
20B4,
2445,
2893,
2A45,
2ACA,
29B1,
2857,
282B,
2849,
2860,
2819,
25F2,
245A,
27E2,
2C6F,
2CA6,
2AF3,
2885,
261D,
2684,
27FC,
275A,
260F,
2668,
27D7,
2B38,
2F1F,
2D86,
28F4,
290E,
2BCC,
2B29,
2873,
2758,
2780,
29B6,
2D76,
2E4A,
2CB3,
2D64,
3002,
2F7A,
2BFE,
2A5B,
2AA8,
2AD5,
2ADC,
2AB4,
2A3E,
2BA4,
2F62,
30DE,
2F19,
2F3D,
3283,
333D,
2FC6,
2DE7,
2F5B,
2F60,
2C40,
2ABA,
2CBF,
2E3D,
2D90,
2DC0,
3043,
3296,
33A3,
3469,
3530,
35AE,
35B5,
3566,
34A2,
33D7,
3373,
330D,
3238,
31A6,
3246,
3311,
32DD,
32D5,
348E,
3696,
3722,
3769,
3914,
3AE9,
3AFA,
3A66,
3AD6,
3B6D,
3A82,
3904,
38E7,
3959,
3888,
3739,
3775,
3889,
3888,
37FF,
38C8,
3A6D,
3B40,
3B92,
3CE8,
3EFB,
4031,
40B0,
41AC,
430A,
437A,
4309,
42F0,
4336,
42EA,
4201,
418D,
41AA,
414D,
4050,
3FE7,
404E,
4053,
3FB3,
3F97,
404D,
40D5,
40E9,
4158,
426F,
435E,
43D9,
446F,
4557,
4624,
46A7,
4717,
4781,
47DE,
4832,
4869,
486F,
485B,
4832,
4802,
47E4,
47AE,
472A,
469B,
4649,
45EE,
4537,
447A,
4417,
43C8,
433D,
42BB,
42B4,
42D0,
4292,
4240,
4252,
427E,
4235,
41C0,
41A1,
41A7,
417C,
413C,
4123,
411D,
410B,
40EC,
40AD,
404F,
3FB0,
3EDD,
3E12,
3D46,
3C3C,
3AFC,
39CF,
38B1,
3775,
361E,
34A1,
32FF,
3166,
2FD7,
2E13,
2C11,
2A13,
2822,
2620,
240B,
21EA,
1FBA,
1D99,
1B92,
197C,
1749,
1518,
12F0,
10D0,
0EC0,
0C9B,
0A4A,
080A,
05F5,
03F6,
0211,
002D,
FE33,
FC4A,
FA8E,
F8D7,
F708,
F541,
F386,
F1F1,
F0A2,
EF82,
EE8A,
EDBA,
ED12,
EC90,
EC31,
EBF3,
EBD1,
EBD5,
EC07,
EC74,
ED41,
EE5D,
EFC9,
F175,
F34C,
F552,
F794,
FA02,
FC70,
FEF0,
01BF,
04C2,
07B2,
0A9E,
0DDF,
1149,
1413,
165F,
18CE,
1B3E,
1CF6,
1E08,
1EF0,
1FA1,
1FB8,
1F34,
1DF4,
1BF8,
198E,
16BE,
1322,
0EB2,
0A0E,
0549,
0077,
FBA4,
F706,
F2AF,
EECC,
EB68,
E920,
E83E,
E832,
E8D7,
EAE1,
EEC0,
F36C,
F8BE,
FE3E,
03BB,
08D9,
0D69,
10F2,
131F,
138B,
116F,
0DC4,
08AF,
02A7,
FBAA,
F4D0,
EED8,
EA7B,
E90F,
EA1E,
EEA2,
F4F1,
FC28,
0349,
08E8,
0C98,
0C5A,
0933,
0270,
F9FD,
F21D,
EBC3,
EB1F,
EE72,
F5F3,
FF6B,
05C1,
0930,
0591,
FD60,
F521,
ED92,
EDA0,
F33D,
FAC9,
0345,
038D,
FD54,
F61D,
EE5C,
EF39,
F79F,
FD12,
FF9F,
FBBE,
F177,
EECB,
F462,
F8D1,
FBC5,
F9B4,
F166,
EF6D,
F635,
F930,
F62F,
F37A,
F1A3,
F234,
F6B7,
F7BE,
F1F5,
EF4F,
F3DB,
F651,
F2E1,
F094,
F24A,
F3BA,
F33C,
F267,
F168,
F105,
F25C,
F31B,
F106,
EF7D,
F17B,
F31E,
F07E,
F2B5,
F06A,
EE80,
F000,
F1CF,
F075,
EEA4,
EF6B,
F0AA,
EFD7,
EE88,
EED1,
EF8B,
EF28,
EE69,
EE68,
EEAD,
EE8F,
EE43,
EE0C,
EDE3,
EDE3,
EDF5,
EDAD,
ED37,
ED46,
EDA1,
ED5E,
ECB5,
ECC3,
ED51,
ED15,
EC3E,
EC3F,
ECF6,
ECD5,
EBED,
EBD9,
EC9A,
EC8E,
EBA3,
EB7F,
EC44,
EC45,
EB4A,
EB0D,
EBDA,
EBF4,
EAFC,
EAA7,
EB66,
EB93,
EAAE,
EA4E,
EAFE,
EB38,
EA5E,
E9F0,
EA99,
EAE4,
EA15,
E997,
EA33,
EA8E,
E9D6,
E951,
E9D7,
EA39,
E99D,
E91B,
E98C,
E9EE,
E961,
E8D9,
E93C,
E9A3,
E921,
E890,
E8E3,
E950,
E8E0,
E84E,
E893,
E903,
E8A4,
E814,
E848,
E8B4,
E866,
E7DB,
E800,
E868,
E828,
E7A0,
E7BA,
E822,
E7EF,
E76A,
E779,
E7DF,
E7B8,
E737,
E73C,
E79E,
E782,
E705,
E6FF,
E75E,
E74C,
E6D5,
E6C5,
E71E,
E716,
E6A7,
E690,
E6E2,
E6E2,
E67A,
E65D,
E6A9,
E6B1,
E650,
E62D,
E672,
E680,
E626,
E5FF,
E63F,
E652,
E5FF,
E5D3,
E60D,
E625,
E5DA,
E5AC,
E5DF,
E5FB,
E5B6,
E584,
E5B1,
E5D0,
E592,
E55F,
E586,
E5A8,
E572,
E53D,
E560,
E585,
E555,
E51F,
E53D,
E563,
E539,
E503,
E51B,
E541,
E51D,
E4E6,
E4F7,
E51D,
E4FF,
E4CA,
E4D8,
E500,
E4E7,
E4B3,
E4BE,
E4E5,
E4D3,
E4A2,
E4A7,
E4CA,
E4BB,
E48B,
E48E,
E4B3,
E4AA,
E47D,
E47E,
E4A6,
E4A1,
E474,
E472,
E49A,
E498,
E46A,
E461,
E482,
E483,
E45C,
E44E,
E464,
E465,
E444,
E439,
E450,
E453,
E431,
E426,
E449,
E457,
E435,
E425,
E445,
E457,
E43C,
E42A,
E43A,
E444,
E433,
E429,
E440,
E450,
E43B,
E42C,
E448,
E460,
E450,
E43B,
E43E,
E440,
E429,
E413,
E41B,
E427,
E40F,
E3F6,
E407,
E423,
E41F,
E413,
E41C,
E429,
E411,
E3ED,
E3EE,
E3FE,
E3EF,
E3D5,
E3D6,
E3E7,
E3E9,
E3E4,
E3F3,
E40B,
E402,
E3E4,
E3DD,
E3E7,
E3E8,
E3E3,
E3ED,
E404,
E409,
E400,
E401,
E40E,
E408,
E3EC,
E3D3,
E3BC,
E3A5,
E38B,
E38F,
E3BB,
E3D1,
E3C8,
E3B3,
E393,
E36E,
E346,
E31F,
E2EF,
E307,
E3A9,
E3C5,
E2B3,
E228,
E2ED,
E3F6,
E587,
E4CC,
DDE4,
DB28,
E5D1,
EE3D,
EA2B,
E26A,
D734,
D233,
E2BF,
F377,
F1C2,
EA56,
E2B5,
DB3A,
D55F,
D34A,
DC1C,
E843,
EFFA,
F474,
F2E4,
ED87,
E556,
DC0C,
D4E5,
D02D,
D1E9,
D7B1,
DE37,
E587,
EDAB,
F578,
F7DC,
F669,
F49B,
F1E4,
EB70,
E276,
DC04,
D793,
D297,
CD9E,
CD37,
D0DD,
D415,
D6F7,
DC4C,
E3EA,
E9D4,
EDD4,
F2E9,
F938,
FCC6,
FD10,
FD6D,
FE49,
FD26,
F980,
F5FE,
F33B,
EF0B,
E8B3,
E360,
E024,
DC95,
D7EF,
D41A,
D1DE,
CFCD,
CD41,
CBD6,
CCA2,
CD75,
CCFB,
CD52,
CFD3,
D2BA,
D515,
D7B3,
DB1C,
DE7F,
E108,
E3C3,
E7E3,
EBE6,
EE20,
F01E,
F36F,
F6E3,
F95A,
FB6C,
FD89,
FF7C,
0111,
0264,
039E,
0492,
04AC,
046D,
0525,
0612,
056B,
03FB,
038F,
038D,
02AD,
013C,
FFB3,
FE10,
FCA1,
FB50,
F9B5,
F7E4,
F64B,
F4DB,
F36C,
F1FB,
F022,
EDEA,
EC58,
EB68,
E97C,
E689,
E49D,
E3DC,
E284,
E06B,
DEDE,
DE0C,
DCFD,
DB8B,
DA4D,
D961,
D85C,
D728,
D5DC,
D46F,
D332,
D255,
D158,
D002,
CED5,
CE0B,
CD39,
CC27,
CB3E,
CAC4,
CA3E,
C95B,
C88D,
C81A,
C7BA,
C74A,
C6D9,
C661,
C5FD,
C5D4,
C5C1,
C5A0,
C59C,
C5EE,
C65B,
C69F,
C6F0,
C7A2,
C86A,
C8CE,
C925,
CA00,
CAFE,
CB62,
CBA0,
CC9E,
CDEF,
CECD,
CF80,
D09D,
D1EC,
D2F1,
D3CC,
D4E8,
D620,
D6D6,
D733,
D7D0,
D894,
D912,
D958,
D99F,
D9E6,
DA30,
DA7E,
DAC0,
DAF7,
DB5B,
DBEC,
DC77,
DCFA,
DD7B,
DDF7,
DED4,
E02C,
E10B,
E137,
E1F3,
E38C,
E4EC,
E5CF,
E6F9,
E89D,
EA47,
EBDC,
ED75,
EF1C,
F0AA,
F20F,
F343,
F438,
F4EA,
F537,
F587,
F632,
F695,
F622,
F5BC,
F612,
F670,
F661,
F649,
F654,
F689,
F70B,
F7B7,
F86B,
F94A,
FA8A,
FC05,
FDB8,
FF78,
00F1,
0252,
03E0,
0560,
066A,
0723,
0799,
07D7,
07EA,
07E0,
0805,
0830,
07B5,
06E6,
06B8,
06F8,
0733,
077C,
0802,
08C1,
09C6,
0B0A,
0CC2,
0ED5,
1084,
11CF,
12D3,
138D,
140A,
144A,
1421,
138F,
12B8,
119C,
10CD,
1064,
1045,
1079,
10D1,
1141,
120D,
134B,
14B9,
1657,
17C7,
18E3,
19B2,
1A1E,
1A4A,
1A3B,
19DD,
190E,
1831,
175F,
16D5,
16CE,
1729,
17ED,
1930,
1B79,
1D4D,
1CE4,
1CAA,
1F5D,
2156,
1E38,
1AA7,
1B75,
1D1E,
1C92,
1B66,
1A04,
19B0,
1EFB,
24ED,
21CC,
1C0E,
1E7B,
23A5,
2312,
1FE5,
1DCB,
1C5E,
1C8F,
1DDB,
1FDA,
2218,
21D6,
2019,
2090,
226A,
230D,
22C6,
219C,
1FCD,
1F44,
1FDC,
2172,
23E2,
254D,
25B1,
2510,
2369,
22D3,
2377,
2408,
2473,
2513,
25F5,
2620,
2552,
2502,
2588,
258C,
24AD,
2445,
24C1,
24E5,
2439,
240B,
24ED,
259B,
258F,
25AC,
266D,
26B8,
25C3,
250C,
2566,
2616,
26E9,
27FD,
29C2,
2AC7,
2948,
2775,
26CC,
26A8,
270E,
27DA,
2949,
2A7F,
29D9,
28F7,
2A1E,
2B97,
2B4E,
2A2C,
286D,
26A5,
2626,
2697,
28BC,
2B65,
2B18,
297D,
2A21,
2BE0,
2D0F,
2DAA,
2BC2,
2863,
2740,
27BB,
2932,
2B58,
2AEC,
28A6,
2A51,
2F21,
30BE,
2F7F,
2E54,
2D38,
2D6E,
2F08,
2DDD,
29A8,
2871,
2AD0,
2C43,
2C62,
2C49,
2BD5,
2D32,
3140,
32BE,
2FEE,
2F4A,
32F8,
3443,
30B2,
2E8A,
301F,
30DC,
2F06,
2D68,
2CE7,
2CFF,
2DF1,
2EC0,
2E8B,
2EFC,
3190,
33B3,
3333,
32FA,
35A2,
37D5,
3667,
34A0,
356F,
3653,
34DF,
332D,
3392,
344A,
3335,
31E8,
3270,
3395,
33EB,
3410,
34A7,
357E,
367A,
3793,
38C6,
39FF,
3B15,
3C03,
3C7C,
3CAD,
3D4E,
3E15,
3DAF,
3C85,
3C41,
3C96,
3C0A,
3ADF,
3AA2,
3B28,
3AD9,
39D6,
39F1,
3B1A,
3B2F,
3A2A,
3A81,
3C57,
3D30,
3CD0,
3D74,
3F68,
40B7,
410D,
41F1,
43BB,
44BB,
4474,
44B6,
4619,
46BB,
45E4,
4584,
4666,
46B4,
4590,
44E1,
45B0,
4602,
44B0,
43A9,
4419,
4454,
4344,
4264,
42C9,
4325,
426E,
41DA,
4285,
4341,
42F2,
42A7,
4380,
446F,
442F,
43CE,
44A6,
45AF,
4588,
4517,
459E,
465D,
4623,
4598,
45EA,
467A,
45FC,
4507,
44EC,
452A,
448E,
4379,
42E6,
4292,
41A7,
405B,
3F82,
3EEE,
3DB1,
3BF7,
3AE8,
3A5E,
3920,
3744,
360F,
3575,
343C,
3260,
310F,
3059,
2EF8,
2CCB,
2B2B,
2A45,
28E3,
26D4,
2517,
23E1,
2271,
2098,
1EF6,
1DBE,
1C40,
1A3B,
1851,
16BC,
1503,
12F1,
10ED,
0F26,
0D49,
0B23,
091E,
0784,
05D8,
03BE,
01B3,
0010,
FE59,
FC10,
F9DE,
F85C,
F6E9,
F4EB,
F2FC,
F1AB,
F094,
EF6B,
EE54,
ED60,
EC93,
EC0E,
EBA9,
EB00,
EA71,
EAB4,
EB60,
EBC4,
EC30,
ED1E,
EE75,
F061,
F2A5,
F45E,
F5EA,
F87E,
FBB4,
FE57,
00A9,
036E,
0686,
09B2,
0CEA,
0FF7,
12D5,
153A,
172A,
1976,
1C0B,
1D4F,
1D3E,
1D29,
1D1C,
1C85,
1B5D,
1996,
172B,
13E2,
0F9D,
0B8B,
07F9,
03A9,
FE47,
F924,
F48A,
F069,
ECCE,
EA2C,
E8D9,
E828,
E7CF,
E8C1,
EB9D,
EF68,
F3F0,
F90D,
FED6,
047A,
097A,
0DEA,
11E6,
1471,
1473,
129D,
0EBF,
096B,
027B,
FB36,
F4DA,
EF71,
EB77,
E950,
EA64,
EDC2,
F380,
FA94,
024B,
0964,
0CE8,
0D73,
0993,
02BB,
F9D5,
F067,
EAEB,
E8C8,
EC4E,
F3C1,
FC9B,
05B2,
0869,
0611,
FEA5,
F3B1,
ECE6,
E9E4,
EEB1,
F9D6,
0106,
0468,
FFCA,
F3C7,
ED24,
EC13,
F18A,
FDDC,
0130,
FA0C,
F31F,
ECC6,
EE1D,
F9A8,
FDB1,
F662,
F0EE,
EF28,
F145,
F97C,
FB68,
F148,
EC49,
F32E,
F797,
F457,
F141,
F079,
F11D,
F471,
F5AD,
F07B,
ED35,
F240,
F5ED,
F0E1,
EC94,
F020,
F43A,
F41E,
EDC0,
F060,
F284,
F07F,
EE05,
EF25,
F0E0,
F011,
EEB2,
EEDA,
EF6B,
EF41,
EED2,
EE72,
EE2B,
EE78,
EEEA,
EE4E,
ED56,
EDBD,
EEBB,
EE2C,
ECE3,
ED51,
EEA6,
EE24,
EC8C,
ECC3,
EE26,
EDC5,
EC25,
EC41,
EDB3,
ED7C,
EBE0,
EBD3,
ED34,
ED28,
EBAF,
EB85,
ECC5,
ECD1,
EB70,
EB25,
EC40,
EC61,
EB25,
EAC5,
EBB9,
EBEB,
EAD4,
EA67,
EB39,
EB7C,
EA91,
EA21,
EAD0,
EB19,
EA56,
E9E7,
EA7D,
EACB,
EA1D,
E9A5,
EA17,
EA63,
E9D6,
E966,
E9BF,
EA06,
E98F,
E923,
E96D,
E9B6,
E956,
E8EF,
E923,
E963,
E915,
E8B5,
E8D8,
E90F,
E8CB,
E86E,
E887,
E8BC,
E885,
E82E,
E83A,
E867,
E83E,
E7F4,
E7F9,
E821,
E7FF,
E7BA,
E7BA,
E7E0,
E7C6,
E786,
E77F,
E79E,
E78A,
E751,
E746,
E75E,
E74D,
E71A,
E70C,
E721,
E714,
E6E6,
E6D6,
E6E7,
E6DD,
E6B4,
E6A3,
E6B1,
E6AA,
E685,
E673,
E67D,
E677,
E657,
E645,
E64C,
E648,
E62B,
E619,
E61D,
E619,
E5FF,
E5ED,
E5F1,
E5EE,
E5D7,
E5C5,
E5C6,
E5C5,
E5B0,
E59E,
E59D,
E59B,
E589,
E578,
E576,
E574,
E565,
E555,
E553,
E553,
E545,
E537,
E534,
E533,
E528,
E51C,
E518,
E517,
E50B,
E4FC,
E4F8,
E4F7,
E4EA,
E4DA,
E4D3,
E4D2,
E4C8,
E4BB,
E4B4,
E4B0,
E4A9,
E4A0,
E4A0,
E4A4,
E4A0,
E497,
E496,
E49B,
E499,
E491,
E48B,
E486,
E480,
E479,
E475,
E476,
E470,
E462,
E45C,
E460,
E463,
E465,
E465,
E463,
E45E,
E455,
E451,
E456,
E454,
E448,
E43B,
E430,
E426,
E421,
E41D,
E418,
E413,
E40B,
E408,
E412,
E41D,
E427,
E430,
E437,
E43B,
E43A,
E439,
E43C,
E43E,
E43D,
E438,
E42B,
E41E,
E417,
E418,
E42D,
E448,
E45A,
E468,
E46C,
E46A,
E46A,
E467,
E464,
E45F,
E452,
E441,
E42B,
E413,
E407,
E404,
E414,
E42F,
E43E,
E443,
E43A,
E425,
E40E,
E3F6,
E3E7,
E3E1,
E3DE,
E3DF,
E3DF,
E3E0,
E3E3,
E3EB,
E3F2,
E3FB,
E400,
E401,
E3F3,
E3D4,
E3B9,
E3A7,
E38E,
E368,
E384,
E400,
E447,
E438,
E3D5,
E2D0,
E34C,
E6E3,
E749,
E0B6,
DD3D,
E195,
E73E,
EE34,
EDCD,
DB2F,
CF72,
DCC9,
EBC5,
F1A2,
F1C1,
E814,
DD33,
D6F1,
D450,
D7C7,
DEDF,
EAD8,
F531,
F412,
EE6F,
E92B,
E2C6,
D8A6,
CF6C,
D00A,
D538,
D93B,
DDFD,
E723,
F147,
F4FB,
F508,
F57B,
F4F0,
EF35,
E679,
E012,
DB02,
D4F2,
CEDE,
CCEF,
CE3E,
CFF1,
D251,
D72B,
DE01,
E3D5,
E8C1,
EE1D,
F3BC,
F7E7,
FA92,
FC87,
FDC3,
FD64,
FB57,
F89E,
F54B,
F180,
ED47,
E8EC,
E481,
E00A,
DB89,
D750,
D36A,
D06A,
CEA0,
CD50,
CC4D,
CBD6,
CC09,
CC8C,
CD26,
CE85,
D12D,
D40C,
D69D,
D960,
DC91,
DFD0,
E2C7,
E60B,
EA4B,
EE58,
F123,
F3A4,
F67A,
F939,
FB91,
FDC7,
0040,
0267,
0332,
03A2,
050F,
069A,
074A,
0782,
0781,
073B,
067A,
058E,
057B,
0592,
0422,
01EC,
007E,
FF6F,
FE22,
FCAB,
FB0C,
F945,
F70C,
F48E,
F2F4,
F1F5,
EFC6,
ECB3,
EA95,
E946,
E7AB,
E5CC,
E3E4,
E1F3,
E019,
DE56,
DD18,
DC6C,
DAF4,
D87E,
D6FC,
D6BF,
D5E5,
D419,
D2C7,
D236,
D183,
D081,
CF98,
CEDB,
CE34,
CD9F,
CD2E,
CCF8,
CCA1,
CBEC,
CB78,
CBAF,
CBB9,
CB0E,
CA8D,
CAC2,
CADD,
CA47,
C9C6,
C9E6,
CA0E,
C9D5,
C99B,
C9A8,
C9BE,
C9A3,
C98F,
C9C2,
C9F7,
C9CD,
C994,
C9AF,
C9E0,
C9DC,
C9D0,
C9FA,
CA3F,
CA8A,
CADD,
CB28,
CB7F,
CC15,
CCD4,
CDA6,
CE81,
CF19,
CF97,
D097,
D1EB,
D30C,
D40D,
D4FC,
D5E2,
D706,
D85D,
D9BB,
DB1E,
DC3B,
DD18,
DE63,
E015,
E17A,
E28C,
E39D,
E4AF,
E5B8,
E6B9,
E7AC,
E896,
E91D,
E922,
E96C,
EA2E,
EAAA,
EAB0,
EABD,
EAEA,
EB12,
EB24,
EB71,
EC2F,
ECBC,
ECBC,
ED02,
EDFD,
EF06,
EFD6,
F0C3,
F1FD,
F339,
F439,
F568,
F735,
F8F8,
FA25,
FB44,
FCC1,
FE37,
FF4A,
0043,
0172,
027F,
02F5,
0331,
0396,
03F2,
0406,
03FD,
041E,
043C,
03FD,
03A4,
03BA,
0408,
0437,
0466,
04D1,
0566,
060A,
06C5,
07BB,
08DE,
0A0A,
0B40,
0CA8,
0E2B,
0F46,
1009,
10E0,
11BE,
121C,
1203,
11CB,
1174,
10E7,
1027,
0F7A,
0EE6,
0E83,
0E55,
0E75,
0EEA,
0F87,
1042,
115C,
12F5,
1431,
14BC,
15F6,
1882,
19AA,
181A,
17D7,
1ADB,
1BF1,
185D,
15D3,
1703,
1822,
17EC,
16A4,
12DB,
1168,
176B,
1C35,
188C,
1554,
1954,
1E1D,
1F94,
1FE2,
1F9B,
1EC7,
1D21,
1BC4,
1CFB,
1E51,
1C23,
1928,
1876,
18EB,
1A2E,
1BFA,
1E01,
1FE7,
205A,
2004,
1FD0,
1FA2,
1FB3,
1FD0,
1F3B,
1E3D,
1D75,
1CDD,
1C6E,
1C4C,
1DE1,
20B6,
22BD,
2412,
24ED,
2547,
2443,
220F,
20F5,
20F6,
211E,
216C,
22AF,
24F3,
261B,
25EB,
25C4,
25C8,
254D,
242D,
23BA,
244E,
24AE,
2493,
24E0,
25EF,
2657,
2581,
24DB,
24DF,
24BC,
240B,
23EE,
2519,
2656,
2720,
27F3,
2933,
29A8,
2817,
2656,
256D,
24E8,
24A2,
2543,
2819,
2B32,
2CEF,
2DE2,
2DEB,
2D17,
2AA1,
2811,
27C0,
284F,
289E,
28F3,
2966,
29CF,
2973,
291A,
2AEB,
2DA4,
2F47,
300E,
2F28,
2D1A,
2A5B,
276F,
273A,
28C1,
293D,
290D,
2843,
2728,
2801,
2A6C,
2D8D,
3129,
31BD,
2F98,
2EB6,
2F09,
2FD6,
3122,
2FFF,
2C3B,
29E6,
294E,
2A3B,
2D04,
2D3B,
29C6,
28FB,
2C3A,
2F05,
30B6,
3122,
2F86,
2F9C,
3325,
350A,
334A,
3182,
3098,
3082,
3230,
324C,
2E10,
2B38,
2DB9,
2FA0,
2D00,
2AEC,
2CC4,
2F14,
2FF3,
306D,
307B,
3106,
33D2,
3661,
3572,
3431,
3691,
3922,
374E,
3492,
3588,
375C,
3646,
344A,
3416,
3486,
3416,
3353,
32E5,
32BA,
3332,
33F8,
33CE,
333C,
3420,
35DB,
3622,
3596,
371C,
3A02,
3A8D,
3960,
3A8D,
3D97,
3E63,
3D3D,
3DDF,
4029,
406F,
3EA8,
3EC1,
40F0,
4135,
3F2F,
3EA1,
4008,
4037,
3EA1,
3E24,
3F62,
3F8E,
3DE5,
3D21,
3E15,
3E74,
3D7A,
3D10,
3DF7,
3E79,
3DCA,
3D9D,
3ED3,
3FE1,
3FFE,
4052,
4185,
42A5,
4314,
439F,
44E1,
4604,
4656,
469D,
478A,
485C,
485A,
482B,
485C,
488D,
4868,
482C,
482D,
4821,
477E,
46C1,
46C7,
4703,
46A9,
460E,
4590,
4515,
4486,
43EC,
436E,
42EE,
41EF,
40AE,
3FE2,
3F5B,
3E92,
3DA3,
3CCA,
3C05,
3B6A,
3AEE,
3A5C,
39B8,
3927,
38A7,
3821,
3796,
36E1,
3603,
3528,
3450,
3382,
32C4,
3194,
2FD8,
2E96,
2E05,
2CE9,
2AF8,
2984,
28EA,
27CC,
25BE,
23FE,
22F2,
21C4,
2042,
1E7D,
1C4D,
1A5A,
1925,
1763,
141E,
1157,
1074,
0F37,
0C24,
0915,
0718,
055B,
03A0,
01C5,
FF75,
FD1E,
FB15,
F93B,
F7BA,
F61B,
F370,
F0C1,
EF75,
EE9B,
ED43,
EBC2,
EA14,
E88A,
E7F3,
E7DC,
E7B4,
E791,
E73C,
E6ED,
E72A,
E7D5,
E90C,
EA9E,
EBAD,
EC89,
EE34,
F07D,
F31B,
F600,
F8D3,
FB99,
FE41,
00D4,
03EF,
077F,
0ADB,
0E00,
10B9,
1300,
1530,
1747,
1963,
1B88,
1D14,
1DF1,
1E0C,
1D4F,
1C27,
1AA3,
18B6,
1669,
1370,
0FA8,
0B67,
06AB,
01D5,
FCFF,
F870,
F45B,
F097,
ED15,
EA30,
E819,
E6EE,
E6D5,
E7FF,
EAE2,
EEBD,
F354,
F878,
FE30,
03D7,
08EA,
0D57,
10F4,
134A,
1377,
11F6,
0EA2,
09D5,
0347,
FC08,
F53C,
EF31,
EADF,
E866,
E92F,
EC60,
F1D5,
F8BA,
0006,
06F4,
0AE8,
0C3C,
0987,
03C7,
FBCD,
F2A6,
EC4B,
E896,
EA39,
F022,
F81D,
015A,
05B6,
059C,
001F,
F600,
EE64,
E974,
EB95,
F4B2,
FC20,
017B,
FFAF,
F5D9,
EEAA,
EB07,
EDBF,
F88F,
FD90,
F9E9,
F46E,
ECEC,
EBB1,
F4DF,
F9FD,
F68C,
F260,
EE4A,
EDF6,
F547,
F8C8,
F1E2,
ED20,
F0C8,
F42E,
F3AF,
F238,
EFEA,
EEE1,
F223,
F467,
F0E4,
ED16,
ECBB,
EC57,
EFCE,
F2F4,
F15D,
EED2,
EEEB,
EFBB,
F057,
F08F,
EF21,
ED90,
EF0D,
F11F,
EF3B,
EC45,
EDDD,
F0F2,
EF62,
EC0B,
ED55,
F098,
EF5E,
EBF3,
ECA3,
EF83,
EEB8,
EBBE,
EC11,
EE86,
EE1F,
EBAF,
EBB6,
EDA3,
ED88,
EBB3,
EB97,
ED0D,
ED22,
EBD5,
EB98,
EC7D,
EC93,
EBB3,
EB6F,
EBF0,
EC09,
EB8C,
EB4C,
EB6A,
EB6F,
EB44,
EB21,
EB0C,
EB04,
EB0E,
EAFE,
EAB4,
EA91,
EAC8,
EAD8,
EA73,
EA36,
EA7D,
EA99,
EA14,
E9B6,
EA11,
EA4B,
E9BD,
E94A,
E9A9,
E9F9,
E969,
E8E5,
E94D,
E9B9,
E931,
E89C,
E8FD,
E979,
E8FA,
E859,
E8B0,
E937,
E8C2,
E812,
E85C,
E8EE,
E888,
E7D2,
E80D,
E8A4,
E84C,
E790,
E7BF,
E85F,
E817,
E755,
E774,
E817,
E7E1,
E722,
E731,
E7D3,
E7AE,
E6F0,
E6EF,
E78D,
E778,
E6C2,
E6B3,
E74B,
E745,
E697,
E67B,
E70C,
E713,
E66C,
E644,
E6CF,
E6E4,
E645,
E612,
E695,
E6B5,
E61F,
E5E2,
E65C,
E687,
E5FC,
E5B6,
E628,
E65C,
E5DB,
E58D,
E5F4,
E62F,
E5BA,
E567,
E5C3,
E605,
E59A,
E541,
E594,
E5DC,
E57C,
E51F,
E568,
E5B4,
E55F,
E500,
E53F,
E58E,
E544,
E4E2,
E516,
E567,
E528,
E4C7,
E4F1,
E542,
E50D,
E4AC,
E4CE,
E520,
E4F6,
E497,
E4AF,
E500,
E4E0,
E484,
E497,
E4E9,
E4D1,
E475,
E47F,
E4CF,
E4BF,
E464,
E463,
E4AC,
E4A1,
E449,
E441,
E489,
E487,
E436,
E429,
E469,
E470,
E42C,
E421,
E465,
E475,
E435,
E422,
E45C,
E46D,
E432,
E41E,
E45A,
E470,
E430,
E411,
E444,
E460,
E42E,
E415,
E44A,
E46A,
E436,
E413,
E441,
E467,
E448,
E430,
E45B,
E47C,
E450,
E424,
E440,
E45E,
E437,
E40C,
E427,
E448,
E422,
E3F2,
E405,
E428,
E415,
E3F9,
E424,
E462,
E45C,
E43C,
E445,
E45C,
E43E,
E40C,
E414,
E43B,
E436,
E41C,
E42D,
E459,
E459,
E43D,
E44C,
E47A,
E482,
E46E,
E479,
E49E,
E493,
E45E,
E446,
E44C,
E43F,
E41F,
E420,
E448,
E46D,
E48B,
E49E,
E4A4,
E48C,
E44C,
E43E,
E485,
E469,
E3AE,
E32D,
E31A,
E35F,
E419,
E4FB,
E659,
E583,
DFDF,
DD0C,
E186,
E6FE,
EC61,
ED6E,
E43C,
DB61,
D914,
D9B8,
DD48,
E2D4,
EB64,
F205,
F0B0,
EC09,
E5DA,
DEF5,
D825,
D306,
D31E,
D649,
DBF9,
E304,
E9FB,
F04C,
F436,
F5F8,
F44B,
F049,
EB2F,
E52D,
DE79,
D7C4,
D379,
D0F9,
CF58,
CEDC,
D114,
D552,
D978,
DDC1,
E36B,
E9FE,
EF06,
F2B7,
F68F,
FA55,
FBCE,
FB18,
FA4B,
F967,
F6C8,
F267,
EE8E,
EB6D,
E745,
E1EC,
DD60,
D9F4,
D63B,
D1F3,
CED8,
CD64,
CC01,
CA47,
C9AB,
CAB9,
CBC4,
CC2A,
CD6D,
D039,
D2F9,
D4F4,
D777,
DB37,
DED8,
E18D,
E47F,
E86A,
EC36,
EF26,
F20F,
F58C,
F8D5,
FB3C,
FD75,
001D,
0285,
03EA,
04F7,
064B,
0770,
07CF,
0801,
08FC,
09E9,
097A,
087F,
080C,
07A2,
067B,
0510,
0472,
0404,
025F,
0014,
FE21,
FC55,
FAA3,
F902,
F765,
F5BD,
F36D,
F0B4,
EEC7,
ED6F,
EBC8,
E9E4,
E7E0,
E5C0,
E376,
E109,
DF70,
DEA2,
DCFD,
DA77,
D844,
D676,
D4E5,
D397,
D279,
D192,
D036,
CE2C,
CCE8,
CCCA,
CC73,
CB99,
CAB0,
C9B7,
C904,
C8C7,
C8A3,
C897,
C833,
C70A,
C649,
C69D,
C6E7,
C6A0,
C65C,
C651,
C66C,
C6BE,
C72E,
C7BC,
C839,
C85A,
C896,
C973,
CA5E,
CAD2,
CB27,
CB90,
CBFF,
CC81,
CCF8,
CD24,
CD45,
CDC4,
CE5D,
CEB5,
CEEB,
CEEA,
CEEF,
CFD2,
D101,
D11A,
D0C0,
D180,
D2C7,
D341,
D34D,
D3BB,
D463,
D50C,
D5B3,
D5F0,
D5E9,
D699,
D7D4,
D845,
D813,
D8B5,
DA14,
DAF3,
DB56,
DC49,
DDD2,
DF1E,
E022,
E13F,
E277,
E3F3,
E5C6,
E735,
E80F,
E95D,
EB68,
ECEC,
ED88,
EE8A,
F05F,
F1BD,
F224,
F2D2,
F44A,
F567,
F59F,
F60B,
F745,
F82E,
F81C,
F825,
F8F4,
F995,
F959,
F936,
F9E7,
FA8F,
FA89,
FA6D,
FA9D,
FAE5,
FB24,
FB90,
FC88,
FD9A,
FE3A,
FEC7,
FF97,
0085,
017C,
028A,
03E0,
0549,
0668,
075A,
0820,
08CF,
09B2,
0AA4,
0B52,
0BD4,
0C51,
0CBD,
0CF2,
0CFB,
0CEC,
0CC6,
0C84,
0C2D,
0BD3,
0B7E,
0BAD,
0C4A,
0BF7,
0AD5,
0B3A,
0D18,
0DC2,
0D2C,
0D9C,
0F28,
111F,
139A,
13D3,
110B,
126B,
19C5,
1BDA,
15BF,
1369,
17DC,
1AC7,
1A74,
1891,
1481,
122F,
1390,
1529,
164C,
15F8,
128C,
1042,
115E,
13E9,
186B,
1B2C,
1846,
156E,
1624,
183D,
1BDB,
1F2C,
208C,
200D,
1B85,
1701,
1778,
198B,
1B3D,
1C74,
1C00,
1A66,
1692,
12F1,
14BC,
18F5,
1C6B,
1F75,
2182,
227D,
209D,
1D6F,
1CE4,
1DDF,
1EE8,
200C,
2165,
2287,
206E,
1C31,
19B9,
18B6,
190B,
1AAC,
1EA3,
2478,
2877,
2AA4,
2AFB,
2983,
2640,
214D,
1DD3,
1C1C,
1B85,
1C17,
1ED5,
240F,
282C,
2A90,
2BF1,
2C3E,
2AD3,
273D,
23A0,
2065,
1E3A,
1D8E,
1E60,
2118,
24AD,
2927,
2CD6,
2ED9,
2F23,
2CED,
2995,
2536,
2136,
1E6C,
1D7E,
1FF6,
23D0,
285D,
2CE3,
30D0,
3320,
318A,
2E6F,
2B29,
282F,
26D6,
2692,
27CB,
298C,
2AA1,
2B16,
29B8,
27CE,
2738,
27B8,
2A88,
2E7B,
31AB,
3408,
33EE,
320F,
2EAC,
2A92,
2941,
29DD,
2B38,
2D02,
2C9B,
2A91,
27EC,
2501,
25CF,
29C4,
2D83,
30FA,
31FD,
30A0,
2F24,
2D96,
2E97,
3263,
3436,
33B1,
3172,
2D2F,
2AFF,
2BB2,
2CB6,
2E05,
2CF2,
2823,
2598,
2712,
29A0,
2D55,
2F07,
2C9D,
2B5E,
2D5F,
3028,
33CC,
3579,
325A,
303A,
32BC,
354A,
35F0,
3530,
319D,
2F09,
31B8,
3431,
31A1,
2E84,
2E20,
2EAD,
2FE5,
309D,
2DE3,
2B3C,
2E2F,
3232,
3100,
2E84,
2FD5,
3277,
33AA,
3427,
33B3,
331A,
3540,
3868,
37DB,
35A0,
3733,
3A97,
39C4,
3694,
3731,
3A20,
3A10,
37F4,
3791,
386C,
3836,
372A,
368D,
3654,
368A,
372C,
36DC,
3595,
35AE,
374D,
37AA,
367C,
36C6,
38F7,
39D5,
38C2,
3926,
3BCF,
3D15,
3BF2,
3C27,
3EE6,
4085,
3FB4,
3FD9,
4256,
43F0,
4332,
430A,
44EC,
4637,
4579,
450F,
4667,
4759,
466C,
45A5,
4682,
4722,
45FB,
44D7,
453E,
45B5,
44F5,
441B,
442D,
4458,
43B5,
42FE,
431D,
436A,
4315,
4296,
4289,
4299,
4241,
41CC,
41CC,
41EF,
4182,
40D8,
40A3,
40A8,
406C,
4017,
4027,
4069,
4005,
3F3D,
3F28,
3F8E,
3FAC,
3F8E,
3F0A,
3E31,
3E33,
3EEE,
3E45,
3C4D,
3BBF,
3C9F,
3C30,
3A52,
390D,
387F,
37F1,
3761,
3639,
3448,
32C7,
31F2,
312E,
3080,
2F0D,
2C5C,
2A45,
2972,
2875,
26F9,
2507,
2254,
1FE0,
1E31,
1CA1,
1B25,
1933,
1625,
133B,
113D,
0F75,
0DBA,
0BC8,
092C,
0673,
03E7,
0194,
FFD0,
FE22,
FC1A,
F9E6,
F76F,
F4FE,
F2F2,
F12F,
EFD9,
EEA5,
ED04,
EB3A,
E959,
E79B,
E6C1,
E662,
E5D7,
E542,
E48D,
E3DF,
E3A9,
E3D8,
E46E,
E55B,
E66E,
E7A7,
E8D4,
EA07,
EB67,
ECFC,
EF32,
F1F4,
F4CB,
F7B5,
FA93,
FD63,
0052,
0360,
066C,
0971,
0CAA,
101A,
131F,
15A2,
17E8,
19F6,
1BA3,
1CE4,
1DD6,
1E82,
1E9E,
1E10,
1CEF,
1B34,
18DA,
15CD,
124F,
0E72,
0A40,
05B6,
0110,
FC64,
F7D0,
F361,
EF5E,
EBFC,
E954,
E794,
E6D5,
E76A,
E900,
EB8D,
EEFD,
F383,
F89C,
FDFB,
0359,
0872,
0CE8,
1019,
11FE,
120B,
1075,
0CCB,
07A4,
014B,
FA4E,
F36E,
ED23,
E8F8,
E6BF,
E761,
EA5C,
EFD1,
F6F6,
FE3C,
0528,
0940,
0AB8,
0822,
0238,
FA79,
F180,
EB1D,
E750,
E892,
EE65,
F623,
FF5E,
0434,
0476,
FFA7,
F5B5,
EDCF,
E881,
E990,
F20A,
F9AF,
FFC7,
FF67,
F65C,
EEE6,
EA8C,
EBDA,
F5AB,
FB7F,
F94F,
F4AB,
ECF5,
EA5A,
F281,
F853,
F636,
F292,
EDF7,
EC73,
F302,
F758,
F1C6,
ECC4,
EED4,
F1B2,
F252,
F1C1,
EE84,
F376,
EEE7,
EB5A,
EF9B,
F43E,
F06A,
EB73,
EE0C,
F217,
F05E,
ED32,
EDD0,
EF9A,
EF90,
EECA,
EE2F,
EDC1,
EE7B,
EF8C,
EE77,
EC80,
ED57,
EF80,
EE86,
EBE1,
EC98,
EF47,
EE9C,
EBC3,
EC21,
EEC4,
EE60,
EBA2,
EBB7,
EE2D,
EE19,
EBB0,
EB80,
ED85,
ED94,
EB81,
EB20,
ECBE,
ECF1,
EB4E,
EAE3,
EC2C,
EC74,
EB2C,
EAB4,
EB9F,
EBE4,
EAF0,
EA81,
EB2B,
EB71,
EAC6,
EA62,
EAC4,
EAEF,
EA70,
EA17,
EA49,
EA6A,
EA25,
E9E9,
E9EF,
E9F4,
E9D0,
E9AA,
E991,
E982,
E985,
E982,
E959,
E932,
E93D,
E948,
E914,
E8DD,
E8F0,
E90D,
E8D8,
E894,
E8A4,
E8C6,
E88E,
E83E,
E850,
E883,
E84E,
E7F3,
E802,
E83F,
E80F,
E7AC,
E7B7,
E7FE,
E7D7,
E771,
E775,
E7BE,
E79F,
E736,
E734,
E783,
E76C,
E701,
E6F7,
E747,
E739,
E6CF,
E6BE,
E70E,
E708,
E69F,
E686,
E6D4,
E6D6,
E670,
E651,
E69D,
E6A8,
E646,
E61F,
E668,
E67A,
E61C,
E5F0,
E634,
E64D,
E5F6,
E5C4,
E603,
E622,
E5D1,
E59B,
E5D5,
E5F9,
E5AE,
E573,
E5A8,
E5D0,
E58C,
E54E,
E57D,
E5AA,
E56D,
E52E,
E557,
E587,
E54F,
E50D,
E531,
E563,
E534,
E4F2,
E50D,
E53D,
E513,
E4CF,
E4E6,
E519,
E4F6,
E4B3,
E4C2,
E4F5,
E4D7,
E494,
E49F,
E4D4,
E4C1,
E485,
E48D,
E4C0,
E4B0,
E471,
E476,
E4AD,
E4A8,
E46F,
E46E,
E49E,
E496,
E458,
E44D,
E479,
E47B,
E44A,
E440,
E466,
E465,
E42C,
E41A,
E441,
E449,
E41C,
E410,
E43F,
E44E,
E41A,
E401,
E426,
E437,
E410,
E3FE,
E424,
E43A,
E41C,
E406,
E418,
E421,
E400,
E3E8,
E3FE,
E412,
E3FF,
E3F1,
E410,
E42D,
E415,
E3FC,
E416,
E433,
E424,
E413,
E43D,
E46F,
E463,
E447,
E45D,
E47B,
E460,
E434,
E43C,
E458,
E44D,
E435,
E443,
E462,
E45D,
E448,
E454,
E471,
E46E,
E458,
E45E,
E474,
E475,
E467,
E46B,
E47B,
E46B,
E442,
E42D,
E42C,
E424,
E416,
E406,
E3F3,
E425,
E4AB,
E470,
E345,
E35F,
E527,
E60B,
E5C0,
E37D,
DE14,
DF25,
EB08,
EF62,
E5D9,
DCD6,
D6A2,
D8DE,
EA8A,
F5C0,
EFEA,
E774,
DFC8,
D962,
D510,
D5F9,
E16B,
ECE9,
F275,
F478,
F1E3,
EC4D,
E313,
D9EC,
D43B,
D187,
D3C8,
D8C7,
DF8E,
E734,
EEEB,
F563,
F771,
F6E0,
F4EB,
F13C,
EA5F,
E23A,
DC2F,
D73D,
D216,
CDC1,
CD5E,
CF80,
D16F,
D3E2,
D91D,
E008,
E55A,
E9B1,
EF1A,
F4EE,
F827,
F944,
FAAF,
FC15,
FB00,
F7BE,
F4E0,
F256,
EE38,
E89E,
E404,
E089,
DC4C,
D735,
D376,
D159,
CEBD,
CB53,
C94A,
C917,
C8B4,
C7AC,
C7E4,
C9EE,
CBE8,
CD41,
CF65,
D2E1,
D626,
D889,
DB59,
DF2C,
E2D6,
E5B7,
E8E9,
ED21,
F10B,
F3C6,
F66C,
F9BA,
FC97,
FE08,
FF5B,
019D,
03CD,
0523,
0645,
07CC,
090F,
0937,
0902,
0935,
0956,
08CB,
0816,
081A,
0820,
06ED,
052F,
03D0,
027E,
00BE,
FEDD,
FDB5,
FCD3,
FB0C,
F8C7,
F6E4,
F52C,
F2FD,
F095,
EF0B,
EE11,
EC9A,
EAC0,
E89A,
E633,
E3BD,
E145,
DFBC,
DF0C,
DD9B,
DB6D,
D946,
D72B,
D54F,
D3B7,
D2A2,
D228,
D0F8,
CED9,
CD10,
CBC5,
CAE1,
CA7A,
CA01,
C95B,
C848,
C680,
C548,
C524,
C520,
C511,
C4C7,
C401,
C340,
C298,
C27B,
C38E,
C44F,
C3B0,
C303,
C2D6,
C31A,
C43D,
C55F,
C5CB,
C5EE,
C5A8,
C5B3,
C738,
C8FA,
C9CE,
CA49,
CA7D,
CACE,
CC1F,
CDB6,
CEB6,
CF6B,
CFC7,
D022,
D186,
D338,
D3AD,
D3A5,
D485,
D5D8,
D70D,
D821,
D874,
D864,
D962,
DB03,
DC16,
DCC3,
DCFB,
DCE0,
DDA8,
DF17,
DF5C,
DEAF,
DF27,
E0A4,
E14E,
E12C,
E106,
E0DD,
E152,
E27A,
E310,
E2ED,
E38A,
E525,
E5F5,
E5A1,
E5D5,
E6E2,
E815,
E966,
EA8E,
EB5E,
EC7D,
EE3F,
EF86,
EFB2,
F077,
F2BA,
F4AC,
F56D,
F656,
F81C,
F993,
F9F6,
FA65,
FB93,
FCC1,
FD90,
FE3A,
FECA,
FF4C,
FFD7,
0048,
0067,
008B,
0137,
01E3,
01E0,
01BA,
0228,
029E,
023E,
01B4,
0229,
02E3,
0293,
01FF,
029F,
03BF,
0406,
0401,
04E5,
0640,
0702,
0779,
082C,
091B,
0B43,
0E1F,
0E79,
0D18,
0EB9,
128A,
12AF,
0FD4,
0F83,
116E,
135C,
154F,
1308,
0C5E,
0D04,
15E1,
1729,
0F39,
0B29,
0C5E,
0E6F,
1151,
1286,
1147,
0F38,
0BFE,
0C76,
131D,
1779,
16CD,
151D,
1295,
11F6,
152B,
192D,
1DC2,
2004,
1D2A,
19A0,
16E3,
15CC,
1882,
1B6C,
1C99,
1C3E,
18EB,
1525,
1269,
1151,
143B,
1844,
1B2E,
1D3A,
1D5D,
1C92,
1B38,
1A29,
1B80,
1DF5,
20A3,
2335,
24CC,
2546,
22DC,
1EFD,
1C27,
1A0D,
190A,
1916,
1B52,
1ED3,
208F,
2124,
21FC,
22D0,
222C,
2085,
2065,
2175,
2217,
2263,
233D,
2484,
2470,
230C,
21D2,
20D4,
1F82,
1DDD,
1DCB,
1F8C,
213A,
229C,
2497,
2761,
28C4,
2829,
2761,
26C1,
2573,
2319,
218B,
217C,
21D1,
2247,
238D,
2636,
2880,
298F,
2A3F,
2ADD,
2A9F,
28A7,
26C3,
261F,
25B2,
24E7,
24AC,
261A,
2799,
27CC,
27B3,
27EC,
2801,
274C,
26B2,
2765,
289E,
29D4,
2B1A,
2CBB,
2DF1,
2CE8,
2ABD,
2880,
2642,
243D,
22E4,
245D,
276B,
29FE,
2C33,
2D55,
2D93,
2C77,
2A94,
2A42,
2B1D,
2CDF,
2F46,
3134,
3290,
311E,
2D50,
2A23,
27A1,
2749,
2908,
2B7B,
2E8F,
2EA6,
2B7A,
2910,
27A2,
289E,
2C76,
3053,
340C,
34B3,
3118,
2E57,
2D52,
2E56,
3262,
3513,
3511,
333C,
2EA6,
2C03,
2DDD,
301F,
31F5,
31ED,
2DDE,
2A63,
29E1,
2B00,
2EC7,
314E,
2E9C,
2BB7,
2BC8,
2D1B,
3012,
328B,
3176,
2FEC,
309A,
323C,
34FD,
3762,
3654,
3484,
35A8,
3789,
3782,
36B6,
3621,
35AD,
35E4,
364B,
359D,
347A,
3449,
3487,
33F4,
3303,
32F4,
336D,
3343,
32C2,
3319,
3407,
345F,
3448,
3449,
3460,
3504,
3624,
3685,
3631,
3706,
390C,
3998,
387F,
3909,
3B8C,
3C97,
3BB1,
3C14,
3E53,
3F4F,
3E58,
3E31,
3F83,
4036,
3FB7,
3F88,
4021,
4073,
4026,
3FC7,
3F71,
3F3C,
3F4F,
3F51,
3F0A,
3ED7,
3EF8,
3EF7,
3E6E,
3E07,
3E4F,
3E98,
3E62,
3E37,
3E93,
3EE1,
3E6D,
3E12,
3EEF,
3FCA,
3EF0,
3E05,
3F6E,
412A,
404F,
3EE8,
3FFE,
41C2,
416B,
406D,
4149,
42BD,
421C,
40C0,
4224,
44B2,
43FB,
419F,
4243,
4493,
44AB,
435F,
432D,
43B5,
43C4,
437A,
43BC,
445E,
4348,
40B8,
4042,
41C3,
41DD,
408A,
3F2B,
3DC9,
3C8C,
3B7C,
3AF7,
3B24,
3A1D,
3778,
357F,
349C,
33C2,
32DB,
31D0,
309C,
2EE7,
2C61,
2A5E,
297B,
286C,
26C6,
24F3,
2305,
20E1,
1E5D,
1C13,
1A81,
18E3,
16CA,
148D,
123C,
0FE2,
0D7F,
0B41,
0973,
07B2,
05A1,
0386,
0196,
FFAA,
FD8D,
FB6D,
F975,
F791,
F5AB,
F3D1,
F217,
F06D,
EEAF,
ECF5,
EB60,
E9EA,
E884,
E743,
E678,
E5FB,
E578,
E4FD,
E478,
E3FC,
E3D3,
E3F3,
E466,
E525,
E604,
E706,
E835,
E990,
EAF9,
EC74,
EE13,
EFDA,
F22B,
F508,
F822,
FB76,
FEB6,
01D6,
04E6,
07DF,
0ACC,
0DAE,
1073,
1313,
15BE,
1889,
1AE6,
1CAF,
1DF1,
1E9D,
1ECB,
1E76,
1DA1,
1C42,
1A6C,
181A,
1573,
1293,
0F33,
0B14,
069B,
01E3,
FD15,
F843,
F3A3,
EF56,
EB9E,
E8CD,
E6E6,
E634,
E680,
E7D3,
EA17,
ED75,
F192,
F63A,
FB36,
005E,
055D,
09A9,
0D23,
0F3D,
1005,
0EFE,
0C6B,
0815,
0273,
FBFD,
F521,
EF06,
E9D1,
E69F,
E554,
E6E8,
EADC,
F097,
F79D,
FE20,
03DE,
069E,
0688,
0316,
FCA6,
F556,
ED77,
E871,
E66E,
E89C,
EF0E,
F631,
FDC6,
0138,
FFC1,
FACE,
F1EA,
EB6C,
E870,
EA43,
F27F,
F946,
FD04,
FC0A,
F3E2,
ED4A,
EAC4,
EC4F,
F49D,
F9EB,
F72F,
F2A7,
ECC2,
EA80,
F186,
F746,
F538,
F1A0,
EDFD,
EC9A,
F1E5,
F701,
F63B,
F6FD,
F152,
EC1B,
EE17,
F1AC,
F225,
F163,
EF18,
ED21,
EFCF,
F330,
F063,
EC1C,
EE14,
F1F2,
F056,
ECC9,
ED78,
EFE3,
EF70,
EDAC,
ED7D,
EE24,
EE5A,
EE4D,
EDCE,
ED12,
ED6D,
EE7D,
EDFA,
EC5C,
EC91,
EE30,
EDD8,
EBD9,
EBDD,
EDBA,
ED9B,
EB82,
EB4F,
ED2D,
ED3C,
EB2C,
EACC,
EC99,
ECDD,
EAF9,
EA79,
EC1C,
EC8A,
EAEC,
EA55,
EBAF,
EC26,
EAC6,
EA21,
EB34,
EBAD,
EA8A,
E9E6,
EAC6,
EB40,
EA50,
E9AB,
EA50,
EABC,
E9FB,
E95F,
E9DB,
EA41,
E9AC,
E923,
E97F,
E9DB,
E968,
E8EA,
E924,
E96F,
E91C,
E8B5,
E8DC,
E91A,
E8DA,
E87F,
E893,
E8C2,
E894,
E849,
E84F,
E871,
E850,
E813,
E810,
E826,
E80B,
E7D7,
E7CE,
E7DA,
E7C8,
E7A3,
E796,
E798,
E788,
E76B,
E75C,
E757,
E74A,
E737,
E728,
E71C,
E70F,
E702,
E6F3,
E6E2,
E6D6,
E6CF,
E6C3,
E6AE,
E6A1,
E69D,
E692,
E67B,
E66D,
E66E,
E665,
E64B,
E63B,
E63E,
E639,
E61F,
E60E,
E612,
E60F,
E5F4,
E5E0,
E5E6,
E5E6,
E5CB,
E5B6,
E5BD,
E5C0,
E5A6,
E58F,
E595,
E599,
E581,
E56B,
E570,
E576,
E55F,
E546,
E54B,
E553,
E53E,
E526,
E52B,
E535,
E520,
E505,
E506,
E50F,
E500,
E4E8,
E4EB,
E4F8,
E4E8,
E4CD,
E4CD,
E4DA,
E4CE,
E4B4,
E4B3,
E4C0,
E4B7,
E49E,
E49D,
E4AC,
E4A2,
E486,
E47F,
E48B,
E486,
E472,
E46D,
E477,
E46D,
E44F,
E445,
E451,
E44C,
E431,
E426,
E433,
E435,
E427,
E422,
E42D,
E42C,
E417,
E410,
E423,
E42D,
E422,
E420,
E435,
E444,
E440,
E43D,
E443,
E442,
E42F,
E421,
E428,
E429,
E40F,
E3FA,
E409,
E417,
E40A,
E3F9,
E3F3,
E3F0,
E3E9,
E3E3,
E3E4,
E3E9,
E3ED,
E3F4,
E409,
E41E,
E41C,
E412,
E421,
E433,
E41D,
E3F8,
E3F2,
E3F8,
E3EA,
E3D4,
E3CB,
E3C9,
E3CC,
E3D2,
E3D5,
E3D8,
E3E1,
E3EE,
E3F4,
E3F3,
E403,
E41F,
E42F,
E437,
E44B,
E46A,
E4A6,
E501,
E46A,
E2CA,
E3BA,
E79E,
E768,
E231,
DF8B,
E02A,
E544,
F0CC,
EFCF,
DBA9,
D276,
DC43,
E7CC,
F39A,
F6CC,
EB0B,
DFDE,
D9BE,
D684,
D6A3,
DBF9,
EAA0,
F5B3,
F52C,
F1A7,
EE08,
E7E7,
DC3D,
D2C3,
D235,
D4B6,
D78C,
DC77,
E5FE,
EF82,
F443,
F6C6,
F83F,
F79D,
F291,
EB9C,
E547,
DF05,
D87C,
D29E,
CF73,
CE2F,
CE7D,
D03F,
D396,
D821,
DD82,
E363,
E8AE,
ED8C,
F25A,
F6C7,
F96F,
FAAD,
FB85,
FBC6,
FA64,
F7A3,
F4AF,
F175,
ED00,
E785,
E2E0,
DF05,
DA79,
D54F,
D192,
CF5B,
CCEE,
CA31,
C8C9,
C8EA,
C8CE,
C831,
C8B2,
CAA7,
CC46,
CD1A,
CF07,
D2A2,
D5EF,
D850,
DB4C,
DF76,
E33C,
E5F4,
E8E2,
EC9E,
EFCC,
F191,
F3A8,
F724,
FA50,
FC24,
FDF5,
00AB,
02FE,
03E7,
0492,
05EE,
06EB,
066D,
05C5,
0648,
06DB,
067C,
05E8,
0600,
05F5,
0490,
02C7,
01EC,
0138,
FF7D,
FD78,
FC7B,
FBD3,
FA54,
F878,
F72C,
F600,
F3BD,
F0F1,
EF25,
EDE8,
EC21,
EA0F,
E899,
E780,
E579,
E2CE,
E0D7,
DF70,
DDE6,
DC48,
DB56,
DAFB,
D9CC,
D7CD,
D652,
D566,
D41B,
D265,
D15D,
D123,
D08D,
CF75,
CE70,
CD94,
CC65,
CAB4,
C9A4,
C996,
C949,
C864,
C791,
C6FA,
C646,
C53D,
C4B7,
C53D,
C5A6,
C56A,
C51B,
C4E3,
C498,
C3FF,
C3CE,
C4C3,
C5A5,
C58E,
C54D,
C53B,
C553,
C5BF,
C65E,
C755,
C81D,
C7C7,
C751,
C7CA,
C8B6,
C9FA,
CB5B,
CC7F,
CD5F,
CD4D,
CD19,
CE92,
D0BC,
D231,
D341,
D3BB,
D3FB,
D51B,
D6C0,
D889,
DA53,
DAE8,
DACA,
DBF8,
DE01,
DFA3,
E0F3,
E18A,
E18F,
E233,
E35F,
E4D7,
E68E,
E715,
E675,
E6ED,
E888,
E980,
E9C2,
E9B8,
E958,
E9D7,
EB7B,
EC5C,
EC25,
EC02,
EC0E,
ECB6,
EE5A,
EF0D,
EE01,
EDCC,
EF65,
F0A4,
F0D9,
F0ED,
F0FF,
F161,
F27B,
F344,
F2FE,
F30C,
F45A,
F5A5,
F636,
F6B0,
F743,
F819,
F9AF,
FB1E,
FB4C,
FB97,
FD7D,
FF88,
0038,
00BC,
024A,
0409,
053B,
0606,
05DF,
05AA,
07A2,
09F1,
08B2,
0661,
0817,
0B47,
0B0A,
091D,
07E0,
072E,
0908,
0BFB,
0946,
036F,
048A,
0A13,
0A5A,
06FB,
060F,
06FF,
07EF,
08ED,
09C2,
0A6F,
0A2E,
0910,
0A36,
0DB2,
0FC8,
1041,
10E5,
11C6,
1308,
14C0,
1666,
17FA,
187E,
1789,
1704,
175A,
180D,
1946,
19CF,
1922,
1819,
16C2,
15A3,
14FF,
14EE,
15E5,
1672,
15A5,
14B4,
13FE,
13A1,
13C0,
14B8,
175E,
1A24,
1BF6,
1D3F,
1DE4,
1DFF,
1D33,
1C7F,
1D44,
1E83,
1F92,
208F,
21B1,
2240,
2076,
1DAD,
1B5A,
194F,
17BA,
16C6,
176A,
18FD,
1A65,
1BD6,
1DC1,
1FBE,
203D,
1FD5,
1FEE,
2055,
20AF,
2118,
2261,
2444,
2594,
2660,
26F0,
2730,
25F8,
236F,
2155,
1FB6,
1DF6,
1C22,
1B97,
1C6D,
1E22,
20B4,
23D1,
2779,
2A11,
2B39,
2BE3,
2C2B,
2B3F,
28CC,
2600,
2310,
203F,
1D94,
1C21,
1C94,
1DBB,
1F4E,
218D,
24C0,
27DC,
2A6D,
2C63,
2D96,
2D9E,
2BAA,
2930,
26F6,
24D1,
22C5,
2138,
20BB,
20EE,
21C8,
232F,
2567,
279D,
289E,
2922,
29A4,
29F9,
29D4,
29A1,
2A1F,
2AFE,
2C22,
2D60,
2E87,
2F5C,
2EE1,
2D8A,
2BEA,
2A00,
2792,
2505,
23CF,
23AB,
249C,
2666,
284D,
2A36,
2AFF,
2ADD,
2AC8,
2ABE,
2AE4,
2B40,
2C7C,
2E85,
303F,
319B,
3212,
3196,
3047,
2E1C,
2C78,
2B8E,
2B1D,
2B36,
2B77,
2BE4,
2BB2,
2A8E,
297C,
28A4,
285E,
28EB,
29EE,
2B86,
2CB4,
2CE5,
2D06,
2D48,
2DF2,
2F59,
3120,
3372,
354C,
35D8,
35D1,
3536,
34C5,
3553,
3621,
370F,
3772,
35FD,
343D,
3399,
3380,
3440,
34E6,
33D1,
320B,
301D,
2E97,
2F89,
3146,
3121,
3021,
2ED6,
2DC0,
2F57,
320D,
3220,
30D7,
302D,
300F,
3249,
35C9,
35A6,
3342,
33F9,
36D6,
38A2,
3998,
3905,
3738,
387C,
3C67,
3CF2,
3A4F,
3A09,
3C2C,
3D61,
3D90,
3CF6,
3B71,
3BA8,
3E2B,
3E0F,
3A43,
3950,
3CCB,
3DF0,
3B01,
39AE,
3B86,
3C7A,
3B68,
3A4F,
3980,
397C,
3B11,
3B9E,
3955,
383E,
3AEC,
3CCF,
3B29,
39B3,
3A82,
3B78,
3B7E,
3B97,
3C84,
3D42,
3C9E,
3C55,
3EB2,
40C5,
3ED1,
3C93,
3E6D,
4117,
412D,
4087,
40C3,
4144,
4187,
41DB,
4316,
4468,
43B4,
4245,
42C9,
4438,
4516,
4591,
453C,
446C,
441B,
4426,
44E7,
460C,
45E9,
44D0,
43AD,
4283,
421D,
4258,
421E,
4179,
40B2,
3FC8,
3EAD,
3D62,
3CCF,
3D06,
3C68,
3ACE,
3964,
3841,
372B,
361C,
357F,
3586,
34C6,
32CC,
3111,
2FF0,
2EA5,
2CF1,
2BB4,
2B6C,
2AA3,
28A9,
26B9,
2551,
23BF,
219C,
1FD1,
1F20,
1E25,
1BE7,
199E,
180E,
166A,
1415,
11E0,
1098,
0F5E,
0D6E,
0B71,
0A23,
08B2,
05F4,
0300,
0121,
FF9B,
FDAD,
FBC9,
FAB4,
F9C5,
F7C5,
F55C,
F37C,
F1CA,
EF84,
ED26,
EBFF,
EB80,
EA6A,
E915,
E854,
E7E8,
E6F9,
E5C9,
E552,
E565,
E511,
E485,
E4F8,
E63C,
E720,
E7B5,
E8B4,
EA19,
EB24,
EBD7,
ED5D,
EFC5,
F211,
F42B,
F6D4,
FA23,
FD43,
000D,
032A,
06C2,
09D2,
0C0E,
0E77,
1151,
13E7,
1605,
1816,
1A4B,
1BF2,
1CAF,
1D2E,
1DC9,
1D99,
1C07,
19F4,
17BD,
1506,
118A,
0DC5,
0A09,
0607,
0172,
FCD7,
F8B3,
F49B,
F00F,
EBD5,
E8B4,
E650,
E474,
E372,
E3E6,
E574,
E7F6,
EB71,
F05A,
F604,
FB84,
00EA,
0648,
0B2A,
0E6A,
1037,
103E,
0E9E,
0ACF,
0554,
FF00,
F811,
F105,
EA42,
E5C8,
E36F,
E397,
E612,
EB40,
F2AB,
FA32,
018E,
0678,
08D4,
072E,
0197,
FA04,
F0AE,
E919,
E3AD,
E34A,
E89E,
F034,
FA06,
00BF,
0340,
0067,
F6AC,
ED9F,
E680,
E52F,
ECB2,
F51E,
FD6F,
FFCD,
F752,
EE73,
E7D6,
E6C5,
F0E0,
F966,
F9C6,
F639,
EC90,
E6AD,
EED8,
F72A,
F5F6,
F3A6,
F5DE,
F5DF,
F285,
EEE0,
ED8E,
EDDE,
F15D,
F485,
F0C0,
EBE8,
EDEA,
F1BB,
F126,
EF10,
EE28,
EDF2,
EF50,
F10A,
EF57,
EC68,
EDAC,
F0C5,
EF9E,
EC68,
ED00,
EFAB,
EF2F,
ECD5,
ECD5,
EE64,
EE69,
ED56,
ED00,
ED3E,
ED6E,
ED94,
ED37,
EC63,
EC66,
ED42,
ED13,
EBC4,
EBA0,
ECE0,
ECE0,
EB48,
EAF9,
EC7A,
ECB3,
EAF8,
EA6B,
EBDE,
EC42,
EAB0,
EA10,
EB67,
EBE9,
EA7E,
E9CC,
EB02,
EB9A,
EA5A,
E994,
EA8C,
EB22,
EA16,
E956,
EA26,
EABF,
E9E1,
E923,
E9C6,
EA57,
E9A1,
E8EC,
E968,
E9ED,
E956,
E8A8,
E906,
E984,
E914,
E87C,
E8BF,
E92D,
E8D1,
E842,
E86F,
E8D2,
E88E,
E810,
E82A,
E87D,
E849,
E7DB,
E7E9,
E832,
E80B,
E7A8,
E7A7,
E7E1,
E7C4,
E76F,
E769,
E79A,
E788,
E740,
E734,
E758,
E749,
E70C,
E6FC,
E719,
E710,
E6DD,
E6CB,
E6DF,
E6D8,
E6AD,
E69A,
E6A8,
E6A3,
E680,
E66E,
E675,
E670,
E653,
E641,
E644,
E640,
E628,
E617,
E616,
E612,
E5FE,
E5EF,
E5EB,
E5E5,
E5D5,
E5C7,
E5C2,
E5BD,
E5B0,
E5A4,
E59C,
E595,
E589,
E57D,
E574,
E56C,
E564,
E55C,
E553,
E54B,
E542,
E539,
E52D,
E523,
E51B,
E515,
E50D,
E504,
E4FF,
E4FC,
E4F2,
E4E7,
E4E1,
E4DE,
E4D5,
E4CA,
E4C5,
E4C3,
E4BB,
E4B0,
E4AE,
E4B1,
E4AB,
E4A0,
E497,
E490,
E486,
E47A,
E476,
E47B,
E478,
E46D,
E467,
E468,
E464,
E45D,
E459,
E45A,
E454,
E445,
E43D,
E442,
E446,
E448,
E44C,
E452,
E451,
E443,
E43A,
E43E,
E43D,
E433,
E428,
E420,
E41A,
E415,
E414,
E41B,
E419,
E402,
E3EC,
E3E9,
E3E7,
E3DF,
E3D5,
E3C9,
E3BF,
E3BC,
E3C0,
E3D4,
E3E6,
E3DB,
E3CB,
E3D3,
E3E1,
E3E9,
E3EE,
E3EF,
E3EF,
E3F6,
E3FF,
E40B,
E414,
E40C,
E3FD,
E403,
E412,
E41A,
E41C,
E412,
E402,
E402,
E40B,
E40D,
E409,
E3FC,
E3EC,
E427,
E499,
E4A5,
E45C,
E3FD,
E388,
E4EA,
E81B,
E674,
DFB4,
DF0A,
E537,
EA71,
EE9B,
E8AF,
D58F,
D1BF,
E3C2,
F065,
F343,
F006,
E4D3,
DB5E,
D61F,
D571,
DB10,
E3A3,
EFF4,
F75A,
F466,
EF0F,
E998,
E25F,
D773,
D01D,
D251,
D6DE,
DA60,
DFC2,
E9FF,
F32F,
F5F4,
F68D,
F792,
F681,
EFED,
E7E8,
E261,
DD4E,
D6B1,
D0C9,
CF00,
CF54,
CFE2,
D187,
D5E8,
DBAD,
E0D9,
E5F2,
EBB9,
F185,
F5B4,
F8BF,
FB47,
FD13,
FD58,
FC5C,
FA8C,
F7EF,
F483,
F06A,
EC20,
E7AC,
E329,
DEA6,
DA67,
D673,
D306,
D021,
CDA9,
CBA1,
CA44,
C996,
C942,
C943,
C9DF,
CB21,
CC97,
CE2E,
D045,
D2F1,
D5AC,
D852,
DB5B,
DEF0,
E25C,
E562,
E896,
EC33,
EF71,
F1F4,
F469,
F716,
F96E,
FB1A,
FCC7,
FEE8,
00AE,
018B,
0251,
0393,
0498,
04DE,
04F2,
0547,
0556,
048E,
03A6,
0363,
0319,
0223,
00FE,
0036,
FF5C,
FDD1,
FC13,
FAD8,
F9B0,
F7F7,
F60B,
F487,
F31E,
F141,
EF3F,
EDD1,
ECA3,
EAF8,
E90E,
E77C,
E614,
E442,
E23B,
E0C7,
DFB9,
DE6F,
DD01,
DBF6,
DB31,
D9DF,
D817,
D6B9,
D5BE,
D49D,
D35A,
D28E,
D23D,
D189,
D062,
CF72,
CECB,
CDF2,
CCD2,
CC32,
CC42,
CC21,
CBA5,
CB3B,
CAFA,
CA85,
C9AF,
C929,
C938,
C953,
C953,
C975,
C9E4,
CA09,
C980,
C8F7,
C8B0,
C892,
C8AA,
C8F4,
C997,
CA08,
C9B6,
C945,
C909,
C8EE,
C8FB,
C946,
CA1E,
CAFC,
CB3D,
CB45,
CB41,
CB3E,
CB42,
CB80,
CC99,
CDF4,
CEA3,
CF0F,
CF9B,
D03C,
D104,
D1EF,
D338,
D499,
D508,
D4FD,
D578,
D655,
D7B9,
D97B,
DB18,
DC8B,
DD0D,
DCE2,
DD69,
DE80,
DFF9,
E1C3,
E2D0,
E334,
E3BA,
E463,
E5D3,
E80E,
E987,
EA28,
EA64,
EA31,
EAEA,
ECD5,
EE79,
EFAC,
F042,
EFFA,
F081,
F26C,
F3D5,
F448,
F44B,
F3B7,
F3A0,
F490,
F59E,
F6B4,
F716,
F5E1,
F571,
F77C,
F8EF,
F7D9,
F6BC,
F6ED,
F74C,
F765,
F78C,
F7ED,
F86D,
F91E,
F9AD,
F962,
F974,
FC0F,
FE5E,
FBCD,
F8EF,
FC6E,
0148,
00F0,
FF1D,
0028,
0259,
0444,
0606,
071D,
07CE,
0857,
08D7,
09BB,
0AF6,
0D62,
1037,
0F9F,
0D05,
0DBB,
108F,
113C,
1070,
1189,
13ED,
1303,
0F66,
0E80,
1005,
1091,
102A,
100E,
103D,
0F13,
0C72,
0B38,
0BAF,
0C6D,
0D5E,
0E7F,
0FDE,
0FFF,
0E59,
0D46,
0D3B,
0E03,
0FC8,
125D,
161F,
18A4,
18AE,
188A,
18EE,
18FD,
1828,
1848,
1AC9,
1D49,
1E9E,
1FB6,
212D,
215C,
1E47,
1AED,
1971,
186D,
1712,
1674,
1826,
1A43,
1AF0,
1B3D,
1C1D,
1C95,
1AD4,
188B,
17D3,
17E6,
183A,
1931,
1C0D,
1FBF,
227A,
24B3,
2708,
28F6,
28C0,
2721,
255E,
235B,
20C5,
1DF8,
1CA4,
1C69,
1C06,
1BAA,
1C5E,
1DE8,
1EF4,
1F96,
2085,
21AD,
21D0,
20FA,
20A3,
20D6,
20D1,
208B,
2104,
225A,
2355,
23CD,
2479,
2577,
2604,
25F1,
25E4,
260A,
259D,
244F,
2330,
228E,
222E,
2211,
225B,
233E,
241A,
249B,
2544,
2661,
275F,
27F3,
284D,
2873,
2851,
27AC,
271B,
2721,
2769,
27DB,
2884,
29A2,
2AAD,
2B0E,
2B0F,
2AD6,
2A36,
28C1,
26D9,
24C0,
2297,
206B,
1EAD,
1E8B,
1F8C,
219E,
2475,
27C0,
2B30,
2DD1,
2FBB,
3097,
3086,
2F3E,
2D1D,
2B25,
2965,
28C3,
2912,
2A1A,
2BB1,
2CF0,
2DCC,
2DAD,
2C9D,
2A90,
279F,
24E0,
226A,
219C,
2294,
24D0,
285B,
2B50,
2D6E,
2E66,
2DFD,
2D10,
2B9C,
2B13,
2BE1,
2DD6,
3148,
3496,
377D,
388E,
36B2,
341B,
310C,
2F26,
2FA6,
312C,
33F0,
35D9,
356D,
3398,
2FBA,
2C1D,
2A5C,
2A04,
2C13,
2E64,
2F71,
2F2D,
2BCD,
2846,
2787,
2879,
2C08,
2FEC,
30F1,
305B,
2D7A,
2A83,
2C0E,
2FA4,
335E,
3689,
354F,
3230,
3180,
3268,
3606,
3ACF,
3BAC,
3A18,
37E1,
3589,
3815,
3DA5,
3DF0,
3A81,
3868,
3761,
3934,
3D52,
3D95,
3A71,
38C2,
3874,
390D,
3A91,
3A18,
3773,
35C9,
354B,
3637,
38E6,
38D2,
34D8,
33F8,
37EB,
3931,
35CF,
3472,
3702,
3864,
370F,
3645,
36DE,
384A,
3B28,
3C2C,
38A0,
370D,
3BB9,
3F19,
3CA2,
3A71,
3BE2,
3D9E,
3E0B,
3E6F,
3F99,
407F,
401E,
3F75,
3EF8,
3F17,
416D,
4383,
4199,
3F2F,
40BC,
4330,
42E3,
4200,
43B9,
45C2,
438F,
4023,
413B,
441D,
441D,
42EA,
43A9,
4523,
4416,
41C5,
41E7,
436D,
435D,
4249,
41D7,
41C1,
40B6,
3EFE,
3E6C,
3EC9,
3EE3,
3EBE,
3E26,
3D1E,
3BD9,
3A5D,
395B,
38E0,
38B0,
38D1,
3863,
3741,
3623,
351B,
3412,
3302,
3267,
327A,
324C,
319D,
30D9,
301C,
2EE6,
2CD9,
2B2D,
2A75,
29C5,
28D0,
27FB,
2797,
26B7,
2498,
227E,
2131,
1FCC,
1DAD,
1BC9,
1B0D,
1A46,
186D,
167B,
154D,
13FB,
1169,
0EC3,
0D72,
0C61,
0A5F,
083F,
0727,
063A,
041C,
01A5,
002B,
FEF3,
FC9F,
F9EA,
F83C,
F6FF,
F4FB,
F2B3,
F185,
F0EF,
EF80,
ED9C,
EC5E,
EB80,
E9D1,
E7A4,
E694,
E663,
E5CD,
E4F5,
E4E3,
E57E,
E58F,
E520,
E597,
E6F5,
E7CD,
E811,
E903,
EABF,
EC35,
ED3D,
EF21,
F220,
F4C8,
F6CA,
F950,
FCA6,
FF99,
01C8,
045D,
07C3,
0AC7,
0CEF,
0F3E,
1227,
14A4,
162D,
17AE,
19AF,
1B20,
1B55,
1B22,
1AF8,
1A2D,
182B,
15B9,
1366,
108D,
0C7E,
0812,
03FA,
FFC2,
FAE5,
F60A,
F1E9,
EE19,
EA1A,
E688,
E45F,
E31A,
E22A,
E1FE,
E387,
E637,
E964,
ED38,
F250,
F813,
FD48,
0219,
06D9,
0B20,
0D6A,
0E05,
0D37,
0B02,
06A7,
0097,
FA2A,
F384,
ED14,
E71F,
E3B1,
E2BE,
E43C,
E813,
EDF5,
F5B2,
FCBD,
02D2,
064A,
06E2,
03CB,
FCB7,
F4C9,
EC4A,
E65F,
E3D0,
E5A5,
ECFB,
F51B,
FD88,
0223,
00FE,
FBB9,
F0DB,
E85F,
E571,
E743,
F06C,
F8C7,
FD1B,
FC6C,
F240,
E95C,
E837,
EB1A,
F45A,
FB21,
F5FB,
F03A,
F300,
F00C,
EA86,
E6DC,
EFE0,
F96F,
F4EA,
ED09,
EAD6,
EB92,
F14B,
F703,
F133,
E89E,
EC22,
F3A1,
F27A,
EDE2,
ECCE,
ED80,
EF5B,
F17D,
EF0B,
EA83,
EC8B,
F213,
F04C,
EA33,
EB21,
F0A6,
F011,
EB26,
EB11,
EEC0,
EED6,
EBEB,
EB7D,
ED5B,
EDB2,
EC89,
EC0C,
EC4B,
EC8F,
ECDB,
EC97,
EB9D,
EB86,
ECAE,
ECB7,
EB0E,
EAAC,
EC6D,
ECCC,
EAA5,
E9DA,
EBD9,
EC93,
EA66,
E95E,
EB59,
EC48,
EA1D,
E8D8,
EAB4,
EBD5,
E9E5,
E88B,
EA36,
EB70,
E9B6,
E849,
E9C2,
EB10,
E994,
E821,
E95D,
EAAA,
E961,
E7EA,
E8EF,
EA3D,
E935,
E7CE,
E89F,
E9DF,
E904,
E7A4,
E842,
E972,
E8C7,
E77E,
E7F1,
E90D,
E88A,
E755,
E7A4,
E8AC,
E84E,
E732,
E762,
E853,
E813,
E70E,
E722,
E7FA,
E7D3,
E6E8,
E6E8,
E7AD,
E79B,
E6C6,
E6B3,
E761,
E75F,
E69F,
E680,
E71C,
E728,
E67C,
E651,
E6D9,
E6F0,
E657,
E625,
E69C,
E6BB,
E634,
E5FB,
E663,
E688,
E610,
E5D3,
E62D,
E657,
E5EE,
E5AE,
E5FA,
E626,
E5CB,
E58A,
E5CB,
E5FA,
E5AA,
E568,
E59E,
E5CD,
E589,
E548,
E575,
E5A5,
E56C,
E52C,
E54E,
E57D,
E54A,
E50B,
E527,
E557,
E52E,
E4F1,
E506,
E533,
E511,
E4D5,
E4E3,
E50D,
E4F2,
E4BB,
E4C5,
E4EE,
E4D7,
E4A0,
E4A5,
E4CE,
E4C1,
E494,
E497,
E4BE,
E4B2,
E480,
E47B,
E49D,
E497,
E46E,
E46D,
E492,
E490,
E464,
E459,
E475,
E474,
E44F,
E444,
E460,
E45F,
E434,
E41F,
E431,
E433,
E415,
E409,
E422,
E425,
E3FA,
E3E0,
E3F2,
E3FD,
E3EB,
E3E2,
E3F9,
E403,
E3E5,
E3D0,
E3E3,
E3F7,
E3F7,
E3F6,
E3FF,
E406,
E3FB,
E3F4,
E40C,
E423,
E415,
E401,
E40A,
E415,
E407,
E3F7,
E40D,
E426,
E40C,
E3E4,
E3E9,
E3FD,
E3FE,
E3F5,
E3EE,
E3E7,
E3E2,
E3E0,
E3F1,
E40A,
E410,
E40B,
E419,
E430,
E437,
E432,
E46F,
E4D2,
E440,
E2FA,
E3D4,
E66A,
E637,
E386,
E13D,
DF53,
E3D0,
EF0B,
ED9A,
DDD1,
D679,
D98F,
E256,
F1F8,
F631,
EA65,
E040,
DA65,
D6DD,
D5D8,
DAF0,
E93C,
F35F,
F484,
F2C6,
EED2,
E82F,
DD7F,
D52A,
D2C4,
D33F,
D67C,
DBF5,
E447,
EC77,
F2A7,
F6E6,
F82E,
F740,
F3D9,
EEBF,
E7D5,
E0A3,
DAD6,
D5DF,
D184,
CEA0,
CF0A,
D132,
D389,
D6D1,
DC7A,
E305,
E80C,
EC88,
F1EC,
F72A,
F9E6,
FB25,
FCB3,
FDD6,
FC83,
F9A0,
F75C,
F526,
F12A,
EC08,
E7E9,
E46A,
DFD5,
DA91,
D6D7,
D45F,
D12F,
CD7F,
CB72,
CAEC,
C9F4,
C890,
C8CC,
CAB6,
CBFB,
CC6C,
CE2A,
D16F,
D416,
D5CA,
D873,
DC75,
DFBC,
E1C4,
E472,
E84A,
EB92,
EDBC,
F04F,
F3E5,
F6E1,
F891,
FA62,
FCF8,
FF0E,
FFF7,
00E5,
0290,
03C5,
03B8,
038F,
0405,
0445,
03AC,
0313,
0345,
0359,
0289,
0187,
00F4,
003E,
FEC0,
FD17,
FC0B,
FB07,
F954,
F773,
F615,
F4CA,
F2D9,
F0BF,
EF62,
EE4A,
ECAF,
EADF,
E975,
E827,
E62A,
E3D7,
E21A,
E0B7,
DF2C,
DD97,
DC6F,
DB8F,
DA51,
D8D1,
D79E,
D6A7,
D58B,
D453,
D368,
D2C1,
D1EA,
D0E3,
D025,
CFB2,
CF18,
CE4F,
CDC2,
CD7D,
CD08,
CC50,
CBCD,
CB96,
CB3E,
CAAD,
CA4F,
CA42,
CA2F,
C9F8,
C9F5,
CA4D,
CA76,
CA34,
C9F2,
C9D4,
C9B1,
C966,
C966,
CA11,
CABE,
CB15,
CB5E,
CBB3,
CBED,
CBD9,
CBD1,
CC24,
CC8E,
CCEA,
CD42,
CD93,
CDD5,
CDE8,
CDF6,
CE20,
CE6A,
CEF9,
CFB1,
D09C,
D179,
D1A6,
D184,
D177,
D17D,
D1AC,
D21A,
D365,
D512,
D5D8,
D619,
D65F,
D6A8,
D708,
D78E,
D8DE,
DAB2,
DBD8,
DC78,
DCD7,
DD05,
DD84,
DE51,
DFC4,
E1CA,
E31B,
E3B9,
E435,
E493,
E54E,
E672,
E814,
EA47,
EBAE,
EC0F,
EC58,
EC91,
ED83,
EF86,
F11D,
F1F3,
F286,
F2CE,
F34D,
F434,
F576,
F751,
F89B,
F8BD,
F863,
F736,
F7A5,
FC61,
FEF6,
FA23,
F6BA,
FB21,
FF2D,
FD7B,
FB20,
FA9D,
FB5E,
FF17,
01DC,
FE1B,
FA0B,
FC82,
0038,
005E,
FF66,
FEE2,
FE56,
FCE1,
FC04,
0005,
051F,
0400,
0059,
FF01,
FF1E,
01D3,
05D8,
0876,
09CD,
06E1,
01D7,
0297,
0710,
0A44,
0CAB,
0EF7,
10E9,
0FF3,
0CCB,
0BE7,
0D03,
1072,
15E4,
188A,
1865,
1701,
146A,
126A,
112A,
1196,
13DF,
16BF,
1A41,
1AF1,
17E0,
1517,
1341,
1120,
0E58,
0DD5,
10E2,
13C2,
1593,
1683,
163A,
1515,
12DA,
10A2,
0E9F,
0E3C,
10FD,
144D,
1702,
19E6,
1D9A,
203C,
1FE0,
1EC4,
1E3C,
1D58,
1B0B,
1932,
19F5,
1B9C,
1CFC,
1EA1,
216C,
23EA,
23D4,
2286,
211D,
1F37,
1C03,
1872,
1619,
1495,
13CB,
13D5,
156E,
1814,
1B1F,
1E5C,
20DD,
22C5,
240B,
24BE,
24DC,
2483,
2421,
23B1,
230C,
2247,
21D8,
21BF,
2239,
2339,
2458,
2589,
263B,
2664,
2602,
2512,
23E0,
2272,
214A,
2087,
1FB7,
1EC9,
1E5E,
1EA0,
1F1D,
1FBA,
210A,
235A,
2579,
270C,
286C,
29AE,
2A3F,
29B2,
28F3,
2864,
2791,
263D,
24EF,
23F8,
2309,
21E0,
211D,
2153,
21F2,
22C9,
23C8,
24F7,
25E6,
25EA,
2596,
253B,
24D6,
246F,
242C,
245D,
24D5,
256E,
264B,
27C7,
29A3,
2BCD,
2E02,
2FCF,
3115,
310C,
300C,
2E59,
2C19,
2983,
26D1,
24F0,
23BC,
231A,
2310,
2427,
261A,
27F6,
29B1,
2AB4,
2B09,
2AA6,
299E,
287D,
2754,
2725,
27FE,
2955,
2B22,
2D6E,
3037,
3242,
335D,
3381,
328C,
30F7,
2EB4,
2D05,
2C3C,
2C65,
2DD2,
2F3D,
306B,
309F,
2F48,
2D3D,
2A66,
2801,
269F,
2677,
284B,
2A7C,
2C85,
2DB9,
2D25,
2BBA,
2946,
2768,
27A5,
2942,
2CF7,
30B4,
3279,
32ED,
3130,
2F08,
2E3D,
2EB1,
3205,
3639,
3937,
3ACC,
381E,
33F7,
32BC,
3326,
3538,
3824,
3A90,
3C22,
3991,
34EC,
330A,
332B,
3751,
3D81,
3C2F,
35E9,
32BE,
31E4,
338F,
372F,
3848,
3739,
34C4,
3122,
316C,
356E,
3743,
36D9,
3516,
31E1,
3187,
348D,
3665,
36AB,
3587,
327E,
329C,
376F,
39A5,
3764,
35C7,
35AB,
3719,
3B16,
3CAF,
393A,
376E,
3A32,
3CB3,
3D5A,
3D45,
3C11,
3BCA,
3E5F,
404A,
3EF3,
3DEE,
3FD6,
4177,
4044,
3F1A,
4049,
41C8,
4243,
4242,
4195,
40E7,
4147,
41E0,
41BC,
418F,
4288,
4387,
4261,
40A8,
40F8,
4207,
41F6,
4181,
4210,
42DE,
41CB,
3FD1,
3F48,
3F8D,
3F60,
3F03,
3F72,
404B,
3FC6,
3E49,
3D7C,
3D30,
3C7F,
3B88,
3B77,
3C2B,
3C24,
3B6A,
3ABF,
3A25,
3952,
3845,
379A,
3762,
3765,
37A7,
37A0,
3735,
3681,
357B,
3461,
3336,
3243,
31A2,
3137,
3112,
30CA,
3036,
2F70,
2E6B,
2D47,
2C08,
2AB9,
294F,
2813,
274F,
2686,
256D,
245D,
23A5,
22BA,
210F,
1F46,
1DDA,
1C60,
1A70,
1888,
173C,
160D,
1479,
12DC,
11B4,
108B,
0EB3,
0C97,
0AB2,
08C6,
065C,
03D6,
01F5,
0066,
FEAC,
FCED,
FB8E,
FA54,
F88E,
F67A,
F4B6,
F31C,
F136,
EF2B,
ED9B,
EC67,
EAFF,
E97C,
E867,
E7AF,
E6E5,
E610,
E596,
E573,
E52D,
E4C4,
E4A6,
E4D9,
E4FA,
E501,
E587,
E6A3,
E7CD,
E8EF,
EA80,
EC9A,
EEB3,
F0A6,
F2E0,
F57F,
F828,
FAC0,
FD6E,
003E,
02FD,
0590,
0820,
0ABF,
0D46,
0FA1,
11DB,
13FD,
15CF,
1722,
1821,
18DF,
1935,
18FB,
184B,
172D,
158B,
1336,
1062,
0D26,
0985,
0567,
0107,
FC96,
F819,
F38D,
EF25,
EB30,
E7AE,
E4B8,
E269,
E121,
E0C7,
E173,
E317,
E5EC,
E9B3,
EE00,
F2C6,
F81D,
FDB6,
028B,
06A6,
09ED,
0C3E,
0C82,
0AED,
07E3,
0385,
FDFA,
F778,
F109,
EADB,
E63F,
E357,
E2D0,
E4BC,
E8C8,
EEF3,
F5A4,
FCB1,
01D6,
0499,
0491,
015D,
FBD1,
F39A,
EC6E,
E72D,
E54C,
E813,
ED3D,
F52B,
FB9D,
FEEB,
FE88,
F87E,
F173,
EA73,
E6C5,
EA1E,
EF98,
F699,
FB02,
F82B,
F319,
ED2A,
E92E,
ECCC,
E58A,
EAD7,
F1A4,
F77D,
F9F0,
F203,
E89E,
E9D5,
EEB9,
F3A5,
F6D6,
F07D,
E7F9,
EB7D,
F30D,
F2EF,
EF67,
ED01,
EB79,
EE79,
F32F,
F082,
EA31,
EBA8,
F153,
F0B9,
EC48,
EC06,
EE77,
EEEC,
EDE5,
ED08,
EC3E,
ECD5,
EE8B,
EDF2,
EB2C,
EB47,
EE36,
EE20,
EAB8,
EA6B,
EDBC,
EE21,
EABA,
E9FB,
ECEE,
ED9C,
EABF,
E9DC,
EC46,
ED16,
EAD3,
E9DF,
EB9F,
EC61,
EABA,
E9E1,
EB23,
EBD4,
EAAB,
E9E6,
EA99,
EB13,
EA5C,
E9CD,
EA26,
EA76,
EA17,
E9BC,
E9CC,
E9E5,
E9B6,
E983,
E96B,
E960,
E95D,
E957,
E91F,
E8EC,
E903,
E923,
E8D8,
E882,
E8A9,
E8EE,
E8A1,
E830,
E85B,
E8BB,
E86E,
E7E4,
E808,
E879,
E834,
E79E,
E7BC,
E83C,
E804,
E764,
E776,
E800,
E7D2,
E727,
E72D,
E7BF,
E7A1,
E6F3,
E6EC,
E781,
E771,
E6C1,
E6AB,
E740,
E740,
E694,
E671,
E703,
E711,
E66A,
E63B,
E6C8,
E6E3,
E644,
E609,
E68F,
E6B5,
E61F,
E5DA,
E657,
E689,
E5FC,
E5AE,
E622,
E65D,
E5DB,
E586,
E5EF,
E631,
E5BB,
E55F,
E5BE,
E607,
E59C,
E53B,
E58F,
E5DE,
E57E,
E51A,
E564,
E5B7,
E563,
E4FB,
E53A,
E58F,
E547,
E4E0,
E515,
E56E,
E532,
E4CA,
E4F4,
E54B,
E517,
E4AE,
E4CE,
E527,
E500,
E49A,
E4B3,
E50B,
E4ED,
E486,
E492,
E4E6,
E4D0,
E46F,
E474,
E4C3,
E4B7,
E45A,
E456,
E49E,
E494,
E437,
E42C,
E475,
E478,
E425,
E418,
E463,
E46A,
E413,
E3FA,
E43D,
E44E,
E408,
E3F4,
E436,
E450,
E410,
E3F3,
E425,
E43B,
E402,
E3ED,
E433,
E45B,
E41E,
E3F7,
E426,
E449,
E41B,
E3FC,
E42D,
E456,
E429,
E3FE,
E413,
E426,
E3F2,
E3C3,
E3ED,
E41E,
E3F9,
E3C8,
E3D4,
E3EE,
E3D7,
E3BC,
E3E1,
E416,
E3FA,
E3C7,
E3CF,
E3EF,
E3DF,
E3C2,
E3E4,
E41F,
E407,
E3CA,
E3D8,
E412,
E443,
E469,
E3D5,
E2DE,
E40A,
E6A5,
E5BD,
E227,
E059,
E01F,
E59B,
F021,
EBFA,
D995,
D415,
DC41,
E6CE,
F3B9,
F4C3,
E781,
DD66,
D867,
D62B,
D6EA,
DD9D,
EC58,
F55A,
F49E,
F19E,
ED5C,
E649,
DAF7,
D326,
D27A,
D447,
D7CB,
DD85,
E678,
EEAC,
F3F5,
F756,
F891,
F76F,
F2F8,
ED00,
E62A,
DF5C,
D9A0,
D4C2,
D0E0,
CE8E,
CF22,
D14C,
D42A,
D813,
DDD4,
E427,
E951,
EE16,
F374,
F85E,
FAB4,
FBB1,
FD41,
FE5D,
FCCA,
F9B1,
F746,
F4D2,
F0AA,
EB93,
E7B7,
E479,
E005,
DAF1,
D778,
D51E,
D1E1,
CE2A,
CC67,
CC39,
CB2F,
C983,
C97B,
CAF3,
CBC4,
CBF2,
CD7E,
D071,
D2F3,
D4DD,
D7AD,
DB8B,
DECA,
E121,
E441,
E882,
EBE4,
EDDF,
F075,
F439,
F70E,
F836,
F9BD,
FC5F,
FE53,
FECD,
FF97,
0189,
02F8,
02FE,
0327,
0453,
0518,
0488,
03F5,
043E,
044E,
035E,
0242,
0190,
00AE,
FF04,
FD3D,
FBF8,
FABB,
F909,
F75F,
F66A,
F58E,
F3F5,
F232,
F112,
F006,
EE1E,
EBE9,
EA44,
E8C8,
E6A7,
E451,
E2A9,
E157,
DF7E,
DD79,
DC52,
DBA8,
DA41,
D87A,
D7AD,
D77F,
D651,
D471,
D360,
D2EB,
D1A3,
CFB4,
CEAC,
CE77,
CDD0,
CCBE,
CC7B,
CD0F,
CCFC,
CC27,
CBBF,
CBE5,
CB66,
CA14,
C93A,
C911,
C8F5,
C8CF,
C901,
C9B5,
CA38,
CA56,
CA67,
CA88,
CA4D,
C969,
C8D1,
C8FD,
C934,
C921,
C976,
CAB6,
CBF6,
CCC1,
CD64,
CDF8,
CE3D,
CDD6,
CD64,
CD5F,
CD92,
CDF4,
CEA7,
D01C,
D185,
D1D2,
D1D5,
D257,
D2D5,
D2A3,
D260,
D2FD,
D3F8,
D4EC,
D5D3,
D67A,
D6E8,
D6E2,
D6A6,
D6BF,
D707,
D738,
D77A,
D885,
D9FF,
DB0A,
DBBC,
DBCC,
DB69,
DB58,
DB8F,
DC65,
DDBA,
DEFE,
E02B,
E0E9,
E13E,
E155,
E134,
E16A,
E1FA,
E364,
E5BA,
E719,
E746,
E78D,
E805,
E8C0,
E9D2,
EAFE,
EC28,
EE41,
F206,
F26A,
ECC0,
EBA8,
F3E2,
F88B,
F456,
F1C5,
F4B7,
F820,
FB25,
FBE2,
F72B,
F513,
FBF6,
01F4,
0102,
FEAD,
FCB5,
FBD8,
FE02,
0132,
054E,
077B,
0208,
FC46,
FE43,
028A,
0595,
07B2,
075C,
05A0,
0231,
FF39,
0272,
07CD,
0935,
08A3,
0740,
054A,
0351,
01B8,
029F,
0504,
06DC,
0858,
097E,
0A19,
0794,
032A,
025B,
045D,
07FF,
0CD9,
0ED6,
0E51,
0D01,
0B02,
0A33,
0AA3,
0AE5,
0AF5,
0DB2,
1350,
170F,
187F,
186B,
169F,
1573,
1564,
14FF,
13F3,
148E,
1795,
1ACA,
1DF8,
1F8A,
1E78,
1D3C,
1CBB,
1AFD,
16BC,
13AA,
13BB,
148B,
1583,
16A8,
17C4,
1924,
1B6E,
1C98,
1A6B,
17DF,
1725,
164E,
1396,
1155,
11F4,
13B2,
1583,
17C7,
1AF4,
1E4E,
2101,
2327,
2450,
24E2,
257E,
25AC,
2423,
21E9,
210B,
20B2,
1F3B,
1D81,
1DD2,
1F42,
1FC5,
1FDD,
20E9,
226A,
22AC,
2206,
218F,
211F,
1FD9,
1DEF,
1C6F,
1B4E,
1A2C,
1919,
18DA,
196C,
1A7A,
1C00,
1DDA,
1FFD,
2299,
25B4,
2807,
2951,
2ACB,
2CAC,
2D5B,
2C69,
2B65,
2AAB,
28FF,
25EA,
230E,
20E9,
1EC8,
1C63,
1AE2,
1AF2,
1B5E,
1BA8,
1CA3,
1EDF,
214C,
2359,
2595,
286C,
2AF9,
2C85,
2DAB,
2ECC,
2F50,
2E71,
2D1E,
2C1B,
2AE4,
28E1,
26D2,
2597,
24C2,
240B,
23A4,
23F4,
24A2,
2547,
25FC,
26FC,
27E6,
27B2,
26E7,
266B,
25EE,
247A,
22A2,
21FD,
2220,
2219,
2231,
238B,
25D4,
280F,
2A4B,
2CEE,
2FC8,
31BB,
32D0,
32FD,
324C,
30A2,
2E17,
2BDC,
2A05,
28B6,
27FC,
2822,
2937,
2A85,
2BFD,
2CFF,
2D68,
2CFB,
2B8C,
29AA,
2757,
2550,
23C5,
232A,
23D0,
2566,
2833,
2AB4,
2C3A,
2D75,
2EA5,
2ECB,
2CEA,
2B26,
2A7C,
2AD4,
2CF5,
2F37,
3040,
31C9,
35F8,
38C5,
355D,
3170,
3220,
338A,
327D,
316C,
32D4,
3517,
3784,
392B,
3722,
33D2,
3223,
3174,
32A3,
3479,
344E,
3346,
333A,
3383,
3313,
322C,
308E,
2EC5,
2F78,
31B9,
3342,
342D,
3313,
3089,
2F49,
2F1F,
307C,
3316,
33D3,
32E4,
31D6,
30B2,
30EA,
3284,
3421,
35B6,
361E,
352A,
34CB,
3532,
362E,
37DD,
391F,
39C0,
39AE,
38A3,
3848,
391B,
3A7F,
3CAD,
3DF2,
3D77,
3CAC,
3BAD,
3BC0,
3E2B,
3FF1,
3F66,
3EC0,
3EDE,
3F38,
3FEC,
4042,
3F41,
3EAE,
4059,
41F1,
4196,
40B3,
3FD2,
3F54,
407D,
418F,
3FE2,
3E12,
3FDB,
4235,
40F7,
3EC1,
3EDF,
3FCB,
3FFE,
3FD0,
3EF7,
3DFC,
3EB1,
3FFE,
3EF3,
3CD8,
3D1A,
3E7E,
3D3B,
3A92,
3AF4,
3D3A,
3D30,
3B9A,
3B9D,
3CC1,
3C8B,
3B3D,
3A7B,
3A30,
39E9,
39A8,
395D,
3906,
3904,
3960,
3939,
3873,
3835,
38AB,
383A,
368A,
35D7,
36B0,
369E,
34F5,
343D,
3547,
3579,
33EA,
32DC,
3330,
32C5,
3093,
2EE5,
2EEB,
2E7D,
2C5C,
2AD3,
2B71,
2BB3,
29EC,
283E,
281F,
27B0,
2564,
2306,
220A,
211D,
1F1B,
1D1F,
1C57,
1BAD,
19E7,
17FD,
172E,
1673,
1446,
11BB,
105C,
0F39,
0CC0,
09E0,
0843,
0720,
050E,
02A4,
0111,
FFE4,
FE0E,
FBE2,
FA1F,
F893,
F694,
F454,
F2A3,
F155,
EF7C,
ED48,
EBBA,
EAB7,
E940,
E76F,
E65E,
E607,
E586,
E4DA,
E48B,
E4A0,
E475,
E3FF,
E3CE,
E3F8,
E416,
E418,
E495,
E5B3,
E6DA,
E7EA,
E941,
EAF9,
ECCC,
EEA9,
F0CC,
F354,
F5F9,
F8A4,
FB73,
FE81,
016B,
03F4,
067E,
0947,
0BEA,
0E2D,
1048,
1266,
1446,
15C3,
16DF,
1785,
17D1,
17ED,
179B,
168C,
14FD,
1329,
10D8,
0DAD,
09F8,
05F6,
01B3,
FD5D,
F8E4,
F40B,
EF34,
EB38,
E7C5,
E452,
E140,
DF8E,
DEF8,
DF69,
E0D3,
E357,
E6CC,
EB11,
EFFB,
F554,
FAEA,
0018,
04C7,
08CD,
0BFE,
0D16,
0C23,
09A9,
05AE,
0051,
F9A8,
F2D1,
EBED,
E638,
E1DA,
E011,
E11D,
E476,
EA28,
F11E,
F945,
0014,
04E7,
0689,
0411,
FED5,
F64D,
EE05,
E6C1,
E2C1,
E39D,
E816,
F149,
FA25,
00A3,
02D4,
FD1F,
F4D4,
EA47,
E32C,
E521,
EB5C,
F6F3,
FE20,
F191,
F6D4,
F875,
F85E,
F1ED,
EB3A,
EA78,
ECAB,
F1E5,
F6D3,
F426,
EEFF,
EC90,
EBED,
EF46,
F3A3,
F1F7,
EDDC,
ECD2,
ED6E,
EF28,
F13C,
EFA2,
EC3F,
ECBD,
EF6E,
EF65,
EDB6,
ED22,
ED54,
EDCA,
EE78,
EDE6,
EC62,
EC84,
EE11,
EDEB,
EC3B,
EC05,
ED4F,
ED6F,
EC51,
EBFD,
EC9C,
ECB7,
EC2D,
EBE0,
EBEF,
EBF6,
EBF4,
EBC8,
EB62,
EB3B,
EB8A,
EB88,
EAEC,
EAA2,
EB1A,
EB3F,
EA96,
EA3B,
EACC,
EB11,
EA5F,
E9E6,
EA67,
EAB8,
EA17,
E997,
EA04,
EA5A,
E9D0,
E952,
E9B2,
EA0C,
E992,
E911,
E95A,
E9B2,
E953,
E8DC,
E911,
E95F,
E912,
E8A3,
E8C4,
E906,
E8C4,
E859,
E86B,
E8A5,
E875,
E81A,
E824,
E856,
E832,
E7E2,
E7E3,
E80C,
E7EF,
E7A7,
E7A0,
E7C0,
E7AA,
E76C,
E761,
E77C,
E76D,
E73A,
E72C,
E73F,
E733,
E706,
E6F6,
E704,
E6FB,
E6D5,
E6C4,
E6CE,
E6C7,
E6A6,
E694,
E699,
E693,
E677,
E667,
E667,
E662,
E64A,
E63B,
E639,
E633,
E620,
E611,
E60C,
E606,
E5F6,
E5E9,
E5E3,
E5DD,
E5CE,
E5C2,
E5BB,
E5B5,
E5A8,
E59D,
E595,
E58E,
E584,
E57A,
E571,
E569,
E561,
E559,
E54F,
E546,
E53D,
E534,
E529,
E520,
E518,
E512,
E509,
E500,
E4FA,
E4F6,
E4EB,
E4DF,
E4D6,
E4D0,
E4C4,
E4B7,
E4AD,
E4A7,
E49F,
E498,
E495,
E496,
E492,
E48B,
E488,
E489,
E483,
E47A,
E474,
E474,
E472,
E470,
E46F,
E46E,
E468,
E45D,
E456,
E458,
E456,
E44F,
E44C,
E452,
E457,
E45C,
E45C,
E459,
E44F,
E43A,
E429,
E425,
E41F,
E413,
E408,
E406,
E402,
E3FA,
E3F1,
E3E9,
E3E0,
E3D0,
E3C6,
E3D0,
E3DE,
E3E7,
E3ED,
E3ED,
E3E8,
E3DD,
E3D3,
E3DB,
E3E5,
E3E6,
E3E3,
E3E4,
E3E6,
E3E5,
E3E3,
E3E1,
E3E0,
E3E9,
E3F5,
E3FC,
E400,
E400,
E400,
E432,
E469,
E398,
E25A,
E3C8,
E6AB,
E5B1,
E229,
DFED,
DEE4,
E546,
F108,
EBCF,
D87B,
D370,
DB82,
E71F,
F5F8,
F607,
E674,
DC15,
D838,
D65E,
D679,
DDCB,
EDF4,
F6B9,
F4C0,
F134,
ED21,
E5CB,
D9CF,
D217,
D1CA,
D3D3,
D783,
DD99,
E704,
EF51,
F481,
F7AB,
F880,
F716,
F2DA,
ED1D,
E5F5,
DEF2,
D94B,
D48B,
D0A2,
CE6D,
CF5C,
D1AE,
D413,
D7A1,
DDE7,
E4B6,
E9A6,
EE28,
F3B1,
F8C0,
FB04,
FC10,
FDF9,
FF50,
FD64,
F9FC,
F7F0,
F5F5,
F193,
EC1C,
E839,
E4F9,
E033,
DAD9,
D7B1,
D5D4,
D261,
CE30,
CC54,
CC20,
CAFC,
C957,
C97A,
CB0D,
CBCB,
CBE8,
CDA3,
D0D3,
D2CC,
D397,
D602,
DA21,
DD49,
DF4C,
E24F,
E68C,
E9F5,
EC3B,
EF0C,
F2BC,
F593,
F71E,
F947,
FCA9,
FF0F,
FFB3,
00C9,
032C,
04A8,
0447,
0419,
0503,
057C,
04C3,
042E,
0487,
0492,
0383,
028E,
029E,
0259,
009A,
FEE1,
FE87,
FDFF,
FBD4,
F990,
F8C0,
F7F4,
F5A1,
F311,
F1B9,
F08F,
EE58,
EBEE,
EA6B,
E934,
E785,
E5C3,
E49B,
E3A8,
E232,
E088,
DF51,
DE3A,
DC5B,
DA18,
D872,
D724,
D580,
D3B7,
D283,
D1BA,
D0CC,
CFCC,
CF3B,
CEFB,
CE37,
CD07,
CC7E,
CC8A,
CBE8,
CA9D,
CA07,
CA2E,
C9C5,
C8B6,
C83A,
C873,
C860,
C7DA,
C7DF,
C8A5,
C8F3,
C879,
C875,
C942,
C989,
C8D2,
C86D,
C8C7,
C90C,
C8F0,
C918,
C9DE,
CA73,
CA5F,
CA84,
CB70,
CC1F,
CBDE,
CBA2,
CBF1,
CC5A,
CCA5,
CD11,
CDD9,
CEAF,
CF48,
CFF6,
D123,
D246,
D2B4,
D2EE,
D35C,
D3D3,
D429,
D48D,
D556,
D649,
D71D,
D7EE,
D8E0,
D9D2,
DA71,
DADE,
DB30,
DB74,
DBC8,
DC33,
DD04,
DE0E,
DECB,
DF52,
DFCA,
E02F,
E05B,
E05E,
E084,
E0C8,
E0E7,
E0F0,
E1DC,
E391,
E3B1,
E24A,
E2E8,
E5A6,
E5EE,
E36F,
E394,
E6F3,
E8CF,
E8A3,
E83F,
E79F,
E899,
EC0C,
ECFE,
E9A5,
E915,
EDC7,
F0C4,
EFCB,
EF3F,
F05D,
F186,
F23E,
F391,
F661,
F816,
F6A5,
F5F5,
F88F,
FB2B,
FC19,
FCA6,
FD37,
FDAD,
FDC9,
FE68,
00F4,
0377,
0407,
03E6,
0394,
035D,
03F0,
0508,
06F5,
0903,
0A2E,
0AB6,
0A44,
0954,
087C,
07E8,
0885,
09E9,
0C30,
0EA9,
0F2E,
0E54,
0C1E,
0924,
075F,
06A8,
085F,
0BC0,
0DB1,
0E7A,
0E50,
0D4B,
0C0E,
0AA2,
092D,
07C6,
06C9,
063E,
0826,
0C80,
0F80,
10EB,
10DF,
0F2D,
0DFA,
0D8F,
0D4A,
0D32,
0D13,
0CB1,
0E76,
1360,
1790,
1A16,
1B85,
1B72,
1BA0,
1CEF,
1D3E,
1B7E,
19B5,
185F,
184D,
1ACC,
1D0F,
1D3B,
1DEC,
20FC,
23C3,
24AA,
2472,
22AF,
20A0,
1FA5,
1E4B,
1AE7,
175C,
155D,
1451,
14A4,
1554,
147B,
13DF,
169C,
1A41,
1B15,
1B0F,
1D2B,
1FC3,
1FE6,
1ED6,
1E5C,
1E14,
1D9A,
1D07,
1C01,
1AF7,
1BFC,
1E54,
1F7E,
1FFF,
21E1,
24AF,
2632,
26B4,
27F1,
29B3,
2A5B,
2A00,
2980,
28D8,
27E7,
26B2,
2486,
2155,
1ED6,
1D40,
1B5F,
190C,
17FC,
1893,
18F2,
18AB,
19C6,
1CF0,
1F72,
206A,
2240,
25D5,
28B5,
29E7,
2B46,
2D9E,
2F29,
2EF7,
2E85,
2E99,
2DD5,
2B2D,
286F,
26C1,
24E3,
21E4,
1F30,
1DE8,
1D28,
1C7C,
1C3D,
1CDB,
1DCC,
1E7C,
1F70,
2171,
23B4,
2549,
26A9,
2858,
29F4,
2AFA,
2B8A,
2B90,
2B21,
2A0A,
28A9,
27D9,
2767,
273C,
275F,
280C,
2923,
2A8B,
2C28,
2DB4,
2F1F,
2FF8,
304A,
2FEB,
2EEC,
2DCC,
2C7F,
2A10,
26A7,
2417,
2265,
2096,
1EB0,
1E9E,
2083,
21F1,
22A8,
247E,
27B0,
2A11,
2B56,
2B4A,
297E,
28EA,
2A9F,
2A3A,
25F5,
247B,
2863,
2B81,
2BC1,
2CC1,
2FBA,
32EE,
3645,
37E4,
3603,
3390,
31A1,
3040,
3033,
3011,
2E77,
2DC6,
304E,
339D,
36CD,
38A9,
368C,
334B,
310F,
2F3C,
2DF4,
2D18,
2C86,
2C85,
2DDE,
2FE2,
326C,
346D,
32B9,
2F35,
2BEF,
2924,
28D6,
2A36,
2CDE,
3025,
319D,
31D2,
3112,
2FA2,
2E51,
2D39,
2D70,
2EB6,
306C,
3274,
33F1,
34E3,
343F,
323D,
312F,
311B,
326A,
351B,
3772,
3959,
3968,
375B,
3671,
3709,
388C,
3B29,
3CE5,
3D61,
3C97,
3A00,
3949,
3BC9,
3E3C,
4023,
404C,
3D71,
3B3C,
3AE4,
3C4D,
40DE,
43A3,
4163,
3E7B,
3C2D,
3B67,
3E5D,
40D1,
3F94,
3DAE,
3C2C,
3BE3,
3F75,
425A,
3F4C,
3B4E,
3A68,
3AEE,
3D61,
3F9F,
3D74,
3A86,
3BFC,
3E90,
3E44,
3CAB,
3A4D,
3827,
3A23,
3D8C,
3BFD,
3889,
3A4F,
3E77,
3E8E,
3C62,
3B5C,
3B01,
3B42,
3BE1,
3ADA,
38CD,
39CC,
3D04,
3CD1,
39E6,
3A50,
3D90,
3D6F,
3A27,
3943,
3ACF,
3AFA,
39A0,
3940,
3A06,
3A73,
3A67,
3A1A,
397B,
3951,
39EB,
3951,
36D1,
3572,
3638,
361F,
3416,
330B,
3442,
3498,
328C,
3166,
32F9,
3374,
3088,
2E2B,
2EB5,
2ED5,
2C6F,
2A51,
2A77,
2A74,
285E,
2672,
26C1,
26F8,
24D0,
227F,
2246,
222C,
2014,
1D93,
1C6A,
1B6B,
191A,
1677,
14F0,
13B4,
117A,
0F0C,
0E07,
0D81,
0BAE,
0949,
07CC,
06AA,
04AB,
022E,
FFF6,
FDDC,
FB69,
F8CC,
F6E8,
F588,
F3A1,
F161,
EFD8,
EEE4,
EDAD,
EC3D,
EAF7,
E9D8,
E8BA,
E79C,
E689,
E57F,
E4AE,
E41E,
E358,
E247,
E1A5,
E194,
E165,
E0F0,
E0EA,
E182,
E239,
E2EF,
E412,
E5CE,
E7A1,
E967,
EB36,
ECFC,
EF0F,
F1B0,
F437,
F631,
F86C,
FB65,
FE6B,
0129,
03D1,
0665,
08EB,
0B71,
0DD5,
0FF5,
11DD,
137B,
14EE,
1674,
179A,
17B3,
173A,
1697,
1593,
13F8,
11CC,
0EC3,
0B37,
07AA,
03F2,
FFD3,
FB68,
F698,
F1A8,
ED32,
E92B,
E5B1,
E2C6,
E05B,
DE93,
DE0A,
DEA3,
E059,
E315,
E685,
EA9F,
EF84,
F50F,
FAAE,
0045,
04F9,
08BA,
0B0E,
0BE9,
0B2D,
08D9,
04E2,
FF50,
F8E1,
F1B0,
EB16,
E55A,
E17A,
DFD7,
E0A1,
E43A,
E9A3,
F106,
F869,
FF7C,
0426,
0559,
0357,
FD42,
F5A4,
ECC0,
E5AD,
E25B,
E2BE,
E8CB,
F0A7,
F9BF,
0043,
008C,
FCA6,
F1F4,
E9BA,
EF6E,
E8CA,
E50F,
E3C2,
EC79,
F6AF,
FBA4,
FC2F,
F368,
E8A1,
E610,
E813,
F0F3,
FA8E,
F72C,
EE64,
E991,
E796,
EE3E,
F7EB,
F4F2,
EBCF,
EA0E,
EC7A,
F037,
F454,
F0B7,
E87F,
EA4A,
F2A3,
F24B,
EBA7,
EA99,
EDDC,
EF07,
EE68,
ED08,
EAE9,
EBA7,
EF38,
EEE0,
EA40,
E9E8,
EE92,
EF1B,
EA4F,
E93D,
ED5D,
EE6E,
EABC,
E975,
EC43,
ED4D,
EAF3,
E9D4,
EB54,
EC17,
EAF5,
EA3A,
EAAD,
EB0C,
EAE7,
EAAB,
EA56,
EA37,
EAA3,
EACE,
E9F5,
E968,
EA38,
EACE,
E9B5,
E8CC,
E9CA,
EAB2,
E982,
E853,
E958,
EA7C,
E94C,
E7E5,
E8E1,
EA3A,
E929,
E7A5,
E882,
E9F1,
E900,
E765,
E81C,
E999,
E8CC,
E726,
E7B5,
E938,
E89C,
E700,
E768,
E8E4,
E871,
E6DE,
E71F,
E890,
E842,
E6BC,
E6D7,
E836,
E80C,
E69A,
E696,
E7E2,
E7D7,
E67B,
E65B,
E793,
E7A3,
E65C,
E623,
E747,
E770,
E640,
E5F0,
E6FC,
E73A,
E624,
E5C3,
E6B7,
E707,
E60A,
E59A,
E676,
E6D4,
E5F0,
E575,
E63A,
E6A3,
E5D6,
E551,
E5FF,
E670,
E5BB,
E52F,
E5C8,
E642,
E5A2,
E512,
E595,
E612,
E587,
E4F6,
E565,
E5E4,
E56D,
E4DA,
E538,
E5B9,
E554,
E4C1,
E50E,
E590,
E53F,
E4B1,
E4EE,
E56C,
E52A,
E49E,
E4CB,
E545,
E50E,
E482,
E4A1,
E519,
E4F3,
E46F,
E486,
E4FC,
E4E3,
E466,
E46F,
E4DF,
E4CE,
E450,
E44C,
E4B4,
E4B0,
E440,
E437,
E498,
E49C,
E430,
E41D,
E478,
E484,
E41F,
E405,
E45A,
E471,
E41F,
E409,
E45F,
E47D,
E427,
E400,
E444,
E460,
E411,
E3E9,
E42B,
E44F,
E406,
E3D9,
E41A,
E447,
E405,
E3D2,
E400,
E425,
E3E9,
E3B9,
E3F3,
E429,
E3F5,
E3BA,
E3D2,
E3EF,
E3B2,
E370,
E38B,
E3B8,
E393,
E361,
E37B,
E3A9,
E392,
E367,
E36D,
E389,
E39C,
E3AA,
E39D,
E385,
E346,
E316,
E4B1,
E6FA,
E3E9,
DDF2,
E01D,
E7A4,
EB3F,
EB9A,
E271,
D256,
D631,
EADA,
F3EF,
F238,
EB20,
DEDC,
D76C,
D567,
D80E,
DF9A,
E8EF,
F40A,
F798,
F189,
EB05,
E539,
DDB4,
D3A4,
CF57,
D3D9,
D91A,
DD42,
E3CB,
EE74,
F60D,
F741,
F738,
F7A5,
F537,
ED90,
E5DD,
E0CD,
DBB3,
D506,
D004,
CF54,
D019,
D0D1,
D2EE,
D801,
DDCB,
E273,
E72D,
ED12,
F2BA,
F69A,
F985,
FC0B,
FDA9,
FD70,
FC21,
FA90,
F870,
F554,
F194,
ED9D,
E972,
E535,
E0F9,
DD0D,
D961,
D5E5,
D2A7,
CFC0,
CD42,
CBC1,
CB08,
CA70,
CA11,
CA44,
CAFA,
CC01,
CD5B,
CF51,
D1D0,
D40A,
D607,
D8BF,
DC29,
DF6C,
E27E,
E598,
E8B6,
EBA6,
EE5B,
F14D,
F494,
F737,
F8F9,
FAFE,
FD89,
FF89,
00B1,
01CD,
0312,
03F0,
0427,
047A,
0547,
05AB,
052D,
04D3,
052F,
0545,
048E,
03B5,
030A,
023C,
0119,
FFEA,
FEEA,
FDB9,
FBE3,
FA0F,
F8EC,
F7B5,
F596,
F354,
F1AF,
F020,
EE1C,
EC0F,
EA7C,
E910,
E765,
E5BB,
E47B,
E35D,
E1DF,
E043,
DEFF,
DDD8,
DC4C,
DA97,
D947,
D825,
D68D,
D4BF,
D398,
D2DA,
D18E,
CFF2,
CF00,
CE8E,
CDE0,
CD0A,
CC7B,
CC27,
CB8B,
CAB0,
CA25,
C9EB,
C934,
C7FD,
C72C,
C6D2,
C659,
C5B6,
C56A,
C58A,
C587,
C544,
C55F,
C607,
C670,
C664,
C677,
C6CF,
C711,
C71F,
C743,
C79A,
C7E3,
C7F9,
C83B,
C8DE,
C994,
CA3D,
CAFA,
CBE3,
CCC6,
CD84,
CE38,
CEF7,
CF9B,
CFF2,
D041,
D0C6,
D156,
D1D2,
D262,
D346,
D440,
D514,
D5DE,
D6C1,
D791,
D7EF,
D826,
D8B2,
D94D,
D97D,
D993,
DA3E,
DB2B,
DBBD,
DC2E,
DCF9,
DDEB,
DE9D,
DF1D,
DF26,
DEF3,
E000,
E1CA,
E17F,
DFCF,
E0EB,
E422,
E4EA,
E3B1,
E365,
E3EB,
E5A9,
E891,
E85D,
E4E8,
E4C5,
E862,
EA20,
E97E,
E99B,
EACB,
EB0D,
E9E7,
EA9C,
EE30,
EF8E,
ED2F,
EBD3,
ECA7,
EDD3,
EF15,
F0B5,
F31A,
F3E2,
F14C,
EF7E,
F05A,
F1FA,
F426,
F63A,
F7DE,
F885,
F6F6,
F59F,
F631,
F7AA,
FA2B,
FCD4,
FF10,
006E,
FF8C,
FE27,
FDA1,
FDDC,
FFA8,
023B,
0534,
080F,
09B3,
0A67,
0982,
07FC,
074F,
0755,
08B8,
0B14,
0E9B,
1274,
140E,
140C,
127B,
0FDE,
0D9F,
0BD7,
0C20,
0DFD,
1053,
12FB,
1493,
1538,
153F,
14AD,
1395,
1204,
0FCC,
0D08,
0B0D,
09EF,
0AB5,
0D7A,
1051,
131B,
1430,
1322,
1234,
11B3,
10C9,
0F66,
0D65,
0A7F,
08DE,
0931,
0B0F,
0EFD,
126D,
144E,
15FE,
17B1,
198F,
1C20,
1D6F,
1C06,
1A14,
183D,
172B,
1824,
18FB,
17DE,
172E,
18AB,
1B1E,
1E93,
21BD,
22B3,
233F,
2529,
2701,
27AE,
2727,
23E0,
1FFF,
1F2A,
1F04,
1C1C,
186D,
1692,
15D4,
165B,
1782,
173D,
169B,
1879,
1B9A,
1CFE,
1D72,
1EB7,
2070,
2230,
23D5,
23C1,
2273,
230D,
2505,
2477,
21DF,
218A,
2332,
235A,
221A,
21D6,
2296,
238D,
24BE,
2525,
2493,
2517,
270A,
27D7,
26FE,
26FB,
2865,
2870,
263F,
2505,
25D0,
2583,
2300,
2107,
2083,
2011,
1F4C,
1ED0,
1EE5,
1F14,
1F21,
1F65,
2012,
20F2,
221C,
22FC,
22D4,
22D1,
240E,
2529,
24E5,
2468,
24A7,
24D0,
23F2,
2310,
2378,
2418,
237F,
22DE,
23F8,
25A5,
264E,
26CE,
288C,
2AB1,
2BB8,
2C4A,
2DCA,
2F74,
2F32,
2DE9,
2E1E,
2ECE,
2C44,
27CF,
2615,
2605,
2312,
1E50,
1D1E,
1EB2,
1EA0,
1D5A,
1E4A,
212F,
24AA,
28AA,
2A1F,
28EB,
2AAF,
2FC4,
30BE,
2CE0,
2A9C,
2AA1,
2A73,
29F5,
28DF,
26DB,
2697,
28DF,
2BFB,
2FFC,
32AF,
32D5,
33E5,
3760,
399A,
393E,
3731,
32CC,
2EC7,
2C91,
2B69,
2BC2,
2C34,
2B94,
2BA0,
2DC2,
305C,
330E,
3480,
3294,
2F47,
2B35,
2784,
2632,
25ED,
25FA,
2678,
2753,
28B7,
2B8E,
2E94,
2FDB,
2FD9,
2DDF,
2ACA,
273A,
241A,
24E4,
2813,
2BFE,
303D,
32E3,
342F,
3313,
3060,
2EA0,
2DB1,
2E90,
30E5,
33CA,
370E,
3926,
3A22,
399F,
37C7,
3612,
3494,
350A,
377A,
3A10,
3CB6,
3DBC,
3CE9,
3B1D,
383B,
3770,
3967,
3C1C,
3F9A,
4111,
3F92,
3CD5,
388F,
368F,
3877,
3BB7,
409B,
42D2,
3FAB,
3BA3,
376B,
35AA,
3947,
3D1C,
3F1E,
3F36,
3B43,
382C,
39D5,
3C93,
3F7C,
4088,
3B85,
366D,
36B4,
391A,
3D62,
40B2,
3D4C,
3893,
3882,
3A47,
3D11,
3F2D,
3AF5,
3550,
372D,
3BF6,
3D8E,
3D72,
3B3F,
3872,
3AE8,
3F97,
3DD2,
38A5,
3785,
38E0,
3A45,
3BA9,
3A5D,
3756,
38FA,
3E01,
3DF6,
39DE,
39C8,
3D1F,
3D4C,
3A87,
3945,
398C,
3A18,
3AED,
3A97,
38D5,
38FE,
3BA1,
3C14,
396D,
38CA,
3B57,
3BD7,
38E4,
3778,
390D,
396C,
372C,
35E3,
36F0,
3752,
35C9,
34AD,
350E,
3532,
3458,
3358,
3278,
3185,
306F,
2F41,
2DEF,
2CAB,
2BBA,
2AAE,
28FF,
2777,
270D,
26A9,
251F,
2368,
2288,
21B1,
1FE1,
1DDB,
1CAD,
1B92,
1944,
16AB,
1559,
1469,
123C,
0FA7,
0E5A,
0D8B,
0B68,
08B8,
07A3,
074E,
0506,
01AE,
004D,
0016,
FDD4,
FA37,
F86B,
F7F0,
F5FF,
F2EE,
F111,
F03F,
EEB8,
EC8C,
EAF9,
EA00,
E8AA,
E6F0,
E598,
E4B3,
E3AA,
E26D,
E187,
E111,
E07D,
DFAC,
DF59,
DFC5,
DFE6,
DF62,
DF72,
E089,
E196,
E240,
E333,
E4A9,
E650,
E816,
EA0F,
EC54,
EE98,
F09B,
F2EE,
F619,
F936,
FBA1,
FE08,
00D8,
03B4,
0676,
091C,
0BA8,
0DF4,
0FBD,
1153,
132A,
14D4,
15DD,
166F,
1695,
1647,
1564,
1412,
12B7,
10FC,
0E06,
0A5A,
06E1,
0356,
FF4D,
FAF3,
F6A1,
F252,
EDDE,
E979,
E5F4,
E32D,
E0E9,
DF37,
DE8A,
DED1,
DFF9,
E1F9,
E532,
E981,
EE3B,
F349,
F882,
FDC9,
0259,
0611,
08CA,
0A69,
0A3F,
081A,
0483,
FF6B,
F97B,
F2B1,
EC70,
E703,
E312,
E0E3,
E108,
E402,
E8BC,
EF40,
F607,
FCAB,
017C,
0349,
0251,
FD86,
F70E,
EEDF,
E7DC,
E3C4,
E2ED,
E725,
EDAD,
F6CE,
FC16,
F31B,
FBB9,
FF24,
002E,
F896,
EEE7,
E6A5,
E1C0,
E68D,
EF68,
F7DC,
FDFD,
F8D6,
EF28,
E7EC,
E3A7,
EA94,
F5E5,
F7B9,
F44F,
ED14,
E4E9,
E8FB,
F382,
F4BA,
F05A,
EC04,
E80A,
EBAB,
F451,
F2A4,
E992,
E8F2,
EEFD,
F091,
EE6A,
EC8B,
EAF5,
EC0C,
EFE3,
EF45,
E9DF,
E97C,
EF0C,
EFD9,
EA95,
E94B,
EDA5,
EEDD,
EB4B,
E9E2,
EC3E,
ED3F,
EBA9,
EAB3,
EB3B,
EBA1,
EB96,
EB48,
EA90,
EA50,
EB48,
EB9F,
EA21,
E940,
EAB7,
EB97,
E9D0,
E889,
EA3F,
EB8F,
E9B6,
E816,
E9BA,
EB46,
E990,
E7C7,
E93F,
EAE9,
E96A,
E78D,
E8C7,
EA77,
E93E,
E76E,
E869,
EA0D,
E90F,
E74D,
E80D,
E99E,
E8DD,
E735,
E7C0,
E937,
E8A7,
E71A,
E776,
E8D1,
E86E,
E702,
E734,
E86C,
E830,
E6E8,
E6F9,
E810,
E7F1,
E6CA,
E6C1,
E7B8,
E7B2,
E6AD,
E690,
E768,
E776,
E68F,
E662,
E71C,
E737,
E66F,
E637,
E6D7,
E6FD,
E64E,
E60F,
E697,
E6C5,
E62D,
E5E9,
E65C,
E68E,
E60D,
E5C6,
E625,
E65A,
E5EC,
E5A4,
E5F2,
E627,
E5CA,
E583,
E5C3,
E5F8,
E5A9,
E563,
E596,
E5C9,
E588,
E545,
E56D,
E59F,
E568,
E527,
E546,
E576,
E54A,
E50D,
E523,
E54F,
E52A,
E4F1,
E501,
E52C,
E510,
E4DC,
E4E6,
E50C,
E4F6,
E4C7,
E4CD,
E4F2,
E4DF,
E4B0,
E4AF,
E4D1,
E4C5,
E49D,
E49A,
E4B7,
E4AD,
E484,
E47E,
E49A,
E496,
E476,
E46E,
E484,
E47E,
E45B,
E451,
E46B,
E46B,
E44D,
E43D,
E44A,
E443,
E41F,
E40C,
E41C,
E41E,
E408,
E3F8,
E3FD,
E3F9,
E3E3,
E3D4,
E3E0,
E3E5,
E3D9,
E3D0,
E3D9,
E3DC,
E3C9,
E3BC,
E3CE,
E3DD,
E3D1,
E3C4,
E3CE,
E3D3,
E3BC,
E3A5,
E3B6,
E3CB,
E3CC,
E3C8,
E3D9,
E3EA,
E3EA,
E3E1,
E3DB,
E3D9,
E3F7,
E41B,
E42E,
E42A,
E3AE,
E32E,
E4AF,
E6C0,
E441,
DFB4,
E06C,
E456,
E941,
EDF0,
E4FD,
D39D,
D585,
E58E,
EF7E,
F439,
EE77,
DFAE,
D789,
D5D2,
D774,
DC62,
E590,
F2DD,
F773,
F217,
EC5E,
E6FD,
DF57,
D4EB,
D051,
D39C,
D7EE,
DC47,
E2F6,
ECE6,
F43D,
F6EE,
F813,
F830,
F59C,
EF1D,
E81C,
E1C2,
DB96,
D57B,
D0DD,
CED4,
CE6E,
CFAA,
D232,
D60A,
DAC3,
E04D,
E5FE,
EB30,
F022,
F503,
F924,
FB7E,
FCD7,
FDB7,
FDB2,
FBF5,
F95D,
F6F1,
F41D,
EFEB,
EB2E,
E722,
E342,
DEA0,
D9F0,
D6C4,
D45D,
D129,
CDDB,
CC0B,
CB2F,
C9E5,
C8A5,
C90F,
CAA0,
CB89,
CC28,
CDE1,
D074,
D2A1,
D492,
D79B,
DB90,
DE81,
E088,
E37E,
E75E,
EA9D,
ED2F,
F03E,
F3DE,
F688,
F80B,
FA15,
FCE8,
FEF8,
FFFD,
012C,
02CF,
03C9,
03C0,
041E,
056D,
061F,
05A4,
0540,
056D,
0553,
0499,
0407,
0423,
03BF,
0203,
0082,
004E,
FFF6,
FEA5,
FD2A,
FBF8,
FAA2,
F8CD,
F6FB,
F5CE,
F473,
F1E7,
EF41,
EDB5,
EC5C,
EA51,
E82D,
E694,
E529,
E38C,
E1F4,
E0D9,
DFD6,
DE07,
DBFF,
DAFF,
DA62,
D8D9,
D6E6,
D58A,
D47D,
D341,
D1F0,
D0B5,
CF87,
CE42,
CCF6,
CC2D,
CBC2,
CAB1,
C928,
C8B0,
C91C,
C8EC,
C82E,
C7E4,
C804,
C7E9,
C78C,
C73A,
C6F2,
C699,
C627,
C5C9,
C584,
C519,
C46D,
C44C,
C4F5,
C546,
C4E6,
C4FD,
C5EC,
C694,
C687,
C6BD,
C78E,
C844,
C896,
C8D8,
C917,
C955,
C997,
C9CF,
C9E1,
CA18,
CAB2,
CB63,
CC00,
CCAD,
CD79,
CE65,
CF83,
D0A3,
D196,
D268,
D30D,
D38E,
D3D5,
D412,
D472,
D507,
D63A,
D79F,
D87A,
D92B,
DA1D,
DB42,
DD3E,
DF35,
DDC8,
DB2A,
DE56,
E3F4,
E14E,
DA7C,
DC61,
E382,
E5F4,
E545,
E3B1,
E197,
E4D0,
EC05,
ECE4,
E879,
E5F9,
E540,
E691,
E9DE,
EC3D,
ED9F,
EBCE,
E673,
E65E,
ECA8,
F0C0,
F1C4,
F12B,
EEBF,
EBE6,
E87F,
E911,
EFB4,
F46D,
F521,
F486,
F29A,
F06E,
EE0B,
EDF1,
F24A,
F608,
F714,
F6D7,
F4FC,
F2E5,
F0EB,
F08C,
F3DB,
F7CD,
FAEF,
FD31,
FDD3,
FD1F,
FA12,
F72E,
F71D,
F87F,
FB50,
FED1,
0294,
05BA,
0636,
0552,
03C0,
01E8,
009E,
0002,
0131,
0375,
0606,
08E0,
0C0B,
0F23,
10E8,
11A7,
117E,
1087,
0E63,
0B9C,
0A2B,
09EB,
0BC2,
0F48,
1369,
17E1,
1A7D,
1B58,
1A51,
1792,
14EA,
126F,
1100,
10B1,
107C,
1058,
108E,
1119,
12DE,
160B,
1955,
1CAB,
1DFD,
1C9E,
1A1B,
1661,
136F,
1208,
10E3,
0FD9,
0EC0,
0D48,
0CA3,
0D52,
0F2D,
12C3,
1614,
1816,
1943,
1921,
1925,
1A82,
1BAA,
1BCC,
1B01,
1862,
15F7,
15C1,
164B,
1705,
17A3,
1706,
16BB,
18CB,
1BEF,
1FB6,
234F,
2495,
2514,
26E6,
2917,
2AF7,
2C2B,
2AA9,
27E2,
26E0,
268D,
2524,
2306,
1FDE,
1C4F,
1B5D,
1BFE,
1A79,
17AB,
1631,
15CC,
16D9,
190F,
1983,
1895,
19C8,
1CDA,
1F17,
2084,
213C,
2134,
2296,
2590,
264A,
2451,
23FE,
25E8,
26BB,
25FD,
255E,
2509,
253E,
265D,
2623,
2388,
224D,
23FD,
2472,
21EC,
205D,
2183,
2230,
20F9,
201A,
209E,
2142,
2194,
21B1,
214D,
2148,
2296,
23D4,
23B4,
23E8,
2634,
2887,
28BF,
28F6,
2BAC,
2E4D,
2D77,
2C1A,
2E4F,
30AB,
2DCD,
29B0,
2AB8,
2CD6,
2906,
2340,
2269,
2389,
21D4,
1ECC,
1BDB,
195E,
1A81,
1D9F,
1CCD,
19F5,
1BD6,
20D0,
2386,
24B1,
268B,
28D7,
2AE8,
2CBB,
2EBB,
30CA,
2FCF,
2BF3,
2B59,
2E1E,
2DFC,
2AA6,
28A1,
2843,
280F,
27EB,
2901,
2BAF,
2CF5,
2BF8,
2CC1,
3079,
3326,
33CD,
33C6,
332F,
31A3,
2EAC,
2C40,
2B7A,
2A0F,
26B9,
2417,
2377,
239D,
2429,
25CD,
29A8,
2D00,
2D9B,
2D7D,
2D97,
2D42,
2BE6,
2A48,
2914,
27C1,
2561,
2379,
2428,
2606,
2829,
2AAD,
2DEC,
30EB,
3188,
30E2,
2FF7,
2EB6,
2CE0,
2B14,
2B1B,
2C44,
2D9B,
2F49,
31F4,
3516,
3716,
3830,
386F,
37E8,
3642,
33DE,
32AC,
328B,
336A,
3532,
37E2,
3B47,
3CDB,
3CA4,
3B77,
3962,
3768,
35A2,
3591,
376F,
39AA,
3C30,
3DB1,
3DE8,
3CBD,
39DB,
37BD,
36F7,
3742,
38F2,
3AAB,
3C3C,
3C7F,
3A88,
389C,
375C,
3705,
383D,
39A4,
3AE7,
3B2F,
3950,
376B,
3682,
3684,
3848,
3A2A,
3B29,
3B36,
3929,
370E,
36E5,
377D,
3898,
3994,
3933,
386A,
37E8,
37CD,
3926,
3AC8,
3AC5,
3A15,
39A4,
395C,
39B1,
3A3C,
39FA,
3969,
3981,
3A02,
3AD6,
3BCF,
3C0C,
3BD5,
3C1B,
3CA1,
3C6D,
3BBA,
3B8E,
3BC9,
3BF6,
3C1B,
3BEA,
3B70,
3BF8,
3D6F,
3DDE,
3D3B,
3D32,
3DD4,
3DE7,
3D58,
3C98,
3BA2,
3B59,
3C02,
3BBF,
3A0D,
3996,
3B2C,
3B99,
39D3,
3903,
3A44,
3AB9,
3953,
3838,
383F,
37EC,
369B,
3557,
3492,
33E0,
3336,
325B,
30FB,
2FC7,
2F66,
2EF0,
2D9E,
2C6F,
2C65,
2C3A,
2A8F,
28C9,
2873,
2818,
25F9,
239C,
2307,
229E,
200B,
1CFF,
1BF0,
1B73,
1982,
171B,
15CD,
14EA,
1364,
1195,
1016,
0EB3,
0CF0,
0AFE,
0995,
0866,
0624,
0338,
0156,
0024,
FE36,
FBBD,
F980,
F774,
F594,
F3DA,
F20F,
F033,
EE53,
EC6E,
EB07,
EA26,
E8F7,
E768,
E5FE,
E4BF,
E3CD,
E336,
E27C,
E183,
E096,
DFB6,
DF21,
DEF3,
DED7,
DEB9,
DE9C,
DE64,
DE96,
DF7D,
E07C,
E152,
E258,
E3A9,
E52C,
E6CF,
E8C4,
EB49,
EDD9,
F00C,
F24D,
F4CE,
F775,
FA3D,
FD23,
0040,
033A,
0573,
0789,
0A20,
0CC1,
0EFF,
10F9,
12AE,
1407,
14A5,
14D8,
1520,
1534,
148B,
135D,
11DE,
0FFA,
0D42,
09FA,
06A8,
0332,
FF3F,
FAFA,
F6B1,
F26B,
EDF6,
E986,
E5F6,
E339,
E0E7,
DF1A,
DE5B,
DEAB,
DFB2,
E17A,
E45C,
E85A,
ECEB,
F20A,
F760,
FCE7,
01A9,
0586,
0869,
0A4F,
0A68,
087B,
0529,
0081,
FAB5,
F3B8,
ECF2,
E6D5,
E221,
DF64,
DEFC,
E1B5,
E653,
ED14,
F451,
FBDB,
019A,
043B,
03E2,
FFAA,
F91F,
F046,
E7E0,
E1B7,
E0DC,
EE3F,
E272,
E51C,
EA10,
F268,
FA1D,
FD17,
FC63,
F61D,
EDC4,
E761,
E37C,
E7A7,
EF37,
F57C,
F9BC,
F5EF,
EE4B,
E969,
E6C6,
EB74,
F385,
F49D,
F17C,
ED6F,
E91A,
EB46,
F172,
F21D,
EEEC,
ECB6,
EB36,
ECC3,
F0AB,
F010,
EB91,
EB16,
EE3E,
EEF7,
ED37,
EC5C,
EC6A,
ECCB,
ED7F,
ED39,
EBA8,
EB65,
ECE6,
ED26,
EB70,
EAE3,
EC3F,
ECB5,
EB6D,
EAD1,
EB99,
EBF0,
EB28,
EAAB,
EAF6,
EB26,
EADB,
EA9D,
EA99,
EA9C,
EA8F,
EA78,
EA3C,
EA17,
EA39,
EA4C,
E9EF,
E9A2,
E9D8,
EA08,
E997,
E92D,
E972,
E9C5,
E95B,
E8E1,
E91C,
E975,
E913,
E890,
E8C4,
E926,
E8CF,
E847,
E871,
E8D9,
E88B,
E7FD,
E81C,
E889,
E84F,
E7C8,
E7D9,
E83D,
E80D,
E78B,
E792,
E7F5,
E7D2,
E755,
E751,
E7AF,
E797,
E722,
E716,
E76D,
E760,
E6F5,
E6E1,
E730,
E72B,
E6C7,
E6AD,
E6F5,
E6F6,
E69C,
E67C,
E6BB,
E6C2,
E670,
E64C,
E685,
E691,
E647,
E621,
E653,
E662,
E61F,
E5F5,
E622,
E635,
E5F9,
E5CE,
E5F4,
E609,
E5D4,
E5A9,
E5C9,
E5DF,
E5B1,
E585,
E5A1,
E5B9,
E590,
E564,
E57B,
E594,
E571,
E544,
E555,
E56D,
E54F,
E523,
E531,
E54A,
E530,
E506,
E50F,
E526,
E510,
E4E6,
E4EE,
E507,
E4F5,
E4CD,
E4CD,
E4DF,
E4CF,
E4A8,
E4A9,
E4C2,
E4B7,
E492,
E48F,
E4A3,
E49C,
E47A,
E476,
E489,
E485,
E467,
E45F,
E46A,
E461,
E43C,
E433,
E44B,
E44F,
E433,
E429,
E437,
E43A,
E424,
E41B,
E428,
E42B,
E417,
E40D,
E417,
E415,
E3F4,
E3E3,
E3F7,
E407,
E3F8,
E3EF,
E3FC,
E404,
E3F4,
E3E4,
E3DD,
E3D6,
E3BF,
E3AD,
E3AF,
E3B5,
E3A6,
E39C,
E3AD,
E3C1,
E3B6,
E3A7,
E3AA,
E3B2,
E3A6,
E39E,
E3CE,
E3FB,
E36C,
E2D2,
E3FE,
E59E,
E4B3,
E2AD,
E163,
E114,
E692,
EE18,
E845,
DB33,
D8A0,
DD48,
E74F,
F460,
F295,
E5A1,
DD47,
D8C3,
D75E,
D91A,
E0E4,
EDFA,
F440,
F393,
F05C,
EAB2,
E2F9,
D94F,
D391,
D29D,
D478,
D949,
DFBC,
E7C9,
EEEC,
F499,
F7BE,
F7A0,
F593,
F19F,
EC0F,
E499,
DDA3,
D835,
D399,
CFB4,
CDBE,
CED7,
D110,
D399,
D768,
DD71,
E390,
E84E,
ECFB,
F292,
F768,
F9E9,
FB86,
FD55,
FE2A,
FC98,
FA19,
F828,
F5BA,
F17A,
ECB6,
E932,
E5D4,
E121,
DC29,
D88F,
D587,
D1DC,
CE49,
CC70,
CB88,
CA19,
C8B7,
C8DA,
C9EC,
CA5E,
CAAD,
CC70,
CF2F,
D172,
D378,
D64F,
D9BA,
DC66,
DE83,
E197,
E575,
E8B6,
EB63,
EE7B,
F1F3,
F48D,
F63B,
F861,
FB14,
FD36,
FEA6,
003F,
0221,
0357,
03A2,
043A,
0564,
0631,
0663,
06BA,
077C,
07A9,
06CA,
060B,
05D7,
057F,
04C7,
03FF,
0352,
023F,
004A,
FE89,
FDBF,
FCE1,
FB54,
F99A,
F7E1,
F60B,
F3E9,
F1E8,
F09B,
EF48,
ED27,
EAE6,
E911,
E769,
E5C1,
E443,
E344,
E25B,
E0C3,
DF09,
DDFB,
DD2E,
DC15,
DADA,
D993,
D840,
D6D0,
D559,
D43A,
D33B,
D178,
CF55,
CE18,
CD72,
CCAB,
CBD1,
CAA3,
C940,
C836,
C77F,
C753,
C79C,
C726,
C607,
C57C,
C583,
C562,
C518,
C4C5,
C466,
C443,
C467,
C45D,
C418,
C38C,
C2A1,
C266,
C337,
C3AB,
C36A,
C350,
C389,
C3FC,
C4C3,
C56D,
C5BF,
C64A,
C760,
C857,
C8F7,
C93C,
C8D7,
C8C0,
C9C7,
CAA4,
CA67,
CA59,
CB7F,
CCA0,
CCB8,
CD00,
CEB3,
D07A,
D10A,
D187,
D332,
D4E7,
D572,
D570,
D4BF,
D46B,
D79C,
DB06,
D776,
D278,
D723,
DF08,
DE89,
DA79,
D9F6,
DB8C,
E057,
E648,
E4AF,
DEF6,
DF04,
E2A9,
E585,
E7C6,
E79C,
E59C,
E393,
E1BB,
E541,
ED2E,
EFEB,
EDEB,
EC19,
EA7B,
EA38,
EB60,
EE49,
F313,
F408,
F067,
ED96,
EC0E,
EC0E,
EDDC,
F143,
F6BF,
F946,
F723,
F4A7,
F27F,
F0E5,
F007,
F111,
F541,
F8B6,
F9DA,
F9F5,
F8F6,
F737,
F441,
F2B1,
F4C9,
F78F,
F9C6,
FBBB,
FD6E,
FE0E,
FC28,
F9BE,
F828,
F711,
F687,
F702,
F9E2,
FD5E,
FF91,
0132,
029B,
0359,
022A,
0035,
FEDF,
FDEC,
FD6C,
FD92,
FF66,
022C,
04A0,
0700,
09D2,
0C99,
0D9E,
0D62,
0C95,
0B4B,
0985,
0792,
06FE,
079D,
0932,
0BAC,
0F2C,
137A,
16A9,
18BF,
1A36,
1B0B,
1B12,
1A51,
19A4,
1922,
1834,
16D3,
15C2,
1519,
151F,
15EA,
17C6,
1AF7,
1DB9,
1FA2,
20F8,
21A1,
21C2,
214F,
20A2,
1FEE,
1EA3,
1C72,
19ED,
1726,
148E,
1253,
1103,
1163,
123B,
1301,
13DB,
14A5,
15AF,
1756,
1937,
1B5B,
1D0A,
1D2C,
1CB3,
1C2D,
1BA6,
1B90,
1B77,
1ADF,
19E6,
1819,
1646,
15FA,
1679,
1744,
1831,
1854,
1850,
197E,
1B7A,
1E67,
21BB,
2356,
23F6,
2582,
2795,
29F5,
2C57,
2C8E,
2B20,
2A2F,
2992,
2974,
29AC,
27B9,
23D9,
212D,
1FAE,
1E82,
1DAF,
1B8B,
17F0,
1608,
1627,
1618,
15B3,
14CF,
131D,
1399,
1739,
196D,
18F3,
199C,
1C57,
1F84,
231D,
2595,
25AE,
2725,
2C20,
2F84,
2E7C,
2E18,
3116,
3330,
31F5,
3081,
3079,
3054,
2F7D,
2DD9,
2A5C,
2778,
287D,
28E0,
2318,
1D5A,
1EBC,
210D,
1D98,
1920,
1850,
1914,
1AAD,
1C54,
1B54,
19EF,
1C65,
207B,
2326,
251A,
2659,
2745,
2928,
2B84,
2DB1,
2F86,
2F76,
2E28,
2DA5,
2DA0,
2DE9,
2E52,
2CB3,
298D,
27F9,
27B9,
275A,
26EC,
2709,
27AA,
2785,
2695,
278E,
2A9A,
2CAF,
2D85,
2E90,
2FF7,
3016,
2E8A,
2D8F,
2DAF,
2C87,
296D,
269E,
24AE,
2279,
1F90,
1DDC,
1E53,
1EEE,
1EF0,
1F8F,
216C,
2344,
2466,
25E9,
28A7,
2AD5,
2B33,
2AF5,
2A9B,
29B5,
27A7,
259F,
24A4,
241F,
23B9,
2405,
2605,
28B1,
2B28,
2DB2,
30A0,
3357,
34CF,
3587,
35DA,
35A5,
3463,
329D,
311B,
2FDA,
2F22,
2F0B,
3082,
32FB,
358A,
381E,
3A61,
3C2C,
3C67,
3B5D,
3945,
3664,
33E4,
31DC,
31A5,
3311,
3562,
3876,
3B49,
3DBF,
3E87,
3D96,
3B61,
37EE,
34F7,
32A7,
31F6,
3324,
3545,
3860,
3AE2,
3C7E,
3C61,
3A01,
3713,
33B0,
3197,
3199,
32C1,
354E,
3793,
38F3,
3938,
37B6,
35CA,
33AE,
3282,
3366,
3512,
3792,
3940,
3871,
36A7,
33F1,
31E0,
3254,
3407,
3723,
3A05,
3A83,
39C2,
378D,
3554,
3567,
36A3,
3902,
3B4D,
3AA7,
38C3,
3720,
361A,
3834,
3BB2,
3DB9,
3EAA,
3D1B,
3A53,
3A0C,
3B45,
3CC7,
3E53,
3D75,
3B0D,
3A51,
3AD9,
3C94,
3F2A,
3F10,
3CCA,
3C41,
3D3F,
3EEF,
4141,
40E1,
3DC2,
3D11,
3F0E,
3FBC,
3EE3,
3D32,
3A78,
3A35,
3D59,
3DE5,
3A69,
3909,
3B42,
3C8F,
3BE9,
3B2D,
3A86,
3AB2,
3C86,
3CD7,
39BA,
37C4,
3971,
3A04,
36CC,
3441,
34EB,
3585,
346D,
32F2,
3139,
301C,
3112,
31AF,
2F66,
2D27,
2DE2,
2EA4,
2C59,
299E,
2921,
28E7,
26A2,
2409,
2385,
2348,
2058,
1CB5,
1B90,
1B4E,
1988,
1732,
15AB,
1480,
12F9,
1150,
1016,
0F0A,
0D3A,
0AFC,
0968,
083E,
06D8,
053D,
02FB,
003E,
FE32,
FCB8,
FB04,
F91F,
F733,
F540,
F2F6,
F057,
EEA4,
EDF5,
EC9A,
EA71,
E8B7,
E791,
E62A,
E45D,
E351,
E35D,
E2B6,
E0DD,
DF88,
DF2B,
DEB8,
DDE3,
DD94,
DE4C,
DE75,
DD3B,
DC7F,
DD24,
DDD9,
DE0F,
DE9F,
E023,
E177,
E1AF,
E24B,
E46E,
E6CD,
E88F,
EA8E,
ED97,
F0A5,
F2A4,
F4AE,
F7EF,
FB64,
FE13,
00AD,
0419,
0787,
09D0,
0BB8,
0E65,
111B,
12BB,
13D5,
156A,
16DE,
16EA,
1617,
156C,
148E,
12A5,
1009,
0DE4,
0BD0,
0874,
042A,
0017,
FC14,
F76A,
F24C,
EDF1,
EA3E,
E66C,
E292,
DFF1,
DE7B,
DD58,
DC83,
DD31,
DF66,
E23E,
E59E,
EA18,
EFB4,
F532,
FA4E,
FF5C,
045C,
0807,
09E4,
0AA2,
0A40,
0815,
039B,
FE22,
F7C3,
F107,
E9CA,
E3DD,
E013,
DE56,
DEEB,
E1FC,
E853,
EFBF,
F750,
FDFF,
028F,
047C,
01EC,
FBB8,
ED8C,
FA25,
F24D,
E959,
E318,
DFB6,
E292,
E8C3,
F1B5,
FA92,
FEBD,
FF02,
F7F9,
EDE8,
E63E,
E160,
E58C,
EE5F,
F68B,
FCE9,
F84F,
EDCE,
E752,
E409,
EA00,
F539,
F731,
F2D7,
EC74,
E4FF,
E838,
F33E,
F491,
EE28,
EA5B,
E8C9,
EB93,
F265,
F185,
E8F2,
E7B0,
EE5B,
F03F,
EC7D,
EA88,
EAEA,
EC0B,
EE20,
EDCE,
E9E9,
E932,
EDB8,
EEED,
EA06,
E82F,
ECA0,
EE8A,
EA84,
E86D,
EB92,
ED5B,
EAC7,
E90D,
EABA,
EBF6,
EAC4,
E9BB,
EA3A,
EABF,
EA7F,
EA20,
E9D3,
E9B2,
EA17,
EA58,
E994,
E8E6,
E9A3,
EA66,
E970,
E856,
E927,
EA3B,
E93E,
E7E2,
E8B2,
EA02,
E913,
E782,
E836,
E9A9,
E8DD,
E73B,
E7CD,
E950,
E8AE,
E708,
E774,
E8FB,
E883,
E6E0,
E723,
E89F,
E850,
E6BF,
E6DD,
E848,
E81D,
E69F,
E69A,
E7EE,
E7E6,
E684,
E663,
E79D,
E7B0,
E66A,
E630,
E74E,
E779,
E651,
E603,
E704,
E741,
E637,
E5DA,
E6BF,
E70B,
E61C,
E5B3,
E67D,
E6D5,
E602,
E58F,
E640,
E6A1,
E5E8,
E570,
E608,
E66E,
E5CD,
E551,
E5D4,
E63D,
E5B2,
E535,
E5A4,
E60F,
E598,
E51B,
E578,
E5E3,
E57E,
E501,
E54C,
E5B5,
E560,
E4E6,
E523,
E58B,
E546,
E4D0,
E4FE,
E561,
E52A,
E4B9,
E4DC,
E53D,
E511,
E4A3,
E4B7,
E510,
E4ED,
E482,
E48C,
E4DE,
E4C5,
E461,
E465,
E4B9,
E4AC,
E44F,
E44A,
E493,
E490,
E43F,
E439,
E484,
E484,
E42D,
E41A,
E45A,
E460,
E413,
E3FC,
E433,
E43F,
E402,
E3F2,
E432,
E445,
E3FE,
E3DF,
E419,
E437,
E406,
E3ED,
E41B,
E433,
E400,
E3E0,
E40D,
E42A,
E3FB,
E3DD,
E416,
E447,
E42B,
E40E,
E428,
E440,
E41E,
E3F8,
E400,
E40A,
E3DF,
E3B7,
E3DE,
E415,
E416,
E3F5,
E36D,
E30B,
E4A3,
E66A,
E3EB,
E017,
E063,
E313,
E927,
EF37,
E463,
D206,
D574,
E5C5,
F06F,
F68A,
EE91,
DCE5,
D577,
D603,
D851,
DC92,
E68E,
F4EF,
F833,
F10B,
EAC7,
E58D,
DD89,
D2E0,
CF22,
D334,
D7FF,
DCFF,
E429,
EDCF,
F4A2,
F782,
F86C,
F75F,
F400,
EDED,
E72E,
E020,
D9CD,
D4C5,
D0EA,
CE5D,
CDCC,
D00B,
D335,
D680,
DAE1,
E12A,
E73D,
EBAF,
EFF6,
F506,
F923,
FAB0,
FB86,
FD1E,
FDAF,
FB43,
F803,
F5EC,
F367,
EEA0,
E971,
E629,
E326,
DE4F,
D950,
D6AF,
D4D2,
D13D,
CD78,
CC35,
CC11,
CA96,
C8E9,
C9A1,
CB91,
CBF9,
CBD5,
CDD2,
D10D,
D2E0,
D3FD,
D6F2,
DB1D,
DDD0,
DF7F,
E29D,
E6CC,
E982,
EB01,
EDCD,
F1C0,
F47D,
F608,
F88A,
FC10,
FE2C,
FEAD,
0010,
029B,
0439,
049B,
0597,
078D,
085A,
0769,
070F,
07EE,
0826,
0724,
0686,
06F0,
06A3,
04D2,
034A,
02E2,
0218,
0026,
FE78,
FDEE,
FD0A,
FACD,
F8A6,
F787,
F65A,
F458,
F27E,
F1BD,
F0DC,
EEA0,
EC53,
EB2E,
EA35,
E886,
E6C4,
E5B0,
E48E,
E22B,
DF90,
DE3E,
DD54,
DBBA,
D9E9,
D880,
D72B,
D50F,
D2C6,
D1DB,
D19F,
D0AA,
CF5B,
CE47,
CD55,
CC31,
CB05,
CACB,
CB2E,
CA90,
C93F,
C88E,
C858,
C801,
C78F,
C733,
C6EA,
C626,
C4EC,
C4A5,
C55B,
C53D,
C42E,
C36B,
C30A,
C2ED,
C31D,
C379,
C40B,
C42D,
C39E,
C3BC,
C4F9,
C5D8,
C5EE,
C5FB,
C61B,
C676,
C744,
C7DA,
C7EC,
C7C4,
C74A,
C727,
C7F1,
C890,
C843,
C838,
C94B,
CA65,
CAC5,
CB38,
CC62,
CD79,
CD9E,
CDF5,
CFF6,
D1E1,
D183,
D0D8,
D21F,
D3C8,
D452,
D44E,
D368,
D2CB,
D5DC,
D9C4,
D8C0,
D61F,
D7CE,
DB66,
DD7F,
DEC0,
DF18,
DEE0,
DED1,
DF0E,
E17A,
E51C,
E600,
E4F5,
E370,
E1B3,
E2E7,
E676,
E974,
EBE8,
ECAF,
EBEB,
EB59,
EB02,
EC60,
EF7C,
F22B,
F453,
F496,
F2B5,
F096,
EE51,
EDEC,
EFF4,
F2EA,
F6E0,
F9AE,
FAB4,
FA3A,
F7C4,
F5A2,
F47F,
F448,
F549,
F750,
FADE,
FD8E,
FE0E,
FDA9,
FC7C,
FACB,
F857,
F6CB,
F7BE,
F961,
FAE2,
FCAB,
FF44,
013F,
00FF,
FFD2,
FE47,
FC73,
FA39,
F88D,
F929,
FAD4,
FCA5,
FEC2,
0164,
03F5,
0542,
05CB,
05F4,
0597,
03F0,
01BE,
0089,
FFFE,
FFD6,
0036,
01F3,
04A0,
072A,
09AE,
0CB0,
0FDA,
117B,
11D7,
118D,
10A6,
0F09,
0CE1,
0B90,
0B14,
0AFA,
0B4C,
0CDF,
0FB5,
12C7,
1601,
190D,
1BDA,
1DCD,
1EBE,
1F69,
1FE7,
1FB3,
1EA7,
1D6C,
1C24,
1AB5,
1911,
17BE,
16F3,
1669,
1603,
166C,
1822,
1A13,
1BE9,
1DAA,
1F44,
2081,
2117,
2170,
21CF,
21C9,
2100,
1FD6,
1E7E,
1CD2,
1A8D,
1833,
162C,
1472,
1338,
125C,
11E8,
11A5,
1109,
10B9,
11D2,
13AC,
15CD,
1810,
19FD,
1BA0,
1C66,
1CEC,
1EFC,
21B3,
2367,
2467,
24B4,
2479,
240B,
238B,
2431,
2585,
2559,
2415,
22DC,
21B4,
21BB,
22BD,
230D,
22BC,
21DB,
2075,
2058,
218B,
229F,
2388,
2359,
21D8,
21D8,
23C6,
2541,
2614,
257B,
22D2,
2275,
25F8,
2723,
23E2,
2215,
23B2,
242F,
21D2,
206A,
21AE,
2244,
2083,
1F51,
2022,
212B,
21E5,
2209,
20A0,
1FEB,
2227,
2435,
238F,
22BC,
23AF,
2485,
2342,
2232,
246F,
2683,
239F,
200A,
210C,
235E,
23F5,
2392,
2144,
1EB1,
1F9C,
21EB,
2262,
220F,
21FC,
2215,
227F,
2350,
2568,
283F,
2A76,
2C25,
2C23,
2B22,
2D57,
31B8,
3336,
3275,
32BE,
33BB,
31E6,
2D9C,
2C80,
2E67,
2D40,
28F8,
2646,
2569,
234E,
1FB1,
1E5B,
1FE2,
20A5,
2019,
2048,
218E,
2292,
22F6,
243C,
26EF,
2973,
2B79,
2C85,
2C21,
2AFA,
2902,
2704,
255B,
2419,
2398,
230D,
21F3,
210A,
20B2,
20C8,
2137,
2297,
25DC,
29B9,
2D80,
3103,
3401,
35EE,
3562,
33D6,
328B,
3111,
2EEC,
2CE6,
2C5A,
2C85,
2C85,
2CE3,
2EE6,
3194,
3324,
3453,
3692,
391D,
3A45,
3A7D,
3A81,
3A0D,
379B,
33F6,
31B6,
3082,
2FAB,
2F5A,
30FC,
342B,
370E,
39A1,
3BF1,
3DDC,
3D32,
3A12,
36BF,
3357,
305C,
2DEA,
2DA6,
2FCE,
3257,
3512,
37B8,
3A44,
3ABC,
387A,
3596,
323F,
2F63,
2D40,
2D06,
2F9C,
329C,
358E,
37B5,
3891,
37EA,
34E4,
31EF,
2FF7,
2F78,
3198,
349A,
3855,
3AD3,
39FA,
378B,
3352,
2F92,
2E72,
2F5E,
33C6,
38ED,
3C89,
3E7F,
3CA5,
394B,
3602,
33C1,
3610,
3A21,
3D31,
3F0E,
3CB2,
3887,
35D7,
34A9,
3895,
3EE6,
41EB,
42A5,
3F87,
3A6C,
3A04,
3CAE,
4037,
4410,
42E8,
3E22,
3A8A,
380D,
3ADA,
41E7,
42B8,
3E18,
3B8C,
3AFC,
3DA8,
4392,
44C3,
40C6,
3E42,
3D91,
3EE0,
42B1,
42B7,
3D8A,
3ABC,
3BAB,
3CF5,
3E8A,
3D97,
3851,
366A,
3B2A,
3D6B,
399B,
372F,
38EC,
3A8E,
3AF0,
3A22,
36EE,
353A,
3878,
3A22,
352D,
310B,
3332,
3530,
328E,
2F5A,
2DE7,
2D15,
2CF1,
2CA1,
2A9E,
28AF,
2959,
2A18,
2732,
23E9,
2553,
2782,
2421,
1F4C,
1FB8,
21BB,
1F27,
1AE0,
1A2E,
1ACF,
17D1,
1343,
1258,
1346,
1164,
0DEA,
0C08,
0B1C,
0935,
06B1,
053C,
0489,
02E5,
0080,
FE59,
FC67,
FABC,
F956,
F7AA,
F5B7,
F3F9,
F278,
F0A3,
EE69,
ECCF,
EC00,
EAA5,
E87F,
E6D5,
E5EB,
E484,
E243,
E0B2,
E057,
DF8F,
DDC4,
DC8B,
DC87,
DC37,
DAE4,
DA47,
DB59,
DC2D,
DBB0,
DBA1,
DD0B,
DE4C,
DE3D,
DE9C,
E0C6,
E2EE,
E3A6,
E48B,
E6FE,
E984,
EAA7,
EBEE,
EF00,
F261,
F488,
F696,
F9E9,
FD5F,
FF54,
00F0,
03EA,
0735,
094C,
0AF0,
0D78,
1021,
1157,
11CD,
1308,
1465,
1454,
135D,
12F9,
12B5,
111C,
0E8B,
0C41,
09FE,
0661,
01B9,
FDAE,
FA19,
F5DC,
F117,
ED13,
E9CB,
E64D,
E2A2,
E023,
DEE5,
DDF9,
DD4F,
DE12,
E06A,
E35F,
E6D1,
EB3D,
F0C9,
F621,
FAEE,
FF93,
0428,
076E,
08DD,
090E,
0804,
0557,
0089,
FAE8,
F4BE,
EE68,
E7D4,
E296,
DFC1,
DEF5,
E094,
E44C,
EAC2,
F205,
F98C,
FEC9,
FE18,
FD5F,
015D,
0425,
01C9,
FCCB,
F464,
EB66,
E450,
DFD5,
E0E8,
E5BD,
EE8E,
F86E,
FDB9,
FF59,
F9B2,
F044,
E757,
E031,
E2C8,
EB40,
F42B,
FC59,
F985,
EFB9,
E7B1,
E199,
E69C,
F349,
F6F1,
F3AB,
ED06,
E3E5,
E5F8,
F1B7,
F485,
EF12,
EAA6,
E74D,
E9C4,
F291,
F2C0,
E8DF,
E683,
EDD4,
F08F,
ECD5,
EA72,
EA5B,
EB5C,
EDFB,
EE09,
E9A6,
E864,
ED65,
EF41,
EA08,
E784,
EC23,
EE97,
EA78,
E7D8,
EAEB,
ED07,
EA91,
E89B,
EA25,
EB80,
EA7A,
E962,
E9AC,
EA20,
EA2D,
EA04,
E977,
E90E,
E9B4,
EA4B,
E959,
E84D,
E935,
EA53,
E92E,
E7A3,
E8A0,
EA2F,
E916,
E73F,
E82D,
E9FD,
E900,
E6F3,
E7B9,
E9AE,
E8E3,
E6C4,
E758,
E956,
E8BE,
E69E,
E6FE,
E8F4,
E891,
E682,
E6AF,
E890,
E85E,
E66B,
E66D,
E832,
E82C,
E659,
E633,
E7D6,
E7F3,
E643,
E5FC,
E77C,
E7BA,
E630,
E5CD,
E72A,
E782,
E61C,
E5A3,
E6DB,
E747,
E609,
E580,
E694,
E70F,
E5F4,
E55F,
E651,
E6D9,
E5DF,
E541,
E613,
E6A2,
E5C9,
E525,
E5D8,
E66B,
E5AF,
E509,
E5A2,
E638,
E597,
E4F0,
E56F,
E605,
E57D,
E4DA,
E543,
E5D8,
E566,
E4C4,
E517,
E5A6,
E54B,
E4AF,
E4F0,
E57C,
E532,
E49A,
E4CA,
E552,
E51A,
E48B,
E4AC,
E52C,
E501,
E475,
E489,
E506,
E4EC,
E46B,
E471,
E4E2,
E4CC,
E44B,
E446,
E4B4,
E4B2,
E443,
E438,
E49C,
E49E,
E433,
E41F,
E47F,
E48D,
E42C,
E40F,
E45C,
E46A,
E412,
E3F3,
E442,
E455,
E3F4,
E3C5,
E40C,
E42B,
E3E2,
E3BA,
E3F9,
E41B,
E3DF,
E3BC,
E3FF,
E42C,
E3F5,
E3C8,
E3F6,
E41B,
E3EC,
E3C5,
E3FC,
E42E,
E3FE,
E3C9,
E3EC,
E41F,
E43E,
E43F,
E3D8,
E380,
E424,
E4F9,
E521,
E4A3,
E194,
DED6,
E57D,
EE77,
E970,
DE32,
D87E,
D754,
E492,
F813,
F563,
E559,
DBEB,
D6E2,
D5CA,
D861,
E0D3,
ED5F,
F3EA,
F521,
F128,
E88C,
E05B,
D8D4,
D339,
CFBA,
D1E5,
D9DF,
E10B,
E6D9,
EDAF,
F5BB,
F90F,
F672,
F399,
F167,
EC2B,
E2C5,
DB60,
D7C6,
D3E0,
CE78,
CC07,
CE88,
D159,
D2BF,
D61F,
DD50,
E3FC,
E7E4,
EC2F,
F29D,
F7E0,
F9B2,
FAEC,
FD4D,
FE83,
FC8F,
F9F0,
F892,
F68F,
F212,
ED25,
E9B4,
E64A,
E169,
DC7D,
D940,
D680,
D2CA,
CF32,
CD43,
CC15,
CA6C,
C8FA,
C904,
C9D2,
CA0C,
CA51,
CBEF,
CE56,
D03F,
D213,
D4E6,
D852,
DB10,
DD72,
E085,
E40D,
E725,
E9EF,
ED0C,
F062,
F324,
F567,
F7E3,
FA91,
FCC2,
FE7A,
003A,
020A,
036D,
045D,
055C,
067C,
0743,
07A3,
07D9,
07ED,
07CB,
076D,
0704,
069F,
0626,
059F,
04EF,
040D,
0307,
01DB,
00A6,
FF75,
FE48,
FD30,
FC0A,
FACC,
F96D,
F7DE,
F63C,
F496,
F2F6,
F173,
EFF7,
EE87,
ECFF,
EB38,
E953,
E758,
E564,
E3A5,
E20E,
E0C2,
DF83,
DE01,
DC5E,
DA9E,
D8E8,
D79E,
D68D,
D58D,
D499,
D3A1,
D2A5,
D190,
D07A,
CFC0,
CF3E,
CEC6,
CE4E,
CD77,
CC65,
CBA9,
CB27,
CAB4,
CA49,
C9C3,
C91E,
C82C,
C6F8,
C5D4,
C4C1,
C446,
C45B,
C424,
C398,
C2E1,
C1F7,
C198,
C1D9,
C233,
C29A,
C2DE,
C2E6,
C31D,
C396,
C415,
C494,
C4F5,
C532,
C507,
C427,
C3D3,
C4A6,
C56E,
C5DC,
C5B9,
C456,
C3F0,
C659,
C802,
C659,
C553,
C7A0,
CA0A,
CAA0,
CAE5,
CB51,
CC3E,
CED5,
D121,
D0C7,
CFE2,
D00A,
D0C1,
D262,
D429,
D530,
D57C,
D39E,
D19C,
D380,
D6FB,
D970,
DB1F,
DA8E,
D8FB,
D86A,
D8EA,
DD5F,
E3AC,
E57D,
E475,
E2EF,
E11A,
E0C5,
E1AE,
E438,
E7E7,
E9E5,
EA6B,
E920,
E656,
E4C4,
E470,
E703,
EC60,
F02B,
F236,
F35F,
F3A2,
F225,
EEBC,
ECEF,
ED3E,
EF1B,
F2CC,
F618,
F897,
FA22,
FA81,
F9A7,
F72E,
F55A,
F4DF,
F5C1,
F897,
FBC4,
FEDF,
0195,
03C8,
0462,
021C,
FF4D,
FCEB,
FAC5,
F8CE,
F822,
FA34,
FD4C,
00C8,
0444,
075A,
0982,
099E,
088A,
0674,
03DF,
0152,
FF04,
FD5F,
FCA0,
FDE5,
0046,
02F5,
05E8,
093D,
0C48,
0D1B,
0C8B,
0B99,
0A24,
07D0,
0508,
02F5,
0171,
0082,
0029,
00B1,
01F7,
03C6,
0600,
081A,
0A15,
0BE7,
0D8E,
0F36,
10D0,
120C,
12DF,
12B5,
118A,
0FDE,
0DBE,
0B95,
096F,
0891,
093D,
0A9D,
0CA1,
0F74,
1335,
16A7,
1979,
1BD2,
1D8F,
1EF6,
2003,
2107,
222A,
2315,
23B8,
23CC,
231A,
21A8,
1F18,
1C96,
1AC1,
196C,
18C4,
18B0,
196E,
1A54,
1AE0,
1B43,
1B42,
1B73,
1C73,
1DFF,
205A,
22D8,
24CF,
262C,
263C,
257E,
23ED,
223F,
2233,
22B2,
2270,
2193,
1F7A,
1CA1,
1964,
163A,
1519,
153C,
154B,
155C,
14F8,
1450,
1369,
1299,
1494,
1899,
1B2C,
1C9E,
1D51,
1D6B,
1EFF,
21F0,
246B,
266E,
29E4,
2ED7,
2EE1,
297E,
2998,
305C,
3393,
3217,
3063,
2EB1,
2E52,
3005,
2FD4,
2C8C,
2A1D,
29AD,
2832,
249C,
21C3,
20BC,
1FA4,
1DFA,
1C07,
19A2,
1760,
1561,
1455,
154E,
15F2,
1454,
133C,
14C7,
166F,
162F,
1672,
19BA,
1D00,
1D3E,
1D00,
1DF8,
2012,
251D,
2A4A,
2B91,
2B1F,
29B7,
28D0,
2D53,
3330,
3346,
30EF,
30CC,
3141,
2FC5,
2D73,
2CB8,
2CBC,
2C57,
2B5E,
2717,
2101,
1F1A,
2011,
202E,
1FCA,
1F49,
1EAB,
1E26,
1DC2,
1D0E,
1C2B,
1ECA,
24B1,
2709,
25A9,
2617,
2893,
28D6,
2672,
2667,
2972,
2AA6,
2939,
27F6,
274C,
2590,
223B,
1FBC,
1EBD,
1E78,
1F05,
1FC2,
206C,
2167,
22F0,
2418,
240A,
251C,
28F2,
2CC6,
2F22,
31A3,
3581,
383F,
37AD,
3644,
3581,
3433,
3127,
2E2D,
2D12,
2C9C,
2BF3,
2BC4,
2D18,
2ECD,
2F59,
2FC8,
3160,
3367,
351C,
36C3,
38E8,
3AE6,
3B52,
3AA2,
38EE,
3676,
3396,
307B,
2D9A,
2B16,
29C0,
2976,
2A83,
2CAA,
2F98,
330B,
35CB,
37D1,
386D,
37B8,
35C4,
32B7,
2FD0,
2D26,
2AE0,
2912,
2908,
2ADB,
2D61,
3086,
33B1,
36CD,
385E,
3809,
3664,
334E,
2FF9,
2C89,
2A40,
29A4,
2A5A,
2C9C,
2FBE,
33EE,
3719,
382C,
3815,
36B6,
3482,
312A,
2EC4,
2ED8,
3012,
3264,
3529,
3858,
3A7C,
39B3,
37F3,
361A,
345C,
32E2,
32BD,
367F,
3B12,
3D83,
3EB5,
3E61,
3CCC,
3915,
3528,
3475,
35B1,
3924,
3D3D,
3E22,
3D53,
3C2E,
3ADA,
3A0D,
39FA,
3CF4,
418A,
43AC,
43F4,
4159,
3CED,
3BFA,
3D98,
3FA1,
41EE,
41BA,
3F70,
3D82,
3BF6,
3C6D,
3ECE,
4062,
411C,
4085,
3E84,
3E02,
3F42,
40E2,
42F0,
42E4,
400C,
3E7E,
3F06,
3F84,
3FD0,
3F2C,
3D04,
3BD7,
3CA2,
3CFD,
3C2B,
3B22,
39E1,
3959,
3A84,
3AC6,
384C,
369A,
37F0,
391B,
386C,
372F,
3584,
342F,
345C,
3458,
3281,
3094,
3033,
2FC5,
2D87,
2B28,
2A8F,
2A4D,
28FB,
273A,
2529,
2335,
2297,
2264,
2123,
1F8F,
1EF9,
1E97,
1C78,
19AF,
18E1,
18FD,
1795,
1565,
1461,
13E9,
11B5,
0E72,
0CE0,
0C6C,
0A95,
07BA,
05CE,
049B,
02AC,
001D,
FE35,
FCE3,
FB3D,
F93F,
F76F,
F5D1,
F41D,
F24C,
F0BC,
EF79,
EE1E,
EC99,
EB29,
E9D4,
E874,
E6FE,
E581,
E3F2,
E29E,
E1AA,
E0A2,
DF4E,
DE38,
DD9F,
DCEC,
DBC5,
DAE5,
DAB2,
DA89,
DA0D,
D9C5,
DA02,
DA62,
DA9F,
DB17,
DC18,
DD41,
DE36,
DF5B,
E107,
E2E8,
E4A1,
E68F,
E937,
EC0F,
EE5E,
F0AA,
F395,
F6B2,
F961,
FC01,
FF26,
026D,
051A,
077B,
0A0A,
0C92,
0E90,
1036,
11F7,
139E,
1472,
14AA,
14C8,
14B0,
13C1,
1225,
106B,
0E83,
0BD2,
0877,
04E7,
012A,
FD0A,
F898,
F440,
F014,
EBE2,
E7BC,
E422,
E131,
DEC2,
DCE4,
DC14,
DC81,
DDA6,
DF7E,
E268,
E69E,
EB42,
F038,
F584,
FB55,
0071,
0476,
0796,
09EB,
0A97,
0911,
0611,
01C1,
FC3C,
F55A,
EE66,
E845,
E326,
DFBC,
DE40,
DF91,
E45C,
F160,
E51E,
EAC6,
F204,
F979,
FFD6,
0265,
0229,
FE44,
F808,
EF77,
E6D6,
E214,
E06A,
E39F,
E9E5,
F259,
FAE0,
FD35,
FB3B,
F43F,
EAB0,
E4B5,
E1E3,
E718,
F13A,
F6EB,
F910,
F40E,
EA18,
E616,
E6DE,
EC4F,
F559,
F53C,
ED32,
E90D,
E892,
EBA3,
F23F,
F22D,
EAE1,
E88A,
EC0B,
EE54,
EEFD,
EDA1,
E997,
E92B,
EE27,
EF65,
EA68,
E879,
EC45,
EDFE,
EB41,
E9AA,
EB06,
EBFD,
EB8C,
EAF0,
EA51,
EA2A,
EB21,
EB8A,
EA17,
E92D,
EA9C,
EB98,
E9FB,
E8AF,
EA17,
EB53,
E9E1,
E878,
E99C,
EAD6,
E9B2,
E85D,
E932,
EA4D,
E983,
E863,
E8DF,
E9B4,
E92E,
E84E,
E88F,
E929,
E8DE,
E843,
E858,
E8B4,
E88E,
E82C,
E824,
E849,
E83B,
E810,
E7F7,
E7EA,
E7E5,
E7E4,
E7C7,
E794,
E793,
E7B7,
E79B,
E748,
E742,
E781,
E76D,
E706,
E6F9,
E74D,
E744,
E6CD,
E6B6,
E716,
E719,
E69A,
E677,
E6E1,
E6F1,
E66C,
E63C,
E6AA,
E6C8,
E642,
E607,
E675,
E6A0,
E61E,
E5D7,
E641,
E677,
E5FA,
E5AA,
E60D,
E64D,
E5D8,
E580,
E5DD,
E626,
E5B9,
E559,
E5AD,
E5FD,
E59A,
E534,
E57F,
E5D4,
E57C,
E512,
E552,
E5AB,
E55E,
E4F1,
E528,
E585,
E542,
E4D3,
E500,
E55F,
E527,
E4B7,
E4DA,
E53B,
E510,
E4A2,
E4BB,
E51A,
E4F9,
E48D,
E49D,
E4FD,
E4E5,
E47A,
E47E,
E4D7,
E4C7,
E461,
E460,
E4BB,
E4BA,
E45E,
E456,
E4A9,
E4A8,
E447,
E436,
E48C,
E499,
E443,
E42D,
E477,
E488,
E438,
E41D,
E462,
E477,
E42B,
E408,
E445,
E45C,
E40F,
E3E9,
E430,
E459,
E41C,
E3EE,
E413,
E427,
E3EA,
E3BE,
E3EE,
E410,
E3CE,
E391,
E3B1,
E3DA,
E3C9,
E3B5,
E3D5,
E3E8,
E37F,
E33A,
E45C,
E55D,
E35D,
E0F8,
E225,
E4C6,
E7F0,
E9CF,
E1F5,
D7A0,
DB78,
E619,
EDCA,
F288,
EB14,
DD0F,
D749,
D712,
DA45,
E05E,
E931,
F33E,
F4C5,
EF7D,
E938,
E207,
DA89,
D337,
D13C,
D45D,
D93B,
DFB0,
E702,
EEFA,
F476,
F714,
F758,
F51E,
F0FA,
EAE2,
E459,
DD97,
D7B3,
D310,
CFC2,
CDFE,
CE03,
D030,
D359,
D73A,
DBFA,
E1CC,
E772,
EC50,
F0DF,
F544,
F8BB,
FA9B,
FBC1,
FC9D,
FC6B,
FA64,
F7B5,
F51F,
F201,
EDC6,
E94F,
E560,
E17D,
DD41,
D936,
D608,
D33F,
D05F,
CDE4,
CCA2,
CBEC,
CAC5,
C9CD,
C9FC,
CACA,
CB6C,
CC46,
CE27,
D0A2,
D2FB,
D562,
D833,
DB3E,
DDF2,
E07C,
E360,
E678,
E930,
EBAA,
EE96,
F1CA,
F451,
F64E,
F8CC,
FBAC,
FD98,
FEA5,
001C,
01FD,
0341,
03E4,
04D8,
062D,
073A,
07F0,
0885,
08FF,
090D,
0899,
0808,
0769,
06B5,
05ED,
053C,
04C0,
0412,
0311,
01E5,
0095,
FF06,
FD11,
FB45,
F9FD,
F8BB,
F751,
F5EC,
F4AF,
F340,
F148,
EF40,
ED75,
EBB0,
E9C3,
E80B,
E70D,
E616,
E46A,
E2A0,
E138,
DFDB,
DE22,
DC71,
DB4F,
DA6F,
D997,
D8C7,
D800,
D71D,
D5A2,
D3E8,
D28A,
D15E,
D041,
CF38,
CE57,
CD8B,
CC9B,
CB90,
CA54,
C8FE,
C7DD,
C6EF,
C66C,
C63C,
C5C6,
C51D,
C491,
C423,
C404,
C42D,
C465,
C4A6,
C4BF,
C4AD,
C478,
C420,
C3DC,
C3AD,
C412,
C532,
C585,
C4A6,
C4A1,
C613,
C5BD,
C25A,
C182,
C565,
C745,
C4C3,
C287,
C170,
C2DF,
C984,
CBCE,
C276,
BDB2,
C827,
D04B,
CBE9,
C6BA,
C5AF,
C735,
CD98,
D305,
D1FD,
CF0A,
CB77,
C971,
CD90,
D2D9,
D559,
D58C,
D02B,
CA46,
CB44,
CF0F,
D2FA,
D6A6,
D816,
D7E0,
D485,
D083,
D20D,
D67D,
DA8A,
DE69,
E1D9,
E447,
E15E,
DB7D,
D9C6,
DAFF,
DE23,
E2BD,
E71D,
EAF8,
EA1D,
E580,
E2C3,
E1B5,
E11A,
E116,
E49A,
EB6F,
F0D6,
F495,
F624,
F55B,
F2E4,
EEAA,
EC87,
ED33,
EE0F,
EEBB,
F1DA,
F860,
FCD0,
FDBA,
FD94,
FC87,
FADF,
F888,
F70A,
F71D,
F837,
FA73,
FDC0,
02C1,
06A0,
075E,
079C,
08C2,
0874,
0482,
0082,
FEDB,
FDCD,
FC66,
FC0A,
FE56,
01BB,
05A7,
0964,
0BB0,
0D3A,
0E79,
0EDA,
0D0D,
0A48,
07BB,
0553,
0380,
0219,
00C4,
0009,
01C5,
04C1,
06A7,
0831,
0B08,
0E44,
0F18,
0E6E,
0EB7,
0F59,
0E1C,
0BA3,
0A8E,
0A6B,
0933,
0730,
05F1,
055B,
0473,
0353,
0335,
0418,
056E,
0735,
09DE,
0D6C,
10E8,
143B,
16D6,
1890,
19B9,
1A58,
19C0,
17A2,
15AE,
1442,
1314,
1228,
11DE,
1285,
1314,
132C,
1339,
134D,
134E,
12F8,
1376,
1596,
1875,
1C0B,
1FA4,
22D4,
2574,
2723,
281C,
282D,
27DE,
2779,
2741,
27E5,
28A2,
28F5,
28BB,
2742,
252F,
2303,
20C9,
1EA4,
1CD4,
1C20,
1C13,
1C98,
1D14,
1B4E,
18BA,
188A,
1976,
1879,
1700,
1A11,
1F6A,
1FAE,
1CE7,
1CDC,
1E8C,
1F98,
2035,
1FBB,
1E7E,
20E9,
2631,
2559,
1F1B,
1D8A,
2077,
21DF,
21B2,
20FC,
1FB4,
1E49,
1CB7,
1CF4,
1F7E,
202F,
1E29,
1DE8,
2075,
2177,
1FCE,
1ED3,
1F48,
2018,
2132,
2260,
23AE,
2421,
22C9,
2270,
24CE,
26B1,
2693,
25FE,
2534,
24B9,
2525,
25E2,
26FC,
279A,
2691,
257C,
25E2,
2626,
24A2,
22F7,
229D,
22D5,
238F,
2436,
239A,
2294,
219E,
214A,
240D,
2785,
2712,
2512,
24B1,
2536,
26E8,
2911,
2966,
28CB,
2970,
2A9E,
2AAC,
29DF,
27B2,
24BC,
24E9,
2737,
269B,
23C1,
21A1,
2014,
1EC4,
1DB6,
1BCD,
191B,
1911,
1BBD,
1C18,
19D7,
1962,
1B1A,
1C1E,
1C23,
1CEC,
1EA0,
21AA,
2680,
298F,
29A4,
2AE1,
2EA1,
3064,
2E64,
2D5D,
2F18,
302E,
2F61,
2EB2,
2EFE,
2EB7,
2D02,
2B0F,
292C,
27C2,
2769,
2760,
2701,
2795,
2AC9,
2E0F,
2EFC,
2FEA,
3326,
363B,
3671,
3617,
37B5,
3941,
3817,
3630,
3632,
3655,
33C7,
305C,
2EE5,
2E14,
2BB6,
2903,
286C,
2913,
29AB,
2A8E,
2CCC,
2FD3,
323A,
3425,
35A8,
36A2,
3613,
3441,
31E1,
2F08,
2C13,
291F,
26E3,
2569,
2536,
2645,
2816,
2A99,
2D9B,
310A,
3386,
34E2,
353A,
347D,
3291,
2F55,
2C3D,
2989,
27B5,
2703,
2776,
293E,
2C06,
3008,
3389,
35DD,
375F,
37F8,
375B,
34FA,
3245,
2F8E,
2DFF,
2EE2,
3070,
31C0,
33F4,
389E,
3C26,
3AEB,
38D8,
3896,
3849,
3656,
34CF,
3603,
3884,
3C24,
3FBE,
419A,
420E,
3FEF,
3CD9,
3B25,
3A11,
38C8,
382E,
3B31,
3FC1,
4252,
4373,
41F9,
3EFF,
3CD8,
3B81,
3D19,
4096,
42F0,
446C,
44C7,
4421,
4225,
3F37,
3E2E,
3EC7,
404A,
4290,
433D,
425E,
3FDE,
3BCB,
3AAA,
3CBF,
3EF2,
412A,
4177,
3F6D,
3D7D,
3BC8,
3C3D,
3FBD,
4181,
4066,
3E9D,
3C21,
3AEB,
3C00,
3D0F,
3DB0,
3D0B,
39FF,
37E5,
388B,
3915,
3869,
3754,
35A9,
3486,
3510,
3586,
34C7,
33B3,
325B,
3185,
329C,
3372,
31A0,
2F63,
2E98,
2E3F,
2E01,
2D9F,
2C54,
2ADF,
2A80,
2A2C,
2812,
256F,
241F,
235B,
2271,
215F,
1F7D,
1D4C,
1C49,
1BC1,
19AE,
16DF,
15CD,
15B1,
1414,
118E,
1040,
0FBC,
0E0D,
0B86,
0A12,
0975,
0817,
0611,
0438,
0287,
00E1,
FF48,
FD54,
FB01,
F91D,
F7BF,
F5FE,
F3BA,
F1D8,
F081,
EEB7,
EC38,
EA4C,
E951,
E7E5,
E594,
E3DC,
E348,
E25A,
E07A,
DEFE,
DE75,
DDC4,
DC62,
DB54,
DB2F,
DAF7,
DA12,
D96F,
D9B2,
D9FD,
D9B0,
D998,
DA58,
DB32,
DB82,
DBEC,
DCFD,
DE41,
DF5B,
E095,
E23E,
E41C,
E5FB,
E7EF,
EA0F,
EC45,
EE69,
F09F,
F338,
F5FE,
F89A,
FB2F,
FE06,
00F1,
0385,
05E2,
0842,
0A90,
0C85,
0E35,
0FF7,
11A7,
12A6,
130F,
135C,
1377,
12CA,
1169,
0FC3,
0DD4,
0B50,
083F,
04CF,
0106,
FD03,
F8CD,
F4A3,
F093,
EC9A,
E8C1,
E550,
E25A,
DFE1,
DDED,
DCD1,
DCAE,
DD86,
DF7C,
E231,
E598,
E9C8,
EEED,
F444,
F99D,
FE9B,
0312,
0690,
08C3,
097B,
0853,
0598,
0104,
FB62,
F4DF,
EE20,
E707,
E1FD,
E228,
E12F,
DEA5,
DD55,
DFD8,
E44F,
EB42,
F2EA,
FA3A,
0026,
02C0,
0268,
FDEB,
F6D5,
EE79,
E619,
E139,
DF64,
E389,
EB45,
F403,
FC65,
FE76,
FBBE,
F3B1,
E889,
E2EA,
E1B9,
E7EC,
F336,
F8F6,
F9F8,
F395,
E750,
E397,
E765,
EDF3,
F6E3,
F5F4,
EB1B,
E64F,
E80C,
EC44,
F339,
F2A8,
E896,
E5B0,
ECB8,
F030,
EDF5,
EB7E,
E901,
E95A,
EE6D,
EFAF,
E96A,
E6C7,
EC56,
EF2E,
EAA6,
E7D7,
EAAC,
ECBA,
EB1E,
E9A6,
E9D8,
EA5D,
EAFB,
EB1C,
E9A8,
E8B7,
EA68,
EBB8,
E997,
E7B1,
E9B7,
EBC4,
E99F,
E740,
E918,
EB67,
E98B,
E710,
E893,
EAE7,
E975,
E71A,
E832,
EA4F,
E942,
E728,
E7E1,
E9B5,
E903,
E73E,
E7A9,
E927,
E8B8,
E746,
E773,
E89A,
E85D,
E73E,
E745,
E81F,
E804,
E732,
E721,
E7B5,
E7AD,
E71D,
E700,
E759,
E75A,
E702,
E6E2,
E70B,
E70B,
E6DF,
E6C4,
E6C7,
E6C3,
E6B8,
E6A5,
E68B,
E67E,
E68E,
E686,
E657,
E63F,
E662,
E667,
E629,
E605,
E635,
E647,
E600,
E5D1,
E608,
E626,
E5DA,
E59F,
E5DA,
E604,
E5B7,
E571,
E5AD,
E5E3,
E598,
E549,
E583,
E5C1,
E57A,
E523,
E558,
E59D,
E55B,
E4FE,
E52D,
E57A,
E541,
E4E0,
E506,
E556,
E523,
E4BD,
E4DC,
E530,
E507,
E4A0,
E4BB,
E516,
E4F9,
E491,
E4A1,
E4FB,
E4E5,
E47D,
E485,
E4DF,
E4D4,
E470,
E471,
E4C9,
E4C3,
E45D,
E451,
E4A2,
E4A6,
E44A,
E43A,
E485,
E48B,
E42C,
E414,
E460,
E475,
E426,
E410,
E45F,
E47C,
E430,
E40F,
E44E,
E467,
E41A,
E3F3,
E433,
E454,
E404,
E3CF,
E3FD,
E41E,
E3E6,
E3C3,
E406,
E436,
E3E2,
E399,
E3D0,
E408,
E3C8,
E37E,
E368,
E395,
E4BB,
E55F,
E238,
DF1D,
E23E,
E727,
E9C9,
E984,
DD7D,
D03E,
DB51,
EFA7,
F45F,
F03B,
E491,
D5B5,
D2BB,
D744,
DD3C,
E4B3,
EE45,
F802,
F5C9,
EAEC,
E330,
DDA8,
D68F,
CEEB,
CF59,
D6E3,
DD64,
E2E8,
EA71,
F3B4,
F855,
F804,
F67B,
F3E2,
EEC2,
E6F2,
DFDF,
DA18,
D4F0,
D078,
CDD4,
CD6B,
CEA3,
D1A1,
D586,
DA22,
DF70,
E594,
EB41,
EFD7,
F40A,
F826,
FB07,
FBD0,
FC0E,
FCA0,
FC07,
F913,
F5BD,
F35C,
F06C,
EBB9,
E6FC,
E3BE,
E06D,
DB8D,
D6E3,
D45F,
D24A,
CED5,
CBAA,
CAEE,
CAFE,
C9EC,
C8F5,
C9DA,
CB76,
CC1D,
CCBF,
CF0B,
D204,
D3BD,
D522,
D84A,
DC40,
DED2,
E0C3,
E422,
E83F,
EB2B,
ED5E,
F083,
F42F,
F67A,
F7C0,
F9F0,
FCC4,
FE48,
FEB3,
0049,
02E8,
0458,
049C,
059C,
0764,
0807,
075F,
074E,
0804,
07F8,
06EC,
0674,
06DF,
06B2,
0595,
04C6,
049F,
03CC,
01C6,
0034,
FFBF,
FEC3,
FC81,
FAD5,
FAB8,
FA25,
F80C,
F625,
F55E,
F44E,
F20E,
EFE8,
EEAC,
ED74,
EBA8,
E9F8,
E901,
E7FC,
E630,
E436,
E26E,
E0A0,
DE7F,
DC74,
DB15,
D9F8,
D8AA,
D769,
D697,
D5CD,
D424,
D23E,
D11E,
D053,
CF1C,
CDDD,
CD88,
CDA5,
CD13,
CC32,
CBE1,
CBD2,
CAC7,
C933,
C8BA,
C902,
C8D2,
C853,
C81E,
C81C,
C775,
C649,
C587,
C52B,
C4BB,
C43B,
C424,
C47B,
C43A,
C348,
C360,
C4CE,
C3F7,
C009,
C05F,
C6DF,
C85B,
C1DC,
BF60,
C409,
C765,
C7CA,
C612,
C0AF,
C080,
CB68,
D0BD,
C7C8,
C118,
C3C9,
C7D1,
CB6C,
CD7E,
CC25,
C97F,
C525,
C356,
C9A4,
CFE1,
CFEE,
CDF5,
CAD8,
C859,
C938,
CBBC,
D01A,
D406,
D38A,
D163,
CF2B,
CDBC,
D03F,
D46C,
D82B,
DB2B,
DB1D,
D950,
D6A6,
D406,
D51C,
D842,
DAF7,
DD5F,
DECA,
DF5A,
DE57,
DC69,
DC6F,
DDDE,
DEFF,
E017,
E34D,
E80B,
EA4B,
EA5C,
EA00,
E93C,
E81E,
E6BB,
E774,
EA5D,
EC98,
EDF0,
EFFA,
F2D5,
F42C,
F3A3,
F294,
F107,
EFFB,
EFA3,
F0B8,
F3C5,
F683,
F834,
FAB9,
FEED,
01A4,
0179,
00A0,
FF87,
FE48,
FD00,
FC05,
FB9A,
FBA4,
FC05,
FDA8,
0207,
0612,
0743,
0825,
0A7C,
0C4E,
0BE0,
0A98,
0915,
077E,
0632,
051F,
044A,
03D4,
03ED,
04BD,
0740,
0A51,
0BF7,
0D42,
102F,
134A,
136D,
120F,
11AD,
116E,
0F5C,
0C5C,
0A84,
0967,
085C,
0786,
0729,
0742,
0832,
09CF,
0B47,
0CAA,
0E52,
102C,
11C0,
130C,
13A6,
1391,
1392,
13B2,
1347,
124C,
1172,
10D0,
0FB1,
0DF8,
0CA7,
0BF7,
0AF0,
094B,
08BF,
09D0,
0B31,
0C9F,
0EB1,
11BA,
1473,
1654,
1825,
1A2E,
1BA3,
1BE7,
1C5F,
1DDE,
1F36,
1FC4,
205D,
21B8,
2276,
2157,
1FEA,
1F50,
1E6E,
1C03,
19F3,
1A5D,
1B79,
1C08,
1C75,
1CC0,
1D03,
1D8C,
1DD8,
1C69,
1AEE,
1CA8,
1F97,
20DF,
21B5,
2447,
2744,
27B7,
26D5,
26D2,
2719,
2635,
24DB,
25E4,
284E,
2953,
2937,
2738,
23CD,
21E5,
2122,
1F4C,
1CA6,
1B51,
1B24,
1B35,
1B75,
1A17,
1719,
1383,
0F50,
0F71,
1499,
17E1,
188C,
1768,
140A,
11EB,
119A,
1439,
1B07,
1F58,
1F07,
1E22,
1D1B,
1D1D,
1EDC,
2229,
280F,
2BEE,
2AE1,
294B,
2871,
28CC,
2B93,
2F11,
334A,
3596,
328F,
2EC5,
2CC5,
2C33,
2E97,
3179,
334F,
3343,
2DF5,
27C5,
2575,
24ED,
260E,
2770,
267A,
2446,
20CF,
1D2C,
1C17,
1C1E,
1AFA,
19A5,
19DF,
1AFF,
1C5C,
1DBB,
1DB5,
1CCF,
1B8F,
1A5B,
1C25,
1FF6,
2223,
2328,
2493,
2633,
2732,
27A1,
2766,
2699,
25F0,
2574,
2668,
28D1,
299D,
289A,
27E2,
279C,
269C,
24C4,
22E0,
20F9,
202B,
20D8,
21BB,
22AB,
2379,
23EB,
24F5,
2720,
2864,
27A4,
27F4,
2AD5,
2D78,
2EB9,
301D,
324D,
3456,
35F1,
36B4,
35D7,
34C1,
3493,
33CE,
30F0,
2E21,
2D70,
2CCD,
2A38,
27B8,
2756,
27A1,
277F,
2777,
27E4,
28B2,
2A32,
2BDC,
2CA6,
2D2C,
2E82,
2FED,
2FDB,
2F2F,
2FFF,
312D,
2FC4,
2D0B,
2C36,
2C3D,
2A15,
26C1,
2585,
25B5,
250D,
23FF,
24CC,
270B,
2868,
2916,
2AFD,
2DE8,
2F61,
2F73,
3058,
3212,
319B,
2EC1,
2D7F,
2E3F,
2D05,
2939,
2809,
2A71,
2C00,
2BEA,
2D02,
2FED,
32A1,
34CB,
35E1,
3554,
34C0,
34AF,
3443,
333B,
31D6,
2FB4,
2EF6,
315E,
33D2,
34B5,
35C1,
37D8,
39E7,
3B9C,
3C4A,
3AAF,
3873,
366A,
34F7,
3521,
3605,
36FB,
3884,
3B91,
3EF5,
41A1,
4352,
426D,
4046,
3E12,
3BFE,
3B00,
3AD3,
3BC9,
3D6E,
3F0F,
40A1,
41F9,
42CF,
415A,
3E83,
3C19,
3A3B,
3AE6,
3D77,
40C6,
447C,
45E1,
454F,
4347,
4012,
3E33,
3DA0,
3F8E,
43CA,
461F,
4671,
44E2,
4162,
3E29,
3B59,
3B72,
3F0D,
41B7,
42F2,
41CF,
3D88,
3A53,
38EF,
3A1A,
3F0E,
4202,
410F,
3E62,
3954,
36C9,
3995,
3CF2,
4018,
403C,
39D3,
3493,
34CD,
36B0,
3A41,
3BC6,
369F,
3170,
30CF,
31A6,
33D7,
3490,
2E93,
28D7,
2B78,
2FA5,
2F7A,
2D5E,
28CB,
24AC,
27B3,
2C2F,
2913,
23AF,
2355,
24FB,
25B8,
259F,
21F6,
1D1C,
1E64,
2255,
1F68,
190E,
18EA,
1C2D,
1A81,
15BF,
1346,
1258,
1141,
1011,
0D9D,
0A2D,
0954,
0AB4,
08A8,
036F,
01A6,
035A,
01AB,
FC4A,
FA3E,
FC2B,
FB90,
F7A3,
F5A0,
F65F,
F560,
F1B7,
EF41,
EEE8,
EDD4,
EB48,
E953,
E893,
E7BA,
E677,
E4FB,
E327,
E17E,
E04E,
DF0A,
DD59,
DC02,
DB9E,
DB31,
DA0D,
D93C,
D9AE,
D9EC,
D896,
D77E,
D85E,
D949,
D84E,
D787,
D965,
DB8B,
DB28,
DAB6,
DD83,
E0EA,
E14E,
E12E,
E43D,
E832,
E999,
EA48,
ED53,
F13D,
F35A,
F4D1,
F83F,
FC83,
FED6,
0033,
03A5,
0819,
09FB,
0A39,
0C82,
1007,
1153,
10EB,
11D7,
13B1,
13D9,
1277,
11E5,
11FF,
1032,
0C76,
09C7,
083E,
04F5,
FFA4,
FB42,
F824,
F411,
EEA1,
EA2D,
E723,
E3D1,
DFB5,
DD09,
DC76,
DC17,
DB3E,
DBD1,
DE87,
E1B6,
E4A1,
E8A8,
EE86,
F447,
F8BD,
FD4B,
02A6,
06E2,
0850,
0893,
0812,
0630,
022E,
FB6C,
ED51,
F9A6,
F360,
EBFC,
E5CB,
E0BA,
DE59,
DE10,
E0BC,
E563,
EC1E,
F3A5,
FAAA,
0074,
02F7,
0299,
FDEC,
F67D,
EDE2,
E53D,
E07A,
DF08,
E384,
EBDF,
F488,
FCA1,
FE26,
FA7E,
F22C,
E6C8,
E18A,
E181,
E812,
F3D2,
F912,
F85C,
F191,
E541,
E223,
E83F,
EF19,
F68C,
F4FF,
E90E,
E476,
E936,
EE02,
F281,
F13B,
E7A3,
E505,
EDC9,
F1C5,
ECA6,
E90E,
E955,
EAC9,
EDD8,
EE57,
E927,
E6D5,
EC4F,
EF57,
EA0D,
E68C,
EAB7,
EDE1,
EABC,
E7FC,
E9C9,
EBA2,
EAA8,
E96B,
E962,
E9B1,
EA2C,
EA65,
E948,
E84A,
E980,
EAD3,
E94A,
E76C,
E8D7,
EADB,
E951,
E6F9,
E84A,
EAA3,
E94A,
E6BC,
E7CA,
EA38,
E92B,
E6A3,
E768,
E9C4,
E902,
E69A,
E716,
E944,
E8C7,
E693,
E6CC,
E8BD,
E87E,
E692,
E69A,
E848,
E836,
E690,
E672,
E7DC,
E7EB,
E688,
E650,
E77C,
E7A1,
E67B,
E633,
E727,
E759,
E669,
E617,
E6D7,
E710,
E651,
E5FF,
E692,
E6CB,
E636,
E5E6,
E655,
E68B,
E616,
E5CC,
E61E,
E64F,
E5F7,
E5B3,
E5EC,
E615,
E5D5,
E59B,
E5C0,
E5E2,
E5B4,
E584,
E599,
E5B1,
E591,
E56B,
E575,
E584,
E56F,
E552,
E554,
E55B,
E54E,
E539,
E535,
E533,
E529,
E51A,
E50F,
E506,
E501,
E4FC,
E4F3,
E4E8,
E4E5,
E4E6,
E4DB,
E4C9,
E4C7,
E4CE,
E4C2,
E4A9,
E4A7,
E4B5,
E4B0,
E499,
E495,
E4A0,
E499,
E47D,
E475,
E481,
E47B,
E45D,
E453,
E461,
E45D,
E43D,
E432,
E446,
E447,
E425,
E419,
E433,
E43C,
E423,
E416,
E425,
E426,
E3FF,
E3E9,
E3FC,
E409,
E3F8,
E3EB,
E3F3,
E3F2,
E3CD,
E3B1,
E3B4,
E3C6,
E3F1,
E403,
E3A5,
E365,
E3E2,
E46B,
E48A,
E40E,
E135,
DF84,
E672,
ED84,
E768,
DD67,
D853,
D811,
E7B7,
FA4F,
F332,
E0FA,
D817,
D46B,
D5EA,
DB6F,
E4C5,
EFB7,
F48F,
F498,
EE09,
E2F1,
DB0A,
D5A6,
D179,
CF00,
D382,
DDB3,
E4FE,
E9B9,
F00A,
F77A,
F8EA,
F467,
F0BC,
EE2D,
E80C,
DE15,
D74F,
D4A1,
D15D,
CCF0,
CC0A,
CFC4,
D317,
D4EF,
D8F8,
E054,
E69C,
EA68,
EEC1,
F4BA,
F91D,
FA71,
FB82,
FD7C,
FE16,
FC08,
F981,
F795,
F4ED,
F0AA,
EC46,
E8C9,
E510,
E035,
DB8D,
D83F,
D54A,
D1EF,
CEF0,
CD14,
CBB9,
CA4E,
C94B,
C950,
C9DB,
CA62,
CB2C,
CC91,
CE5E,
D06B,
D2B5,
D538,
D7E0,
DA71,
DD0F,
E021,
E36E,
E689,
E981,
EC4D,
EEFA,
F1DA,
F4C8,
F73B,
F950,
FB56,
FD4A,
FF41,
0132,
02EB,
046B,
05AD,
06AF,
07C5,
08EA,
0970,
094F,
0948,
0963,
0944,
08E4,
0865,
07CA,
071A,
0657,
0586,
04B1,
0384,
01D8,
005A,
FF4A,
FDF4,
FC13,
FA5B,
F914,
F7BD,
F62A,
F495,
F311,
F181,
EFD2,
EE24,
EC89,
EAEF,
E943,
E7B4,
E67A,
E53F,
E3AB,
E230,
E147,
E061,
DEE4,
DD5A,
DC41,
DB44,
DA0F,
D8E1,
D807,
D74D,
D672,
D591,
D4CA,
D402,
D2F7,
D1D1,
D0CA,
CFD4,
CEDC,
CDEE,
CD30,
CC8A,
CBA0,
CA93,
C9C6,
C922,
C850,
C766,
C6C1,
C64F,
C5BD,
C519,
C4C5,
C4B6,
C477,
C410,
C40F,
C472,
C466,
C3E7,
C3CB,
C41C,
C4CC,
C5F2,
C5C6,
C3DC,
C3A0,
C5D3,
C6EC,
C644,
C516,
C32A,
C367,
C778,
C917,
C5BE,
C305,
C274,
C349,
C646,
C8A4,
C921,
C819,
C445,
C203,
C49E,
C837,
CBA3,
CDDE,
CD06,
CB3D,
C900,
C7FB,
CB03,
CF22,
D2BC,
D53A,
D48B,
D26D,
CF77,
CD01,
CDF0,
D098,
D467,
D846,
D9D8,
D9C1,
D6FF,
D326,
D106,
D05A,
D2CF,
D726,
DB4E,
DF22,
E0E0,
E109,
DFD0,
DDAF,
DC9D,
DC74,
DDB1,
E01D,
E319,
E682,
E9BA,
ECA0,
EDEC,
EDAC,
EBBA,
E837,
E5B5,
E45B,
E46C,
E602,
E881,
EBE4,
EF4B,
F291,
F55B,
F791,
F86D,
F79E,
F603,
F389,
F1D6,
F176,
F237,
F476,
F6DA,
F8D8,
FB62,
FF01,
022F,
0457,
0541,
041E,
02AC,
01C8,
00F6,
0034,
FF4D,
FD9E,
FCDC,
FEDE,
01D9,
050E,
0822,
0A27,
0C06,
0ED6,
1166,
125C,
1245,
10C5,
0ED5,
0E43,
0DE0,
0BC1,
092C,
07F4,
079A,
0835,
095C,
09C6,
0A1D,
0C4D,
0F73,
117F,
12DF,
1419,
1530,
16DD,
18C4,
18AF,
172B,
171A,
1815,
17C1,
1654,
14DE,
135F,
122D,
114D,
0F66,
0C77,
0ADF,
0ACA,
0A65,
098A,
09DC,
0B93,
0DBA,
1046,
129B,
1481,
1686,
18DE,
1A30,
19EB,
19B9,
1A2C,
19EA,
185B,
16FD,
1662,
1600,
15EA,
1572,
13E7,
12EC,
13F1,
1435,
117A,
0EF0,
0EA5,
0F03,
0F88,
1012,
0FC1,
1081,
1598,
1A88,
1986,
17F9,
1C30,
2169,
2281,
222C,
2247,
22E6,
25D6,
296A,
2AC2,
2AFD,
2AFB,
2AE2,
2C27,
2DB6,
2C64,
297A,
2753,
25C3,
2615,
2785,
2750,
25E4,
23A7,
20CB,
1ED9,
1DA0,
1C4D,
1AEC,
192A,
171F,
16A1,
179D,
1886,
194E,
18D7,
1708,
14F3,
1298,
1272,
14FA,
17D2,
1AD8,
1C44,
1B75,
1A3E,
18AA,
18BA,
1B5F,
1E72,
21B3,
2406,
24C6,
2462,
224D,
2121,
223F,
2480,
2841,
2B83,
2D10,
2D4F,
2B66,
2992,
294F,
2A22,
2CCE,
2FA8,
31B1,
324E,
2F66,
2BAF,
295F,
282F,
298B,
2B97,
2C6C,
2C3E,
29C7,
266F,
2426,
225D,
2109,
1FEA,
1E41,
1C76,
1B22,
1A4A,
1B12,
1C8A,
1BBA,
1987,
16F8,
1473,
14E2,
1772,
19C7,
1BF1,
1C8B,
1BFB,
1D7E,
20AF,
22C1,
23D5,
23E3,
2302,
24D8,
2974,
2D2B,
2FD8,
30DD,
2FF1,
30F3,
348F,
359C,
333A,
3099,
2DEE,
2CF1,
2E9F,
2ECF,
2C1B,
2A97,
2B9F,
2C2E,
2B86,
29B4,
25D1,
237B,
2523,
2602,
234A,
21C0,
2428,
273F,
29D3,
2BF4,
2CCE,
2E13,
31E0,
34C9,
3329,
30DE,
314B,
31A1,
2F34,
2C3A,
2ABE,
29C5,
28EC,
27F8,
25EA,
23D9,
23F7,
24A4,
22C7,
2045,
20B2,
225E,
2221,
2158,
230C,
261B,
286D,
2A5B,
2C2B,
2DD9,
2FF0,
3217,
326D,
3152,
2FE3,
2E1D,
2C6B,
2AC6,
27E7,
240B,
2281,
233A,
236C,
2315,
2438,
26E2,
2A86,
2F2F,
3236,
3313,
34BB,
37B3,
3884,
3669,
33C0,
30BD,
2E68,
2D44,
2C61,
2B97,
2B2F,
2B06,
2CB5,
319A,
3617,
389B,
3A84,
3C10,
3CDA,
3C94,
3B79,
394C,
36C7,
33E6,
3238,
33CB,
3663,
38D2,
3B59,
3E06,
404D,
417B,
41B8,
40A9,
3E8F,
3AC5,
36C5,
3499,
33EC,
35C9,
392E,
3D6B,
41C5,
441A,
451B,
453C,
4479,
422E,
3F16,
3CB8,
3B2C,
3C46,
3F42,
42FB,
46F7,
481D,
46E9,
436E,
3E37,
3A56,
37D2,
3908,
3D91,
41B3,
4549,
45AA,
42C9,
3F0F,
3A95,
38BD,
39EB,
3D18,
4278,
4597,
45B4,
434F,
3DCB,
3A43,
39F2,
3BC8,
4082,
435A,
42B4,
3FDB,
39DF,
35CD,
3605,
3815,
3C99,
3F00,
3BFF,
37FF,
33ED,
31E8,
3517,
3840,
384A,
36BA,
3285,
2F45,
3149,
3403,
344B,
331F,
2F11,
2B77,
2DA7,
30F1,
3072,
2E46,
2A9F,
2730,
28B3,
2B6D,
28DB,
2463,
22D0,
22A8,
2351,
2403,
20F4,
1C3C,
1BE4,
1DBD,
1BBE,
1799,
15EA,
15CF,
1562,
14B6,
1288,
0F47,
0E95,
0FE9,
0E50,
0A37,
08DE,
0A14,
08F2,
0573,
03B7,
03E9,
02EE,
008D,
FE9E,
FD48,
FBD9,
FA4C,
F867,
F606,
F44C,
F3A5,
F23C,
EF71,
ED56,
ECB2,
EB5B,
E869,
E617,
E567,
E460,
E212,
E03C,
DFD9,
DF33,
DD33,
DBA2,
DBD1,
DBC3,
D9ED,
D85D,
D8BF,
D92A,
D801,
D6EF,
D772,
D83F,
D836,
D832,
D90E,
DA2B,
DAE9,
DBB3,
DD19,
DEAF,
DFC3,
E0D8,
E2E0,
E54D,
E73B,
E90D,
EB7C,
EE3E,
F0FD,
F3BC,
F662,
F8F5,
FB82,
FE09,
00C0,
038B,
05F9,
0819,
0A23,
0C0F,
0DFB,
0FD3,
1113,
11C0,
122C,
1251,
1207,
114A,
1020,
0E81,
0C57,
0996,
069A,
036A,
FFC8,
FB9D,
F772,
F35C,
EF38,
EAF3,
E720,
E3EC,
E0FB,
DE20,
DC1B,
DB2B,
DB26,
DC13,
DDF7,
E0EC,
E48F,
E8A8,
ED67,
F2FF,
F892,
FD87,
01F8,
05B9,
0860,
0977,
0818,
015A,
0753,
061E,
0362,
FDB5,
F6FC,
F0C1,
EAA7,
E409,
DE79,
DCA9,
DD52,
DFCF,
E42B,
EB93,
F428,
FAB9,
FF97,
01CE,
0168,
FBF3,
F365,
EB21,
E38C,
DF5F,
DE65,
E3C1,
ED84,
F5D8,
FC95,
FD27,
F889,
EFD0,
E41B,
E015,
E30D,
EA62,
F592,
F982,
F61C,
EEA9,
E319,
E183,
EB6C,
F25A,
F547,
F20F,
E6E7,
E381,
EB98,
F0DD,
F0F4,
EE1D,
E6F3,
E578,
EEB3,
F29D,
EA8F,
E5D4,
EA6D,
EDEF,
ECA6,
EAD3,
E937,
E8F1,
EC09,
EDA7,
E9A7,
E6DE,
EAC7,
EDE8,
EA36,
E6CF,
E9B2,
ECAC,
EA4F,
E794,
E912,
EB13,
EA08,
E873,
E8C8,
E995,
E984,
E923,
E8B8,
E866,
E8DC,
E977,
E8B4,
E78A,
E83F,
E99D,
E8C6,
E703,
E7B2,
E988,
E8C6,
E6A5,
E735,
E957,
E8BF,
E668,
E6C4,
E908,
E8A9,
E645,
E66A,
E8AF,
E888,
E62D,
E61C,
E84F,
E85E,
E61F,
E5DE,
E7F0,
E82E,
E613,
E5A7,
E792,
E7F8,
E60A,
E57C,
E739,
E7BE,
E600,
E556,
E6E4,
E782,
E5F5,
E537,
E697,
E748,
E5E8,
E51B,
E64E,
E70B,
E5D8,
E502,
E60C,
E6D1,
E5C7,
E4ED,
E5CF,
E698,
E5B5,
E4DA,
E598,
E661,
E5A1,
E4C7,
E564,
E62B,
E58D,
E4B8,
E537,
E5F8,
E576,
E4A7,
E50C,
E5C9,
E562,
E49A,
E4E6,
E59A,
E54A,
E48B,
E4C2,
E56F,
E535,
E480,
E4A3,
E544,
E51A,
E471,
E486,
E521,
E506,
E460,
E460,
E4EC,
E4DF,
E449,
E440,
E4C4,
E4C3,
E432,
E41B,
E492,
E49B,
E41A,
E3FE,
E46F,
E482,
E409,
E3E4,
E44D,
E46C,
E403,
E3DC,
E43B,
E45D,
E3F9,
E3C8,
E41D,
E448,
E3F5,
E3C5,
E40D,
E433,
E3D6,
E391,
E3CA,
E3FA,
E3CE,
E398,
E36D,
E37F,
E46B,
E4EB,
E349,
E1A1,
E1B5,
E332,
E8D6,
EC6A,
E120,
D49D,
DA6D,
E6C4,
F0D5,
F69A,
E992,
D664,
D32C,
D7D5,
DC9E,
E2A2,
EC88,
F6DA,
F59F,
ED3B,
E565,
DDAE,
D6B1,
D104,
D0CB,
D4FA,
DB91,
E410,
EB63,
F17D,
F619,
F90E,
F7C4,
F27E,
ED40,
E82B,
E159,
D8DC,
D357,
D144,
CF1B,
CC8A,
CD37,
D1D4,
D5EC,
D8A6,
DD6B,
E523,
EB3F,
EE65,
F227,
F7A3,
FB1F,
FB0B,
FB0A,
FC92,
FC64,
F8CD,
F545,
F38E,
F0E3,
EB96,
E6A9,
E41D,
E13C,
DC1A,
D761,
D517,
D30C,
CF81,
CC7C,
CBFC,
CBEE,
CA3E,
C8D4,
C9C2,
CB56,
CBBA,
CC40,
CEA9,
D199,
D313,
D460,
D78D,
DB60,
DDE5,
E000,
E339,
E6D2,
E920,
EADF,
EDE3,
F176,
F3B5,
F533,
F78B,
FA53,
FC27,
FD57,
FF45,
01A8,
02DA,
0319,
0412,
059E,
064C,
0631,
066C,
06FA,
06ED,
063F,
0616,
068B,
0623,
04AF,
03C9,
03AA,
032E,
022A,
0136,
0073,
FF5F,
FDC7,
FC93,
FC25,
FB32,
F936,
F773,
F665,
F537,
F39C,
F215,
F0E6,
EF95,
EDDD,
EC34,
EAF3,
E983,
E763,
E56D,
E461,
E355,
E195,
DFCC,
DE71,
DD37,
DBFB,
DAC9,
D9B1,
D885,
D6D4,
D521,
D432,
D37A,
D239,
D0EE,
D073,
D03D,
CF70,
CE6D,
CDB7,
CD2A,
CCC7,
CC6D,
CB8A,
CA6A,
CA06,
CA0A,
C97A,
C89C,
C854,
C873,
C8B4,
C8FF,
C7A9,
C521,
C5F9,
C991,
C8A0,
C3A6,
C2FC,
C67C,
C837,
C818,
C5F6,
C194,
C15D,
C634,
C86A,
C70F,
C4F6,
C20A,
C185,
C474,
C7A1,
CADF,
CB20,
C67B,
C35D,
C3B5,
C5C9,
CA3C,
CD67,
CD7D,
CC16,
C893,
C67E,
C84A,
CB46,
CF2C,
D223,
D273,
D12E,
CD88,
CA73,
CAAF,
CC7D,
CFF8,
D386,
D590,
D629,
D3C6,
D080,
CE2A,
CCCC,
CD9D,
CFE5,
D3F9,
D878,
DAE1,
DBEC,
DB53,
D9B4,
D7B8,
D5CE,
D588,
D684,
D8FE,
DC84,
E091,
E4A6,
E669,
E655,
E489,
E16F,
DE6E,
DBB0,
DAD9,
DBBB,
DE2E,
E1FF,
E5D0,
E988,
EBEA,
ECEE,
ED35,
ECC1,
EBB0,
EA10,
E850,
E67B,
E613,
E75D,
EA34,
EED4,
F33F,
F71B,
F9E8,
FB41,
FC00,
FC42,
FBD3,
FAA1,
F8BA,
F5E7,
F350,
F14D,
F093,
F1F5,
F431,
F6FE,
FA13,
FD1A,
007B,
04A5,
08BA,
0C72,
0EFC,
0EFD,
0DF2,
0C9E,
0AFF,
0969,
078C,
04C6,
0216,
0089,
0005,
0171,
03B1,
0527,
06B4,
0977,
0CEC,
1118,
1547,
178F,
18B5,
199C,
1A34,
1B21,
1BD2,
19ED,
1664,
1357,
109F,
0EB4,
0D67,
0B94,
098B,
090D,
09DE,
0B5E,
0D79,
0ED6,
0F88,
11D1,
1595,
1773,
1755,
176D,
17C8,
18DE,
1AE1,
1B04,
18BB,
1825,
1A17,
1A5E,
1802,
16CC,
17B1,
17DC,
16B1,
14A5,
113E,
0F59,
10DC,
1017,
098C,
0613,
0B03,
0E12,
0924,
064F,
0B97,
116F,
1482,
15F7,
1451,
1390,
183C,
1C7E,
1B19,
18A0,
17CA,
1850,
1C28,
2059,
212D,
20D9,
20BC,
20F9,
233D,
259E,
24D9,
2262,
1E5B,
1A68,
1BC5,
1FA7,
21CD,
22D0,
2165,
1EB1,
1E05,
1E8F,
1F59,
2028,
1EC6,
1BF4,
19DA,
1889,
1AAB,
1F84,
2300,
2538,
255B,
2394,
2158,
1EC6,
1F39,
22C8,
253E,
2661,
2721,
277B,
2719,
25D8,
25B7,
2735,
278A,
2610,
2539,
259A,
2576,
243A,
23FB,
25B1,
2660,
24DA,
2310,
2183,
1FB7,
1D32,
1C07,
1E05,
1FBA,
1F33,
1E79,
1E75,
1E34,
1CDF,
1BF2,
1CEF,
1DFB,
1D74,
1CF0,
1DD7,
1EF7,
1F17,
1F69,
21C1,
2425,
23DE,
2295,
217D,
20AC,
20C9,
21E0,
25B7,
2A38,
2AE7,
297A,
277B,
2521,
237E,
2289,
2397,
25B6,
2572,
23BF,
2312,
2317,
23B1,
24AE,
250E,
24D8,
225F,
1E25,
1D2D,
1F2B,
2162,
23CA,
24F9,
24DE,
2518,
25AE,
2758,
2A4D,
2AE6,
287F,
27AF,
2922,
2B71,
2EBD,
311B,
31E6,
32CC,
3417,
35BB,
3833,
387C,
34C9,
3194,
308D,
2FD1,
2F3D,
2DC7,
2A21,
2764,
27B7,
2825,
273D,
25D0,
236F,
21FC,
2426,
25AA,
21C9,
1E44,
20F6,
247D,
23DC,
22A6,
23DA,
260C,
28F1,
2BB1,
2BF5,
2BDA,
2FA2,
33E0,
31E3,
2D91,
2DAE,
2F30,
2CBC,
2856,
24C1,
21D1,
210A,
2178,
1F1B,
1B7E,
1CBD,
2135,
231E,
235D,
2511,
27DE,
2AEF,
2E31,
30C8,
32B0,
336C,
3305,
32C6,
32B3,
31E0,
304E,
2D63,
28F4,
26E4,
27E1,
27E8,
2657,
2682,
2917,
2BDC,
2E65,
31ED,
3714,
3A63,
3A49,
3AC9,
3D70,
3EAA,
3CF2,
3ABA,
38CE,
363F,
3234,
2F64,
2FE3,
30E8,
30F5,
31CE,
34C2,
383D,
3B6A,
3E8A,
420B,
445F,
4340,
40D8,
3E8B,
3C25,
39AA,
37B1,
3770,
3823,
3938,
3ADC,
3DBE,
40E6,
42C1,
439B,
4310,
416D,
3E7B,
3AF0,
3869,
36D6,
374D,
394E,
3C80,
4064,
4311,
44AA,
4482,
42E8,
40A0,
3DDC,
3BBA,
3A48,
3ACB,
3D11,
3FA2,
425F,
437B,
42E5,
40A0,
3CA5,
3969,
3726,
368E,
37E0,
3A3A,
3DBC,
3F52,
3E37,
3BED,
3844,
35C9,
353D,
367C,
3A4A,
3D1A,
3DAD,
3CC0,
39B8,
36F9,
355F,
3570,
38A4,
3B47,
3B66,
3A0B,
3669,
3342,
32AF,
3361,
35F9,
37B3,
3544,
31DE,
2F47,
2DA7,
2EBD,
3053,
304D,
2F33,
2BD3,
2867,
28F9,
2AD0,
2AE5,
2A05,
279D,
24E0,
24EB,
261B,
25DC,
24C9,
22BF,
205E,
206D,
21AC,
2055,
1D79,
1BDC,
1B0C,
1A81,
1A1D,
189A,
1640,
14BD,
13E3,
1297,
10E7,
0F20,
0D42,
0BDE,
0AF6,
0946,
06BB,
04EE,
0402,
0294,
007D,
FE9E,
FD12,
FB50,
F939,
F78D,
F688,
F530,
F337,
F17C,
F049,
EEF3,
ED45,
EB8A,
E9C1,
E834,
E725,
E5FB,
E45A,
E2CF,
E18B,
E091,
E01A,
DF8C,
DE58,
DD27,
DC59,
DBB1,
DB1C,
DA9B,
DA2C,
D9C4,
D936,
D8D2,
D914,
D988,
D99B,
D9B3,
DA3E,
DB07,
DBE5,
DCE3,
DE0F,
DF5C,
E095,
E1E6,
E3C8,
E5FA,
E7ED,
E9CE,
EBE2,
EE1F,
F099,
F343,
F626,
F92B,
FBCF,
FE2E,
00CB,
0391,
061B,
086E,
0A8E,
0C79,
0DFF,
0F21,
1036,
113C,
11D0,
11ED,
119F,
10E6,
0F98,
0DAD,
0B7C,
0916,
0634,
02CB,
FF15,
FB18,
F6ED,
F297,
EE64,
EA77,
E6B7,
E320,
E006,
DD91,
DBD5,
DAF3,
DB07,
DC56,
DE7B,
E16D,
E511,
E981,
EE5B,
F39C,
F8D1,
FDDF,
0237,
05AA,
034E,
05A5,
0773,
0747,
05BE,
01D1,
FCA9,
F69B,
F029,
E95F,
E329,
DEE3,
DC7A,
DC88,
DED8,
E424,
EB50,
F2CD,
FA15,
FF14,
01D7,
0005,
FAD5,
F319,
E9EF,
E2D7,
DDF7,
DED7,
E461,
EC8E,
F682,
FBD1,
FCE1,
F793,
ECD7,
E4D9,
DFCA,
E27A,
ECD1,
F49D,
F980,
F65D,
EA44,
E3B1,
E430,
E932,
F3D3,
F662,
ED47,
E724,
E67A,
E956,
F174,
F369,
E9D3,
E4E1,
EAC0,
EF0A,
EDDD,
EBAE,
E8B4,
E7F5,
ECD1,
EF55,
E9C0,
E5EF,
EAB8,
EE83,
EAB2,
E728,
E97A,
EBFB,
EAB1,
E8F8,
E919,
E9AB,
EA25,
EA4C,
E922,
E808,
E95B,
EAE6,
E946,
E71E,
E8A5,
EAFC,
E962,
E6AA,
E7FC,
EA9F,
E952,
E683,
E783,
EA20,
E92C,
E67F,
E723,
E989,
E8EF,
E68E,
E6E5,
E8F9,
E8A7,
E6A0,
E6BA,
E872,
E855,
E6AA,
E69A,
E7FB,
E802,
E6AD,
E681,
E78F,
E7AB,
E6A6,
E66D,
E734,
E759,
E695,
E658,
E6E3,
E709,
E680,
E646,
E69D,
E6BD,
E662,
E631,
E660,
E676,
E640,
E61B,
E62B,
E635,
E61B,
E605,
E5FD,
E5F9,
E5F4,
E5EC,
E5D3,
E5C1,
E5CC,
E5D3,
E5AF,
E590,
E5A4,
E5B9,
E58E,
E563,
E57E,
E59F,
E572,
E53C,
E556,
E582,
E556,
E519,
E534,
E568,
E53E,
E4F7,
E50F,
E54B,
E527,
E4DB,
E4ED,
E52D,
E50C,
E4BB,
E4C6,
E50B,
E4F0,
E49C,
E4A2,
E4EB,
E4D8,
E481,
E47F,
E4C5,
E4BA,
E467,
E463,
E4AD,
E4A8,
E451,
E441,
E488,
E48B,
E43B,
E42A,
E473,
E47D,
E42A,
E40D,
E44F,
E45A,
E406,
E3E3,
E425,
E43A,
E3ED,
E3C1,
E3F0,
E400,
E3BA,
E38E,
E3BF,
E3DA,
E39E,
E37A,
E3C8,
E3EB,
E352,
E30C,
E44D,
E520,
E37E,
E1CE,
E1B3,
E30A,
E8B1,
EC1E,
E185,
D621,
DA6C,
E492,
F044,
F838,
EA54,
D61A,
D310,
D7E4,
DCA8,
E2AE,
ECC6,
F70E,
F5CC,
EDB4,
E5A1,
DD60,
D67D,
D156,
D136,
D51A,
DBF9,
E508,
EC4E,
F1F4,
F662,
F958,
F7C7,
F22A,
ECF6,
E829,
E156,
D8B2,
D34C,
D16C,
CF45,
CCA2,
CD80,
D264,
D6A0,
D97D,
DE4F,
E5C1,
EB9A,
EEC3,
F296,
F7F6,
FB5A,
FB74,
FB84,
FC9D,
FC13,
F89D,
F539,
F340,
F063,
EB5F,
E6A6,
E3A5,
E053,
DB5C,
D6E0,
D462,
D21E,
CED3,
CC0D,
CB2F,
CAAD,
C919,
C7EF,
C8B3,
CA0A,
CA9B,
CB66,
CD96,
D02B,
D1CA,
D36D,
D686,
DA1E,
DCD3,
DF4E,
E288,
E5F7,
E876,
EA98,
ED8B,
F0CD,
F329,
F504,
F73F,
F99C,
FB60,
FCC5,
FEAF,
00E2,
0259,
033E,
0447,
0561,
0620,
0691,
0723,
07CE,
07C9,
0719,
06A2,
066C,
0606,
056D,
04BF,
0402,
02F0,
0178,
0068,
FFF3,
FF2A,
FDE0,
FC7E,
FB14,
F9A3,
F82F,
F6E5,
F5F3,
F4AF,
F2C0,
F0FB,
EFBC,
EE93,
ED6C,
EC41,
EB08,
E9C3,
E86D,
E722,
E60E,
E4DA,
E333,
E17E,
DFF7,
DE8C,
DD61,
DC2A,
DA7E,
D8D5,
D7B0,
D6C4,
D5FE,
D530,
D3F5,
D292,
D14A,
D01A,
CF39,
CE6B,
CD0E,
CBA7,
CBA5,
CC28,
CB39,
C9A7,
C90B,
C8FB,
C959,
C9C7,
C761,
C38A,
C5A7,
CB6B,
C8E5,
C0B0,
C125,
C836,
CB14,
CA63,
C644,
BF19,
C0EF,
CB7D,
CDB7,
C731,
C31F,
C1EF,
C3BC,
C8EE,
CD13,
CFD3,
CD80,
C459,
C0C6,
C5DD,
CA96,
CDA3,
CED2,
CD6E,
CA2B,
C402,
C1D3,
C77D,
CD10,
D043,
D14B,
CED6,
CB4E,
C6C9,
C479,
C76B,
CBFD,
D173,
D5CA,
D6C2,
D5A1,
D17B,
CD46,
CB8E,
CBC8,
CF52,
D42B,
D93E,
DD66,
DE06,
DCAE,
D9B8,
D614,
D2E7,
D0C0,
D211,
D540,
D8DD,
DC92,
DF15,
E079,
DF66,
DCDA,
DAA3,
D8A9,
D742,
D68B,
D773,
D9A9,
DCE2,
E0DA,
E490,
E7ED,
EA1A,
EB22,
EA71,
E83E,
E5BB,
E309,
E0DD,
DF53,
E02E,
E37D,
E6E8,
EA4A,
ED4B,
EFD0,
F132,
F136,
F173,
F239,
F1E2,
F007,
EE2B,
EC8B,
EB6D,
EAE7,
EBF1,
EF4A,
F2D6,
F5F6,
F917,
FC47,
FF20,
0156,
0366,
05C2,
0702,
0603,
043A,
021A,
FFE6,
FDD7,
FC52,
FC21,
FC2F,
FB55,
FB16,
FD1F,
0018,
0344,
06A5,
0A30,
0D6E,
0F31,
1099,
139C,
16A2,
172E,
166C,
1567,
1409,
1268,
10B1,
0FB7,
0EFC,
0CDB,
0A33,
0960,
09C9,
0AA5,
0BEB,
0D1E,
0E5A,
1022,
1255,
14E0,
179C,
1913,
1972,
1A8C,
1C41,
1D2B,
1D4F,
1C93,
1AF7,
1A46,
1AA4,
1A53,
1934,
1798,
155F,
147C,
158C,
145D,
0FA7,
0DA7,
1056,
106B,
0B6A,
08BF,
0AFA,
0C95,
0BD7,
0B42,
0B38,
0C9F,
10D1,
142D,
1484,
148F,
150B,
16B8,
1B8F,
1F09,
1D15,
1A34,
1882,
1854,
1C6E,
1FE2,
1CC5,
18AD,
1876,
198B,
1ADB,
1C1A,
1CA4,
1C24,
185F,
1401,
1394,
1504,
16F1,
18BB,
1745,
1482,
13F0,
14C7,
173E,
1A96,
1CA9,
1DB6,
1C77,
19DF,
1949,
1A4F,
1D9A,
228C,
2598,
270F,
27BC,
27AD,
26E3,
2588,
26CC,
2A92,
2CA3,
2CE6,
2D80,
2E87,
2E4A,
2C8F,
2CBC,
2F67,
3088,
2F75,
2E82,
2E13,
2C89,
294C,
2763,
27DE,
281D,
2779,
26D9,
269D,
2532,
2182,
1E23,
1C25,
1AC6,
1A0E,
19E1,
1A8C,
1AC2,
1965,
17AF,
160B,
14A5,
13B9,
1372,
1479,
15C0,
1661,
16BE,
16C8,
16C5,
16DA,
176F,
19CB,
1C99,
1E3B,
1F28,
1F1F,
1EA7,
1E40,
1E5E,
211B,
2521,
287D,
2B35,
2BF6,
2B61,
2A02,
2859,
2918,
2B71,
2E00,
3089,
30B3,
2F09,
2D1D,
2B0E,
2B21,
2CF6,
2E05,
2E54,
2C55,
282D,
25DF,
2581,
2679,
28D6,
296E,
27EE,
25A3,
226C,
21D9,
24D2,
26F3,
2790,
272E,
255B,
251D,
2782,
2A74,
2DEA,
2FBA,
2E6E,
2D6D,
2DB8,
2F60,
33CF,
35D9,
3182,
2E02,
2F80,
312D,
310D,
2FE4,
2CF1,
2A54,
2A4A,
2A38,
27FA,
256E,
23D9,
228B,
2123,
1FE5,
1F28,
1E9C,
1DAD,
1D0E,
1E16,
1FB0,
201B,
207A,
2302,
2640,
277C,
27E9,
2987,
2B9F,
2D4C,
2E8B,
2E93,
2DCA,
2D2F,
2C9B,
2BEB,
2B18,
297C,
275C,
263C,
25E8,
2508,
23CB,
23AC,
2493,
258C,
269B,
281F,
2A13,
2C43,
2EAA,
30D2,
32A9,
3440,
3591,
366C,
36C3,
36A0,
35F9,
34F9,
33A4,
320E,
301B,
2F00,
2F5A,
2FA3,
2F44,
2FA7,
317C,
336E,
34E5,
36F9,
3A8C,
3D7E,
3E76,
3EE5,
3F6E,
3F3E,
3D78,
3B87,
3A84,
3971,
3770,
35A1,
3504,
3512,
358F,
36D5,
39FC,
3D79,
3F6F,
4092,
4113,
40F3,
3FDB,
3E63,
3DB7,
3D47,
3C1D,
3AC9,
3A4A,
3A68,
3B3D,
3C9E,
3E84,
409E,
41D7,
424A,
418C,
3FD5,
3D67,
3A7C,
382D,
3682,
367F,
37F0,
39CF,
3C03,
3D73,
3E17,
3D9D,
3C06,
3A78,
390B,
3814,
37A5,
3843,
3A16,
3BD5,
3D5C,
3E24,
3DFD,
3CDA,
3A78,
3880,
375A,
3708,
37D9,
38FA,
3A62,
3B0F,
3A6C,
38EA,
3639,
33BB,
3205,
316A,
32C9,
3475,
35D1,
363E,
34A1,
3234,
2EEB,
2CA7,
2E0F,
304E,
31AA,
324B,
3152,
2F9A,
2D29,
2B70,
2DF5,
3141,
30DE,
2EB5,
2B19,
277B,
27B5,
29B9,
2BAD,
2CF7,
2988,
2415,
22F1,
241F,
255D,
264A,
22B6,
1C9C,
1B38,
1CE8,
1DC3,
1DE9,
1A6E,
1454,
13F2,
181B,
17B8,
1365,
1037,
0E15,
0E16,
1042,
0E3C,
079B,
05D3,
09C9,
09CE,
04B4,
01A8,
0192,
0179,
013C,
FF38,
FA65,
F833,
FAC1,
FA8C,
F4AE,
F131,
F350,
F39C,
EED5,
EB8F,
ECF4,
ED51,
E9B7,
E68C,
E5FE,
E597,
E44B,
E2BA,
E0C4,
DF20,
DEB5,
DE31,
DC23,
DA69,
DB23,
DBDA,
D996,
D74F,
D896,
DA60,
D8E1,
D6EC,
D833,
DA32,
D926,
D783,
D95E,
DC59,
DC35,
DB19,
DD1C,
E078,
E16C,
E173,
E42A,
E83F,
E9E7,
EA4C,
ED02,
F127,
F37E,
F4B0,
F789,
FB93,
FE15,
FF69,
0200,
05AD,
0825,
0983,
0B96,
0E63,
1016,
10A1,
1172,
12AD,
12F2,
121D,
115C,
10EC,
0F8C,
0D01,
0A50,
07BD,
048D,
0094,
FC99,
F8F0,
F4E6,
F040,
EBCB,
E7E9,
E447,
E0E7,
DE1D,
DC4A,
DB0A,
DA5E,
DA7E,
DBE4,
DE11,
E12D,
E4E1,
E905,
EEC3,
F9D4,
F07D,
F59B,
FB6F,
FFCE,
0373,
05F7,
0744,
0654,
03DB,
FFCF,
FA9A,
F410,
ED13,
E6B9,
E141,
DD7B,
DB8D,
DCC6,
E075,
E64F,
EDA4,
F52A,
FC50,
0044,
016D,
FE75,
F843,
F012,
E6C2,
E0B4,
DDC6,
E045,
E76D,
EFEB,
F940,
FCB7,
FA86,
F3A2,
E85C,
E1C4,
E05B,
E544,
F116,
F787,
F73B,
F1B1,
E5C6,
E131,
E73A,
EDD0,
F462,
F418,
E8C4,
E31C,
E8E2,
EE19,
F056,
EF25,
E7A3,
E475,
EC6E,
F15E,
EBA7,
E700,
E929,
EBB9,
EC58,
EBD2,
E8FA,
E74F,
EAFF,
EDDC,
E9C3,
E5EF,
E989,
ED5D,
EA23,
E649,
E8AA,
EBE8,
EA17,
E74B,
E855,
EA4A,
E9A1,
E833,
E850,
E8F8,
E906,
E8CA,
E866,
E7FD,
E861,
E910,
E877,
E745,
E7BE,
E915,
E885,
E6D7,
E73C,
E8F3,
E883,
E68D,
E6C9,
E8B3,
E875,
E667,
E670,
E85F,
E851,
E648,
E623,
E806,
E828,
E637,
E5E9,
E7AD,
E7F6,
E62A,
E5B8,
E755,
E7BD,
E61C,
E58F,
E701,
E782,
E60E,
E56D,
E6B2,
E744,
E5FE,
E551,
E66A,
E707,
E5EC,
E537,
E628,
E6CB,
E5D8,
E520,
E5EA,
E690,
E5C3,
E50C,
E5B4,
E657,
E5AC,
E4F8,
E582,
E623,
E596,
E4E9,
E556,
E5F1,
E57D,
E4D7,
E52B,
E5BE,
E562,
E4C5,
E506,
E591,
E54B,
E4B7,
E4E5,
E566,
E531,
E4A7,
E4C7,
E542,
E51A,
E496,
E4A3,
E50F,
E4F5,
E47F,
E485,
E4ED,
E4E0,
E474,
E471,
E4CE,
E4CB,
E469,
E45D,
E4AF,
E4B0,
E454,
E442,
E492,
E498,
E43C,
E41B,
E458,
E462,
E41A,
E3FE,
E438,
E445,
E3FC,
E3D9,
E40E,
E426,
E3F1,
E3D6,
E409,
E427,
E3FF,
E3E4,
E40D,
E415,
E398,
E377,
E4C1,
E54F,
E2B1,
E0C5,
E335,
E670,
E95C,
E917,
DCFB,
D2F8,
DF06,
EF72,
F3BE,
F0DB,
E154,
D057,
D247,
DC07,
E25C,
E820,
F10C,
F8D4,
F2C8,
E5D8,
DE15,
D8F3,
D356,
CEE2,
D23B,
DAC1,
E250,
E959,
F023,
F62D,
F896,
F7CF,
F491,
EF1F,
E919,
E29F,
DBEC,
D534,
D0EA,
CF1F,
CE0B,
CDA4,
D00C,
D570,
DA41,
DE0B,
E356,
EA86,
EFF7,
F2D4,
F63D,
FAE5,
FD6A,
FCB0,
FC1F,
FCC3,
FBA7,
F78E,
F3B9,
F17D,
EE41,
E8B5,
E3C4,
E10B,
DDDC,
D89D,
D413,
D20B,
D01A,
CC92,
C9D2,
C9D8,
CA20,
C88E,
C764,
C8AC,
CA64,
CA9A,
CB12,
CDCA,
D0FB,
D28C,
D3FF,
D728,
DABE,
DCF4,
DEE8,
E251,
E627,
E8B2,
EAC9,
EDF6,
F177,
F3A4,
F531,
F7B6,
FAA0,
FC6D,
FD93,
FF74,
01A9,
0296,
02A5,
03A1,
0539,
05DE,
05C6,
0677,
07C5,
07E5,
06F2,
06E2,
07AE,
0777,
0631,
0569,
053C,
0439,
0236,
00C9,
0034,
FF01,
FCEA,
FB34,
FA27,
F8D9,
F70B,
F5A8,
F515,
F3F0,
F1A6,
EFA4,
EE77,
ED22,
EB3C,
E98E,
E891,
E741,
E4E8,
E2CF,
E1C3,
E0DE,
DFBA,
DEAB,
DDF5,
DD19,
DB81,
DA04,
D98A,
D90F,
D78B,
D5E8,
D508,
D453,
D339,
D22A,
D1D4,
D199,
D06F,
CF1C,
CED5,
CF04,
CF4E,
CF5C,
CD53,
CAB1,
CBE1,
CE89,
CC25,
C770,
C7B3,
CAC8,
CC4A,
CC9B,
C914,
C34F,
C5FD,
CE85,
CE37,
C71B,
C413,
C477,
C5E4,
C847,
C9B0,
CA19,
C739,
C0F9,
C03F,
C5B5,
C9EA,
CC64,
CC25,
C898,
C565,
C2D9,
C3AF,
C93B,
CD80,
CF3D,
CF1B,
CC77,
C9D0,
C793,
C76B,
CABC,
CEB2,
D2F4,
D534,
D36A,
D0A3,
CD82,
CB41,
CB05,
CC4D,
CFD9,
D39A,
D674,
D7E0,
D655,
D38C,
CFEB,
CCC2,
CBD3,
CC66,
CEE9,
D27F,
D702,
DB15,
DBFF,
DB57,
DA37,
D88A,
D5DD,
D34A,
D35A,
D500,
D757,
DA5E,
DE66,
E2BD,
E56E,
E6DD,
E704,
E617,
E423,
E17C,
DF2B,
DD3E,
DC59,
DC73,
DDFD,
E0C6,
E412,
E7C1,
EAFC,
EDB1,
EED1,
EE62,
ED8D,
EC61,
EAB3,
E88B,
E71D,
E69A,
E664,
E66C,
E7D2,
EAE3,
EE32,
F181,
F529,
F95A,
FC5C,
FD85,
FE20,
FE7C,
FDAD,
FB17,
F89E,
F718,
F576,
F343,
F18E,
F0ED,
F0E2,
F145,
F295,
F57C,
F8DA,
FC17,
FF5E,
02BA,
05D5,
0836,
0A58,
0CD8,
0EC7,
0EE7,
0E32,
0D5E,
0C3A,
0AA3,
08E0,
076D,
0601,
03FA,
0201,
015C,
0191,
024C,
0388,
0555,
0783,
097A,
0B7B,
0E4C,
11A5,
1588,
1986,
1AED,
1A8A,
1BD4,
1E26,
1E86,
1D57,
1C90,
1C0B,
1A89,
182D,
15AC,
130E,
127A,
140A,
1239,
0C95,
0BD9,
1104,
12F6,
107E,
0F9F,
111D,
12B6,
1435,
15AC,
1725,
177D,
15EF,
15F1,
1918,
1B15,
1A2E,
19B1,
1AB0,
1C39,
1E76,
202A,
207A,
2056,
1FE1,
1F8D,
201F,
1FDF,
1D0F,
1A13,
18B6,
1772,
1550,
12F5,
104C,
0E6D,
0F8F,
1134,
106D,
0F22,
0F17,
0F71,
0F96,
0F8F,
0ECA,
0DF9,
0EC6,
1011,
0F5B,
0E0E,
0EE8,
110C,
13C8,
16DF,
18EF,
1A76,
1D30,
206D,
20FF,
1FE3,
217A,
24E5,
2623,
25C0,
266C,
27F6,
2925,
2A0E,
2B8B,
2D8D,
2FCC,
323D,
32DD,
317F,
3058,
2F9B,
2DFE,
2B48,
2A7F,
2C52,
2DA0,
2DDF,
2E46,
2F24,
2E67,
2B36,
27E4,
24E7,
2284,
2112,
2050,
2063,
20D0,
21AF,
21B1,
1FCB,
1D5F,
1AD6,
182F,
1537,
1335,
139F,
14BB,
15A1,
16A8,
183F,
1915,
171C,
1499,
139D,
1309,
11C8,
1135,
13C9,
1768,
19A0,
1B5E,
1D71,
1F38,
1F15,
1E43,
1F0E,
209D,
21C1,
22E4,
2527,
27EA,
2936,
29C9,
2BF1,
2F02,
3124,
32A0,
3487,
3685,
3660,
348A,
337D,
3318,
3281,
31CC,
3255,
3404,
3457,
3340,
31F8,
307D,
3005,
30C4,
3000,
2D48,
2B38,
2A51,
276B,
2185,
1EA7,
20A2,
21E0,
2127,
2006,
1E4B,
1E1A,
20D5,
22C8,
2241,
2241,
243D,
2544,
236B,
222A,
237C,
253E,
26C9,
27CB,
274C,
270C,
2862,
2A8F,
2E50,
30F4,
2E64,
2B40,
2C4E,
2E18,
2E0C,
2CC7,
2936,
2521,
2332,
223D,
21E0,
2166,
1DF5,
19FD,
1AD3,
1DD6,
1E84,
1E62,
1FE3,
225E,
2528,
2824,
2A50,
2C15,
2F9E,
3419,
35DB,
358D,
34FD,
3430,
354F,
37E1,
3616,
3079,
2DE7,
2E3D,
2CAD,
2935,
27A5,
282B,
285C,
281C,
27C2,
2727,
2902,
2E10,
3184,
3242,
343E,
3871,
3B2E,
3B4B,
3C16,
3EBE,
3FEF,
3E61,
3C43,
3A1B,
378F,
3476,
3180,
2EE5,
2D42,
2D7A,
2DF5,
2D74,
2E1C,
31F3,
3614,
384A,
3AC0,
3FA4,
43D0,
43E9,
42B7,
425E,
4164,
3DD0,
39D8,
3869,
37AE,
356B,
334E,
341F,
3626,
36D5,
377B,
3AE8,
3F3C,
40B0,
407D,
4056,
3FB1,
3C85,
37F4,
34E6,
3303,
323A,
3294,
3540,
39AD,
3DC3,
4173,
4408,
4572,
443E,
40AE,
3CF1,
3926,
365A,
34A7,
350A,
3796,
3AB9,
3E59,
40C6,
41BA,
40C6,
3DA1,
39AA,
34DF,
31E1,
3187,
32C9,
35E0,
396A,
3D71,
3EBE,
3B5D,
373E,
3335,
2FEE,
2DD4,
2E31,
32F0,
37E6,
3B8B,
3CC5,
392E,
3478,
3003,
2CF7,
2D5C,
2FA9,
349D,
38BA,
37DA,
34A2,
2EEC,
29D9,
2A92,
2D8B,
3112,
339C,
3088,
2B37,
26A7,
235E,
2576,
29D3,
2C33,
2CD4,
2813,
2105,
1F12,
2026,
2312,
2695,
2382,
1C8A,
1975,
1926,
1C07,
20F3,
1F2C,
1863,
15AB,
1641,
1849,
1B85,
1910,
114B,
0EFD,
1238,
12F9,
1104,
0E16,
0A03,
0974,
0D5E,
0CF7,
0682,
036F,
05A1,
0605,
0342,
0004,
FC4C,
FA92,
FC8A,
FBEB,
F5A0,
F1C0,
F41C,
F4C8,
EFEC,
EC61,
EDBD,
EE48,
EADB,
E794,
E692,
E5D1,
E47D,
E2EC,
E0DE,
DF1A,
DEA4,
DE19,
DBC7,
D9C7,
DAC2,
DBE8,
D9B1,
D72F,
D836,
D9E3,
D84E,
D627,
D754,
D96B,
D890,
D6EC,
D82C,
DA91,
DADE,
DA7C,
DC6A,
DF71,
E094,
E0DF,
E31F,
E682,
E86F,
E98A,
EC1B,
EFA8,
F21B,
F3CA,
F642,
F95B,
FBF5,
FE27,
009E,
0358,
05C7,
07EF,
09F1,
0BD3,
0D81,
0EFE,
103B,
113D,
11EE,
1255,
1227,
1154,
102D,
0ECE,
0CCD,
0A0A,
0711,
0424,
0094,
FC16,
F79E,
F3A7,
EF7A,
EACA,
E682,
E349,
E03F,
DCFB,
DA79,
D99F,
D96B,
D975,
DA60,
DCD2,
E0EE,
E8C6,
E0CB,
E42E,
E8C8,
EE46,
F402,
F8B8,
FD06,
0173,
051D,
064C,
05F0,
04BD,
0250,
FD4C,
F6E0,
F083,
EA33,
E3D9,
DE3A,
DBBE,
DBBE,
DDF0,
E222,
E918,
F1B9,
F8A1,
FDE8,
0069,
0042,
FB66,
F2D2,
EA73,
E29A,
DE54,
DD96,
E27A,
EC80,
F4DF,
FB47,
FBCF,
F636,
EDE1,
E2D3,
DEE1,
E38C,
EAEB,
F535,
F8AA,
F2A4,
EB2A,
E25D,
E14A,
ECAC,
F3D0,
F1F4,
ED64,
E568,
E2F8,
EC61,
F240,
ED5E,
E882,
E725,
E812,
ED79,
F017,
E909,
E400,
EA40,
EFA7,
EB00,
E636,
E8AF,
EBD7,
EAFB,
E953,
E8B7,
E8AE,
E9FE,
EB1B,
E925,
E6ED,
E8E4,
EB91,
E97A,
E647,
E804,
EB29,
E98B,
E655,
E78D,
EA7A,
E971,
E6AE,
E753,
E99E,
E910,
E6F9,
E734,
E8CE,
E899,
E736,
E72F,
E81C,
E81A,
E760,
E739,
E78C,
E79B,
E76B,
E740,
E718,
E721,
E75D,
E742,
E6BD,
E6B1,
E73D,
E73C,
E677,
E64F,
E714,
E735,
E643,
E5F9,
E6E1,
E725,
E619,
E5AC,
E6A7,
E70F,
E5F9,
E56C,
E66D,
E6F4,
E5DF,
E533,
E62F,
E6D4,
E5C8,
E502,
E5F2,
E6B1,
E5B5,
E4DA,
E5B8,
E68B,
E5A5,
E4B9,
E580,
E662,
E594,
E499,
E547,
E634,
E580,
E47E,
E513,
E608,
E56F,
E467,
E4E2,
E5DC,
E55F,
E457,
E4B8,
E5B2,
E54E,
E446,
E48D,
E584,
E53B,
E437,
E466,
E559,
E52A,
E42F,
E44D,
E541,
E529,
E432,
E432,
E513,
E50A,
E41B,
E409,
E4E3,
E4F0,
E410,
E3EC,
E4B8,
E4D6,
E405,
E3D4,
E499,
E4C9,
E404,
E3C2,
E474,
E4B2,
E404,
E3BD,
E461,
E4A5,
E3F2,
E39A,
E447,
E4A5,
E3F8,
E385,
E3FD,
E47A,
E4B9,
E458,
E22C,
E12E,
E4BF,
E811,
E7E7,
E4F3,
DAC0,
D4AC,
E4D9,
F65A,
F2BD,
E785,
DA9B,
D03A,
D504,
DFC3,
E74B,
ED92,
F3A1,
F6F1,
EE66,
E0B3,
D993,
D5E5,
D227,
D001,
D5B2,
E007,
E78C,
ED5B,
F342,
F86D,
F8D3,
F56F,
F0DF,
EB2C,
E495,
DD66,
D73E,
D231,
CF19,
CDF6,
CE01,
CF37,
D27B,
D7CC,
DCC7,
E12D,
E69A,
ED36,
F22B,
F4EE,
F7F4,
FBAF,
FD66,
FC55,
FB59,
FB36,
F971,
F519,
F138,
EEFB,
EBAD,
E612,
E131,
DE86,
DB67,
D665,
D247,
D0C2,
CF3B,
CC0E,
C9A8,
C9D9,
CA34,
C8DB,
C818,
C9F1,
CC0F,
CC43,
CCC0,
CFCF,
D33D,
D4A7,
D5FC,
D97E,
DD5F,
DF43,
E0C9,
E427,
E7F7,
EA13,
EBB3,
EEE0,
F27C,
F459,
F57D,
F807,
FB11,
FC77,
FD06,
FEEB,
0168,
0233,
01EF,
02D2,
0461,
049C,
03E5,
044B,
0582,
057C,
046D,
043E,
04D6,
045B,
02D6,
0259,
02F6,
026F,
009C,
FF7B,
FF3E,
FE2F,
FC0C,
FA99,
FA35,
F927,
F709,
F55D,
F48D,
F345,
F113,
EF5E,
EEB9,
EDB8,
EBC4,
EA0E,
E91B,
E800,
E647,
E4C9,
E418,
E317,
E0F6,
DEF8,
DDF3,
DCF9,
DB6E,
DA07,
D96B,
D8C6,
D74A,
D5BF,
D4C8,
D404,
D345,
D297,
D21E,
D180,
CFCD,
CE19,
CE95,
CF63,
CCEA,
C9B3,
CA8B,
CCDA,
CC4C,
CA6C,
C8AF,
C76C,
CA1F,
CE84,
CD08,
C838,
C63C,
C635,
C8BA,
CCD6,
CCD8,
C9CC,
C70B,
C4A5,
C5D6,
CA10,
CCDB,
CE3E,
CC82,
C7C6,
C58C,
C601,
C7E2,
CB36,
CD77,
CE64,
CCD7,
C84A,
C531,
C438,
C561,
C932,
CD09,
D0A1,
D157,
CD98,
C9D6,
C703,
C5A0,
C664,
C8AA,
CCF4,
D0C9,
D305,
D3E9,
D2E6,
D0C8,
CD12,
CA96,
CBCD,
CE56,
D17A,
D4FF,
D8E5,
DBFC,
DCC5,
DC16,
D994,
D67B,
D3C4,
D1EA,
D292,
D470,
D66A,
D8E6,
DCF2,
E0FF,
E219,
E199,
E0A5,
DF13,
DC71,
D962,
D71D,
D5A9,
D621,
D802,
DA9B,
DDD0,
E167,
E529,
E85C,
EAEC,
EB87,
EA8E,
E9AB,
E8C2,
E683,
E340,
E1D9,
E236,
E2D5,
E3BC,
E5E5,
E94A,
ECA7,
EFE0,
F29F,
F4C9,
F654,
F735,
F743,
F669,
F4F7,
F2EE,
F0B1,
EE50,
EC3E,
EAA2,
E9C4,
E9DA,
EAC8,
ECB0,
EF39,
F26B,
F5B1,
F8B4,
FBC6,
FF25,
01FC,
03A5,
04F2,
065E,
0731,
06CD,
05D5,
0494,
02DC,
0039,
FDB3,
FC7F,
FBAB,
FA5C,
F95E,
F9BA,
FAA1,
FB26,
FBE6,
FD9C,
000F,
03C6,
07DB,
0A49,
0C2C,
0FC5,
13C5,
1513,
151F,
1773,
1A95,
1ABF,
18FD,
16AB,
1413,
1482,
16B9,
13E2,
0D93,
0C48,
0EC8,
0D88,
0953,
0801,
094B,
0B11,
0D4D,
0EB3,
0F37,
0F75,
0F5F,
121D,
1832,
1B5E,
1AB6,
1A73,
1AFB,
1C7C,
1F61,
215F,
21FE,
20FF,
1D95,
1C03,
1E08,
2048,
2242,
22A5,
2005,
1DC0,
1D31,
1D87,
1F56,
2031,
1E48,
1B9D,
18B8,
1616,
147A,
1323,
11AE,
105F,
0F69,
0E88,
0D5B,
0C63,
0BCE,
0C51,
1013,
1475,
1665,
16D2,
14B0,
120D,
12F3,
152D,
15EB,
162C,
170D,
182D,
1929,
19F2,
194E,
1843,
1A70,
1E8A,
2209,
24F7,
25C5,
24FA,
24B6,
24A8,
223E,
1E30,
1DA8,
201D,
21FB,
2356,
24AC,
25EA,
26DB,
2780,
2678,
23A1,
22DE,
24A3,
250B,
239B,
22D3,
230D,
22E3,
2225,
2117,
1F87,
1F64,
21A0,
2308,
2271,
2295,
24A5,
2556,
22F0,
20F4,
20F2,
20CA,
1F69,
1EDF,
20B0,
2288,
2323,
2372,
23D4,
23D3,
22F2,
21BE,
2055,
1F3C,
1F69,
1FD6,
1F8B,
1F2D,
1F65,
1F8F,
1E84,
1D6E,
1E0D,
1F65,
2075,
219D,
23EA,
2626,
2538,
22B4,
20D4,
1F4D,
1E1A,
1D79,
1E90,
20FC,
252D,
2A44,
2C06,
2B72,
2BC5,
2C8F,
2B68,
28EA,
2931,
2BC5,
2E1E,
3035,
2F8A,
2C3F,
2BC5,
2E3D,
2ED9,
2D52,
2F7E,
35FD,
38D0,
36FA,
3388,
2E58,
2B34,
2B32,
2B3C,
2B0C,
295A,
2539,
21FC,
20B9,
1FA8,
1E3B,
1E38,
20E9,
22BC,
2206,
204E,
1D39,
1B53,
1CB5,
1ECD,
2126,
21DC,
1DEB,
1A1B,
199A,
1B39,
2079,
2586,
25FE,
2533,
24A7,
254D,
2A98,
308F,
3261,
3232,
304B,
2E3A,
3004,
32F8,
3398,
329E,
2EB0,
29A5,
283E,
288D,
2745,
252D,
2290,
1FEC,
2043,
225E,
2162,
1EA7,
1F05,
21C2,
2619,
2B99,
2D2A,
2B8C,
2D93,
32C3,
36C2,
3996,
3A73,
3947,
39F1,
3CB4,
3C26,
37B6,
35C4,
372F,
36C9,
33E1,
30AF,
2D40,
2B6E,
2C1B,
2BDD,
2978,
296F,
2DB2,
309A,
2FDB,
3063,
3429,
37FB,
3ADB,
3D55,
3F4C,
4111,
432B,
43BC,
40C5,
3D87,
3C5B,
3AA3,
360E,
31ED,
316F,
3160,
2EBC,
2C9A,
2E5A,
311F,
3214,
333C,
373B,
3BCE,
3E34,
3F94,
40E3,
4184,
4008,
3D6A,
3AE2,
3865,
3638,
347B,
33CF,
340E,
359D,
380F,
3A1B,
3BF6,
3E9E,
418B,
4221,
40E3,
3FB5,
3E67,
3B55,
36E5,
33A7,
3199,
30DB,
316D,
3315,
35C1,
38D2,
3C32,
3E17,
3E49,
3CE4,
39C2,
3699,
33AE,
3120,
2EE4,
2F82,
341D,
3823,
3A76,
3C76,
3E73,
3E3B,
3A6E,
3674,
3328,
313A,
3191,
334B,
36E6,
39DB,
3A88,
3A10,
388A,
35C7,
3088,
2C7E,
2D3E,
2FA4,
32D3,
3579,
35BE,
343A,
2F90,
2A97,
289E,
2864,
2A70,
2D5B,
2FD0,
3119,
2DF4,
2911,
25D3,
23ED,
2586,
28C3,
2AB8,
2B66,
277B,
2165,
1FAA,
20B0,
2331,
266C,
25D0,
2288,
1EFE,
1B75,
1C7B,
20DD,
214A,
1E6F,
1AAF,
162F,
1560,
1808,
1881,
16BE,
13D7,
0FB6,
0EBE,
1180,
1136,
0D01,
0A05,
08D6,
0830,
0840,
068F,
0212,
FF84,
0075,
0050,
FDBE,
FB24,
F8DB,
F784,
F803,
F782,
F441,
F1DA,
F274,
F22F,
EE8F,
EB6F,
EB3D,
EB03,
E8F9,
E6E0,
E5BC,
E4C1,
E387,
E23B,
E0B8,
DF76,
DF45,
DF24,
DDBE,
DC39,
DBF7,
DBF4,
DAD6,
D990,
D980,
D9D1,
D92E,
D85B,
D8B1,
D985,
D996,
D970,
DA34,
DB78,
DC5A,
DD20,
DE6D,
E016,
E191,
E2FF,
E4C4,
E6CE,
E8CB,
EAC7,
ED02,
EF71,
F1D6,
F433,
F68C,
F8E4,
FB65,
FE12,
0086,
02C0,
0516,
0791,
09A5,
0B41,
0CD3,
0E70,
0FA1,
1051,
10C6,
1116,
10CD,
0FC4,
0E62,
0CC8,
0A95,
0798,
046F,
0166,
FDE8,
F9A2,
F554,
F167,
ED59,
E8DB,
E4B4,
E17B,
DEAB,
DC0C,
DA15,
D91B,
D989,
DCD0,
D98C,
DB5C,
DE02,
E0E8,
E47A,
E98E,
EF1A,
F408,
F8BB,
FDC8,
024B,
04B7,
05B5,
05E8,
04DB,
011A,
FBA5,
F5CE,
EF93,
E8D0,
E23A,
DE04,
DBCE,
DBB7,
DDAD,
E30C,
EADA,
F24E,
F939,
FE2A,
00FF,
FEFE,
F8CB,
F110,
E830,
E139,
DC61,
DD97,
E4C2,
ED25,
F670,
FB11,
FA6C,
F46B,
E867,
E0EF,
DF93,
E3D9,
EF31,
F64C,
F6AA,
F1CA,
E578,
DFEA,
E6DA,
EDF4,
F322,
F2E4,
E861,
E250,
E879,
EE49,
EF5A,
EDBE,
E743,
E3FA,
EBA2,
F140,
EAD5,
E4F4,
E8A4,
ECE0,
EB99,
E95B,
E871,
E860,
EA63,
EC07,
E942,
E646,
E8F4,
EC6A,
E9D0,
E605,
E81B,
EBA9,
E9E3,
E686,
E7AE,
EA6B,
E98C,
E73E,
E7A4,
E941,
E8FE,
E7CC,
E7B6,
E83F,
E853,
E81F,
E7D4,
E77F,
E7B1,
E843,
E7F3,
E6F5,
E71C,
E83B,
E805,
E697,
E69D,
E815,
E807,
E656,
E630,
E7D9,
E7FC,
E62B,
E5D6,
E793,
E7E5,
E60D,
E58B,
E747,
E7C5,
E5F8,
E54E,
E6F8,
E79D,
E5E9,
E51D,
E6AC,
E770,
E5DD,
E4F5,
E660,
E73E,
E5D0,
E4D4,
E61A,
E709,
E5C3,
E4B8,
E5D7,
E6D4,
E5B5,
E4A1,
E59A,
E69F,
E5A7,
E48E,
E560,
E667,
E595,
E47C,
E52C,
E633,
E585,
E46E,
E4FB,
E5FE,
E571,
E461,
E4CE,
E5CA,
E55C,
E454,
E4A5,
E59A,
E548,
E449,
E47F,
E567,
E52D,
E43B,
E45B,
E53C,
E51C,
E436,
E443,
E518,
E50A,
E42D,
E425,
E4EC,
E4F3,
E42C,
E416,
E4D0,
E4E3,
E41F,
E3F7,
E4A5,
E4C9,
E41C,
E3E9,
E481,
E4AB,
E40C,
E3D4,
E46B,
E4A7,
E414,
E3CC,
E44C,
E488,
E3FF,
E3A6,
E3EE,
E44A,
E4B0,
E486,
E2CE,
E1DE,
E3B6,
E607,
E8AB,
E822,
DCC0,
D4DB,
E1C2,
F0DB,
F329,
EE8C,
DED8,
CFCF,
D3F6,
DED3,
E5DC,
EBE8,
F309,
F7B4,
F02D,
E37B,
DB93,
D632,
D250,
D0B8,
D52C,
DD5D,
E55E,
ED21,
F2D9,
F6A9,
F7E0,
F6B0,
F21A,
EAF1,
E4C2,
DF4A,
D8E9,
D221,
CEDF,
CECE,
CE8F,
CE45,
D161,
D7C3,
DCB5,
DFFD,
E538,
EC9B,
F1A9,
F3CD,
F6C4,
FB18,
FCEC,
FB65,
FA73,
FB03,
F981,
F4CE,
F0E6,
EF1D,
EBFF,
E634,
E155,
DEEC,
DBEC,
D6E2,
D2E0,
D1A2,
D02F,
CCCC,
CA46,
CA75,
CAB7,
C93C,
C85B,
C9EC,
CBC1,
CC20,
CCD8,
CF96,
D28F,
D3E8,
D555,
D8C1,
DC78,
DE7B,
E047,
E3C2,
E78F,
E9CF,
EBA2,
EEB2,
F206,
F3F7,
F562,
F7EA,
FAC0,
FC21,
FCCD,
FE8B,
00B2,
0181,
0189,
027A,
03E1,
0428,
03AE,
0404,
04E1,
04C6,
03EA,
03B7,
040A,
03A3,
0292,
0200,
01E9,
0130,
FFCE,
FEDB,
FE6E,
FD51,
FB5D,
F9F9,
F95D,
F840,
F663,
F4EC,
F41F,
F2F0,
F110,
EF91,
EECE,
EDD5,
EC51,
EB0F,
EA6A,
E980,
E7E6,
E64B,
E4F2,
E391,
E207,
E09A,
DF84,
DE67,
DD07,
DB99,
DA21,
D8CA,
D7BE,
D6F4,
D6B3,
D63D,
D443,
D29A,
D42B,
D587,
D15F,
CCBE,
CEE8,
D290,
D10F,
CD82,
C9A7,
C6BA,
CAD3,
D0F6,
CE03,
C734,
C539,
C5F9,
C8C3,
CC7C,
CC9B,
CA5D,
C6CB,
C2BD,
C459,
C9CA,
CC68,
CCC7,
CA29,
C533,
C293,
C21B,
C4DF,
CA85,
CDD0,
CEB2,
CCC2,
C7FA,
C507,
C43A,
C62F,
CB3F,
CF41,
D1C4,
D15A,
CD40,
C986,
C6BB,
C615,
C861,
CBB9,
D01A,
D374,
D4FC,
D4BA,
D210,
CE6A,
C99E,
C6A6,
C781,
CA0E,
CE49,
D2AB,
D67E,
D8EE,
D89F,
D716,
D4B3,
D1E6,
CE9D,
CC75,
CDA3,
D05C,
D409,
D815,
DBCF,
DEFB,
E0E5,
E1AA,
E0B1,
DE8D,
DB12,
D779,
D649,
D675,
D714,
D87D,
DBC0,
E00D,
E45D,
E866,
EAAF,
EB91,
EB02,
E948,
E70A,
E451,
E0A5,
DC90,
DAFB,
DB6E,
DC35,
DD70,
E029,
E41F,
E7BD,
EAF9,
ED93,
EF7F,
F0FB,
F204,
F241,
F1A8,
F10A,
F080,
EF63,
EDA0,
EBC8,
E9D9,
E900,
E9A6,
EA62,
EACF,
ECBD,
F0FC,
F4A9,
F6CF,
F8DB,
FB29,
FCDC,
FD80,
FDE4,
FE58,
FE70,
FE04,
FD18,
FB73,
F9A8,
F812,
F668,
F426,
F2CB,
F41B,
F60B,
F71B,
F855,
FA86,
FCE8,
FEB3,
006E,
025D,
04BF,
08F1,
0D02,
0D22,
0C50,
1005,
143B,
108C,
0A60,
0C5C,
1192,
118E,
0ED5,
0BDB,
08F7,
0A04,
0D05,
0A21,
040B,
04A9,
09B7,
0C42,
0CF3,
0B6E,
0849,
08B7,
0C35,
10A8,
15E0,
161B,
118E,
10C8,
13F9,
1762,
1AF7,
1C4C,
1AFB,
19D9,
190B,
1AA5,
1F79,
225F,
223B,
219E,
20B1,
206E,
2151,
22A9,
24CA,
24E7,
215F,
1DAC,
1AC7,
18B2,
17FB,
17D8,
1898,
17DF,
1346,
0EDD,
0C93,
0C65,
1022,
1458,
16D9,
17D1,
1570,
12DA,
130B,
1468,
16C9,
192F,
1A0F,
1A24,
1990,
189D,
179F,
16AF,
15B0,
1569,
1891,
1D1D,
1FBF,
212C,
20E7,
1FBD,
1FDE,
20A7,
2116,
2150,
2170,
2170,
21D1,
2234,
1FCE,
1B73,
18DD,
17C9,
185E,
1A6A,
1BD6,
1CAB,
1E92,
2167,
21D9,
1FD8,
1D56,
1A62,
18B2,
1894,
182C,
1736,
183C,
1BDE,
1E3E,
1E88,
1EF9,
1FFB,
2034,
1F3F,
1DFC,
1C5D,
1C02,
1E07,
1F92,
1F3C,
200A,
23BF,
26C8,
2749,
2758,
27AA,
27B8,
2752,
269B,
2544,
247D,
25B1,
272A,
276A,
2806,
2B0E,
2DAA,
2C3F,
29EC,
29E3,
29EA,
2734,
240B,
2342,
23BB,
2545,
2738,
2803,
2864,
2A06,
2B8A,
28BD,
2404,
22FD,
23C1,
21ED,
1F03,
1F8B,
222C,
2349,
235E,
2290,
212D,
2191,
235D,
24AB,
2597,
2710,
28F5,
2A55,
2B2F,
2A19,
2716,
25CE,
2678,
27AC,
2967,
2AD8,
2BDC,
2C7C,
2CAB,
2C5B,
2B69,
2B0C,
2B8C,
2D03,
2FFA,
312C,
2F56,
2C3A,
2798,
2449,
23EF,
2440,
2506,
24C4,
2219,
1F10,
1C21,
1A73,
1BA4,
1D5F,
1E8F,
1F28,
1E5D,
1D48,
1C5C,
1C32,
1E42,
20B6,
21FE,
2277,
2129,
1FD8,
2109,
237E,
2728,
2AB6,
2AD2,
29B1,
2A13,
2B84,
2F89,
3452,
3582,
3487,
3202,
2F04,
30E0,
3549,
3627,
348D,
308F,
2B15,
2996,
2AF9,
2B58,
2AF3,
28E7,
258D,
257A,
284C,
28B9,
26EF,
2652,
26E6,
2A51,
30C7,
33E0,
32E9,
334A,
357D,
3834,
3B99,
3CF1,
3B43,
3B8B,
3F5B,
4065,
3CB1,
3935,
3713,
3548,
33F8,
324F,
2F9D,
2E29,
2F85,
3050,
2E84,
2D8F,
2F66,
31B9,
3381,
3582,
3823,
3ADB,
3DAA,
3F9A,
3F27,
3E1F,
3E1C,
3DC0,
3B79,
38FB,
384A,
37F2,
365A,
349F,
3418,
340D,
338B,
3344,
349C,
36BC,
3874,
3A14,
3C3C,
3E5B,
3EF3,
3E69,
3CEB,
3AAC,
3820,
3561,
3291,
2FEE,
2F19,
2FB6,
3079,
317E,
33EA,
376F,
3A0C,
3BC6,
3C81,
3C3F,
3BC1,
3B10,
3927,
3600,
33E4,
330B,
3329,
3459,
35A6,
36E5,
3890,
3ACC,
3C34,
3C78,
3B7F,
38E6,
3671,
349D,
333E,
3276,
3251,
32FA,
3427,
360C,
3766,
3780,
368F,
33FD,
3161,
2F9E,
2E73,
2E22,
2E6F,
2F85,
30C7,
31D5,
327B,
3241,
3162,
2F73,
2D84,
2CF9,
2D20,
2DF1,
2EDF,
2EFC,
2E99,
2D92,
2C43,
2B40,
2A70,
29F9,
29C2,
29D6,
2A01,
29B3,
290F,
2817,
26DE,
256F,
23F3,
237B,
23AE,
2396,
2335,
21BB,
1F68,
1D6F,
1BCB,
1B7A,
1C49,
1BA3,
199B,
1702,
13DF,
12CB,
13EF,
1406,
12DC,
104B,
0C00,
0A62,
0C6A,
0CE5,
0AF6,
0821,
0411,
0289,
0555,
05CD,
0190,
FE0B,
FCAC,
FC56,
FDB7,
FD02,
F73B,
F374,
F60E,
F793,
F3D1,
F020,
EF1E,
EE9F,
EE35,
ED04,
E935,
E634,
E801,
E97D,
E533,
E0C5,
E21A,
E408,
E113,
DD61,
DD67,
DE5C,
DD5E,
DBD0,
DAE4,
DA4B,
DA30,
DA2A,
D8D0,
D735,
D821,
DA11,
D943,
D75E,
D8B6,
DBB1,
DBB1,
DA24,
DBA9,
DF12,
E008,
DF71,
E186,
E588,
E71C,
E6CF,
E8EB,
ED13,
EF33,
EF74,
F1C6,
F629,
F8E8,
F9D7,
FC35,
0042,
02FA,
03F9,
05DA,
0903,
0B46,
0C34,
0D7B,
0F82,
10AA,
1073,
103C,
106F,
0FEB,
0E3A,
0C5C,
0AAF,
0887,
0595,
0251,
FEE3,
FB1C,
F6C7,
F25E,
EE12,
E9E8,
E5E1,
E231,
DEEA,
DC44,
DA3A,
DBBA,
DA78,
D96F,
D94A,
D9FA,
DC56,
DF88,
E2F6,
E6DF,
EBF8,
F176,
F68F,
FB4A,
FFC4,
037D,
054E,
0598,
04AC,
0268,
FDE6,
F7D8,
F181,
EAF9,
E48A,
DEA6,
DB81,
DABD,
DC73,
E05B,
E6C1,
EEFF,
F648,
FC68,
FF86,
FFA9,
FB71,
F337,
EABE,
E256,
DD93,
DCBB,
E103,
EAB0,
F333,
F9ED,
FAE6,
F4DF,
ECA6,
E213,
DDF3,
E331,
EAB1,
F47E,
F7E1,
F062,
E887,
E1F3,
E194,
ECEF,
F446,
EFFC,
EA49,
E528,
E413,
ECC0,
F280,
EBD3,
E595,
E77B,
EAB2,
ECBA,
ED17,
E893,
E51E,
EA1D,
EF08,
EA67,
E502,
E862,
ED0C,
EAB7,
E6F7,
E803,
EA54,
E9FF,
E8C8,
E851,
E840,
E8F7,
E9D2,
E8C4,
E711,
E80A,
EA1E,
E909,
E679,
E74F,
E9F3,
E922,
E64E,
E6D5,
E986,
E907,
E64B,
E67F,
E8F7,
E8C6,
E65C,
E64F,
E86A,
E874,
E671,
E636,
E7E7,
E814,
E67D,
E628,
E773,
E7B3,
E680,
E622,
E70E,
E750,
E676,
E61C,
E6B9,
E6F4,
E663,
E617,
E672,
E69E,
E649,
E611,
E636,
E64E,
E628,
E606,
E605,
E606,
E602,
E5F7,
E5DA,
E5C6,
E5DA,
E5E5,
E5B5,
E58B,
E5B0,
E5D1,
E596,
E557,
E584,
E5BA,
E579,
E529,
E558,
E59E,
E55E,
E4FF,
E52E,
E583,
E547,
E4DC,
E506,
E565,
E52F,
E4B9,
E4DB,
E544,
E517,
E49C,
E4B7,
E529,
E508,
E488,
E497,
E509,
E4F1,
E46E,
E474,
E4EA,
E4DF,
E45D,
E457,
E4CA,
E4C7,
E444,
E434,
E4A7,
E4B0,
E42E,
E413,
E482,
E498,
E422,
E404,
E476,
E49A,
E42D,
E406,
E46A,
E491,
E42C,
E3F9,
E449,
E46A,
E3F4,
E3E5,
E50B,
E547,
E2B3,
E179,
E4E5,
E7F9,
E83B,
E5A9,
DBD5,
D6AD,
E54D,
F406,
F27C,
EA34,
DAD1,
CE52,
D5C3,
E2FE,
E986,
EE06,
F3FC,
F71F,
ED33,
DED1,
D82C,
D526,
D220,
D107,
D786,
E1EC,
E989,
EF88,
F4B6,
F87A,
F80A,
F470,
EF4A,
E8DE,
E24D,
DBC0,
D5D6,
D0BE,
CE4D,
CE3E,
CED1,
D01D,
D3D1,
D9B5,
DED0,
E312,
E874,
EEF2,
F36F,
F59D,
F82B,
FB5B,
FC78,
FB06,
F9ED,
F9BF,
F7C3,
F33D,
EF5F,
ED15,
E9AC,
E441,
DF9D,
DCCD,
D98D,
D4EC,
D142,
CFCC,
CE30,
CB2F,
C91C,
C972,
C9D9,
C8E6,
C880,
C9F5,
CB92,
CC0C,
CCF9,
CFCB,
D2CB,
D461,
D61B,
D98D,
DD31,
DF66,
E16A,
E490,
E7E1,
EA20,
EC31,
EF73,
F2E1,
F4CA,
F628,
F89F,
FB52,
FCA3,
FD52,
FEC4,
0079,
0178,
0216,
0347,
04AA,
04E5,
0462,
04B1,
057A,
053D,
0444,
040F,
046C,
0431,
0374,
02E7,
027F,
0172,
FFC4,
FE8E,
FDDC,
FCAF,
FAF5,
F9C9,
F94E,
F82E,
F632,
F48A,
F369,
F1F4,
EFF7,
EE65,
ED85,
EC8E,
EB4A,
EA21,
E938,
E809,
E64A,
E4AF,
E382,
E269,
E14F,
E031,
DEF7,
DDF1,
DD97,
DCA6,
D9A5,
D753,
D83B,
D918,
D77F,
D529,
D209,
D088,
D626,
DA81,
D103,
C6D7,
CCFE,
D68C,
D5A9,
D0B1,
CA50,
C4F0,
C93B,
D0BB,
D129,
CE11,
C94B,
C437,
C42B,
C71E,
CBAB,
D05F,
CD0B,
C523,
C22C,
C298,
C507,
C8FF,
CC97,
CF82,
CC8A,
C4FB,
C137,
C0D3,
C22C,
C52B,
C960,
CE98,
CF34,
CB01,
C770,
C4D0,
C383,
C3B1,
C6FA,
CDFF,
D272,
D32A,
D24D,
CFD3,
CC31,
C711,
C4AE,
C6BD,
CA12,
CE4D,
D2DE,
D7CC,
DABE,
DA1C,
D837,
D58B,
D230,
CDAD,
CAE1,
CC2B,
CF0A,
D2FA,
D730,
DB30,
DE2D,
DED8,
DE65,
DD6D,
DB83,
D79B,
D3AC,
D1D7,
D154,
D260,
D482,
D797,
DB24,
DE70,
E196,
E4E8,
E793,
E754,
E567,
E318,
E07E,
DE42,
DC5A,
DACC,
D9CB,
DA3E,
DBF2,
DF84,
E455,
E800,
EAD8,
EDD8,
F0BE,
F279,
F319,
F1F1,
EF3A,
ECBF,
EA85,
E883,
E6C8,
E52A,
E3AB,
E3B1,
E55C,
E6AF,
E77A,
E8A5,
EA39,
EC64,
EF49,
F1C3,
F383,
F58B,
F827,
F9ED,
FA74,
FA26,
F8D7,
F776,
F663,
F518,
F343,
F215,
F261,
F2B0,
F240,
F223,
F2F3,
F3DA,
F433,
F51B,
F79C,
FA56,
FC3F,
FE4F,
0194,
0477,
051E,
0512,
0545,
05B4,
0757,
08A2,
066D,
03E3,
069E,
0A42,
0797,
02D7,
01E6,
02A5,
0325,
0394,
032B,
0281,
031E,
0485,
065F,
084F,
079E,
0583,
06DA,
0A89,
0D4F,
0F69,
1078,
10B0,
1156,
1262,
14C4,
184F,
19E3,
1990,
19D7,
1AC4,
1C2F,
1E22,
1FAA,
20B3,
20B7,
1F81,
1EF6,
1F76,
1FA4,
1F57,
1E69,
1CA8,
1AD0,
1900,
1778,
1662,
159E,
154D,
14C0,
139B,
1263,
110F,
1067,
10F1,
1260,
1524,
17B7,
1907,
19C8,
19F9,
19EB,
1998,
19D8,
1C0E,
1E88,
2018,
20D3,
1FE3,
1E49,
1C90,
1B57,
1C63,
1E36,
1F08,
1FA5,
20FF,
227C,
2355,
23A8,
230B,
21E7,
20C9,
1FE8,
211D,
2335,
22BF,
20A2,
1E27,
1B5D,
18FA,
16EF,
14F9,
133D,
126F,
1283,
14EB,
192D,
1AAE,
19A5,
188B,
175D,
1625,
14F2,
130B,
1068,
0F1D,
0F5E,
10E7,
13E9,
1584,
1503,
15E0,
18E7,
1A9E,
1A27,
19C0,
19C2,
1A63,
1C16,
1D25,
1CA2,
1D22,
1FF7,
228A,
23CC,
24DD,
25EE,
274C,
299E,
2B31,
2A63,
29D3,
2B9E,
2D1A,
2BEC,
2B13,
2D7D,
2FF8,
2F51,
2EAB,
319A,
34A6,
33D0,
31E6,
31BF,
31B6,
2FEC,
2D6A,
2AAC,
2872,
2981,
2BE2,
2BF8,
2B48,
2CA0,
2EC0,
2FB0,
2F77,
2BBB,
2608,
238A,
2303,
2123,
1E99,
1D91,
1DB5,
1E4F,
1F4D,
205F,
216E,
207E,
1DD3,
1DB0,
1FFA,
218F,
2262,
22F2,
2336,
2356,
2357,
2304,
2259,
215A,
1FEB,
1FBD,
2143,
236A,
2641,
281D,
284A,
2868,
28C7,
294F,
2A05,
2B46,
2D98,
2F14,
2EB7,
2DA7,
2C15,
2A1F,
279D,
25B3,
25A4,
2578,
23C2,
2204,
2142,
206E,
1E7A,
1CD2,
1CF8,
1DA9,
1DF7,
1E58,
1F44,
2015,
1F72,
1ECF,
2097,
2316,
240B,
246F,
2531,
2605,
264D,
26A2,
28F0,
2C1C,
2DB5,
2E71,
2F69,
306A,
30E7,
312F,
3316,
35EB,
369B,
35BC,
357E,
35AC,
359F,
3561,
351C,
34CB,
3342,
309B,
2FA5,
306E,
3008,
2E53,
2CF3,
2BFA,
2BBA,
2C4D,
2D61,
2F0D,
2FDD,
2F46,
305E,
3421,
36D4,
3768,
382B,
3997,
3B47,
3D7B,
3E9A,
3DA2,
3C9F,
3C71,
3BD3,
3A45,
3819,
34D2,
3278,
331A,
3358,
3054,
2E24,
3053,
32DF,
3292,
3258,
34A1,
3763,
38FD,
3A5E,
3C48,
3E22,
3F8B,
402C,
3EA6,
3C46,
3B2B,
39FE,
3617,
3157,
2EFF,
2DF9,
2D30,
2CD7,
2CD9,
2D7F,
30BC,
355F,
3761,
37E1,
3AAD,
3EAE,
3FB8,
3E86,
3DA3,
3CCE,
3A53,
368D,
3455,
3385,
3141,
2DBA,
2DA9,
3117,
33B9,
355A,
3777,
3A17,
3BC8,
3C56,
3C1A,
3B1C,
385F,
3364,
2FA6,
2E04,
2D2B,
2D07,
2DF3,
302E,
32EA,
3629,
3896,
399A,
38EE,
35B6,
3208,
2E77,
2BF5,
2B83,
2C64,
2EDD,
31F4,
3578,
382B,
38AF,
37BC,
34E9,
314F,
2D38,
2A22,
2A8A,
2CCB,
30CF,
3503,
3754,
37CC,
3435,
2EFB,
2AE8,
27DF,
2777,
28CD,
2C04,
2FB2,
3001,
2E23,
2A4A,
257A,
22AB,
2189,
241F,
28E6,
2A92,
29DD,
2658,
20CD,
1D20,
1B1C,
1CC0,
2150,
2232,
1FC5,
1B6F,
1562,
133E,
150F,
17C8,
1B63,
1A14,
1317,
0EE5,
0E55,
0FE8,
1427,
1470,
0F03,
0A1E,
0685,
0604,
0A7A,
0B40,
04DB,
FFE6,
FED9,
FF44,
01D3,
019E,
FACD,
F609,
F82D,
FA33,
F938,
F6F0,
F288,
EFA3,
F28B,
F435,
EE15,
E855,
EA09,
EC31,
E918,
E52C,
E394,
E2D1,
E2B6,
E256,
DF5B,
DC49,
DD66,
DF53,
DCB2,
D903,
DA11,
DC8C,
DAAB,
D746,
D779,
D93C,
D8FA,
D7CF,
D791,
D7E1,
D88A,
D969,
D97E,
D92C,
DA69,
DCB6,
DD96,
DD7C,
DF76,
E313,
E4C5,
E4D7,
E722,
EB79,
EDA0,
ED90,
EFF0,
F4F0,
F7C9,
F80D,
FA45,
FEFC,
01FD,
0293,
047A,
0879,
0AD2,
0A77,
0B5A,
0EB2,
1089,
0F77,
0F09,
1089,
10F2,
0EED,
0D17,
0CA2,
0B31,
074A,
0396,
019C,
FF0B,
FA3A,
F575,
F221,
EEBA,
EA0C,
E529,
DFD0,
E3B3,
E16A,
DEAC,
DB6D,
D8A8,
D895,
D977,
D9C4,
DA99,
DDDC,
E228,
E5FB,
EA01,
EFB6,
F5D8,
FA67,
FE02,
01D1,
0502,
0588,
0414,
01CF,
FE76,
F8BA,
F169,
EAD6,
E4DF,
DF78,
DAF5,
D9F0,
DBEC,
DFC5,
E543,
EC81,
F501,
FAF6,
FE3F,
FE3D,
FAEF,
F452,
EA7B,
E2BE,
DD97,
DCE1,
E11D,
E85C,
F2E2,
F931,
F9A6,
F573,
EB69,
E380,
DF6A,
E13C,
EBF8,
F3E6,
F543,
F1FA,
E763,
E101,
E531,
EB0A,
F118,
F2A8,
E936,
E255,
E764,
ED17,
EDEC,
EC9D,
E7BE,
E49E,
EA37,
EF64,
EAE5,
E5AC,
E7FB,
EB8A,
EB00,
E959,
E852,
E7E2,
E99F,
EB7B,
E93B,
E62A,
E848,
EBD4,
E9CD,
E5F0,
E77E,
EB23,
E9CD,
E64E,
E725,
EA17,
E966,
E6C4,
E70C,
E911,
E8D9,
E730,
E723,
E83D,
E841,
E772,
E73E,
E78D,
E7A3,
E787,
E756,
E710,
E71A,
E77D,
E762,
E6B3,
E6A2,
E75D,
E763,
E670,
E63B,
E72B,
E758,
E642,
E5E9,
E6F1,
E741,
E61E,
E5A4,
E6B3,
E724,
E602,
E56B,
E672,
E6FF,
E5EB,
E53C,
E634,
E6D6,
E5D5,
E514,
E5F6,
E6AA,
E5C2,
E4F4,
E5BD,
E67C,
E5AF,
E4D8,
E586,
E64C,
E59A,
E4BF,
E552,
E61B,
E583,
E4A7,
E521,
E5EB,
E56E,
E493,
E4F3,
E5BA,
E555,
E47E,
E4C6,
E586,
E53A,
E46E,
E4A5,
E563,
E52A,
E45F,
E47D,
E52E,
E507,
E446,
E455,
E4FF,
E4ED,
E43C,
E43F,
E4E4,
E4E2,
E43A,
E42F,
E4CA,
E4D3,
E430,
E417,
E4A9,
E4C3,
E435,
E411,
E48E,
E4AD,
E42E,
E408,
E486,
E4B9,
E44F,
E423,
E483,
E4A3,
E418,
E3FD,
E511,
E534,
E2AD,
E1AC,
E54A,
E827,
E794,
E462,
DB0D,
D734,
E71A,
F58D,
F194,
E740,
D829,
CD79,
D73F,
E5E5,
EC05,
EF86,
F46D,
F624,
EAB4,
DBB0,
D605,
D481,
D2B1,
D2D8,
DA82,
E58B,
ECDA,
F20D,
F65D,
F91F,
F79D,
F311,
ED55,
E69F,
DFF9,
D988,
D3EA,
CF4E,
CD8C,
CE3D,
CF67,
D136,
D572,
DBC3,
E0EC,
E4F9,
EA57,
F0EA,
F52D,
F6F6,
F955,
FC7D,
FD3A,
FB25,
F9AF,
F965,
F716,
F218,
EDF0,
EB7A,
E7D8,
E23B,
DDA8,
DB2E,
D7FF,
D307,
CF38,
CDE2,
CC62,
C98E,
C7AD,
C805,
C850,
C73E,
C6EC,
C8C8,
CAB7,
CB44,
CC4C,
CF42,
D266,
D453,
D675,
DA2B,
DDE5,
E000,
E1F7,
E55E,
E8E0,
EAF2,
ECBA,
EFAD,
F2C4,
F48B,
F5F5,
F895,
FB69,
FCAA,
FD44,
FEDD,
00BF,
0189,
01CC,
02EF,
0465,
04AC,
0449,
04ED,
061C,
060B,
0521,
04F1,
0538,
04C4,
03BD,
0355,
036A,
028F,
00DB,
FFED,
FFBA,
FEBA,
FCE2,
FB61,
FA47,
F8E0,
F71A,
F596,
F46D,
F2FF,
F129,
EF98,
EE7A,
ECF6,
EABC,
E912,
E870,
E78B,
E5F2,
E484,
E38C,
E27B,
E123,
DF92,
DD8C,
DC12,
DC29,
DB6E,
D7C0,
D517,
D6A9,
D812,
D67C,
D3E2,
CFE2,
CDC8,
D37F,
D836,
D114,
C904,
CB30,
D009,
D22B,
D290,
CF0A,
CA61,
C7FC,
C76E,
CBA0,
D0E6,
CFB8,
CB67,
C6D7,
C2C2,
C393,
C73E,
CB1F,
CEB4,
CE00,
CA78,
C637,
C1DD,
C275,
C6A1,
CA77,
CDEC,
CEDD,
CD91,
C9B7,
C3D3,
C133,
C1B5,
C41B,
C84B,
CC58,
D01B,
D080,
CD35,
C9BC,
C654,
C43E,
C3C7,
C5B0,
CA7E,
CEBE,
D1D0,
D3AE,
D413,
D2C7,
CF3E,
CC06,
C9DD,
C8B5,
C8CF,
CAA0,
CEFA,
D39E,
D7D6,
DB25,
DCF6,
DD31,
DAF8,
D835,
D5E3,
D3CC,
D1F2,
D10B,
D20E,
D42A,
D72E,
DAED,
DFCF,
E447,
E640,
E6E0,
E693,
E55B,
E2E0,
DFE7,
DD93,
DB8C,
D95F,
D7BC,
D875,
DA90,
DD00,
DFC8,
E2B3,
E59D,
E812,
EA1F,
EBFB,
ED5B,
EC93,
EA43,
E80C,
E5DD,
E3DA,
E211,
E0BB,
DFE1,
DFB7,
E03F,
E24C,
E5B9,
E88B,
EABB,
ED20,
EFB0,
F27B,
F580,
F77C,
F843,
F8CA,
F920,
F916,
F8B5,
F73B,
F458,
F1A0,
EF6D,
ED73,
EBBF,
EA52,
E92A,
E89D,
E8CE,
E9E5,
EC5F,
EE4B,
EE2D,
EF76,
F4B1,
F8EA,
F8C6,
F8F5,
FC52,
FFC0,
01A7,
02D4,
0303,
0341,
050B,
065B,
04D2,
02BF,
024C,
0212,
00D3,
FF5E,
FE72,
FDC3,
FD20,
FCA2,
FC79,
FC7E,
FC4E,
FC37,
FCF8,
FE25,
FE81,
FEDC,
0206,
0687,
0804,
07E6,
09E0,
0D16,
0F1E,
1079,
135E,
173D,
1921,
1970,
19E3,
1A6D,
1B8A,
1D25,
1DD0,
1D90,
1CBE,
1B61,
19F0,
1874,
17DF,
1863,
17CD,
15D0,
1380,
10E3,
0EEF,
0DE3,
0DE1,
0F2F,
1098,
11E8,
1283,
11DE,
119B,
1237,
139B,
1611,
18F9,
1C6E,
1F01,
1F93,
1F93,
1F6F,
1F34,
1EE2,
1F33,
214B,
2351,
23DC,
23F8,
243D,
2413,
2282,
210A,
2175,
2285,
233B,
2436,
269B,
290E,
299C,
290F,
27A8,
259B,
22E9,
2025,
1EF5,
1EA4,
1E98,
1E8F,
1D3F,
1B26,
1908,
16ED,
1560,
143A,
12EA,
119F,
10F6,
10E5,
1245,
14B8,
1602,
163C,
1554,
135F,
11BF,
1076,
0ED7,
0CED,
0AB3,
0824,
0815,
0AE7,
0D7D,
0F87,
119F,
13BB,
15F0,
1858,
19A3,
1958,
18CA,
1824,
17CF,
17F1,
1912,
1BED,
1D9E,
1C1D,
1D04,
2413,
2923,
2747,
2624,
29DD,
2D9A,
2F66,
2F91,
2C5D,
2A27,
2DB9,
3106,
2E6A,
2BB4,
2DD4,
317B,
3543,
3867,
3884,
37DD,
396A,
3B04,
3A0E,
37A5,
33B6,
2F90,
2E9D,
2EF4,
2D42,
2B22,
2C04,
2E48,
2E5D,
2D8F,
2FD6,
334D,
30ED,
2B05,
28C3,
28C9,
2718,
2447,
21F0,
2004,
1F1B,
1F12,
1EF8,
1EC4,
1DF8,
1C9D,
19F5,
160D,
150A,
1736,
1951,
1B24,
1D17,
1F2C,
1FD0,
1E9A,
1D7D,
1CC8,
1C1C,
1B77,
1B37,
1B70,
1C84,
1EDC,
20E8,
2223,
22C5,
2295,
2209,
20D8,
211B,
248A,
2879,
2BFE,
2EEB,
30F4,
314B,
2E01,
2AEC,
2B42,
2C72,
2D59,
2E50,
3008,
3063,
2B96,
25C5,
2310,
21AC,
20D9,
20EB,
235E,
25E3,
23B9,
1FD9,
1DD3,
1CF8,
1DC1,
1FC9,
2369,
2784,
2831,
270F,
2748,
2860,
2A5E,
2D04,
2FE3,
32BB,
3308,
3195,
32B2,
35BD,
3877,
3AD7,
3B27,
399A,
3765,
34A2,
3536,
3929,
3B1D,
3AD6,
3870,
33AA,
3142,
31F6,
3223,
317C,
2F98,
2BDD,
2AEB,
2E4D,
30B9,
30F3,
309B,
2F8C,
2F84,
314A,
3427,
38C3,
3B3E,
3862,
37FA,
3F47,
44A1,
4260,
3F39,
3DDB,
3D54,
3ECB,
3EE0,
398D,
345A,
341C,
34A6,
3350,
3115,
2CF3,
29BA,
2C86,
3031,
2DA3,
2A48,
2D48,
3253,
345C,
358C,
385D,
3BAD,
3E44,
4019,
3FE6,
3E84,
3E45,
3E07,
3981,
32DD,
3135,
3277,
300A,
2B95,
2B11,
2D6C,
2F26,
3084,
3249,
3457,
3693,
38E6,
3A2F,
3A6B,
3A93,
3AAB,
382A,
32EC,
2FC7,
2F3D,
2D67,
29CB,
28C6,
2B2C,
2D39,
2E39,
310E,
36B2,
3A16,
3993,
390C,
3992,
3863,
3424,
30B6,
2FCA,
2EAF,
2C0A,
2B53,
2EE5,
32EA,
35C9,
385E,
3B27,
3C1A,
38DB,
3488,
30A7,
2D31,
2A7B,
2934,
2AF5,
2E0B,
31B5,
3531,
3757,
3809,
35D5,
3211,
2D47,
28A4,
26B3,
26AA,
295E,
2D50,
3037,
31ED,
2FF6,
2BC4,
26E6,
220E,
209F,
21B2,
257B,
2AC8,
2CC0,
2C19,
2861,
2270,
1E40,
1BAF,
1D2D,
21FC,
24A0,
2534,
2257,
1C49,
17E3,
1547,
164A,
1B1D,
1D77,
1CDF,
1965,
1287,
0F41,
10DD,
1324,
160F,
1549,
0EF5,
0A3A,
08B5,
0927,
0C8C,
0D1B,
07FB,
0308,
FFA9,
FEC3,
02C2,
0429,
FDF0,
F896,
F87A,
F93C,
F9EA,
F8F2,
F33E,
EE93,
F04C,
F243,
EFFB,
ECAC,
E993,
E75B,
E89A,
E990,
E4AB,
DF4E,
E0AC,
E353,
E05E,
DC0D,
DBA8,
DC8D,
DBB2,
DA31,
D8F4,
D7FA,
D829,
D8C7,
D79F,
D5CE,
D6B4,
D8ED,
D830,
D5E3,
D6AE,
D95F,
D9B5,
D887,
D950,
DB88,
DCAC,
DCFB,
DE3A,
E044,
E1F9,
E35F,
E531,
E767,
E9CD,
EC60,
EEA4,
F081,
F30A,
F665,
F92A,
FB0F,
FD84,
00D1,
0368,
04CE,
06CD,
09F5,
0C23,
0C74,
0D4B,
0F91,
10F4,
1055,
0FF3,
10E1,
10D2,
0E47,
0BD9,
0AFB,
096B,
0575,
0178,
FEE6,
FC00,
F769,
F1E5,
EA31,
EFD9,
EBDC,
E74C,
E3E4,
E0AF,
DD59,
DA6B,
D90F,
D885,
D840,
D8A9,
DACA,
DDE8,
E151,
E53D,
EA91,
F075,
F577,
F9E4,
FE70,
0279,
043F,
0435,
0325,
00E0,
FC42,
F5DF,
EF73,
E904,
E2B1,
DCCE,
D9D6,
D990,
DBCD,
E05B,
E715,
EFA1,
F6E6,
FC9E,
FF30,
FE6C,
F99F,
F099,
E7F0,
E011,
DC22,
DCE2,
E22E,
ECE1,
F56A,
FA50,
F99E,
F138,
E84A,
DF9F,
DD73,
E647,
EF36,
F5CE,
F66D,
EBB7,
E2F5,
E221,
E584,
EFCA,
F595,
EC6E,
E3D8,
E539,
E91C,
EE1F,
F089,
E935,
E2BC,
E876,
EF17,
EC06,
E742,
E74D,
E8DF,
EAAC,
EBD2,
E8CE,
E55F,
E888,
ED1E,
EA04,
E4C0,
E738,
EC4E,
EA47,
E57E,
E6CB,
EAC7,
E9DC,
E68B,
E6E7,
E944,
E912,
E75A,
E736,
E81B,
E83D,
E7D9,
E787,
E748,
E77A,
E80E,
E7C7,
E6BA,
E6D1,
E80D,
E7F2,
E667,
E64B,
E7E0,
E7F9,
E630,
E5E0,
E79E,
E7ED,
E611,
E58D,
E74E,
E7CD,
E5FE,
E551,
E6FD,
E7A2,
E5F1,
E523,
E6AB,
E76E,
E5E5,
E501,
E660,
E736,
E5DA,
E4E7,
E618,
E6F9,
E5CC,
E4D4,
E5D8,
E6BD,
E5BC,
E4C2,
E59C,
E680,
E5AA,
E4B4,
E564,
E642,
E593,
E4A6,
E533,
E60A,
E57D,
E49A,
E508,
E5D6,
E569,
E493,
E4E5,
E5A3,
E550,
E486,
E4C1,
E575,
E539,
E47D,
E4A1,
E546,
E51D,
E470,
E483,
E51A,
E502,
E462,
E468,
E4F6,
E4EC,
E458,
E44E,
E4CC,
E4D0,
E44F,
E43D,
E4AD,
E4B7,
E440,
E425,
E48B,
E49B,
E42B,
E404,
E458,
E46D,
E409,
E3E7,
E447,
E463,
E3E3,
E3D0,
E4C4,
E500,
E36A,
E284,
E385,
E53D,
E87A,
E848,
DE45,
D829,
E155,
EC12,
F293,
F1F9,
DEBC,
CDA7,
D426,
E099,
E804,
EDFA,
F3AB,
F600,
EDF0,
E24C,
D9A4,
D347,
D1BE,
D392,
D862,
DF60,
E875,
F1BC,
F5D7,
F6C7,
F75E,
F698,
F0A1,
E7AF,
E1B0,
DD5B,
D713,
D02B,
CE25,
CFC3,
D02B,
D01C,
D406,
DB1D,
E027,
E37A,
E8DF,
F00B,
F47E,
F637,
F8CD,
FC56,
FD4D,
FB6E,
FA1B,
F9B4,
F76E,
F2DA,
EEEE,
EC40,
E896,
E36F,
DF15,
DC38,
D8D8,
D44F,
D0AC,
CEBE,
CCDA,
CA65,
C8AB,
C852,
C81E,
C771,
C768,
C8BA,
CA3F,
CB51,
CCB4,
CEEA,
D145,
D34B,
D583,
D86A,
DB60,
DDD9,
E042,
E2F1,
E5AC,
E84A,
EAE5,
EDA1,
F04F,
F2AC,
F4DA,
F6F1,
F8F0,
FAEF,
FCD6,
FE77,
FFDE,
00F9,
01E8,
0305,
0427,
0502,
059F,
05E6,
05EA,
05DB,
05B4,
0589,
0550,
04D6,
0426,
034B,
024B,
019B,
0128,
004C,
FF0F,
FDD9,
FCAB,
FB8D,
FA81,
F94F,
F7F0,
F68D,
F526,
F3DA,
F2B3,
F163,
EFD9,
EE62,
ED0E,
EBB1,
EA40,
E8EE,
E7E1,
E652,
E3C0,
E1FD,
E20B,
E15A,
DEA1,
DC43,
DB30,
DAC0,
DB80,
DAAC,
D507,
D161,
D5B4,
D94B,
D5D5,
D13D,
CE03,
CCCC,
D138,
D53C,
D1FE,
CCF5,
C99B,
C7D5,
CA43,
CDCB,
CF1D,
CEA4,
C994,
C3A8,
C38D,
C63D,
C986,
CCCC,
CD69,
CC29,
C80C,
C2F3,
C2CE,
C5BC,
C97C,
CD9C,
CF57,
CF21,
CC25,
C74C,
C4BA,
C415,
C5AC,
C928,
CD02,
D100,
D1C4,
CF83,
CCB7,
C97F,
C6F2,
C530,
C620,
C9F8,
CDE8,
D1BB,
D441,
D535,
D410,
D071,
CC93,
C8B9,
C656,
C600,
C75A,
CAC2,
CEA3,
D2BA,
D5FF,
D7E9,
D854,
D6A3,
D44C,
D1B6,
CF36,
CCF2,
CBB4,
CC47,
CE06,
D11A,
D4D5,
D927,
DD02,
DF4F,
E083,
E051,
DF52,
DDCE,
DC0F,
DA78,
D90A,
D7C7,
D718,
D7DF,
D999,
DC29,
DF40,
E297,
E5E2,
E855,
EA31,
EBA9,
ECA0,
ECD2,
EC42,
EA53,
E782,
E4DB,
E25C,
E07B,
DF28,
DE84,
DE7D,
DEB5,
DF45,
E119,
E3FA,
E736,
EAB3,
ED56,
EF23,
F0FD,
F2DA,
F448,
F543,
F4EA,
F327,
F14E,
EF79,
EDE1,
EC9E,
EBB4,
EB3B,
EA85,
E93C,
E9E3,
ED8A,
EF8F,
EE41,
EE7D,
F1EF,
F50B,
F6D2,
F82F,
F8DD,
FAD5,
FFFE,
0368,
01AA,
0078,
0361,
054D,
02F5,
FFF8,
FE17,
FC8B,
FB51,
FA6E,
FA4D,
F9CB,
F6E8,
F46F,
F601,
F86F,
F8B8,
F817,
F647,
F4C9,
F69F,
FA16,
FE3C,
0236,
02B1,
0201,
049D,
08AC,
0BBC,
0E1C,
0F3F,
0F82,
0F48,
0EE0,
1004,
1231,
14FB,
17E3,
16CF,
12C9,
1013,
0E73,
0E73,
0FDF,
10FA,
11BE,
1128,
0F46,
0CE7,
0A1A,
09B6,
0BFB,
0DDD,
0F25,
0FE8,
100D,
0F96,
0E65,
0DCD,
0E0B,
0F6B,
1263,
1464,
1490,
14B7,
1553,
1541,
13C5,
138F,
1616,
18D1,
1ADE,
1D17,
2004,
2204,
21AC,
2128,
217B,
2271,
2456,
2719,
2B85,
2F91,
3176,
31CA,
2FE0,
2CE3,
295F,
2642,
2580,
25D4,
26C7,
27A6,
26D6,
2528,
2324,
20E4,
1EBB,
1CB1,
1B28,
19E1,
1804,
1647,
1717,
1969,
1BA4,
1D9A,
1DAF,
1C3F,
1919,
14C3,
11C4,
0FD2,
0E2C,
0CDF,
0BAD,
0AAA,
0AAF,
0BA7,
0E49,
126E,
13AE,
11EC,
1118,
1165,
1169,
110D,
1217,
14F0,
158D,
12F8,
12E4,
1698,
19D5,
1C16,
1C0A,
1839,
1781,
1D07,
2017,
1D1E,
1B93,
1E5D,
2121,
2278,
23AA,
2503,
263D,
2728,
283D,
2A1B,
2B48,
2A24,
2940,
2AD8,
2C9C,
2CDD,
2CDF,
2D48,
2E28,
305D,
3292,
3338,
32F0,
3111,
2F6B,
3224,
35A9,
3400,
30AF,
304E,
318D,
34F3,
38CC,
37F7,
34AB,
32D5,
3188,
2F4F,
2C97,
2A37,
2816,
25D0,
23A7,
22C0,
22F9,
25CD,
2A79,
2AE7,
27BE,
2592,
243A,
2209,
1F1A,
1D31,
1C5C,
1AE0,
18AE,
1729,
1662,
170E,
1983,
1986,
1631,
136B,
11D0,
1064,
0ED6,
1054,
167D,
1B7E,
1D8A,
1F0A,
2067,
20B5,
1F1E,
1E8F,
20B3,
232F,
2545,
274F,
297C,
2ADF,
2A78,
29C3,
297B,
2983,
2A11,
2B12,
2CD6,
2EAB,
3011,
30DB,
302D,
2F26,
2EED,
2F0D,
2F5A,
3001,
31F9,
33CB,
328E,
2FEB,
2D97,
2B6B,
29AE,
2894,
29E3,
2C28,
2BCA,
29CE,
26E5,
238F,
21A7,
2111,
23C8,
28AC,
2AC3,
2AC7,
2A52,
297E,
2946,
29B6,
2D69,
33ED,
3674,
352C,
358F,
37A9,
3A11,
3CC2,
3F1C,
411D,
4038,
3BD7,
3909,
3880,
39C8,
3D97,
3D9E,
37B8,
32F8,
30E0,
3039,
31C3,
311D,
2BE7,
27AE,
2633,
26D4,
2AD0,
2DB2,
2C84,
2BB0,
2D21,
2FB8,
3437,
3782,
3645,
350F,
371B,
39F8,
3D31,
3F1E,
3C56,
3957,
3B7A,
3DF7,
3BED,
3842,
3466,
3134,
3212,
33B7,
3023,
2B75,
2C66,
2FB3,
312F,
31ED,
322F,
3287,
35F1,
3A9E,
3B18,
394B,
3AA8,
3D8B,
3C77,
38CF,
3755,
373C,
3563,
3240,
2F3D,
2C6D,
2B8D,
2C71,
2C33,
2AEC,
2C4D,
3057,
3287,
3295,
34C3,
3973,
3B68,
39E8,
3908,
395B,
3826,
34D4,
322D,
30D2,
2F6C,
2DA1,
2D3A,
2EF7,
3143,
33E0,
365D,
3884,
39E5,
3A1C,
396A,
3794,
3556,
32FD,
3085,
2DB7,
2BD4,
2C28,
2D5C,
2EF1,
30EE,
33BF,
35C3,
34CD,
32B7,
309D,
2E38,
2B0A,
285A,
2868,
29A5,
2AB0,
2BF0,
2E20,
301B,
2F39,
2CF0,
2B07,
2929,
26C4,
2490,
2525,
2749,
287E,
292B,
29E2,
2A52,
287C,
252D,
2361,
22BA,
22BC,
234F,
2439,
2553,
2498,
223E,
2053,
1EDA,
1E1A,
1E16,
1E1C,
1E25,
1D11,
1AB9,
18D2,
1786,
16C3,
16AD,
1625,
14F2,
1359,
1138,
0FB6,
0F50,
0E7C,
0CC7,
0B09,
0966,
080D,
074E,
061E,
03EA,
018B,
FF1D,
FD5E,
FD4C,
FCD6,
FA8C,
F81C,
F646,
F4F4,
F4F0,
F44C,
F08D,
ECEE,
EC8F,
ECE3,
EC54,
EB11,
E7D1,
E4C5,
E5DA,
E771,
E42F,
DFBF,
DEF5,
DF76,
DECE,
DD98,
DB7C,
D94F,
D9F9,
DBB5,
D9E5,
D696,
D731,
D9B6,
D867,
D510,
D569,
D80E,
D86C,
D74E,
D7A1,
D902,
DA1B,
DAFF,
DBAD,
DC2A,
DD9F,
DFF7,
E11C,
E108,
E2E7,
E6DE,
E918,
E934,
EB37,
EFA2,
F266,
F2C6,
F4CD,
F955,
FC53,
FCAB,
FE65,
02AF,
05C3,
0649,
07B7,
0B60,
0DEC,
0DCA,
0E13,
102A,
116B,
1054,
0F40,
0F66,
0EE1,
0C47,
0980,
07A2,
056E,
0202,
FD86,
F671,
FB0D,
F86C,
F4C5,
EFA8,
EA53,
E6F2,
E3F3,
DFCF,
DBD7,
DA1A,
D94F,
D7FF,
D719,
D86F,
DAFA,
DD6A,
E043,
E4E5,
EA71,
EF5D,
F3F6,
F917,
FE26,
0176,
0350,
043C,
0404,
0155,
FC9B,
F722,
F0FE,
EA2C,
E2FF,
DDC3,
DA79,
D988,
DAE6,
DF2C,
E62E,
EDAE,
F567,
FB29,
FEA0,
FE00,
F8D3,
F182,
E80E,
E098,
DBDE,
DC37,
E311,
EB71,
F518,
FA42,
F852,
F250,
E6DD,
DF3B,
DFA4,
E47A,
EFB2,
F6D5,
F331,
ECA7,
E3A4,
DF7B,
E8C5,
F175,
F0DB,
ED22,
E617,
E1E8,
E9D8,
F17C,
ECAF,
E633,
E680,
E8D6,
EB78,
ED0F,
E8E0,
E453,
E85B,
EE01,
EA9F,
E4EE,
E717,
EBBA,
EA76,
E708,
E751,
E92F,
E95B,
E8B2,
E802,
E764,
E81D,
E983,
E89B,
E663,
E715,
E9AA,
E8F8,
E5FA,
E660,
E964,
E909,
E5DE,
E5ED,
E8EF,
E8ED,
E5F0,
E5B0,
E866,
E8A7,
E609,
E593,
E7E1,
E84E,
E61F,
E588,
E766,
E7EA,
E62C,
E58A,
E6FC,
E786,
E62F,
E590,
E6A2,
E724,
E627,
E595,
E656,
E6C8,
E614,
E598,
E617,
E671,
E5FA,
E596,
E5E2,
E623,
E5DA,
E591,
E5B6,
E5DF,
E5B8,
E58A,
E591,
E5A0,
E592,
E57C,
E571,
E569,
E56B,
E56B,
E554,
E539,
E544,
E558,
E53A,
E50D,
E51E,
E544,
E525,
E4E7,
E4F7,
E52A,
E50C,
E4C3,
E4D2,
E513,
E4FA,
E4A5,
E4AC,
E4F2,
E4DE,
E485,
E488,
E4D8,
E4CE,
E470,
E46C,
E4C1,
E4C0,
E462,
E456,
E4A9,
E4AF,
E453,
E442,
E498,
E4A6,
E443,
E423,
E471,
E487,
E435,
E407,
E421,
E446,
E478,
E459,
E397,
E325,
E34D,
E47A,
E837,
E855,
DE7C,
D8C8,
E189,
EB92,
F238,
F196,
DE47,
CDEA,
D47D,
E092,
E8E8,
EF99,
F3E5,
F47B,
ECBE,
E21A,
D8D0,
D1C9,
D1B7,
D560,
DA11,
E04A,
E9DE,
F3B8,
F6CF,
F64A,
F6A6,
F60B,
EF4F,
E579,
DFBE,
DC20,
D5D5,
CEB9,
CD46,
CFB9,
D06E,
D079,
D4C8,
DC40,
E143,
E465,
E9D2,
F107,
F536,
F692,
F907,
FC88,
FD3E,
FB0C,
F9AC,
F963,
F71B,
F27D,
EE99,
EBE8,
E81A,
E2BD,
DE56,
DB87,
D846,
D40C,
D0B9,
CEF4,
CD18,
CA95,
C8E8,
C8BB,
C8B6,
C84F,
C873,
C9A0,
CAFD,
CC1D,
CD98,
CFD7,
D235,
D447,
D681,
D93B,
DBFD,
DE5F,
E0D4,
E3D0,
E6D7,
E983,
EC12,
EEB7,
F143,
F37C,
F589,
F798,
F988,
FB38,
FCB4,
FDFD,
FF1A,
001A,
0101,
01EC,
02C6,
036B,
03DD,
03EE,
03BF,
03B9,
03BE,
038D,
0332,
02C8,
024B,
01A3,
00D8,
0035,
FFAE,
FF0C,
FE4E,
FD51,
FC18,
FAD3,
F984,
F860,
F76A,
F64F,
F508,
F3AE,
F23E,
F0F9,
EFEA,
EED2,
EDB1,
EC02,
E976,
E817,
E8C5,
E794,
E2D4,
E04B,
E260,
E320,
E065,
DD3D,
D9C6,
D921,
DF26,
E122,
D6ED,
CF3E,
D336,
D827,
D998,
D8A1,
D2E2,
CDA0,
CD5D,
CF21,
D31B,
D5E5,
D263,
CD00,
C81A,
C4F8,
C82C,
CD39,
CF94,
D016,
CCF0,
C831,
C3B7,
C095,
C3FD,
CA45,
CDBA,
CF50,
CDED,
CA8D,
C604,
C156,
C15F,
C488,
C7F1,
CB88,
CE69,
D057,
CDCD,
C7F3,
C435,
C24B,
C1CC,
C2BD,
C667,
CC73,
D0A2,
D2DA,
D37D,
D284,
CF76,
CA44,
C72B,
C6B7,
C706,
C7F7,
CB2B,
D131,
D5AF,
D7B6,
D87A,
D7ED,
D5D8,
D1C8,
CE30,
CBD3,
CA89,
CA98,
CC0F,
CF74,
D311,
D61F,
D953,
DD3B,
DFE2,
DFBD,
DE85,
DCE2,
DA48,
D5CB,
D1A1,
CFAD,
CECD,
CE9C,
CF98,
D2D4,
D6C6,
D9EF,
DD0A,
E0CF,
E45F,
E69E,
E7E5,
E814,
E757,
E578,
E2F6,
E072,
DE15,
DCA0,
DBD5,
DB92,
DBCD,
DC34,
DD0D,
DFBE,
E3A5,
E75C,
EAEF,
EE35,
F113,
F294,
F2F8,
F3C8,
F4C9,
F46A,
F2D9,
F10F,
EF16,
ED03,
EAE5,
E96A,
E894,
E8BA,
E9FB,
E8C9,
E490,
E462,
E977,
EC09,
EAC0,
EACE,
ECE4,
F0C2,
F743,
FA39,
F69F,
F76B,
018A,
06A8,
007B,
FC03,
FE32,
0026,
FFDF,
FE6D,
FB34,
F859,
F6EB,
F744,
FB97,
FE21,
F90A,
F400,
F496,
F69F,
F88D,
F9D6,
F8A6,
F6DE,
F57E,
F569,
F994,
FED1,
0186,
02FD,
0343,
02F3,
02BC,
0310,
064F,
0A7C,
0BC7,
0B72,
09E0,
0809,
09F3,
0DEE,
1121,
137B,
124C,
0EB6,
0BC6,
0960,
088C,
090D,
0AB1,
0D2C,
0E63,
0E67,
0BB8,
06AE,
04A8,
059D,
0696,
0788,
08BB,
0A26,
0ABA,
0A5C,
0956,
0786,
07A3,
0A53,
0D23,
0FCB,
1211,
13BB,
1527,
1662,
1717,
16D4,
17F3,
1BC5,
1F47,
214A,
2390,
2716,
294C,
287B,
2726,
265D,
256F,
23E8,
2313,
2446,
25F0,
2782,
2858,
2743,
2542,
22A7,
1FBB,
1C6F,
19FA,
1AB9,
1CD2,
1EE1,
20EA,
227E,
237D,
2322,
21F1,
204D,
1E6A,
1D04,
1BC9,
1A08,
1827,
1705,
1677,
16B8,
1782,
184E,
18F9,
185C,
16CA,
14AA,
123F,
1201,
1380,
13C4,
131C,
147E,
17A9,
199E,
1A65,
1BF1,
1E36,
2034,
21F3,
1FAD,
18B6,
1620,
1967,
1983,
14E8,
1314,
1582,
17AB,
18B6,
1ADD,
1ED7,
21E7,
2306,
2468,
26FF,
27E5,
2551,
238E,
2502,
2520,
211D,
1DD3,
1DF9,
1EAA,
1E9A,
1F0F,
20EE,
2307,
2457,
2633,
2A6D,
2E2F,
2E49,
2D91,
2EAD,
2F64,
2CF9,
29BC,
281D,
2705,
2593,
244C,
23BE,
23E8,
2553,
27AA,
2B69,
2F51,
2F3F,
2D54,
2E6D,
30C9,
308A,
2EAF,
2C8D,
2A46,
2956,
2954,
2884,
273C,
2753,
286D,
28C8,
2876,
2687,
232C,
21F9,
22DA,
2173,
1DBD,
1C9B,
1E51,
1F7C,
1FDE,
210B,
232E,
246B,
2484,
2315,
1FB2,
1CF3,
1B8D,
19DC,
175B,
1693,
18C3,
1A60,
1A23,
1A1C,
1AFC,
1B68,
1AB0,
19F6,
1975,
19ED,
1C5C,
1F11,
2102,
236B,
278B,
2AFA,
2B58,
2B48,
2CC9,
2E26,
2DA5,
2D61,
2FFF,
330F,
3431,
34AA,
358B,
35FA,
344A,
320C,
31A0,
31F9,
321E,
324E,
332D,
33F9,
323F,
2F62,
2E8C,
2EB4,
2D6D,
2BA5,
2D01,
3000,
2E8A,
2A40,
28E2,
2996,
29A0,
294D,
2A1B,
2BCE,
2D57,
2EAB,
2DA5,
2A72,
2A02,
2C6B,
2ECE,
3119,
3296,
3318,
33E7,
3521,
3675,
37EB,
38D3,
38F5,
3931,
39CA,
3973,
3789,
36C6,
3850,
3929,
3863,
36EC,
34A8,
3275,
30AB,
2F93,
2FFA,
2F7B,
2C04,
294E,
29C6,
2AF4,
2BD0,
2CD4,
2E24,
2F7E,
3079,
31DB,
34E8,
37CA,
3849,
3839,
393A,
3A72,
3B61,
3C17,
3CAE,
3CB1,
3AA5,
37DD,
36C8,
3617,
337D,
3019,
2DBA,
2BE4,
29BF,
27C9,
2776,
2857,
29F3,
2C2C,
2E92,
311C,
336A,
358F,
38A2,
3C3E,
3D74,
3C9B,
3C4D,
3C61,
3A8F,
36FB,
34B9,
33DD,
3196,
2DCF,
2BAD,
2B7A,
2BE0,
2CD2,
2EAB,
317B,
34A3,
3823,
3A9D,
3B96,
3C27,
3C8F,
3BBF,
3938,
3639,
3303,
2FB3,
2C3E,
29B7,
28C5,
2908,
2AC2,
2D5A,
30DF,
3446,
36F9,
3891,
382F,
36C7,
34AF,
31D3,
2DAD,
29B2,
273D,
25F7,
264F,
27F6,
2B7E,
2F90,
32BC,
34F4,
353B,
33F6,
3055,
2BCF,
28C8,
26B8,
2574,
255E,
28FD,
2E41,
308B,
30ED,
307C,
2EF8,
2A3D,
23BD,
206B,
1F91,
20FD,
243A,
27CC,
2B5F,
2B75,
2884,
24B5,
2036,
1CBA,
1A56,
1BDB,
2136,
240C,
240A,
219E,
1C9C,
17B6,
1317,
1221,
15DB,
188A,
1961,
17E9,
135D,
0EBC,
0A47,
091F,
0D6D,
1057,
0FC6,
0CF6,
06B9,
0241,
024D,
03E8,
077D,
0866,
0234,
FC3D,
FA4F,
FA32,
FCDC,
FE25,
F974,
F408,
F0F1,
EFB1,
F2C0,
F520,
EFF6,
E9D2,
E961,
EA98,
EAF0,
EA52,
E60F,
E168,
E28B,
E558,
E38F,
E01B,
DE9A,
DE17,
DEAD,
DF73,
DC87,
D821,
D911,
DCA3,
DB07,
D693,
D655,
D8AD,
D87B,
D6A8,
D695,
D7CA,
D8B2,
D95C,
D93D,
D874,
D999,
DC8A,
DDAB,
DCF4,
DE49,
E1D2,
E3A9,
E371,
E523,
E93F,
EBE3,
EC64,
EE25,
F1CF,
F481,
F57E,
F75F,
FADC,
FDCB,
FF7A,
016D,
041B,
0683,
0839,
09E4,
0BB7,
0D37,
0E12,
0E99,
0ECB,
0EB4,
0E45,
0D7A,
0C0E,
0A77,
0930,
06D7,
00D9,
0473,
0204,
FEB3,
FAB2,
F662,
F2A1,
EEDD,
EA95,
E642,
E286,
DF30,
DC37,
D9BF,
D82C,
D765,
D7A5,
D8C1,
DAA9,
DD56,
E116,
E599,
EA63,
EF65,
F4B1,
F9F5,
FE1B,
0131,
0342,
042E,
02EF,
FFC5,
FB6A,
F5FB,
EF82,
E841,
E240,
DD9A,
DABC,
D9B6,
DBDE,
E13B,
E7CD,
EF62,
F653,
FC5F,
FE9B,
FC47,
F71F,
EEF0,
E6C5,
DEF2,
DBA4,
DEB5,
E4D0,
EE5F,
F5C3,
F90A,
F72F,
ED44,
E461,
DFB6,
DFFF,
E906,
F136,
F40F,
F266,
E81F,
E071,
E4B1,
EB04,
EF7F,
F0D5,
E94F,
E28A,
E6CE,
ECB7,
ECFD,
EB34,
E79A,
E4E3,
E95B,
EE92,
EA93,
E4A7,
E73A,
EC24,
EAC0,
E741,
E76E,
E912,
E975,
E936,
E848,
E729,
E816,
E9F3,
E8EB,
E660,
E71D,
E9C8,
E918,
E63F,
E69D,
E940,
E8F5,
E668,
E66A,
E892,
E890,
E696,
E661,
E7ED,
E815,
E6BC,
E671,
E763,
E795,
E6D0,
E68A,
E6F5,
E718,
E6CB,
E69A,
E69D,
E6A5,
E6B5,
E6A4,
E65A,
E641,
E692,
E6A6,
E628,
E5EA,
E666,
E69E,
E5FF,
E59E,
E634,
E690,
E5E0,
E560,
E5FF,
E679,
E5C6,
E52A,
E5CB,
E660,
E5B0,
E4FD,
E595,
E63F,
E59B,
E4D6,
E561,
E61C,
E589,
E4B7,
E531,
E5F9,
E57A,
E49F,
E504,
E5D1,
E566,
E485,
E4D6,
E5A7,
E550,
E46C,
E4AB,
E580,
E542,
E462,
E48A,
E55A,
E52C,
E44B,
E45E,
E52A,
E512,
E43D,
E43F,
E505,
E4FE,
E42D,
E41D,
E4DB,
E4E8,
E426,
E40B,
E4C2,
E4E1,
E42A,
E403,
E4B6,
E4E8,
E445,
E405,
E47A,
E4BA,
E485,
E44E,
E432,
E3F1,
E32A,
E3D2,
E7FB,
E896,
DFF5,
DAC4,
E09C,
E881,
F172,
F2F8,
E032,
D018,
D452,
DE12,
E81A,
F0A7,
F3AA,
F2C6,
EC82,
E3AD,
D913,
D067,
D134,
D612,
DA29,
DF71,
E992,
F421,
F6BA,
F584,
F5F2,
F58A,
EE94,
E49B,
DF00,
DB77,
D550,
CE90,
CD46,
CF8D,
D066,
D0EB,
D557,
DC7C,
E197,
E548,
EABD,
F168,
F593,
F787,
F9E5,
FC8B,
FD17,
FB94,
FA3B,
F922,
F685,
F248,
EE5C,
EAFB,
E700,
E248,
DE19,
DAB9,
D765,
D402,
D114,
CEC3,
CCB6,
CAD9,
C985,
C8E4,
C89E,
C89B,
C904,
C9F2,
CB2E,
CCA9,
CE54,
D017,
D227,
D4BC,
D76D,
D9F7,
DC9C,
DF96,
E288,
E528,
E7B2,
EA51,
ECDC,
EF2F,
F16A,
F3BB,
F5E1,
F76C,
F8CA,
FA92,
FC58,
FD80,
FE73,
FFDA,
0149,
0212,
0283,
0312,
0393,
03B8,
03A3,
03A3,
039D,
0344,
02B8,
0277,
025A,
01DE,
011B,
007A,
FFE5,
FEB4,
FD08,
FBE4,
FB2F,
F9FA,
F851,
F6F7,
F5EA,
F47F,
F2B1,
F180,
F104,
EFBE,
ED73,
EC90,
ED9C,
EBF7,
E665,
E449,
E7A6,
E869,
E481,
E0E7,
DE1E,
DEEA,
E66D,
E767,
DA12,
D299,
DAF2,
E17D,
DF3B,
DAD1,
D4A1,
D0B4,
D309,
D683,
D9A2,
DA4F,
D486,
CE34,
CAF8,
CA73,
CFD7,
D538,
D45A,
D11C,
CCD1,
C87E,
C590,
C4CA,
CA74,
D169,
D208,
CFAA,
CC51,
C838,
C366,
BF83,
C2BB,
C95C,
CCEC,
CEAE,
CF48,
CE7C,
C9A1,
C299,
BFA5,
BF9D,
C09D,
C2BD,
C7BE,
CE99,
D0BD,
CEF9,
CD21,
CB20,
C7A5,
C304,
C192,
C350,
C5F1,
C95F,
CDF0,
D3A2,
D637,
D512,
D3AF,
D270,
CF89,
CA87,
C76B,
C72E,
C7D6,
C931,
CBE4,
D05A,
D48B,
D7C7,
DAC9,
DDE8,
DF2D,
DD31,
DACA,
D924,
D6D0,
D2CF,
CFAA,
CF0A,
CF7C,
D0AC,
D2B2,
D5E8,
D957,
DC4A,
DEF7,
E174,
E337,
E33C,
E2AE,
E2DB,
E28C,
DFF6,
DCCE,
DB1B,
D9D7,
D7BE,
D5E9,
D64B,
D7DB,
D974,
DB63,
DE1C,
E14A,
E469,
E77B,
EA56,
ECF0,
EF2A,
F0EA,
F16F,
F100,
F050,
EF53,
EDA3,
EB73,
E9E7,
E8DF,
E713,
E4BF,
E43A,
E562,
E670,
E768,
E8A3,
EA17,
ED0E,
F1B1,
F3C8,
F2AB,
F55F,
FD2D,
000F,
FBF7,
FA4E,
FCF2,
FE3F,
FD26,
FBCF,
FA7F,
F933,
F7F3,
F726,
F750,
F655,
F2BF,
F035,
F0AB,
F131,
F0AB,
EFB5,
EDEF,
ECD9,
EDA6,
EF4F,
F1B8,
F441,
F63D,
F826,
FA08,
FC54,
000C,
03C1,
05E9,
0749,
07FA,
0865,
08FD,
0A02,
0CCD,
0FF2,
1167,
11A9,
1009,
0D7B,
0B8D,
0A2F,
0AFF,
0C9E,
0B44,
0830,
0523,
022F,
0089,
FFE9,
0002,
00B0,
0165,
020F,
01E3,
0102,
FEE0,
FBD7,
FC09,
FF32,
027C,
05DD,
0881,
0A4E,
0BBE,
0CD5,
0D2E,
0CB7,
0D2A,
0EBB,
11BA,
1688,
19B5,
1A60,
1B12,
1C4D,
1C6F,
1AE1,
1989,
18C8,
1965,
1C4D,
1ED2,
1FE0,
20A8,
2188,
21B1,
2097,
1EF0,
1C7D,
1B27,
1CF5,
1F0B,
1F80,
2052,
235F,
25DB,
251D,
235D,
21E6,
204C,
1E68,
1C89,
1AE1,
19DA,
1AF7,
1C7A,
1B94,
1A1E,
1B0F,
1C50,
19B2,
15D9,
15E9,
1763,
14FA,
1136,
11EA,
1508,
1647,
16BB,
18BC,
1BC2,
1FCA,
242A,
23AC,
1FB3,
2017,
23A0,
21E4,
1BEF,
1A70,
1CE9,
1D38,
1B81,
1B7C,
1D36,
1DFD,
1DA6,
1F61,
2393,
2519,
2319,
2307,
25DB,
26C7,
24C9,
2359,
2328,
22CC,
21F9,
21AE,
2272,
2256,
2051,
1F20,
1FFF,
20F5,
215F,
21B1,
21F1,
2219,
2210,
222E,
22DA,
2346,
22D2,
2208,
20FA,
201A,
200F,
2037,
203F,
200B,
1F0A,
1E0D,
1DFB,
1E82,
1FEB,
2190,
224C,
22DA,
2456,
2604,
26DB,
271F,
2693,
25A3,
2579,
2592,
24FC,
23E9,
21A8,
1F01,
1F13,
2102,
22E4,
24DD,
26ED,
290B,
2BB5,
2EA5,
2F82,
2E95,
2DAD,
2CC1,
2C36,
2C0B,
29C7,
2569,
236E,
241E,
245C,
23F5,
23E9,
2440,
24E1,
25F5,
2500,
212A,
1E72,
1DC8,
1D3E,
1C81,
1C5D,
1CFD,
1EA8,
2210,
2401,
228D,
21C9,
23DF,
247C,
20D6,
1E0E,
1F3E,
2073,
1F6B,
1EEF,
20FF,
2337,
2424,
2477,
23F2,
238A,
249D,
2590,
23F0,
22FC,
27C9,
2D60,
2D09,
2BBE,
308F,
3658,
34FB,
316A,
32D9,
363B,
37EA,
38EF,
3A76,
3C0B,
3D2C,
3DAF,
3C02,
38FF,
3699,
34C2,
350F,
36C4,
371F,
365D,
3415,
308D,
2D87,
2AF7,
27D2,
244D,
245C,
27C7,
2932,
2882,
271D,
2503,
23A0,
2311,
24CD,
294E,
2BD6,
2B7B,
2BEC,
2DC2,
2F36,
2FC9,
322C,
3783,
3BAF,
3D70,
3E54,
3E75,
3DEC,
3C6E,
3C01,
3E54,
3F86,
3D6C,
3AD4,
38B0,
36D1,
3578,
3492,
34CC,
33F4,
2F3F,
2A97,
292B,
28CD,
28BB,
2892,
2721,
25C2,
25AF,
26CF,
2A91,
2EBD,
2F6F,
2F54,
321B,
35DF,
38D3,
3AEC,
3A53,
3884,
389F,
3998,
3AAC,
3B4D,
37AB,
31D2,
305B,
3179,
303D,
2D9B,
2BB4,
2A72,
2B49,
2DBD,
2DBA,
2BD6,
2D25,
3140,
34B4,
3780,
38B6,
3844,
39A8,
3D1C,
3D15,
38F7,
377A,
398D,
3894,
3371,
2FAA,
2E30,
2CBE,
2B09,
2A02,
29C5,
2B2A,
2F0F,
31D3,
31B9,
32DB,
3754,
39D6,
376D,
3577,
36E4,
368E,
30F5,
2BC8,
2A61,
298E,
279B,
26C0,
28D8,
2C23,
3039,
3407,
3611,
3734,
37F1,
3796,
34B0,
30CC,
2D42,
2A0A,
277C,
25FF,
2740,
29E6,
2C36,
2EAC,
32A1,
366F,
356E,
31BE,
2EC5,
2BDF,
278A,
22DF,
21E1,
2377,
25A7,
2861,
2BCD,
2F4D,
2DF1,
28BE,
2469,
20D5,
1D72,
1A79,
1B93,
2074,
2418,
2651,
2623,
2371,
1E9B,
177E,
1433,
15A7,
182B,
1BA4,
1DB0,
1DD4,
1A93,
12A7,
0CE1,
0B07,
0BA6,
0F8D,
1287,
135D,
1103,
093E,
0314,
01A3,
029E,
0714,
09F9,
07F3,
03D9,
FCE7,
F867,
FC26,
007A,
0104,
FF12,
F84D,
F22B,
F2E1,
F561,
F719,
F700,
F03A,
E91C,
EAC6,
EEC1,
EE9B,
EC5C,
E6EE,
E160,
E399,
E83E,
E5A7,
E01A,
DD86,
DCB4,
DEBD,
E1C9,
DE4E,
D7B1,
D8BD,
DE02,
DCB4,
D76B,
D681,
D88E,
D94C,
D919,
D7C9,
D59E,
D697,
DA40,
DA35,
D6BB,
D79F,
DCE0,
DE05,
DAAC,
DB03,
DFB2,
E1CF,
E086,
E179,
E57E,
E844,
E900,
EA7A,
ED2F,
EFF6,
F2A8,
F513,
F6EC,
F95E,
FD10,
FFE6,
00B3,
0235,
05DF,
08C2,
0930,
09FE,
0CEA,
0F04,
0E22,
0D5A,
0EE4,
0FCA,
0DC2,
0AD0,
078F,
0A0B,
08AA,
069D,
03AF,
0043,
FCEB,
F95F,
F57B,
F160,
ED2E,
E8F7,
E4DF,
E101,
DDAC,
DADE,
D8DB,
D78C,
D6E2,
D6F9,
D86F,
DAF2,
DE04,
E1B2,
E67F,
EC08,
F14D,
F652,
FB40,
FFD2,
02A3,
03D8,
03DB,
029E,
FF2F,
F9C0,
F3AB,
ED11,
E658,
DFAB,
DB56,
D98B,
DA05,
DCCE,
E23E,
EA77,
F23A,
F913,
FD56,
FE7A,
FB8A,
F397,
EAF4,
E229,
DC87,
DB7E,
DF14,
E91F,
F249,
F863,
F972,
F220,
E951,
E034,
DC6F,
E47E,
EDBE,
F43B,
F5C0,
EBBF,
E250,
E23B,
E5F8,
EE89,
F455,
EBC7,
E248,
E4EF,
EA89,
ED24,
EDA3,
E854,
E2ED,
E7D6,
EECD,
EB69,
E522,
E671,
EA62,
EA83,
E901,
E7B8,
E6C4,
E862,
EAF8,
E91C,
E530,
E6C2,
EB3C,
E9DE,
E512,
E5F6,
EA85,
E9D9,
E57B,
E5BB,
E989,
E96B,
E603,
E5D3,
E891,
E8C4,
E675,
E612,
E7C3,
E811,
E6C0,
E65B,
E727,
E766,
E6DD,
E695,
E6B3,
E6CC,
E6DA,
E6BF,
E661,
E64A,
E6BE,
E6D6,
E627,
E5DD,
E692,
E6DD,
E5FD,
E584,
E65D,
E6D7,
E5E1,
E53D,
E622,
E6C3,
E5CB,
E505,
E5E6,
E6A7,
E5B8,
E4D6,
E5AA,
E684,
E5A8,
E4B2,
E572,
E65E,
E599,
E495,
E53B,
E632,
E589,
E47E,
E50A,
E609,
E57D,
E46F,
E4DF,
E5DD,
E56C,
E45F,
E4B5,
E5B1,
E55C,
E454,
E48F,
E585,
E54A,
E44A,
E46D,
E55C,
E53B,
E44B,
E45A,
E53C,
E52A,
E439,
E42F,
E50A,
E511,
E433,
E41B,
E4E5,
E4FD,
E431,
E409,
E4C3,
E4EA,
E42F,
E3F0,
E480,
E4AB,
E419,
E3F2,
E4B0,
E498,
E2A7,
E295,
E6BF,
E85F,
E3C7,
DF7D,
DD11,
DFC5,
EE65,
F63E,
E834,
D938,
D332,
D431,
E2B4,
F0E8,
F2EC,
F115,
EF79,
EAE6,
DD9E,
D104,
D0FA,
D56C,
D7E8,
DBC3,
E604,
F142,
F545,
F5DC,
F6B2,
F61D,
F080,
E869,
E203,
DC62,
D675,
D104,
CE55,
CDC5,
CEBB,
D119,
D493,
D908,
DE6C,
E474,
E9BE,
EE64,
F309,
F77C,
FA10,
FAED,
FBCB,
FC95,
FB84,
F8A5,
F625,
F41F,
F0A9,
EBA3,
E776,
E472,
E081,
DB51,
D769,
D559,
D2C8,
CF2F,
CCB2,
CBF5,
CAF9,
C918,
C840,
C940,
C9FB,
C982,
C9F2,
CC5F,
CE9F,
CF95,
D10F,
D41A,
D70E,
D8E3,
DB03,
DE77,
E1C5,
E3B9,
E5C3,
E924,
EC67,
EE2E,
EFD1,
F29C,
F564,
F6ED,
F83E,
FA90,
FCE3,
FDDD,
FE73,
FFEE,
0183,
0208,
0226,
02F9,
03E8,
03BE,
031B,
035F,
03F3,
036D,
0255,
020C,
0225,
016D,
0032,
FF7D,
FF15,
FE1E,
FCC0,
FBE4,
FB66,
FA43,
F897,
F744,
F641,
F528,
F3FB,
F2B0,
F144,
F032,
EF89,
EE3F,
EC2F,
EAA9,
E9D5,
E933,
E8DE,
E6FC,
E2A5,
E160,
E55F,
E58F,
DE6F,
DAAE,
DE4E,
E046,
DD87,
DA65,
D7A0,
D618,
D71E,
D7D7,
D6DF,
D526,
D249,
D01F,
D029,
D12A,
D36F,
D4B6,
D21F,
CEED,
CD43,
CC67,
CC9C,
CD85,
CFA4,
D128,
CEB9,
CB2B,
C953,
C84C,
C7CB,
C81A,
CAC3,
CDF3,
CE0E,
CC87,
CAA4,
C85E,
C53E,
C247,
C370,
C705,
C992,
CB81,
CD2F,
CE56,
CCEC,
C9AF,
C754,
C5AC,
C429,
C2FF,
C491,
C878,
CBB3,
CE3C,
CFFF,
D0EE,
CFEC,
CCF4,
CA68,
C87A,
C67A,
C460,
C44A,
C6A4,
C984,
CCC2,
CFDD,
D2AC,
D4D1,
D60E,
D6D6,
D74F,
D673,
D393,
D0F5,
CF69,
CE38,
CD45,
CD1D,
CE10,
D017,
D3A6,
D788,
DB44,
DE79,
E08B,
E1FF,
E316,
E344,
E1A3,
DF96,
DE32,
DCEA,
DB7B,
DA2F,
D941,
D8BB,
D8DF,
D985,
DA9A,
DC31,
DEA6,
E1A1,
E515,
E874,
EA44,
EB2D,
EBD5,
EC30,
EC9D,
ECC2,
EAF9,
E841,
E81B,
E920,
E62B,
E0F9,
DF99,
E0DD,
E188,
E1DE,
E0D8,
DEF5,
E2FC,
EBD5,
EC3E,
E52F,
E765,
F27D,
F809,
F7C2,
F6F7,
F5AC,
F77F,
FD1F,
FFB1,
FE4C,
FC21,
F935,
F862,
FACF,
FB44,
F877,
F4EA,
F079,
EED0,
F221,
F46C,
F3AB,
F21A,
EFA2,
EE46,
EF3E,
F1A7,
F649,
F998,
F8A3,
F754,
F752,
F861,
FB70,
FEE0,
01EF,
03F4,
0315,
01F1,
0307,
04BB,
062D,
07A2,
0996,
0AE6,
092B,
0670,
0516,
044D,
03A7,
0355,
0415,
0515,
0455,
02CB,
022C,
01E7,
0095,
FEFA,
FF9E,
0188,
022B,
01FA,
01A9,
012D,
FFEE,
FE43,
FE76,
002F,
01B0,
030E,
0526,
07D8,
0972,
09F7,
0AB3,
0BB2,
0BAD,
0A90,
0B3A,
0E00,
1082,
1287,
14AB,
16F6,
18FA,
1AAB,
1B98,
1B8B,
1B1C,
1A31,
1A7E,
1CFC,
1F0A,
1FB1,
209C,
228E,
239C,
22DE,
2112,
1DEB,
1AEB,
18FF,
17BC,
1775,
174A,
1649,
1617,
18E8,
1B06,
185E,
1552,
15D7,
16C5,
1550,
1386,
1307,
1379,
15F5,
1887,
1718,
150D,
185B,
1D2A,
1D18,
1B68,
1D9F,
2148,
22C7,
22AB,
1F51,
1A65,
1952,
1A7C,
1A00,
18CF,
19AE,
1C05,
1EEC,
2221,
2307,
2219,
217F,
213A,
239A,
2847,
2A4C,
29BA,
27ED,
24E9,
2486,
2719,
281F,
2733,
2719,
2815,
28CD,
2920,
2909,
287F,
2734,
24C4,
23F5,
25FF,
26DF,
2563,
22D5,
1EBD,
1C72,
1DDA,
2034,
2344,
24E5,
2325,
20C7,
1E5D,
1D82,
2097,
23BC,
24C7,
243F,
20FB,
1D38,
1A58,
18D3,
1AF8,
1D66,
1C63,
1A5E,
18A8,
177F,
182D,
19BB,
1BAB,
1D5D,
1CAC,
1B45,
1C22,
1DAE,
1D21,
1BBF,
1B4E,
1B97,
1D57,
1FF6,
2277,
249D,
2396,
20CE,
21E1,
258B,
28F5,
2C00,
2BD7,
290E,
266C,
23EF,
22AB,
2293,
2114,
1E53,
1F97,
24EC,
2881,
2A0B,
2AC0,
2A80,
2B59,
2DA4,
2F22,
2F91,
2EB4,
2C1A,
2AE9,
2C48,
2B7D,
26C9,
2408,
2529,
26E5,
28E1,
299E,
27A0,
26CF,
29E2,
2A16,
22A3,
1C40,
1BD7,
1C07,
1A3B,
194E,
1AD7,
1E15,
247F,
2968,
26E3,
2398,
25AE,
27BA,
23F7,
1FE3,
214E,
24F5,
294E,
2DAB,
300E,
3178,
32F2,
33D1,
326C,
2FF8,
2DE8,
2C70,
2D1E,
2F60,
33CD,
3911,
3A70,
3968,
394E,
3974,
37BE,
34E4,
332C,
3278,
3453,
381C,
39D5,
39B9,
380F,
3503,
3235,
2FBA,
3080,
348C,
3613,
34BE,
330D,
311E,
2DB4,
288A,
2598,
25A0,
266E,
27D0,
2A1F,
2DC6,
2EA8,
2AE8,
28A7,
29B8,
2B9B,
2E20,
30B6,
3369,
3410,
3075,
2E1A,
2FE7,
32F4,
36F9,
3A79,
3C7E,
3C68,
37C9,
33E4,
3592,
3819,
390D,
387E,
34AC,
2FE1,
2B76,
285F,
29E8,
2C5B,
2B09,
28A5,
2735,
26B1,
28B8,
2BCA,
2DDD,
2F30,
2E11,
2C7D,
3058,
3687,
3895,
384C,
3770,
3665,
38BA,
3CEA,
3E10,
3CFD,
3A2F,
362E,
35CA,
3804,
3608,
30AB,
2D4C,
2BB1,
2B32,
2BCB,
2989,
2469,
245D,
29D7,
2CE7,
2CED,
2E21,
30C8,
3418,
384A,
3995,
36A6,
364E,
3A9F,
3B51,
35B8,
318E,
3128,
2FC4,
2BE1,
287C,
264F,
25E8,
2878,
2AE9,
2B59,
2D07,
324C,
36DE,
37FC,
386B,
39A1,
39DA,
3778,
347F,
3261,
3022,
2CB4,
29CF,
2985,
2A71,
2BDD,
2DC7,
3008,
32A2,
365E,
3997,
38E1,
3628,
3363,
3020,
2B4E,
263A,
2411,
23C2,
23EF,
24FF,
2936,
2EF9,
3158,
3152,
3090,
2EE3,
2AA5,
24AF,
211D,
1F8C,
1E9F,
1E72,
216B,
2703,
2985,
28FC,
26D3,
2319,
1E12,
17D0,
150E,
1656,
188B,
1B83,
1E32,
207E,
1F5C,
19AF,
1484,
10AD,
0EC4,
0F76,
11C2,
163D,
1837,
157E,
114C,
0BA4,
078F,
06DE,
0839,
0CC1,
0F46,
0C01,
072A,
0171,
FD5A,
FDFA,
FFF6,
029A,
035E,
FDD5,
F7A4,
F52D,
F4C2,
F7CD,
FA91,
F7A8,
F2D8,
EE5F,
EB24,
ED93,
F125,
EE8B,
E9AC,
E670,
E474,
E66D,
E986,
E660,
E082,
DEAE,
DF08,
DFE5,
E0CE,
DDA9,
D85F,
D890,
DC1C,
DB12,
D700,
D5D2,
D6C8,
D78A,
D825,
D72E,
D4E1,
D56D,
D89E,
D8DA,
D61E,
D65A,
D9CE,
DB33,
DA20,
DAA0,
DD1C,
DF24,
E072,
E1C3,
E310,
E50F,
E819,
EA5C,
EB25,
ECE5,
F08C,
F360,
F43A,
F5EF,
F9D0,
FCE9,
FDAB,
FF1D,
02F5,
061E,
06A7,
0771,
0A4A,
0CAB,
0CC5,
0CB3,
0E04,
0EAE,
0C94,
0D5D,
0D1F,
0C5F,
0A75,
082D,
068E,
049B,
00DD,
FC91,
F94A,
F60A,
F13B,
EC14,
E8A6,
E5CE,
E162,
DCB3,
DA72,
D982,
D79D,
D5C0,
D68F,
D916,
DAF9,
DCDE,
E141,
E74B,
EC07,
EFEC,
F53C,
FB64,
FF44,
011E,
02CF,
041F,
024E,
FD88,
F88D,
F37A,
ECD4,
E4AB,
DEB8,
DB63,
D987,
D91D,
DC4D,
E3A9,
EB4A,
F2A1,
F8F5,
FE1D,
FED9,
F990,
F255,
E97D,
E1B3,
DBB1,
DAC1,
E1F6,
EAB4,
F3CF,
F940,
F79D,
F1D8,
E605,
DD82,
DF98,
E596,
EF91,
F649,
F12C,
E961,
E295,
DFB9,
E983,
F34A,
EF0B,
E797,
E4B3,
E484,
EA60,
F041,
EAE9,
E32C,
E5D6,
EBA8,
EB6C,
E8D3,
E730,
E650,
E8A9,
EC00,
E96A,
E460,
E68B,
EC26,
EA64,
E4B2,
E5C3,
EAD1,
EA21,
E5B8,
E5E5,
E950,
E94F,
E6AC,
E662,
E80E,
E84E,
E744,
E6E5,
E72D,
E764,
E78C,
E74F,
E69E,
E6A4,
E796,
E796,
E647,
E60B,
E76F,
E7B2,
E616,
E59A,
E730,
E7B1,
E5FA,
E547,
E6E5,
E798,
E5EB,
E50E,
E696,
E76E,
E5E1,
E4E8,
E64B,
E73A,
E5D7,
E4CB,
E603,
E6FF,
E5CC,
E4BA,
E5C2,
E6C1,
E5BE,
E4AD,
E587,
E683,
E5AC,
E4A2,
E552,
E646,
E599,
E49B,
E524,
E60B,
E585,
E496,
E4FE,
E5D7,
E570,
E490,
E4DA,
E5A2,
E557,
E489,
E4B9,
E56F,
E53D,
E483,
E4A1,
E548,
E528,
E47C,
E486,
E51C,
E50E,
E478,
E478,
E502,
E503,
E47D,
E470,
E4E6,
E4F0,
E47A,
E467,
E4D0,
E4DE,
E46F,
E44C,
E49E,
E4AD,
E44A,
E440,
E4DE,
E4B5,
E303,
E2DC,
E5D5,
E74C,
E577,
E251,
DC9A,
DCF4,
EBCD,
F4D0,
EB51,
DEF0,
D359,
CF9F,
DFCE,
F001,
F265,
F104,
F05B,
EC6B,
DF33,
D28A,
D101,
D3BF,
D6E6,
DBEC,
E527,
EEF7,
F480,
F759,
F764,
F525,
F0A5,
EA89,
E32E,
DB8E,
D668,
D2D4,
CF63,
CCE4,
CE46,
D22D,
D539,
D837,
DDF7,
E55E,
EA3D,
ED5E,
F21F,
F7CA,
FA54,
FA48,
FB4E,
FD11,
FBF1,
F829,
F5A9,
F46F,
F104,
EB55,
E723,
E4BC,
E0EE,
DB63,
D765,
D581,
D2B9,
CE78,
CBCE,
CB86,
CABD,
C8AC,
C7CA,
C8EB,
C9B8,
C94E,
C9DB,
CC57,
CE8B,
CF68,
D0E7,
D417,
D716,
D8D3,
DADD,
DE2F,
E155,
E33D,
E552,
E8BD,
EBFD,
EDC7,
EF79,
F246,
F505,
F69D,
F7FF,
FA26,
FC40,
FD4B,
FE13,
FFA2,
012F,
018C,
0182,
023B,
0321,
0367,
0367,
03BF,
0423,
03F2,
0375,
036A,
0380,
02BA,
0178,
00FE,
00EE,
FFF9,
FE68,
FD70,
FCDA,
FB82,
F996,
F848,
F77E,
F678,
F53E,
F385,
F14D,
F099,
F182,
EF64,
E9D4,
E7B7,
E9D6,
EA79,
E920,
E577,
DE88,
DD8F,
E5C2,
E819,
E034,
DA4E,
D91A,
D9E0,
DD44,
DF1A,
DD98,
DA19,
D368,
CFB3,
D339,
D742,
D9AE,
D9BE,
D50C,
CFE2,
CC1B,
CA7E,
CD94,
D198,
D4BF,
D5ED,
D1FC,
CCA9,
C834,
C526,
C5CD,
C867,
CCBE,
D0F7,
D1CC,
D09B,
CD3A,
C8E3,
C51C,
C267,
C378,
C6BA,
CAC2,
CF02,
D19F,
D2AE,
D032,
CB85,
C788,
C41F,
C223,
C185,
C384,
C770,
CAB6,
CD6A,
CF7D,
D0D1,
CFDF,
CCEC,
C9AF,
C645,
C36E,
C148,
C147,
C380,
C63F,
C967,
CD0E,
D12E,
D441,
D603,
D678,
D57D,
D342,
CF92,
CC90,
CAE0,
C978,
C824,
C7FB,
C974,
CBDD,
CF3F,
D2F6,
D6E3,
DA3E,
DC71,
DE0C,
DF3B,
DF71,
DE0C,
DC14,
D9D6,
D7D5,
D6B2,
D5F8,
D57F,
D567,
D5B0,
D6B6,
D956,
DC5E,
DE74,
E0A5,
E44E,
E81F,
EA94,
EC3A,
ED35,
ED80,
ECBF,
EB72,
EA82,
E99F,
E880,
E722,
E4C1,
E226,
E24B,
E3A9,
E0DD,
DC32,
DD8F,
E2A9,
E499,
E48B,
E520,
E63E,
EA19,
EFF7,
F137,
EEA6,
EFB8,
F403,
F76A,
F9E5,
FA75,
F90D,
F70C,
F474,
F449,
F719,
F6C3,
F25A,
EED6,
ECC7,
EC4F,
EDF9,
EEE1,
EE59,
ED2E,
EAEE,
EB29,
EFBA,
F3DD,
F619,
F7AD,
F88F,
F8F2,
F858,
F98E,
FF3B,
0412,
0506,
04DC,
0426,
0380,
035D,
0478,
08CA,
0CD6,
0D9D,
0CAA,
09BB,
064B,
03F8,
0263,
0239,
0286,
0261,
01B8,
FFAB,
FCE4,
F9A9,
F6A0,
F569,
F588,
F764,
FA31,
FC9B,
FE69,
FD6B,
FABF,
F83D,
F620,
F67C,
F8CB,
FCF5,
025F,
05FA,
081B,
092D,
0954,
09A9,
0A2C,
0AEE,
0BF6,
0D85,
0F91,
1271,
161D,
177D,
1655,
14F5,
137A,
12CA,
131F,
1418,
15D5,
16EB,
16E6,
17B0,
19E9,
1AD1,
1988,
17C3,
1597,
145B,
14FB,
1568,
14BC,
14BD,
1648,
1827,
1A35,
1B81,
1B06,
1A47,
1A25,
19A1,
17DE,
1650,
168E,
163C,
123F,
0F3B,
1328,
1746,
1397,
0F75,
1379,
1935,
1A45,
1936,
1667,
1353,
13CD,
1539,
128C,
0F02,
10A0,
150F,
1A43,
1FAF,
224D,
2339,
245D,
2584,
2714,
28C2,
28FE,
283B,
27D9,
27BB,
2890,
2A00,
2842,
23F5,
2149,
2032,
22FB,
2971,
2C2A,
2AF0,
2AAA,
2B87,
2B5B,
29F2,
2A21,
2C6A,
2CC3,
2A5A,
2967,
2AD7,
2B3E,
29E3,
2863,
26E5,
2608,
262C,
26CA,
2808,
28A7,
281D,
265B,
2282,
1F8F,
1F5D,
1FBE,
203D,
200F,
1E23,
1BB8,
18EC,
171F,
183F,
1A0E,
1B5B,
1BF8,
1AC8,
190F,
17A7,
16A9,
16E6,
178B,
17BF,
17C3,
177F,
1734,
175C,
17BB,
1802,
1857,
18E5,
19BB,
1B6A,
1D85,
1FB2,
2170,
1FAC,
1BDF,
19D4,
1909,
19AB,
1B5D,
1C88,
1D4B,
1CE0,
1BAA,
1D04,
2086,
2359,
2594,
27EF,
2A59,
2DC6,
322A,
338E,
31B2,
2F38,
2C34,
2AD3,
2B9A,
2B61,
2996,
2967,
2B9C,
2CD1,
2C29,
2C31,
2DC1,
2DA3,
2A48,
28FC,
2C75,
2D6A,
282D,
245E,
257C,
2696,
25BE,
24F5,
24B2,
2580,
28A7,
2B66,
2BB1,
2B2A,
2A49,
293D,
287E,
2760,
24AD,
2251,
22AE,
23E2,
2437,
24DC,
27CF,
2AB9,
297C,
270D,
27A4,
28EE,
2737,
24A0,
2451,
2591,
2939,
2DF1,
2FE1,
304D,
31A7,
3349,
3336,
323C,
336A,
3606,
37B6,
38D4,
3B78,
3F16,
4006,
3EAB,
3CA7,
3A15,
38C7,
38BB,
3992,
3B40,
3C8F,
3D6C,
3BF1,
37D0,
341D,
312F,
2E5F,
2BA1,
2A63,
2B33,
2B20,
296E,
27E8,
26F4,
2565,
2284,
219D,
2462,
270A,
285B,
2948,
29ED,
29B5,
2791,
26F2,
2A86,
2E85,
3134,
3369,
352F,
3647,
35E3,
35E4,
387D,
3B42,
3C77,
3C9A,
3B15,
38DF,
36AD,
34D3,
34C3,
34DC,
3296,
2F72,
2CAF,
2A65,
29AB,
29D6,
2A5C,
2AEB,
2994,
27BE,
2969,
2CE3,
2E94,
2F46,
2FEB,
3089,
31BB,
335C,
3590,
380F,
38E6,
3866,
3816,
37DD,
37BE,
37AB,
35A4,
31CA,
2FE4,
2FFE,
2E7F,
2B46,
28B4,
26ED,
2647,
26F8,
276E,
275B,
289B,
2B9A,
2EA8,
318D,
33CE,
3507,
3682,
38CA,
39FB,
3945,
3818,
36DC,
34FB,
3206,
2F44,
2D65,
2BB3,
29AD,
28D7,
2AA7,
2CFD,
2E9F,
3077,
3312,
35BA,
382B,
39D5,
39B3,
3893,
36C8,
3466,
3163,
2E2A,
2B18,
287C,
26F5,
2696,
2881,
2B9F,
2EBA,
31BE,
3422,
35C9,
35F0,
34D4,
3228,
2E5B,
29CB,
2502,
2215,
20B6,
2148,
236C,
2671,
2A05,
2C79,
2DCF,
2D16,
2A83,
269E,
21A3,
1D80,
1A52,
1A09,
1CA4,
1FE6,
23A8,
25ED,
2677,
244F,
1F17,
1A4A,
1654,
1413,
13EF,
15A3,
19AA,
1C32,
1C2D,
1A24,
1573,
10B0,
0C50,
0A53,
0C7F,
0F49,
1200,
12C6,
0FB0,
0B46,
0583,
0197,
029F,
0506,
080C,
0978,
0624,
0161,
FC24,
F889,
FAC7,
FE03,
FE60,
FCD8,
F797,
F1E7,
F02D,
F062,
F2B5,
F4B6,
F047,
E9D0,
E780,
E75A,
E95D,
EBB8,
E845,
E241,
DFEF,
DFBE,
E102,
E2C8,
DF6F,
D951,
D8F0,
DC29,
DC3E,
DA30,
D805,
D5D6,
D6A2,
D9CA,
D8FD,
D4D3,
D44F,
D72D,
D814,
D704,
D656,
D60F,
D713,
D999,
DA41,
D87A,
D924,
DD2E,
DF2C,
DDF1,
DEC9,
E312,
E5DB,
E5B4,
E6D1,
EA8B,
ED86,
EE92,
F026,
F32D,
F61F,
F87D,
FABE,
FCED,
FF47,
022A,
04BA,
0649,
07D5,
0A35,
0C25,
0C9A,
0CAD,
0D22,
0DD8,
0DDC,
0DCE,
0DE1,
0D91,
0BEC,
09D4,
085A,
06A0,
034C,
FF64,
FC53,
F946,
F4CF,
EFDD,
EC08,
E8A1,
E442,
DFB8,
DCD5,
DAF6,
D89F,
D66B,
D630,
D764,
D884,
D9EE,
DD5B,
E24E,
E6DF,
EB38,
F090,
F697,
FB40,
FE96,
0172,
03B9,
0392,
00FB,
FD4B,
F899,
F273,
EADF,
E436,
DED1,
DAEC,
D8AC,
D98E,
DE25,
E452,
EBF2,
F35D,
FA53,
FDEB,
FCBE,
F854,
F012,
E764,
DEE2,
DA5F,
DCD3,
E2BE,
ECD5,
F536,
F885,
F6E4,
EC86,
E28E,
DE6B,
DF27,
E945,
F2DA,
F36E,
EFB8,
E60A,
DE63,
E4EE,
EE19,
EFA8,
EDB9,
E729,
E137,
E738,
EFBD,
ECC4,
E633,
E5C9,
E7EE,
EA34,
EC04,
E8EC,
E42E,
E6E2,
ECBE,
EA98,
E48F,
E5C9,
EAF1,
EA4A,
E62F,
E62E,
E8D9,
E90F,
E786,
E709,
E759,
E7C2,
E841,
E7CA,
E671,
E6AA,
E873,
E848,
E601,
E5E2,
E84B,
E87D,
E5D9,
E563,
E7F7,
E87A,
E5D7,
E51B,
E790,
E84F,
E5E0,
E4F4,
E725,
E80A,
E5EC,
E4E6,
E6C1,
E7B5,
E5F0,
E4E3,
E668,
E75D,
E5EE,
E4E9,
E61B,
E704,
E5E2,
E4EE,
E5DA,
E6B0,
E5D2,
E4F5,
E5A2,
E65F,
E5B9,
E4F8,
E574,
E617,
E5A0,
E4FB,
E54F,
E5D6,
E583,
E4F9,
E52E,
E59B,
E564,
E4F6,
E512,
E565,
E542,
E4EC,
E4F8,
E534,
E51F,
E4DE,
E4E1,
E50C,
E502,
E4D7,
E4D1,
E4E6,
E4DF,
E4C3,
E4BC,
E4C6,
E4C3,
E4B5,
E4A9,
E4A2,
E49D,
E49B,
E493,
E485,
E481,
E48B,
E488,
E475,
E468,
E463,
E47A,
E4C2,
E496,
E39E,
E37F,
E4E2,
E605,
E6CA,
E4E5,
DD60,
DBFD,
E8C4,
F1A8,
EE64,
E5E3,
D55E,
CD39,
DD23,
EDBB,
F207,
F280,
F157,
ECBF,
E112,
D5C2,
D18D,
D16A,
D61B,
DD28,
E496,
EC21,
F375,
F8CE,
F7A6,
F378,
F048,
EC44,
E3EE,
DA76,
D5FC,
D3D9,
CFBB,
CBD5,
CDA7,
D2A8,
D55D,
D76E,
DD68,
E587,
EA40,
ECDF,
F1D6,
F809,
FA82,
FA1F,
FB28,
FD10,
FBE1,
F808,
F589,
F43B,
F0D6,
EB6D,
E758,
E4BB,
E0D8,
DB84,
D79B,
D574,
D29B,
CEB3,
CC21,
CB64,
CA4C,
C858,
C780,
C85D,
C8FF,
C8C7,
C95F,
CB67,
CD65,
CEC9,
D0A2,
D36E,
D62A,
D852,
DAAE,
DDAF,
E09C,
E301,
E56D,
E839,
EAF0,
ED39,
EF7F,
F229,
F4B0,
F691,
F84E,
FA61,
FC60,
FDDE,
FF27,
007E,
01B5,
028D,
0333,
03E6,
0479,
0495,
0471,
0458,
0434,
03EC,
038D,
0343,
02F3,
0249,
016E,
00EE,
0093,
FFB9,
FE84,
FD1A,
FB92,
FAF1,
FAE8,
F8F9,
F59D,
F53E,
F74F,
F570,
F00D,
EDDF,
EECE,
F023,
F1E8,
EE3B,
E450,
E39F,
EE4D,
F06F,
E71A,
E05B,
DDCF,
DE9D,
E3F5,
E61D,
E2E9,
DE13,
D74D,
D3F0,
D6AE,
DA74,
DEE7,
DF66,
D7FD,
D114,
CDD6,
CD03,
CFCC,
D358,
D719,
D80D,
D20E,
CB5A,
C75F,
C538,
C5BC,
C85B,
CEA3,
D416,
D32E,
CFD6,
CBFE,
C7CA,
C34E,
C049,
C303,
C809,
CC03,
CF3D,
D0D5,
D0BE,
CCF4,
C783,
C414,
C1E8,
C0BB,
C0CE,
C436,
C979,
CCA8,
CE7F,
D07B,
D209,
CFF1,
CB43,
C7C8,
C53E,
C2D2,
C0CC,
C1D3,
C587,
C94F,
CD1A,
D0A6,
D3D5,
D583,
D59C,
D4E2,
D35F,
D0CE,
CD21,
CA35,
C857,
C711,
C663,
C71D,
C999,
CC2F,
CE74,
D183,
D5D3,
D949,
DB2B,
DC2F,
DC5A,
DB69,
D8EA,
D657,
D46F,
D252,
CF5E,
CD5E,
CDAC,
CEBD,
CFE7,
D1B9,
D4C3,
D7EC,
DA41,
DC8F,
DF77,
E254,
E4DE,
E6A1,
E63E,
E584,
E739,
E8B0,
E5CE,
E1CF,
E0CC,
E0DB,
E051,
DF84,
DD68,
DBAE,
E030,
E6C9,
E46E,
DEA6,
E39E,
EDBD,
EF26,
EBC5,
EC4D,
EF47,
F381,
F871,
F9F3,
F8D3,
F796,
F643,
F75C,
FA6A,
FA59,
F775,
F489,
F19E,
F10C,
F2EA,
F29F,
EFEF,
EBF2,
E685,
E41D,
E57C,
E84B,
ECBF,
EE07,
EA80,
E8B1,
E9F6,
ECB4,
F12A,
F5C6,
FA50,
FCE7,
FC0A,
FB55,
FBE6,
FDB5,
01B6,
0550,
076D,
07D4,
051C,
0289,
0236,
029B,
0345,
04B8,
0867,
0ACE,
07AB,
0351,
00E0,
FEFB,
FCF1,
FBBC,
FD7A,
FFAB,
FF30,
FD4E,
F9F8,
F63B,
F3BD,
F271,
F3C4,
F6A4,
FA10,
FD87,
FF08,
FF2B,
FDC5,
FB97,
FB26,
FBDC,
FCAF,
FDD7,
007B,
0422,
06B5,
087C,
0ABB,
0D35,
0DAE,
0C86,
0CE2,
0EA3,
1081,
1277,
1540,
18D4,
1A36,
1925,
18C1,
1954,
18AD,
1684,
14EA,
1423,
1434,
1550,
16AD,
183D,
193E,
197A,
1857,
152F,
1233,
102C,
0E31,
0C23,
09E4,
06C5,
05FA,
0AA4,
0DE4,
0AD0,
08C8,
0CD9,
105E,
0EAC,
0CCA,
0E18,
0FA8,
0F7C,
0F28,
0FBF,
109E,
1151,
1242,
13FF,
161A,
181E,
1A57,
1D7A,
20AE,
2296,
23A9,
2405,
23BC,
2298,
2109,
202D,
1FA0,
1E5B,
1D00,
1D71,
1F2E,
222B,
25DC,
271E,
26CD,
287D,
2B85,
2D60,
2E47,
2E5A,
2DB9,
2E7B,
3070,
30A3,
2F26,
2E05,
2D4C,
2C55,
2B20,
2AB2,
2B1D,
2CA2,
2F86,
2FD4,
2C95,
2ACF,
2B90,
2B59,
295A,
2850,
2920,
2907,
271A,
2516,
234F,
2211,
21D5,
216B,
2020,
1F6D,
204E,
20F4,
2042,
1FB2,
203E,
2074,
1F39,
1DC8,
1CE1,
1BF4,
1AA1,
1942,
17FB,
16FE,
16DE,
16D5,
15D2,
14B0,
1467,
1456,
137C,
12D2,
1474,
16B8,
16C1,
15D8,
15BA,
15BE,
145D,
1291,
12F7,
148F,
1541,
1584,
1600,
16AE,
17EA,
1990,
1B01,
1C5C,
1EA1,
218E,
23CB,
255F,
25A3,
24B0,
249D,
2562,
237C,
1EE5,
1E4F,
222F,
22ED,
1FCB,
201A,
24D1,
283E,
299C,
2B32,
2D3B,
2F37,
3123,
32C7,
3420,
3476,
332B,
32B0,
3443,
34C6,
32B5,
3113,
3113,
31A4,
32C4,
33F6,
350D,
35A0,
350F,
345E,
34A3,
33B9,
2F3B,
2A3B,
26B3,
2436,
238F,
238D,
22D9,
22A4,
2492,
2716,
28E3,
29C5,
27F0,
252D,
2410,
237E,
21DE,
205D,
21A2,
244F,
2632,
27DE,
2A2F,
2CCA,
2F72,
31C5,
30F7,
2E50,
2E62,
3043,
313B,
31B7,
33CA,
3701,
38BC,
392F,
3957,
3932,
38DA,
385D,
37BD,
36FD,
37FE,
3ADF,
3C8B,
3CB9,
3C6D,
3BBB,
3907,
33CA,
304D,
2F85,
2F04,
2E72,
2EC5,
3081,
30B1,
2E1E,
2B3E,
2875,
268C,
2624,
269E,
283A,
2985,
29C3,
28EC,
2601,
23B8,
23D2,
2544,
2858,
2BEB,
2F79,
323B,
32A8,
3272,
327A,
332E,
3624,
3981,
3BA2,
3CBF,
3BF6,
3A39,
3848,
3671,
35F2,
3601,
3642,
35EE,
318B,
2BBD,
2A6B,
2B41,
2A71,
28DD,
278C,
264F,
2438,
21EB,
2286,
2519,
2671,
26F5,
272E,
2741,
28C5,
2B83,
2F2D,
3392,
34C6,
32F4,
33DB,
3781,
395D,
3945,
37F9,
355F,
33E9,
33F6,
33B4,
3312,
308D,
2B59,
28D0,
2A96,
2B58,
29B4,
290C,
2A28,
2C51,
2FD5,
32ED,
34B2,
3688,
3900,
3AFA,
3C07,
3C05,
3A4C,
3867,
379B,
35D1,
30D6,
2C7B,
2C27,
2C39,
29D3,
27D7,
28BD,
2AC3,
2D1D,
2FA5,
31E9,
33F6,
35DD,
3722,
36A5,
3527,
337E,
3128,
2C76,
2717,
2432,
22D3,
2246,
22BA,
2530,
28E5,
2C60,
2F9A,
31F3,
3361,
332A,
3177,
2D6E,
27BC,
2389,
20A5,
1E99,
1D7F,
1F1A,
2314,
2663,
28EE,
2AB2,
2B99,
29A9,
24C6,
201D,
1BF4,
18A9,
1658,
16F4,
1B1C,
1EEB,
21D2,
2347,
22FB,
1FDD,
18CD,
133B,
10D0,
1043,
11F1,
14DC,
198F,
1B77,
178D,
124C,
0C9D,
07F9,
059F,
05A9,
0A08,
0DE1,
0DFF,
0BA9,
0565,
FEEA,
FADC,
F954,
FD7E,
0208,
0197,
FE9E,
F86D,
F214,
F007,
F07D,
F4AB,
F8F6,
F5DB,
EFC1,
EAF8,
E78F,
E9C1,
EE09,
ED2C,
E974,
E3E0,
DE00,
DFAF,
E551,
E4D1,
E092,
DC3B,
D818,
D9C7,
DF59,
DE44,
D84A,
D58D,
D570,
D718,
DA46,
D857,
D1AC,
D12A,
D6D8,
D816,
D47B,
D344,
D4E0,
D6A6,
D892,
D8B4,
D656,
D72B,
DCC1,
DF32,
DC4D,
DC44,
E18B,
E4D9,
E3D9,
E432,
E7CC,
EAFB,
EC85,
EE49,
F0E4,
F3BE,
F6EC,
F994,
FAC4,
FC84,
0098,
03FD,
0437,
04B3,
083B,
0BBE,
0D3F,
0B93,
0BB9,
0C05,
0D82,
0ED2,
0DD8,
0C4B,
0BE6,
0B73,
0943,
066A,
041C,
01B5,
FE0B,
F9D5,
F617,
F276,
EE38,
E9C2,
E5A0,
E1D1,
DE60,
DB62,
D903,
D750,
D69B,
D6D3,
D7C4,
D97A,
DC72,
E083,
E4FA,
E9D0,
EF1D,
F4BF,
F988,
FD6E,
008D,
02D9,
0312,
0126,
FDF8,
F99D,
F3B4,
EC30,
E550,
DF79,
DB07,
D82A,
D85E,
DC58,
E215,
E97F,
F112,
F8AC,
FD20,
FCCD,
F931,
F1A4,
E923,
E005,
DA91,
DC21,
E164,
EB3F,
F401,
F862,
F7CE,
EDC4,
E374,
DEAE,
DEA5,
E82C,
F1E5,
F361,
F077,
E6A3,
DE2A,
E450,
EDB5,
EF73,
EDA1,
E754,
E144,
E6C8,
EF46,
ECC5,
E661,
E5BA,
E7A5,
E9F5,
EC00,
E8FA,
E3F2,
E686,
ECB9,
EAB6,
E44B,
E565,
EAF2,
EA62,
E5D7,
E5CC,
E8F0,
E92E,
E730,
E6B2,
E772,
E7D6,
E7E8,
E77A,
E68A,
E6BA,
E81F,
E800,
E618,
E5F0,
E803,
E840,
E5EC,
E56E,
E7B7,
E843,
E5E3,
E520,
E756,
E81B,
E5E8,
E4F8,
E6F3,
E7DA,
E5ED,
E4E7,
E696,
E78C,
E5EF,
E4E5,
E642,
E735,
E5E9,
E4E9,
E5FA,
E6DF,
E5DC,
E4F0,
E5BE,
E68B,
E5C8,
E4F5,
E58B,
E63F,
E5B0,
E4FA,
E562,
E5F9,
E593,
E4FA,
E53D,
E5B9,
E576,
E4FC,
E523,
E582,
E558,
E4F9,
E50C,
E550,
E534,
E4EC,
E4F0,
E51E,
E512,
E4E4,
E4E2,
E4FC,
E4F7,
E4DB,
E4D1,
E4D7,
E4D2,
E4C5,
E4BA,
E4B2,
E4AC,
E4AB,
E49F,
E488,
E480,
E489,
E488,
E47B,
E475,
E478,
E47E,
E48A,
E487,
E475,
E428,
E362,
E401,
E74E,
E779,
E16E,
DDFE,
E05F,
E5DC,
F119,
F31E,
DF27,
D017,
D45D,
DE2F,
EC22,
F63B,
F3EB,
EE06,
E85B,
E120,
D581,
CD41,
D258,
DAFE,
DFA8,
E4C1,
EF08,
F87F,
F8D6,
F595,
F3F8,
F14B,
E95A,
DFC4,
DA09,
D60E,
D16D,
CD86,
CD7A,
CFD3,
D26A,
D5A9,
DA7C,
E04C,
E5D5,
EB21,
EFE0,
F40D,
F792,
FA5B,
FBA2,
FB96,
FB37,
FA69,
F82A,
F4A4,
F175,
EE93,
EA7B,
E53E,
E117,
DE22,
DA60,
D5B1,
D255,
D095,
CE4B,
CB21,
C952,
C956,
C8FA,
C7B9,
C787,
C8F3,
CA1C,
CA5D,
CBA0,
CEB7,
D15B,
D28B,
D450,
D7A0,
DA84,
DBE2,
DDBA,
E141,
E47C,
E61D,
E7F6,
EB44,
EE6A,
F030,
F1F0,
F4C9,
F769,
F876,
F963,
FBA5,
FDF1,
FEF6,
FFBA,
016A,
030F,
034A,
031A,
03DF,
04C0,
0462,
03A1,
0408,
04C6,
045C,
0379,
0395,
0407,
032F,
01A5,
00CB,
004D,
FF9F,
FEC5,
FD23,
FB0B,
FA94,
FB3B,
F9FC,
F744,
F4DE,
F2C4,
F363,
F672,
F2C9,
E896,
E82B,
F20D,
F32D,
EA52,
E46B,
E24F,
E31C,
E784,
E832,
E391,
DEE3,
DA9A,
D8D7,
DACD,
DD12,
DF6C,
DE60,
D759,
D218,
D174,
D25B,
D4CC,
D71C,
D8E1,
D7DF,
D107,
CAF2,
C961,
C98D,
CB2F,
CDB4,
D187,
D3BA,
D096,
CC0E,
C852,
C52F,
C314,
C2A7,
C654,
CAE4,
CCD8,
CD86,
CD63,
CC1C,
C830,
C38D,
C12D,
C047,
C102,
C30F,
C6C8,
CB3B,
CE54,
D053,
D0B9,
CFB7,
CC9E,
C841,
C534,
C335,
C253,
C28F,
C4E2,
C8D2,
CC4D,
CF54,
D1A9,
D33C,
D376,
D264,
D051,
CD52,
CA52,
C76A,
C59B,
C505,
C59A,
C76B,
C9F2,
CD27,
D06A,
D39A,
D67C,
D8FE,
DA93,
DB00,
DA71,
D8BB,
D68D,
D3FB,
D19C,
CFC0,
CE39,
CD0B,
CC67,
CC6A,
CD38,
CF20,
D18C,
D446,
D743,
DA82,
DDBB,
E0DE,
E348,
E3E8,
E43F,
E623,
E6CF,
E22A,
DD65,
DEFF,
E132,
DD2A,
D82D,
D80B,
D9F6,
DCEA,
DF57,
DB25,
D600,
DC5C,
E6A8,
E695,
E277,
E55C,
EBA7,
F05D,
F413,
F62B,
F6F4,
F61B,
F463,
F6B5,
FB72,
FAE3,
F680,
F44E,
F3C9,
F3B1,
F3F5,
F347,
F1B7,
EE2B,
E8CB,
E702,
E8F9,
EB52,
EDF4,
EEE9,
EDD4,
ED48,
ED76,
EF3C,
F30C,
F641,
F858,
FA03,
FB30,
FC51,
FD8A,
FEA1,
FF84,
007F,
01E7,
0246,
008F,
FF53,
FFD8,
006D,
00A0,
0041,
FEC0,
FD34,
FC40,
FB8F,
FB3C,
FAE5,
FA23,
F96D,
F95C,
F8F4,
F6A5,
F48B,
F543,
F6AC,
F6BB,
F6A2,
F785,
F8B0,
F957,
F9E1,
FAA3,
FBA6,
FD7E,
FF9D,
00DF,
01B6,
0286,
0366,
0515,
0729,
0888,
0973,
0A86,
0B8B,
0B1E,
09DB,
0B01,
0DE0,
0F8E,
104A,
1153,
127C,
1190,
0ECC,
0DE3,
0EC9,
0F06,
0E94,
0E4B,
0E2B,
0E8F,
0F8C,
102E,
104F,
109D,
114F,
1023,
0C3F,
0A47,
0B84,
0CCA,
0DA1,
0DC3,
0C8C,
0C98,
0F62,
10EA,
0F3A,
0DEB,
0E90,
0EDF,
0DF5,
0C5F,
0985,
07F4,
0A49,
0C91,
0C2B,
0B40,
0A42,
0A82,
0EC9,
12EB,
1293,
1103,
1003,
0FDD,
12B0,
15FD,
167E,
15F7,
1532,
1517,
18D6,
1DFC,
20F5,
22BB,
2308,
22E8,
2590,
29A5,
2D88,
30DF,
30AA,
2E3F,
2CFE,
2C6F,
2C7C,
2CED,
2C4A,
2ADE,
290D,
2710,
2755,
298A,
2BF8,
2E87,
2F76,
2ED0,
2D58,
2B18,
2B9A,
2F1C,
3242,
34DE,
352F,
32BA,
3056,
2E5B,
2CC1,
2BA6,
2B64,
2C4E,
2CC0,
2C58,
2AEE,
27F3,
25D6,
25BD,
255C,
23BF,
22DA,
23D7,
2439,
22A7,
20BD,
1EE9,
1D64,
1CA9,
1C05,
1AE8,
1A42,
1B5E,
1BF2,
196D,
16A3,
161A,
15D5,
13D6,
122B,
13C1,
15DF,
1544,
13AC,
126F,
1121,
0EEB,
0CFF,
0E26,
10F3,
146C,
17C7,
177D,
1560,
1517,
15A7,
14A1,
133D,
176E,
1E8A,
1DAE,
17A1,
1646,
181D,
17B2,
15B5,
15B7,
1752,
169E,
13FC,
1448,
1763,
1AD4,
1E88,
2211,
2563,
26A7,
2582,
26F1,
2BB3,
2F65,
3193,
31A5,
2EE8,
2DBD,
2F45,
3164,
3437,
34E5,
31C4,
2F97,
2FDD,
318D,
357A,
379E,
3551,
3331,
3314,
33F9,
36B5,
380A,
351F,
316B,
2E21,
2C53,
2EBA,
30E3,
2E56,
2B9E,
2C63,
2E6C,
312A,
338B,
336E,
3262,
31CA,
310A,
2F92,
2DAD,
2AFE,
289F,
29E8,
2C5F,
2AF7,
2838,
28D7,
2B1B,
2CEC,
2E28,
2C3B,
2888,
271F,
2727,
26E9,
26A7,
2705,
27E3,
2971,
2B7A,
2B8F,
2A17,
2BA0,
2FBB,
301D,
2D00,
2C66,
2E68,
300C,
3137,
33E0,
382F,
3BA1,
3DFE,
3DD0,
3A74,
3805,
3759,
3665,
34A5,
3558,
3A0F,
3CA4,
3AEB,
3911,
384D,
360D,
30B8,
2D2A,
2E15,
2F6B,
2FEB,
2FB8,
2E49,
2C41,
29C4,
26BB,
222C,
1F74,
22B2,
2689,
26C4,
268D,
283C,
296E,
26E3,
2465,
265E,
2A2E,
2E9C,
32FC,
35FA,
374B,
33C6,
2EFE,
2FB4,
32CD,
34E8,
3689,
37F9,
388C,
34B4,
2EB4,
2C7D,
2C97,
2D58,
2E6B,
2D42,
2A7F,
26B3,
2273,
2372,
2866,
298E,
279C,
24EC,
21AD,
2251,
26A9,
2B79,
30AD,
31B1,
2E21,
2E6E,
334C,
3802,
3C6E,
3CF9,
386E,
3649,
37FD,
3A07,
3C79,
3B1B,
3399,
2EB0,
2F62,
2FC0,
2E86,
2BDD,
2665,
23D1,
27E2,
2B8A,
2B76,
2B9C,
2D5C,
3046,
359D,
3930,
3679,
3420,
37D8,
3AF0,
37F4,
338B,
3044,
2DD5,
2DD8,
2DB6,
293A,
24D4,
26DB,
2A6F,
2912,
2736,
2BC3,
323A,
3422,
3419,
352A,
363D,
35FB,
3488,
3094,
2B51,
2842,
2661,
2252,
1D9A,
1EE4,
2432,
2646,
2655,
2A52,
30EF,
31EC,
2E3F,
2CF3,
2D94,
2A05,
22AB,
1EB5,
1E46,
1DDE,
1D66,
1F61,
2402,
27B9,
2A28,
2A8F,
2891,
24EB,
1F74,
1A5D,
1605,
1407,
154B,
17DD,
1BC8,
1EAB,
1FB1,
1DFE,
1807,
1211,
0D9D,
0A83,
0937,
0A43,
0F8C,
13D3,
13B8,
115D,
0C4D,
069D,
0113,
FDD0,
00D0,
0508,
070A,
0747,
041A,
FF2D,
F84B,
F2A5,
F4C6,
F966,
FB8E,
FBCC,
F766,
F105,
EB8C,
E7A5,
EAD0,
F097,
EFA6,
EB20,
E59E,
E00E,
E023,
E378,
E4FB,
E505,
DFE2,
D7C1,
D7B8,
DD46,
DEDF,
DD76,
D9BE,
D43D,
D431,
D8DF,
D9DF,
D775,
D4CA,
D1E3,
D312,
D8B7,
D8E8,
D2A7,
D174,
D6C0,
D908,
D700,
D5FE,
D6A9,
D85F,
DB95,
DCE0,
DAC1,
DB0B,
E017,
E33D,
E1DC,
E200,
E635,
E9A3,
EA3D,
EB56,
EE77,
F1AE,
F462,
F6B5,
F852,
FA57,
FE2B,
017A,
022D,
0325,
07A2,
03FF,
07E8,
0BA2,
0B4A,
0A6F,
0CC1,
0F3F,
0E34,
0C47,
0CAD,
0D48,
0B07,
07BF,
05F7,
046D,
010C,
FCD3,
F937,
F5C3,
F193,
ED0B,
E8D5,
E4E1,
E11E,
DDA7,
DAB8,
D85E,
D6EC,
D658,
D67F,
D76C,
D9C4,
DD5E,
E132,
E544,
EA65,
F073,
F58F,
F9A5,
FD96,
015B,
02F8,
0236,
0050,
FD64,
F86B,
F124,
EA2F,
E40A,
DE7E,
D982,
D789,
D99A,
DDAB,
E39C,
EADA,
F3CC,
FA59,
FC9A,
FB9A,
F6A0,
EF46,
E4CE,
DCC2,
DABD,
DCE5,
E4F5,
EDFD,
F632,
F9E9,
F2B2,
E8FF,
E0C0,
DC6A,
E30D,
EC41,
F27C,
F4A8,
EAAE,
DF85,
E1CA,
E899,
EDD8,
F0D5,
EA01,
E10E,
E488,
EC54,
ECAD,
E9AD,
E6BA,
E453,
E7DD,
EDBD,
EA95,
E317,
E51A,
EC3C,
EB22,
E520,
E54C,
E97D,
E9BE,
E733,
E68F,
E761,
E7F5,
E855,
E7BE,
E644,
E691,
E8A4,
E873,
E5D0,
E5AC,
E874,
E8B6,
E5BF,
E534,
E806,
E8A0,
E5D4,
E504,
E787,
E855,
E5F1,
E500,
E70D,
E7EC,
E608,
E514,
E6A1,
E776,
E60F,
E531,
E649,
E701,
E608,
E54E,
E603,
E694,
E5F5,
E566,
E5CB,
E630,
E5D7,
E577,
E5A0,
E5D6,
E5B2,
E580,
E57F,
E58A,
E58B,
E584,
E566,
E549,
E560,
E580,
E552,
E512,
E535,
E576,
E543,
E4E6,
E50C,
E569,
E535,
E4BF,
E4E2,
E558,
E52C,
E4A3,
E4BE,
E541,
E51E,
E486,
E497,
E52A,
E515,
E474,
E477,
E50E,
E506,
E462,
E459,
E4F7,
E501,
E460,
E446,
E4DB,
E4EE,
E44F,
E43B,
E4FE,
E4E1,
E34C,
E36B,
E686,
E755,
E3F0,
E0E2,
DE9C,
E177,
EE95,
F38B,
E57B,
D85E,
D2BC,
D57B,
E85A,
F739,
F460,
EE23,
EAB6,
E509,
D80E,
CE1C,
D197,
D8D0,
DDF1,
E3DF,
ED45,
F5C8,
F7FE,
F712,
F499,
F067,
E9F0,
E27B,
DB80,
D549,
D16B,
CF32,
CDEE,
CE0C,
D145,
D64D,
DA74,
DE84,
E484,
EB59,
EFBC,
F294,
F686,
FAC0,
FBEB,
FAD1,
FAB5,
FB0E,
F8CF,
F477,
F151,
EF1F,
EB1A,
E576,
E14F,
DEA6,
DACD,
D5B5,
D24B,
D0CC,
CE75,
CAFB,
C90C,
C91A,
C8A4,
C731,
C6F6,
C87D,
C9AE,
C9F3,
CB19,
CDBA,
D009,
D154,
D347,
D69F,
D99F,
DB6E,
DD9C,
E0F9,
E411,
E607,
E824,
EB37,
EE18,
EFFE,
F1DF,
F473,
F6DF,
F86B,
F9E0,
FBF9,
FDEE,
FEEC,
FFB8,
011B,
0271,
02F4,
033A,
0406,
04C7,
04A8,
0439,
044B,
047A,
0443,
03D4,
0357,
02CC,
0260,
01EE,
00E2,
FF91,
FF19,
FF11,
FE57,
FD1A,
FABE,
F7CA,
F8EB,
FCC6,
F971,
F0AD,
EF96,
F4E0,
F62C,
F3DA,
EEB4,
E6D6,
E6C2,
EEDA,
F0E1,
EBF1,
E702,
E258,
E03C,
E14B,
E3AC,
E7B6,
E6D6,
DEC0,
D887,
D608,
D5C5,
D863,
DB18,
DD8B,
DCAA,
D5DF,
CFAA,
CC36,
CB12,
CD73,
D0C7,
D4AB,
D6A2,
D421,
D00F,
CAE1,
C666,
C450,
C434,
C747,
CB40,
CEE0,
D14B,
D07C,
CDE7,
C99D,
C504,
C1D9,
BFFE,
C0A1,
C2C7,
C60A,
C9C3,
CD0F,
CF6C,
CE9A,
CBDE,
C87B,
C4A3,
C0E0,
BD96,
BC7F,
BD1F,
BF71,
C309,
C709,
CB2A,
CDCE,
CF2F,
CFCB,
CF93,
CD70,
C9C7,
C6E7,
C4C8,
C314,
C1E5,
C264,
C48B,
C784,
CB3D,
CF23,
D31D,
D62B,
D81D,
D969,
DA12,
D963,
D71B,
D4D4,
D2EA,
D088,
CD66,
CB55,
CAFE,
CB27,
CB88,
CCD8,
CF80,
D26B,
D534,
D83D,
DBBD,
DEF7,
E18A,
E384,
E4B5,
E54A,
E545,
E48C,
E2BA,
E0AF,
DF3B,
DD8B,
DAC3,
D7F2,
D5B5,
D47B,
D5DE,
D7C7,
D74A,
D6D0,
D961,
DD20,
E07F,
E398,
E580,
E715,
EA1A,
ED9C,
F06D,
F28A,
F28F,
F18F,
F295,
F480,
F50B,
F485,
F233,
EEB4,
EC45,
EAA7,
EA38,
EAA5,
E986,
E73D,
E54D,
E3C5,
E3F6,
E5C4,
E867,
EBCD,
ED49,
ECC6,
ED49,
EEF6,
F233,
F72C,
FBBE,
FFBE,
0154,
FFCB,
FF05,
FFAF,
0141,
040F,
0657,
07BA,
079C,
054E,
02B9,
0051,
FE5C,
FD0F,
FD0F,
FF7D,
0113,
FFFB,
FDD9,
FAAE,
F7BB,
F5F8,
F4EF,
F4D9,
F535,
F5D9,
F66B,
F6A9,
F615,
F324,
F032,
EFD0,
F09E,
F1F9,
F410,
F765,
FB35,
FED0,
01C8,
025A,
01C1,
0154,
011C,
01F2,
038A,
05DE,
08C0,
0C72,
1041,
115A,
10AF,
1056,
1008,
0EF3,
0D79,
0D95,
0EE4,
0FF1,
10D5,
1258,
1445,
14B3,
13B6,
12EA,
1245,
0F54,
0A1A,
060D,
0364,
021B,
0261,
0273,
01FC,
03B7,
0869,
0A58,
0802,
06C3,
07CF,
07E4,
0657,
03C2,
FFB1,
FD08,
FD0B,
FE7D,
01AE,
048E,
05AE,
07C0,
0C89,
10B2,
1254,
132C,
13C3,
13C4,
12CD,
11B7,
113A,
10AB,
0F10,
0E60,
1159,
1518,
1709,
1882,
1A50,
1C09,
1D33,
1E34,
1FD0,
213B,
20BE,
1F8C,
1F50,
1F91,
2002,
20C4,
228F,
24BE,
2577,
2563,
2545,
255B,
276B,
2AE0,
2EC8,
32DF,
34BA,
34ED,
364B,
387B,
3AD5,
3D24,
3C1C,
3809,
3410,
3046,
2D5D,
2B6E,
2A27,
2987,
299B,
2A72,
29C7,
2739,
24A4,
220B,
2218,
25D4,
28A0,
296A,
2A62,
2BF7,
2CBA,
2C2B,
2B1A,
296E,
28A0,
29D3,
2A43,
2899,
267D,
245F,
2232,
202B,
1DC6,
1A3C,
1770,
1738,
1741,
15C4,
14A0,
1593,
1692,
1587,
1460,
14DF,
15E7,
167E,
1789,
1B02,
1E7D,
1DEE,
1BD2,
1B16,
1A70,
17B6,
148C,
1480,
15DE,
168F,
1672,
12F6,
0D9E,
0986,
067A,
05C3,
06D8,
0820,
09DB,
0E07,
13C8,
1559,
13C7,
15B2,
1A6D,
1E44,
213F,
221F,
20FD,
200A,
1F55,
210D,
256B,
276B,
2693,
2537,
2366,
224A,
222B,
22E6,
24A5,
269C,
28B3,
2A79,
2B99,
2D5D,
305F,
32CA,
3416,
343E,
32D3,
30C2,
2DEE,
2C44,
2D63,
2EB3,
2EC0,
2F9B,
329F,
363D,
3A00,
3D57,
3F9C,
40D0,
4025,
3F14,
3F91,
3F0E,
39CA,
33EB,
31BB,
3162,
32E8,
34F5,
3508,
3482,
34AA,
355E,
3852,
3B33,
37E4,
31B1,
2E23,
2BAE,
2809,
240E,
213C,
1F8C,
20C7,
23E7,
2553,
25A8,
2645,
270B,
28C4,
2B0A,
2950,
245F,
22FA,
24C5,
24ED,
239F,
25C8,
2B65,
2F9F,
3236,
33AC,
33E6,
3394,
32C0,
3257,
327E,
33E2,
36DE,
39E9,
3CD6,
3EC5,
3F4D,
3EBF,
3CEA,
3A7D,
3773,
350A,
33FA,
336A,
3330,
339A,
356D,
35AD,
31C1,
2DE6,
2CB5,
2B4F,
2794,
24E8,
269C,
28A6,
283D,
26A6,
2387,
202B,
1DB3,
1C4A,
1D23,
1F2D,
21EE,
24BF,
2625,
26CE,
26AE,
2689,
27DA,
2A69,
2FF1,
3653,
385B,
37E9,
371E,
360E,
35EB,
3680,
38EE,
3C25,
3B35,
3760,
340B,
3107,
2EA0,
2CD2,
2C75,
2D3B,
2B25,
269E,
2452,
242F,
24F6,
26A3,
282F,
298D,
2956,
273D,
2849,
2D41,
312A,
3366,
34E2,
356B,
3686,
38A6,
3A7B,
3BFE,
3B4C,
3703,
3421,
34DA,
3475,
3134,
2D78,
297C,
26DE,
273E,
27BA,
26E1,
25F9,
24F8,
256D,
2997,
2DA4,
2E4E,
2F0F,
32C6,
367B,
37E0,
3832,
37AF,
36B6,
3629,
34F4,
3117,
2C77,
2944,
26CB,
24C9,
2369,
22EE,
2373,
2622,
29E6,
2C8C,
2ECB,
3255,
3620,
3731,
3666,
355B,
33C8,
3054,
2BAE,
285C,
261E,
245E,
233D,
242E,
26E0,
2984,
2C0E,
2E74,
3095,
3132,
3040,
2D49,
2846,
239D,
1F8F,
1C13,
1934,
18FA,
1BF3,
1F39,
2273,
24F8,
2692,
25D0,
21CE,
1D4C,
18CF,
14B6,
1110,
0FE5,
12E0,
164B,
191D,
1ABA,
1A5E,
17E7,
11FD,
0C25,
0835,
060C,
06CC,
08F8,
0CD2,
0F66,
0D39,
08ED,
02C3,
FCE4,
FA0A,
F960,
FC9A,
0060,
006A,
FE3A,
F8D1,
F294,
EF2A,
EDCC,
F06C,
F453,
F422,
F180,
EC2C,
E5F6,
E495,
E610,
E874,
EAEF,
E7BE,
E12E,
DDB3,
DC7A,
DE72,
E285,
E15F,
DC4E,
D8EE,
D6FF,
D852,
DC72,
DBA7,
D64B,
D3BA,
D3FA,
D567,
D818,
D70E,
D1A5,
D07F,
D4C8,
D6C7,
D57C,
D448,
D359,
D451,
D833,
D9CD,
D732,
D713,
DBEC,
DF1A,
DE2F,
DE43,
E131,
E423,
E64D,
E824,
E966,
EB51,
EF2B,
F262,
F2EF,
F419,
F89E,
FCB5,
FD77,
FE08,
00C3,
0196,
023B,
0380,
06CB,
0A0B,
0A24,
09C2,
0C0F,
0E98,
0DF4,
0C65,
0CE1,
0D9D,
0BAD,
08B1,
073C,
0613,
02C8,
FE78,
FB35,
F852,
F43E,
EF8B,
EB5F,
E78E,
E3AB,
DFE1,
DC94,
D9CA,
D7C5,
D685,
D5DF,
D5E6,
D769,
DA4F,
DD7D,
E0F5,
E5C7,
EBE2,
F13D,
F5B0,
FA49,
FF13,
01C2,
01FE,
0153,
FFF7,
FC27,
F561,
EEA1,
E886,
E25E,
DBE3,
D82B,
D889,
DAED,
DF22,
E576,
EEDF,
F6BC,
FAFD,
FC50,
FA04,
F471,
E9DF,
E065,
DB9D,
DAC4,
DFF9,
E7C1,
F22A,
F955,
F5A4,
EE0A,
E47A,
DD35,
DFE4,
E690,
EF9E,
F624,
EE29,
E2D3,
E163,
E468,
EB08,
F166,
EC2D,
E331,
E3DE,
E8B5,
EB60,
EC86,
E880,
E28C,
E5FE,
EDED,
EB92,
E3A3,
E49F,
EAED,
EAC9,
E66E,
E5E7,
E817,
E8C1,
E83F,
E77B,
E67E,
E6FD,
E8DB,
E87E,
E5E8,
E5E7,
E8AD,
E8CF,
E5D7,
E565,
E82B,
E8AA,
E5FC,
E547,
E794,
E83F,
E628,
E560,
E70B,
E7B5,
E645,
E590,
E69A,
E724,
E64A,
E5C1,
E643,
E69C,
E63F,
E5EF,
E604,
E61F,
E620,
E60F,
E5D5,
E5B3,
E5F6,
E623,
E5B6,
E559,
E5C5,
E62B,
E59F,
E50E,
E58F,
E626,
E58F,
E4D2,
E558,
E618,
E582,
E4A0,
E520,
E601,
E576,
E476,
E4E9,
E5E5,
E56C,
E457,
E4B5,
E5C3,
E563,
E444,
E48E,
E5A9,
E561,
E438,
E469,
E58B,
E561,
E439,
E44F,
E56E,
E559,
E42F,
E42B,
E549,
E552,
E434,
E419,
E52E,
E54A,
E428,
E40A,
E555,
E563,
E395,
E352,
E58A,
E69B,
E5C4,
E383,
DEBB,
DF4B,
EA0F,
F01C,
EBA6,
E2E8,
D37C,
CEAD,
E2CB,
F413,
F499,
F130,
ED5E,
E6F8,
DB50,
D1DE,
D109,
D44C,
DB5B,
E3B3,
EB2E,
F1C2,
F6EA,
F96B,
F5DA,
EFDB,
EB11,
E5C6,
DD8F,
D552,
D1E8,
D0B6,
CE7E,
CD1B,
D06D,
D610,
D9DF,
DD53,
E36F,
EAA5,
EF37,
F23F,
F645,
FA6C,
FBD0,
FB3A,
FB22,
FB12,
F901,
F55F,
F23D,
EF6A,
EB8B,
E6CF,
E2AD,
DF1C,
DB40,
D722,
D3BB,
D115,
CE91,
CC28,
CA44,
C8EF,
C814,
C7B5,
C7B5,
C80F,
C8D4,
CA0F,
CB76,
CCEF,
CEC2,
D10F,
D357,
D563,
D7C4,
DAC5,
DD9C,
DFE1,
E248,
E527,
E7E8,
EA34,
EC8B,
EF3D,
F1C0,
F3A2,
F580,
F7DE,
FA08,
FB58,
FC8E,
FE66,
0015,
00CA,
0146,
024E,
0345,
036B,
0367,
0433,
0507,
04AD,
03F4,
0418,
0465,
03A2,
0275,
01EB,
01B2,
01E3,
0205,
FFA8,
FC3B,
FCF8,
FFD7,
FE4F,
FA0A,
F6D6,
F490,
F72F,
FD05,
F82B,
EB35,
E974,
F113,
F3D2,
F21F,
EDF5,
E76C,
E3EC,
E3A5,
E60D,
EB59,
EB9B,
E5C9,
E015,
DAD5,
D992,
DD97,
E12A,
E398,
E2EE,
DDE0,
D842,
D264,
CFBC,
D272,
D607,
D9BF,
DBCF,
DAEB,
D7BA,
D118,
CB3E,
C862,
C7BE,
CA54,
CE05,
D273,
D543,
D3A4,
D02E,
CB88,
C68E,
C1CD,
BE80,
BF0C,
C16F,
C4C2,
C890,
CC81,
CF74,
CEBC,
CC1A,
C8B2,
C4D0,
C0F8,
BDBE,
BD14,
BE1E,
C058,
C385,
C799,
CBE7,
CE48,
CF3E,
CF2B,
CE21,
CC0A,
C92A,
C62F,
C338,
C0E0,
BF3D,
BF9D,
C1B9,
C40D,
C69D,
CA0B,
CE29,
D122,
D2E9,
D3DD,
D3F6,
D381,
D283,
D10E,
CF27,
CD01,
CA9E,
C8EF,
C82A,
C84D,
C979,
CB56,
CDD7,
D12D,
D5A0,
D965,
DBB9,
DDF3,
E066,
E2AF,
E50F,
E588,
E222,
DFCB,
E21B,
E23D,
DAFA,
D515,
D6BC,
D8CA,
D73A,
D4BA,
D115,
CFA8,
D623,
DCE8,
DBE8,
DA08,
DD66,
E24D,
E6B4,
EA4C,
EB00,
EAA0,
EAEC,
EBFC,
F067,
F527,
F3C7,
EF88,
EC6C,
EA0C,
EA3F,
EB93,
EAA1,
E81E,
E302,
DCCE,
DBB9,
DE24,
E0C2,
E385,
E42E,
E33B,
E170,
DF34,
E19B,
E7F1,
ECAA,
EFDF,
F1EE,
F2DC,
F391,
F41A,
F697,
FB35,
FF70,
031F,
04BE,
03EE,
01E6,
FE8D,
FCCF,
FD67,
FFB5,
0443,
0730,
0755,
0548,
004B,
FB9F,
F83D,
F6B1,
F816,
FA2D,
FC7E,
FE05,
FDED,
FC6B,
F8D1,
F4B4,
F068,
EDA2,
EE7C,
F106,
F520,
F90F,
FAC9,
FB99,
FC03,
FBB1,
F9A5,
F794,
F755,
F8B0,
FD3A,
02EF,
0786,
0B39,
0D31,
0DBF,
0C57,
09D8,
078E,
0593,
04A8,
04DC,
082C,
0D05,
0E6E,
0DED,
0F88,
1236,
1344,
1309,
10AD,
0CDB,
0D33,
109C,
0D59,
04C8,
052B,
0D7F,
101E,
0D36,
0C1B,
0CCF,
0D76,
0E23,
0B08,
0375,
00A5,
040F,
05C3,
04C0,
02DB,
FFC8,
FEE3,
0164,
038B,
049C,
048F,
02BA,
019E,
0256,
02CF,
0263,
018D,
FFEA,
FF75,
01B9,
0454,
0663,
07B8,
06F8,
0799,
0D1A,
12E3,
15EC,
17F3,
1962,
1A1C,
193C,
192B,
1E2F,
2373,
232E,
210F,
1FBF,
1EE2,
1F29,
2036,
226D,
24B4,
2407,
2261,
232E,
254F,
2813,
2B1A,
2D35,
2E73,
2DDF,
2C01,
29E6,
279C,
256B,
237F,
235B,
2495,
2570,
2609,
2622,
25DC,
26A1,
2858,
2B3D,
2F31,
30C1,
2FD9,
2EB8,
2D69,
2DF7,
30B9,
32A8,
336B,
33B2,
3380,
3203,
2F09,
2A77,
23BD,
1F37,
1E71,
1E88,
1F32,
1FAB,
1F90,
1EBC,
1CA2,
1B03,
1ADD,
1A7E,
1882,
18BD,
1E99,
2428,
25EF,
2693,
26A3,
2688,
2761,
26D9,
212F,
1C75,
201B,
247F,
221F,
1E35,
1D39,
1C76,
1961,
1528,
0F57,
0A2E,
0B25,
0EB1,
1030,
10FC,
120E,
1325,
1404,
14A9,
1453,
13B8,
156B,
1881,
1B2A,
1D7F,
1F57,
2096,
1F66,
1C83,
1CBB,
1F35,
1E90,
1B5D,
18F7,
1750,
1639,
15BF,
1636,
179A,
19D9,
1CF3,
1EE3,
1F65,
202D,
2170,
21A5,
2063,
20D3,
23DA,
2563,
245F,
23D9,
2476,
254C,
262F,
27E1,
2B13,
2D0A,
2C1A,
2C17,
2EC4,
3200,
355D,
3880,
3B24,
3CE1,
3CD1,
3CBD,
3E20,
3F2D,
3E9A,
3D71,
3C14,
3A9B,
3926,
37F6,
379E,
378E,
3732,
36FA,
3785,
3850,
3910,
395F,
37C9,
3584,
34B5,
3438,
3212,
2F20,
2C38,
2998,
28AC,
28DF,
2952,
2A01,
2AA0,
2B25,
2B54,
2B2E,
2A92,
2989,
273D,
2417,
23B3,
2599,
2554,
2340,
2416,
27A3,
2A67,
2C4F,
2C80,
2AD0,
2A6B,
2BB7,
2A4A,
2567,
23F0,
2723,
2A41,
2CAC,
2F6B,
3294,
357B,
3821,
38C1,
3630,
33F2,
331E,
32D8,
3338,
3402,
3547,
3684,
379B,
37E8,
36CC,
34D7,
31D9,
2ECB,
2C06,
2AAA,
2CFA,
2F4E,
2E62,
2CF2,
2D3F,
2CDE,
28AB,
23EC,
21E3,
2117,
20E6,
218A,
242C,
26D6,
2572,
2283,
20D7,
2010,
20DB,
22EC,
26DB,
2BA4,
2E9B,
306C,
3187,
3221,
32D4,
33B9,
3637,
39BA,
3C91,
3EB0,
3E46,
3BD0,
39D2,
3838,
37AF,
380F,
3784,
3612,
3284,
2CE4,
2956,
2817,
2797,
27DD,
2787,
2663,
24BC,
225C,
2257,
2592,
288B,
2AB2,
2C19,
2C44,
2D9C,
3118,
34AD,
381E,
3A1A,
3988,
38B1,
386F,
3804,
378C,
35DC,
3194,
2D89,
2B80,
29FF,
28CD,
272F,
23A6,
2104,
223C,
246C,
2588,
26CC,
290C,
2BC9,
2F01,
322D,
3475,
3636,
37AE,
38A0,
38B2,
37DC,
3543,
31D3,
2F3D,
2CF0,
29E1,
26C9,
2586,
257D,
25D4,
26A9,
2853,
2AA3,
2DBC,
3136,
3311,
3398,
33C1,
3364,
3109,
2D03,
28E9,
24D3,
21EC,
203E,
1F5D,
1F4A,
20E8,
243A,
277B,
2A80,
2C94,
2D90,
2C6B,
28C2,
24D5,
2100,
1D01,
18B5,
1677,
1736,
1918,
1C0C,
1ECD,
2105,
217F,
1F3E,
1BA7,
16AB,
11B3,
0D3D,
0A63,
0A62,
0C13,
1003,
136C,
1458,
1332,
0EB5,
0920,
034B,
FECB,
FE58,
FFD8,
02F8,
05FA,
066D,
04DE,
FF8F,
F939,
F51C,
F2E1,
F4E2,
F89D,
FB01,
FBDD,
F7A5,
F104,
EC00,
E87C,
E9EA,
EDF5,
EF92,
EF48,
EA49,
E299,
DF77,
DF9B,
E226,
E639,
E4E9,
DF7C,
DB08,
D781,
D8E1,
DE7A,
DECF,
DA3A,
D654,
D32A,
D3F8,
D90E,
D9B4,
D527,
D23F,
D17F,
D306,
D78D,
D80B,
D284,
D0BE,
D533,
D830,
D80F,
D78F,
D6BC,
D7C8,
DC74,
DF12,
DC97,
DC1F,
E166,
E57B,
E4E0,
E4C1,
E7AB,
EACE,
ED25,
EF1E,
F067,
F23C,
F61D,
FA5A,
FE7D,
FC18,
FC20,
FCF8,
011E,
0571,
0599,
052A,
0832,
0BAF,
0BA1,
0A9C,
0BED,
0DA5,
0CCD,
0AEB,
0A25,
098E,
076D,
0480,
01FC,
FF82,
FC26,
F83D,
F443,
F03B,
EC3D,
E852,
E442,
E03B,
DD09,
DA9B,
D84A,
D63F,
D5B2,
D68F,
D7B5,
D933,
DC59,
E120,
E5C3,
EA28,
EF56,
F55C,
FA24,
FD63,
000F,
0249,
022B,
FF32,
FB30,
F66F,
F05A,
E890,
E1C3,
DCCD,
D96B,
D7BF,
D918,
DEC3,
E5C5,
ED8A,
F4AF,
FAB7,
FD44,
F9BB,
F365,
EA5F,
E1D0,
DB8C,
D972,
DFE9,
E8DC,
F1EB,
F806,
F572,
EEDB,
E460,
DBED,
DFF2,
E844,
EFD5,
F4A5,
ED85,
E335,
E1A7,
E462,
EB1F,
F1E9,
EC09,
E1B6,
E383,
EAA4,
EC11,
EA79,
E77D,
E416,
E6CF,
ECC0,
EAD2,
E435,
E4FC,
EA94,
EA83,
E66A,
E5D9,
E800,
E8AD,
E81E,
E759,
E65D,
E6DA,
E8CE,
E878,
E5A9,
E59B,
E8C7,
E902,
E57D,
E4E5,
E85C,
E913,
E596,
E49B,
E7D3,
E8D7,
E5C1,
E490,
E748,
E86C,
E5E6,
E4A8,
E6CD,
E7F1,
E5FD,
E4CE,
E666,
E770,
E602,
E4F7,
E615,
E6F6,
E5F7,
E519,
E5D5,
E687,
E5E0,
E535,
E5A4,
E625,
E5C1,
E546,
E57D,
E5D0,
E59D,
E550,
E55F,
E586,
E575,
E553,
E548,
E549,
E54B,
E54D,
E533,
E513,
E521,
E542,
E523,
E4E8,
E4FB,
E536,
E517,
E4C5,
E4D4,
E523,
E50A,
E4AA,
E4B3,
E50F,
E4FC,
E48E,
E491,
E4FC,
E4F5,
E47D,
E475,
E4E6,
E4E5,
E461,
E456,
E4E4,
E4F9,
E46B,
E414,
E407,
E4B2,
E685,
E62D,
E241,
E033,
E15F,
E5C8,
F03F,
F0F9,
DD9D,
D0E0,
D662,
E0E5,
EFFF,
F918,
F2D7,
E9FD,
E3CB,
DD09,
D334,
CDC5,
D50E,
DEEA,
E4E9,
EAB6,
F2FD,
F957,
F84A,
F434,
EFF9,
EAB1,
E35B,
DBB1,
D5EE,
D19B,
CF50,
CE9D,
CF33,
D133,
D5AF,
DB78,
E025,
E487,
EA72,
F0C2,
F44C,
F627,
F92C,
FC5E,
FC45,
F9ED,
F902,
F8C1,
F5AA,
F07A,
ED24,
EB2D,
E6ED,
E0CD,
DCEA,
DB17,
D793,
D270,
CF94,
CF22,
CD5A,
C9F6,
C898,
C9B0,
C99F,
C7CF,
C7D9,
CA7C,
CC2C,
CC13,
CD48,
D0B1,
D33A,
D3D2,
D582,
D978,
DCBA,
DE04,
E002,
E401,
E75A,
E89A,
EA3A,
ED9E,
F09D,
F1D3,
F33D,
F650,
F907,
F9C3,
FA71,
FCA1,
FEA4,
FEEB,
FF10,
00B2,
0251,
024E,
01F9,
02C8,
039E,
02EC,
01FB,
02EA,
0427,
02D7,
00E6,
0234,
044E,
01A3,
FD44,
FE20,
0140,
007D,
FD7F,
F961,
F529,
F91E,
0185,
FCD0,
EFA1,
ED38,
F29D,
F651,
F890,
F3F9,
E9A9,
E5FF,
E875,
EBAC,
EF83,
EF9D,
EBCC,
E57B,
DC7D,
DAC6,
E1D5,
E61C,
E64F,
E4A5,
E0FA,
DB4C,
D2D7,
CFBC,
D506,
D9BE,
DBFC,
DD0F,
DCF3,
D9B7,
D131,
CACE,
CA00,
CAF5,
CD08,
D083,
D690,
DA2D,
D73F,
D2A5,
CE35,
C97D,
C3E6,
C069,
C2EB,
C70E,
CA11,
CCFE,
D09A,
D2F3,
D0D8,
CD04,
C99C,
C60C,
C193,
BDCA,
BDF0,
C014,
C266,
C52D,
C8DF,
CC93,
CE06,
CE0A,
CD9B,
CC74,
C95B,
C537,
C26E,
C099,
BF20,
BE3D,
BF30,
C198,
C45D,
C781,
CBA2,
D063,
D300,
D3A9,
D3F3,
D3D4,
D238,
CF36,
CCF2,
CB88,
C9C0,
C78E,
C6A2,
C739,
C75F,
C6C2,
C7FB,
CB96,
CF2B,
D25F,
D549,
D7B1,
DA61,
DDE7,
DEF2,
DB7F,
DA2F,
DE5A,
DFC8,
DA57,
D628,
D6FC,
D7BE,
D6B5,
D462,
CEEE,
CCD1,
D50E,
DBFB,
D809,
D43B,
D85B,
DE0D,
E208,
E53D,
E747,
E871,
E7F1,
E7FE,
ED42,
F281,
EFDD,
EACC,
E925,
E8FA,
EA14,
EB75,
EAEA,
E90F,
E4DD,
E01D,
E017,
E285,
E380,
E3A4,
E297,
E0DA,
DF69,
DE94,
E1C0,
E7A7,
EB38,
ECFB,
ED66,
ECB6,
ECA8,
ED3C,
EFB0,
F3D4,
F74A,
FA05,
FB0E,
FA5A,
F9F2,
F9F5,
FA9E,
FC03,
FDB4,
FFB8,
0087,
FFCC,
FE3B,
FBC0,
F9AA,
F844,
F80D,
F990,
FADE,
FB90,
FAEF,
F830,
F52E,
F249,
F06A,
F065,
F15A,
F356,
F599,
F7D4,
F9A1,
FA84,
FAB2,
F9B6,
F8D1,
F8E4,
F9E8,
FCA8,
FFF7,
0313,
05E5,
0808,
0967,
0950,
0884,
079E,
06AF,
05C4,
0575,
07E3,
0B2D,
0BCF,
0B8A,
0DA5,
1047,
0F0C,
0BFD,
0B3E,
0BB0,
0BE7,
0BE1,
09F1,
0703,
07C4,
0ACE,
0966,
0504,
05CA,
0A69,
0B9E,
09F0,
0746,
03B9,
0241,
02DD,
024D,
008C,
003D,
0176,
044F,
08F8,
0AE1,
094B,
072D,
0486,
04CC,
096D,
0B5C,
08C4,
05C6,
02C0,
01A8,
03E5,
05BB,
05E0,
062C,
06F1,
089F,
0C06,
0EDC,
0FE5,
101B,
0F62,
0E95,
0E14,
0E80,
117F,
1385,
10C6,
0DD1,
0DFC,
0F79,
11FA,
150C,
188C,
1B7D,
1B95,
1B21,
1CC2,
1F6E,
2364,
2759,
28A0,
287C,
27CC,
26D4,
2691,
26C0,
27A7,
28BF,
285A,
2714,
25E4,
24C8,
243B,
2415,
2392,
22FE,
2478,
2760,
28D3,
2912,
2896,
2772,
259F,
2343,
23C4,
26FC,
282E,
2740,
25ED,
243A,
22E0,
21FA,
21C7,
2270,
22A5,
2220,
2261,
23C2,
24F6,
25CD,
25F8,
2514,
24D1,
25C5,
271F,
290E,
29B3,
27AF,
2625,
26B2,
26A5,
249E,
229B,
219A,
2083,
1EAA,
1D20,
1CE6,
1C62,
19CB,
17CC,
1938,
1AEE,
1A00,
18FB,
1A4B,
1C16,
1CC6,
1D0C,
1D18,
1D1A,
1D53,
1DF3,
204D,
22C9,
21F1,
1FB8,
1F21,
1F21,
1E57,
1D30,
1C0F,
1B16,
1B23,
1BE0,
1D1F,
1E79,
1D25,
1A15,
18C9,
18DD,
19F2,
1BDD,
1DCC,
1FA4,
1F1E,
1C7D,
1B88,
1C2F,
1C6C,
1C3D,
1C44,
1C84,
1CBA,
1CE7,
1CB2,
1C0A,
1B88,
1B3A,
1BC7,
1D5A,
2023,
2490,
2791,
2801,
28AB,
2A24,
2C55,
2FB1,
32A8,
34CB,
355D,
3348,
30EE,
2F16,
2E67,
3059,
31CC,
3082,
2EFE,
2E53,
2E65,
2FB1,
31CF,
3542,
382B,
37FE,
371E,
3784,
3820,
38A0,
3872,
35BF,
327D,
3124,
30E8,
3228,
33D3,
33A6,
3294,
30DE,
2F7B,
324A,
3724,
3A89,
3C7D,
3936,
3311,
3246,
347D,
3286,
2DF6,
2B17,
298B,
29E5,
2BBD,
2C21,
2B4E,
29B3,
2772,
283F,
2BE9,
2CA4,
2A5A,
287B,
271F,
25F3,
2510,
2336,
201A,
1F5F,
21BF,
2450,
26D7,
27D8,
266B,
26A1,
2A10,
2AF9,
26F4,
24E1,
2737,
2A4C,
2D91,
3038,
313D,
32DC,
36C4,
391B,
371C,
34CA,
3435,
33B6,
3275,
31B1,
3282,
33EB,
35F6,
372B,
352D,
3283,
31B2,
30AA,
2CAB,
28A0,
287B,
29AB,
29A3,
297F,
2AC6,
2C0C,
2A69,
2771,
24D2,
22AB,
228B,
23A9,
24DA,
2639,
2803,
29DF,
29F2,
2902,
29A6,
2B62,
2CEF,
2E7B,
3154,
350C,
36CB,
36DD,
36CB,
3698,
36D5,
377E,
391A,
3B9E,
3B8A,
38AA,
357D,
3223,
2F6B,
2D7C,
2CB9,
2D83,
2C08,
2738,
23B4,
2266,
2247,
238D,
24FE,
2663,
26B9,
24EE,
24C2,
27FE,
2C04,
30A9,
338F,
3244,
31A8,
3473,
37F5,
3C14,
3E06,
3A22,
35B5,
343A,
33B8,
347E,
3426,
2ED1,
2903,
26E2,
2656,
2715,
27DE,
2580,
236C,
2750,
2D32,
309A,
32A8,
327F,
31CB,
3581,
3A43,
3840,
3316,
31F9,
3294,
309E,
2D0C,
27D1,
21FF,
21CB,
254B,
24A9,
2186,
23AF,
29C6,
2D3E,
2E90,
3002,
3169,
326A,
32FA,
30C3,
2BC5,
28A3,
27AB,
23AB,
1C21,
1950,
1C6D,
1DEE,
1CAF,
1E71,
2483,
2809,
2759,
2659,
25D5,
2310,
1CCC,
16EB,
1276,
0F9B,
0F08,
0FEB,
1266,
1598,
19A0,
1C1F,
1B2E,
18AC,
14DF,
1025,
09E8,
053B,
056A,
0772,
0A59,
0D6A,
1039,
1117,
0C5E,
05D8,
0070,
FBE1,
F8D9,
F7D4,
FBF4,
0161,
0278,
0119,
FD7D,
F867,
F1F3,
EBFD,
ED4B,
F23E,
F4B7,
F56F,
F28A,
ED41,
E740,
E165,
E246,
E79A,
EA0E,
EA3B,
E619,
DEBF,
DABA,
D9A0,
DCBF,
E371,
E315,
DC25,
D764,
D4E9,
D695,
DCB2,
DE05,
D9C1,
D585,
D171,
D25A,
D9F1,
DBD8,
D534,
D156,
D25A,
D4CD,
D91F,
D9F1,
D43C,
D225,
D80B,
DC1C,
DAB0,
D964,
D9B2,
DBA3,
E0ED,
E442,
E13E,
E00E,
E6E4,
ECA3,
EAC3,
E941,
EDBB,
F35D,
F874,
F395,
F5DD,
F874,
F9E5,
FB91,
FF35,
02D7,
036A,
037E,
06B3,
0A58,
0A2D,
08F3,
0B19,
0E03,
0CF8,
0A57,
0A7C,
0B7B,
0939,
054F,
0334,
01D0,
FE44,
F972,
F5DE,
F2FC,
EED1,
E9D4,
E5B8,
E250,
DEC4,
DB3C,
D88E,
D6B9,
D5A8,
D563,
D5F3,
D759,
D9FF,
DDE9,
E21F,
E685,
EBAF,
F1B2,
F6DC,
FADE,
FE56,
015B,
024D,
00A2,
FDB5,
F9B9,
F41D,
EC61,
E532,
DF75,
DAEC,
D79A,
D747,
DB89,
E198,
E8F6,
F07E,
F80F,
FCA2,
FB41,
F6A6,
EE94,
E5D8,
DD93,
D8DF,
DCF5,
E48A,
EE35,
F638,
F6D7,
F2E6,
E807,
DD77,
DE77,
E481,
ED31,
F4A6,
EFB1,
E64A,
E239,
E1A1,
E8E1,
F229,
ED91,
E32C,
E33A,
E879,
EB04,
EBD9,
E8A1,
E35E,
E5AA,
EC71,
EB3E,
E4D2,
E4D9,
E978,
E9FD,
E757,
E66B,
E6F0,
E7BE,
E8D2,
E820,
E5A8,
E5EE,
E929,
E920,
E545,
E4DA,
E8D0,
E96A,
E555,
E463,
E839,
E942,
E593,
E454,
E799,
E8D3,
E5CF,
E478,
E707,
E844,
E5F8,
E4B1,
E690,
E7AE,
E609,
E4EC,
E632,
E71F,
E606,
E522,
E5ED,
E6A0,
E5F3,
E54A,
E5B7,
E62F,
E5D3,
E566,
E591,
E5D1,
E5AD,
E577,
E575,
E582,
E583,
E57E,
E560,
E541,
E558,
E57B,
E54D,
E507,
E527,
E56C,
E539,
E4D5,
E4F7,
E558,
E52A,
E4B3,
E4D2,
E548,
E523,
E49C,
E4B2,
E535,
E518,
E481,
E489,
E517,
E50A,
E470,
E46F,
E506,
E505,
E463,
E44E,
E4DE,
E4F8,
E481,
E42F,
E410,
E464,
E557,
E5A0,
E509,
E325,
DED8,
E085,
ED05,
F181,
E617,
DAE8,
D2E1,
D4C7,
E9CB,
F8F8,
F529,
EDE7,
E7BD,
E06D,
D65E,
CFD5,
D28A,
D8E0,
E1A2,
EA73,
F0BB,
F561,
F881,
F8B8,
F291,
EA9A,
E58E,
E096,
D842,
D070,
CF2E,
D071,
CF27,
CE6A,
D3BC,
DB64,
DF21,
E1C1,
E878,
F083,
F3DF,
F4DA,
F883,
FCFA,
FCFE,
FA45,
F9C3,
FA3C,
F720,
F193,
EE51,
EC99,
E85C,
E239,
DE4C,
DC3E,
D8A7,
D3BA,
D0B8,
CF9C,
CD78,
CA39,
C8B0,
C910,
C8D9,
C7C3,
C7FF,
C9E5,
CB45,
CBB1,
CD1E,
D007,
D276,
D3DE,
D5DF,
D8FD,
DBD6,
DDEE,
E051,
E36B,
E637,
E82C,
EA58,
ED4E,
F003,
F1E0,
F3B2,
F5EA,
F7ED,
F952,
FA96,
FC0E,
FD5C,
FE29,
FEE5,
0001,
0104,
0164,
01A5,
0255,
02F9,
02F3,
02C1,
02FA,
0344,
0376,
0345,
0132,
FEEB,
00F2,
0401,
0058,
FA24,
FA16,
FD15,
FEFA,
FF9F,
F8AF,
EE31,
F1B2,
FD6E,
FCBD,
F3B1,
EDE0,
EA81,
EB29,
EF19,
F1A0,
F2C3,
EE97,
E5AB,
E1B2,
E2A5,
E593,
EA71,
EB7B,
E82F,
E330,
DC74,
D820,
D6DE,
D8D7,
DED8,
E22A,
E141,
DE6F,
D987,
D432,
CE6F,
CBFD,
CF0D,
D2D2,
D640,
D8E6,
DA73,
D92C,
D2CF,
CC99,
C908,
C68A,
C4CA,
C527,
C9BE,
CE8F,
D0F9,
D247,
D2BA,
D192,
CD12,
C7ED,
C474,
C1D1,
BFAA,
BF06,
C25E,
C722,
CA99,
CD9F,
D101,
D393,
D288,
CFA5,
CD2D,
CA7C,
C643,
C1AE,
BF70,
BEC8,
BEF7,
C01C,
C339,
C78A,
CAA0,
CCE5,
CF95,
D245,
D2E7,
D1D9,
D043,
CE27,
CB5A,
C807,
C596,
C404,
C236,
C03E,
C047,
C263,
C4B9,
C72C,
CA91,
CEF8,
D2C7,
D5B9,
D85A,
DAAC,
DC37,
DCE5,
DC3D,
D9D0,
D7F1,
D77D,
D635,
D35F,
D059,
CD11,
CBF6,
CF4B,
D0E5,
CCD1,
CAE1,
CFA6,
D4B1,
D726,
D8E6,
D9DC,
DB75,
DF48,
E386,
E7AD,
EA5C,
E88B,
E6A7,
E975,
ED05,
EE8C,
EE99,
EBDB,
E844,
E615,
E4C9,
E55A,
E643,
E4B1,
E207,
DF44,
DCD9,
DC90,
DDBC,
E076,
E3CF,
E487,
E3C3,
E314,
E2B8,
E52E,
E987,
ED3B,
F06A,
F24E,
F323,
F364,
F342,
F477,
F6DD,
FA95,
FF60,
01AE,
0180,
FFBF,
FC75,
F992,
F743,
F65D,
F713,
F870,
FA86,
FA94,
F7EF,
F4D1,
F16D,
EE63,
EBDB,
EADC,
EC06,
EDC1,
EFD9,
F17B,
F224,
F260,
F229,
F1BB,
F0EE,
F106,
F2F6,
F5B9,
F92B,
FCF9,
0159,
0496,
04B4,
040C,
03ED,
03CA,
0368,
0350,
0423,
0599,
07DF,
0A8B,
0D74,
1017,
1191,
120B,
1091,
0E8E,
0EF3,
0FCA,
0D2B,
09AB,
0A8C,
0D5C,
0DEC,
0D92,
0F0A,
1117,
104B,
0DAE,
0B8E,
097F,
05DC,
014B,
FE47,
FC92,
FC0E,
FCA3,
FDD8,
FF9A,
0189,
0393,
0540,
0685,
065A,
04B7,
0376,
02B3,
01CF,
00D5,
FEFD,
FC05,
FB03,
FCA4,
FE40,
FF70,
0121,
0364,
06B1,
0B7F,
0F9B,
1260,
13CE,
134E,
12B7,
12D3,
1272,
10E0,
0FF0,
1108,
1161,
0EEC,
0D00,
0D7E,
0F49,
12C0,
1650,
1896,
1A70,
1C29,
1D95,
1E82,
1F20,
1F9F,
1FC4,
1F64,
1E31,
1AA1,
16D0,
1621,
16C1,
16AC,
16E8,
19A2,
1D23,
1DBE,
1D3B,
1EA7,
211C,
23C5,
268B,
2918,
2B37,
2B84,
2A76,
2866,
25C6,
25C1,
27A1,
2855,
2821,
28B0,
29B8,
277C,
225E,
1FA3,
1F3F,
1D2D,
1969,
1865,
1A68,
1B80,
1B57,
1C11,
1DE7,
1EF7,
1EFC,
1E52,
1C9D,
1DC4,
238B,
25CD,
218B,
1FB5,
2361,
2575,
236A,
2208,
230B,
23DB,
2370,
239F,
25D3,
2690,
2304,
1FDC,
2033,
2058,
1DB3,
1BA4,
1CFF,
1ECA,
1ED8,
1EDD,
206A,
2195,
1FB2,
1DA4,
1EF5,
210B,
2130,
20E5,
219D,
22C4,
242A,
258A,
2650,
2682,
24F8,
2317,
2559,
293D,
2907,
2679,
242C,
21E7,
2037,
1ED8,
1C40,
190A,
17F5,
1888,
19A6,
1B33,
1BF2,
1BF5,
1B81,
1AA4,
1859,
14D0,
1597,
1AC4,
1EF2,
21DB,
2475,
26B5,
27C9,
277B,
27A3,
2879,
2A25,
2D1C,
2D5E,
2984,
262A,
2474,
2236,
1E97,
1D5F,
2097,
236D,
240A,
24DF,
26AB,
2889,
2A1C,
2C0D,
2F04,
3190,
3310,
32DA,
2EFD,
2B6F,
2BB6,
2C79,
2B48,
2A8A,
2D1E,
2F16,
2A9C,
266B,
2B1B,
323A,
3598,
3809,
3C68,
4045,
3ED2,
3B76,
3B52,
3C64,
3CF8,
3CDB,
3999,
34E6,
3269,
315C,
31E1,
3349,
3245,
300F,
311B,
3465,
386A,
3CA5,
3C1E,
37C3,
3445,
3168,
2E72,
2B76,
27A6,
2325,
202F,
1ED0,
1FD1,
2356,
2416,
2170,
2116,
23B3,
2579,
2609,
250D,
2203,
2016,
2017,
205B,
20D4,
2049,
1D80,
1E49,
25F5,
2B93,
2B64,
2ABE,
2B10,
2B76,
2C21,
2BE9,
2942,
2802,
2B19,
2F4E,
337F,
3764,
3A5C,
3C7B,
3DC4,
3D42,
382D,
3352,
34E2,
3775,
3546,
32D6,
360B,
3A15,
38BA,
353C,
32A9,
2FFC,
2BB1,
272C,
250B,
24A3,
2722,
2AB6,
29FC,
26DF,
24B2,
22E8,
1FA1,
1C1F,
1EFE,
2617,
29C7,
2B04,
2C8B,
2E02,
2C17,
2797,
2782,
2B61,
2FD0,
34B1,
37D3,
3918,
38BD,
36BD,
34A2,
3274,
3380,
3893,
3A04,
367A,
32D9,
2FAF,
2C90,
2959,
28DD,
2CC0,
2E2F,
2AB5,
2719,
2438,
22A6,
2309,
254F,
2AEF,
2DAB,
2893,
24E5,
279B,
2BF4,
30F8,
355F,
37B7,
3894,
36BC,
35CB,
3AA7,
3EB3,
3B2B,
35E7,
331C,
3144,
30C5,
3036,
2D3D,
2955,
24CD,
2161,
246B,
2972,
2877,
25D7,
28B7,
2E14,
3259,
35BB,
361D,
34EB,
3673,
3922,
3924,
372D,
3306,
2D7B,
2B9E,
2C2B,
27AF,
1FB5,
1DD1,
20EE,
21B2,
208F,
227D,
2733,
2AA7,
2CBE,
2D9E,
2D27,
2CDA,
2CE8,
2A0E,
23B8,
1F29,
1D4B,
1AA4,
1688,
14F8,
1714,
1985,
1BA3,
1E69,
223F,
24ED,
25B3,
2466,
2028,
1B66,
16F7,
12A5,
0E22,
0BD7,
0E2C,
111D,
1289,
144B,
1819,
19E9,
1569,
0FA1,
0BD6,
081E,
029D,
FECB,
01CE,
069B,
08D9,
09F5,
0A71,
0930,
029D,
FA9B,
F695,
F4DB,
F55C,
F772,
FB65,
FF3D,
FC9B,
F67F,
F120,
EC69,
EA4E,
EA4E,
EDE2,
F345,
F2E0,
EE67,
E8CB,
E28A,
E04E,
E159,
E480,
E930,
E7C6,
E108,
DBFA,
D89A,
D959,
DE34,
DFDC,
DE06,
D9F6,
D369,
D21A,
D757,
DA14,
D939,
D694,
D193,
D07F,
D594,
D859,
D6AE,
D47D,
D1E3,
D23B,
D838,
DB3B,
D6E8,
D46A,
D7C6,
DB45,
DD22,
DDFF,
DCD2,
DD38,
E2D5,
E758,
E5B0,
E48E,
E907,
EE2D,
F140,
E9E8,
EFAD,
F54C,
F4D1,
F3D9,
F85D,
FDBA,
FEC8,
FEDD,
0187,
04D1,
0696,
07AD,
087B,
093C,
0B2F,
0D37,
0C42,
09FC,
0A59,
0BA1,
0937,
04E3,
03C0,
042A,
0075,
FA39,
F74D,
F678,
F201,
EAF5,
E704,
E589,
E17D,
DB63,
D85D,
D842,
D6C1,
D3E6,
D3C2,
D682,
D8A7,
D9EE,
DD7B,
E3B4,
E927,
ED4B,
F23F,
F86E,
FCFF,
FF3B,
0090,
0148,
FFD5,
FB77,
F612,
F006,
E96A,
E206,
DC11,
D8A7,
D796,
D978,
DDD0,
E56A,
ED8B,
F53C,
FABB,
FC0C,
F9D1,
F245,
E939,
E050,
DA25,
DB4D,
E087,
EA92,
F449,
F701,
F501,
EAF8,
DFD8,
DE0B,
E149,
EA7A,
F420,
F107,
E890,
E322,
E04E,
E711,
F14A,
EE43,
E4EA,
E391,
E6A7,
E9D0,
ECBF,
E9A3,
E300,
E4C7,
EC0C,
EB72,
E53B,
E4C6,
E8C4,
E999,
E7C7,
E6BD,
E665,
E721,
E8F2,
E86D,
E561,
E569,
E90A,
E94A,
E539,
E48B,
E891,
E96A,
E56A,
E445,
E7E9,
E918,
E5B4,
E45D,
E747,
E88A,
E5EC,
E49A,
E6BF,
E7EB,
E60D,
E4E3,
E654,
E74B,
E612,
E526,
E605,
E6BD,
E604,
E55A,
E5CB,
E63F,
E5E5,
E580,
E5A2,
E5D6,
E5BE,
E596,
E585,
E57F,
E591,
E5A0,
E56F,
E537,
E562,
E5A0,
E560,
E4FF,
E534,
E597,
E551,
E4CF,
E504,
E586,
E547,
E4AE,
E4DB,
E570,
E538,
E48B,
E4AC,
E551,
E52A,
E474,
E489,
E538,
E521,
E464,
E467,
E518,
E510,
E453,
E444,
E4EE,
E501,
E464,
E431,
E487,
E490,
E423,
E497,
E675,
E56E,
DFC6,
DF30,
E713,
EC62,
ECD5,
E6D2,
D589,
CF4B,
E038,
EFAD,
F5D2,
F59F,
EBAD,
E132,
DA98,
D581,
D118,
D1A5,
DD3A,
E920,
ED7F,
F0C2,
F762,
FB2E,
F4EC,
EC61,
E84A,
E423,
DB48,
D2A3,
D07C,
D0BD,
CF3A,
CE8C,
D2B5,
D8DE,
DD2D,
E133,
E74F,
EDFC,
F25F,
F575,
F8BD,
FB9C,
FC8E,
FC1B,
FB37,
F9C0,
F766,
F44E,
F0C6,
ECDC,
E8DB,
E4C7,
E095,
DC59,
D8BF,
D5BB,
D293,
CF57,
CD16,
CBD1,
CA6E,
C8E5,
C84F,
C8C2,
C8FB,
C8D4,
C99C,
CB8A,
CD44,
CE84,
D066,
D331,
D598,
D72D,
D968,
DCCF,
DFCB,
E1C1,
E40B,
E739,
EA05,
EBC8,
EDCA,
F0C1,
F352,
F4A4,
F60C,
F861,
FA7A,
FB8C,
FC9D,
FE80,
001C,
0063,
00A3,
0231,
0398,
0340,
02BF,
03F4,
0526,
042A,
02B0,
029D,
0307,
03B5,
03D5,
0011,
FBC2,
FEFC,
0474,
0159,
FA74,
F6E7,
F5AC,
FA5B,
014E,
FBD9,
EF96,
ED12,
F0C4,
F36E,
F55E,
F498,
F18A,
EB8F,
E392,
E3C3,
EADF,
EE03,
ED6A,
EA5F,
E4F5,
DF6F,
D9F1,
D952,
DE12,
E1B6,
E3B8,
E347,
DFF1,
DAFC,
D42B,
D02B,
D042,
D24A,
D680,
DA1B,
DC66,
DC6A,
D920,
D4C6,
CF89,
CB53,
C929,
C8F8,
CB9F,
CF26,
D331,
D61F,
D67B,
D539,
D211,
CDEC,
C8CC,
C449,
C1F6,
C148,
C2E3,
C5B7,
C963,
CD1E,
CFDD,
D1B9,
D239,
D17A,
CEC7,
CB23,
C7A6,
C44A,
C13D,
BEF0,
BEEE,
C065,
C284,
C541,
C88E,
CC1A,
CF1A,
D18F,
D321,
D3C8,
D2AC,
D036,
CD6C,
CA5B,
C73D,
C43C,
C2BB,
C286,
C1E8,
C113,
C292,
C62E,
C92E,
CB8C,
CE45,
D14E,
D405,
D662,
D759,
D6AA,
D6F9,
D8D4,
D78E,
D1FE,
CE9D,
CEE2,
CE75,
CCA3,
C9F7,
C5C9,
C4C1,
C962,
CCCB,
CC5B,
CC58,
CDD2,
D0D7,
D678,
DBBA,
DF3A,
E134,
E03F,
E07C,
E5C9,
EA93,
EB5A,
EA2F,
E6A5,
E335,
E284,
E2F3,
E4B8,
E5A3,
E1CA,
DCF2,
DA8F,
D9AB,
DB24,
DD7B,
DEBD,
DF3F,
DDDD,
DC06,
DC3B,
DDD5,
E136,
E59B,
E9B2,
ED53,
EE92,
EE79,
EF26,
F083,
F436,
F95C,
FD49,
0012,
0023,
FE07,
FBF5,
F9EC,
F84E,
F728,
F7D8,
FA24,
FB3A,
FB0F,
F933,
F5A1,
F212,
EEA8,
EC27,
EAB6,
EA98,
EBF8,
ED85,
EF2A,
EF5D,
ED87,
EBB0,
EA29,
E921,
E8AB,
E9D0,
ED51,
F121,
F4E4,
F770,
F7B2,
F7B3,
F850,
F823,
F5F1,
F4F8,
F7A3,
FACF,
FCC8,
FF69,
0434,
08FF,
0C9D,
0E96,
0CB3,
0A9C,
0C81,
0E70,
0BBA,
0956,
0E39,
1432,
1341,
10C2,
135A,
1746,
189D,
181D,
1408,
0EA0,
0D12,
0D1F,
0B4E,
0888,
050F,
0195,
013F,
02FE,
0540,
07BB,
0775,
0568,
0661,
095A,
0A12,
08E0,
053D,
FF95,
FBE0,
FA06,
F9FD,
FBBA,
FB3D,
F870,
F7E7,
F9D5,
FD27,
01FD,
0403,
026C,
00F9,
FFEE,
00E9,
04C5,
0772,
0811,
0754,
04B3,
0365,
04A8,
06B7,
0971,
0C3B,
0EC3,
112F,
137E,
156B,
1672,
1831,
1C2E,
1F95,
209F,
20AB,
1FB1,
1EF5,
200C,
2127,
210A,
2045,
1EB8,
1CE5,
1B41,
19CB,
1866,
17DA,
1A3F,
1D71,
1E85,
1ED9,
1F9F,
2086,
21A6,
22A0,
2220,
211C,
2269,
244F,
21D6,
1D1D,
1B69,
1B2D,
17E5,
130E,
1110,
114E,
141E,
18D2,
1ABC,
1A7F,
1CE4,
2144,
1F6D,
1834,
18DB,
210A,
240E,
21AC,
21D4,
24D6,
25BB,
2423,
229F,
2147,
219A,
2445,
241D,
1FB6,
1CE5,
1CF9,
1D3E,
1DA3,
1BC1,
15FC,
1128,
0E80,
0F18,
152B,
1A03,
1A1E,
1A52,
1C4E,
1F09,
2321,
25B8,
240F,
21BF,
2020,
2060,
2566,
2AE2,
2D9B,
2EF4,
2E5A,
2DC3,
3084,
32C6,
2FB2,
2A91,
253C,
20BA,
20AC,
226E,
2361,
238F,
2080,
1C96,
1D0F,
1F82,
2068,
206B,
1ED9,
1CBF,
1E04,
214B,
23CA,
25B9,
2646,
25D8,
262A,
26FF,
2710,
26AD,
291C,
2DC2,
3024,
3060,
2E2C,
29A5,
267A,
24CE,
2251,
1EF5,
1D2C,
1D31,
1DF0,
1F77,
1FD3,
1E6C,
1F09,
22C4,
23DC,
2072,
1FE7,
24B2,
278D,
263E,
24C0,
23F9,
2306,
21DD,
200C,
1C8C,
1B87,
20B2,
242D,
2088,
1DE2,
217D,
24BA,
22E4,
21E1,
2672,
2B7D,
2D70,
2E76,
2F08,
300D,
339B,
3747,
3852,
3860,
38B9,
38BD,
3752,
35C4,
367D,
381D,
3925,
39CB,
39B3,
3912,
3741,
3573,
387C,
3DD3,
3F62,
3E7C,
3C22,
38C9,
3722,
368E,
3571,
33DD,
301F,
2AE0,
28EE,
29CD,
2BBC,
2E93,
2E8D,
2BC7,
2AED,
2C06,
2CEC,
2D96,
2BFF,
27DA,
23FE,
20A6,
1EA5,
1E79,
1CBB,
187F,
1648,
1716,
1992,
1E21,
2172,
2228,
229A,
232D,
23FB,
2596,
2594,
21FC,
1F97,
20EF,
2356,
2629,
2969,
2D0F,
30A4,
3419,
3640,
354B,
3387,
3247,
316E,
31A2,
3220,
31B3,
324A,
37A1,
3D6E,
3DF4,
3CD4,
3E44,
3F66,
3B35,
3566,
33AB,
33D2,
33FF,
3443,
33EE,
333B,
3305,
3282,
2DE1,
2720,
245E,
2419,
2252,
1FE8,
2086,
2332,
236E,
21C7,
1F90,
1CF7,
1C1F,
1CF7,
1EFC,
221E,
267B,
2BFB,
2EE2,
2EF1,
2ED2,
2EA0,
2F68,
3158,
3497,
397E,
3BEC,
3AD1,
396C,
3832,
36A9,
34A1,
341F,
3665,
3706,
3451,
309F,
2BFF,
284B,
269E,
264F,
282E,
28E3,
25B2,
22C8,
2205,
232C,
27C1,
2C8E,
2F47,
30EC,
30B1,
30FC,
34FB,
397D,
3C28,
3D69,
3BF1,
39B6,
394D,
395C,
3956,
387C,
33FD,
2E5E,
2BA9,
2A5C,
2986,
28CE,
25EF,
2287,
22BA,
2510,
2774,
29E0,
2A8C,
2A57,
2D41,
3200,
33F8,
33D1,
32F4,
3166,
3045,
2F62,
2C14,
26B6,
2394,
2299,
208C,
1D76,
1C98,
1E14,
2016,
228A,
24E6,
2701,
2912,
2B27,
2BA3,
2A0B,
27DB,
2551,
2198,
1C34,
17C7,
1525,
13AB,
1378,
1480,
1710,
1A0D,
1D5E,
1F80,
1F4C,
1DEC,
1BA4,
17F5,
11BA,
0BFE,
08EB,
0745,
06F3,
0823,
0BF5,
0FF6,
1217,
12B6,
10F8,
0D92,
07F9,
0221,
FEA4,
FCD7,
FD8A,
FFCC,
0383,
0725,
0735,
04E8,
FFD7,
F979,
F4AC,
F157,
F1CB,
F491,
F764,
F9D1,
F858,
F41A,
EE68,
E800,
E59B,
E65A,
E94B,
EDBC,
EDB5,
E9E2,
E45B,
DD79,
DB58,
DDB8,
E090,
E3C5,
E259,
DBFA,
D73A,
D476,
D55A,
DAA6,
DC5B,
D929,
D535,
D074,
CFCA,
D557,
D84C,
D65C,
D397,
CFF4,
CFAE,
D5D2,
D95F,
D644,
D3AD,
D3E0,
D5BC,
DA86,
DD52,
D9E0,
D7E9,
DCD8,
E195,
E1DB,
E1AC,
E30D,
E4EB,
E703,
E635,
EB1B,
EFB3,
EEA6,
ED92,
F306,
F94D,
F935,
F800,
FC1E,
0171,
028A,
0256,
047F,
0763,
08D1,
0983,
0A01,
0A5A,
0B3F,
0C22,
0ADD,
0868,
07BB,
07D8,
0529,
00B4,
FE46,
FD10,
F931,
F365,
EF8D,
ED3D,
E901,
E336,
DF6E,
DD91,
DA9D,
D6A0,
D4C4,
D534,
D569,
D53B,
D6F3,
DADF,
DEE4,
E2BB,
E792,
EDAD,
F335,
F7C2,
FBC9,
FF66,
014D,
00F7,
FF08,
FB6D,
F66A,
EFCA,
E8DC,
E1EC,
DC3E,
D8A1,
D764,
D968,
DDE4,
E596,
EDC3,
F537,
FA86,
FBC2,
F961,
F13E,
E7BA,
DF86,
DA25,
DBB4,
E143,
EBAA,
F594,
F6B1,
F2E6,
E94D,
DF1F,
DE5E,
E2A5,
EBAF,
F4D5,
F018,
E58B,
E214,
E2B6,
E8A8,
F084,
ED06,
E3B9,
E35C,
E830,
EAA1,
EB6E,
E87D,
E32C,
E535,
EC75,
EB69,
E3F0,
E3E8,
EA21,
EAAC,
E609,
E51C,
E7D8,
E8AD,
E777,
E6B5,
E67C,
E6DC,
E7FB,
E7D3,
E5E8,
E5A7,
E7E7,
E857,
E5C3,
E4FD,
E787,
E864,
E5D2,
E4BC,
E711,
E825,
E5EA,
E4B7,
E6A0,
E7BD,
E5FB,
E4D2,
E640,
E745,
E5FC,
E4F7,
E5F2,
E6CB,
E5EF,
E51D,
E5B7,
E65B,
E5D6,
E53E,
E58B,
E5F4,
E5B2,
E554,
E56B,
E59C,
E588,
E562,
E553,
E54F,
E55B,
E568,
E542,
E510,
E52C,
E564,
E536,
E4DE,
E500,
E55C,
E52C,
E4B4,
E4D5,
E54F,
E526,
E496,
E4AF,
E53F,
E520,
E47A,
E485,
E523,
E511,
E45F,
E459,
E4FD,
E4F8,
E43E,
E438,
E506,
E4EC,
E3AC,
E3CC,
E5CD,
E617,
E3F2,
E20D,
E06D,
E319,
ECE3,
EEFE,
E378,
D97D,
D3E6,
D81F,
EE14,
FBAA,
F389,
E95A,
E363,
DCED,
D3B0,
CEF8,
D50D,
DDD4,
E637,
EDEC,
F3C0,
F76E,
F7DB,
F574,
EECB,
E6FF,
E12A,
DBA6,
D4C9,
CF14,
CE88,
D020,
D093,
D1E8,
D781,
DEA3,
E321,
E6E6,
ED03,
F38F,
F6AA,
F7F8,
FA8F,
FD2A,
FC9D,
FA21,
F8B4,
F78A,
F438,
EF7B,
EBDC,
E8E4,
E4AA,
DF96,
DBBF,
D8E9,
D585,
D1BC,
CF27,
CDB4,
CC16,
CA50,
C960,
C94B,
C93E,
C92A,
C9B3,
CAEC,
CC38,
CD80,
CF2E,
D157,
D38E,
D5BE,
D814,
DA99,
DD32,
DFDC,
E273,
E4DC,
E760,
EA26,
ECB7,
EED2,
F0EA,
F338,
F54F,
F6E8,
F878,
FA4E,
FBE9,
FCDD,
FDCE,
FF48,
008C,
00E9,
012B,
0208,
02D8,
0323,
0305,
01F6,
0136,
0370,
0592,
0265,
FE3A,
FF5A,
022D,
031F,
026E,
FC03,
F4BB,
FAC5,
0594,
01A6,
F6B1,
F2B3,
F2C2,
F569,
F97B,
F973,
F66A,
F055,
E87B,
E72F,
EAE1,
EE8E,
F206,
F02A,
E9AF,
E3CA,
DE98,
DD10,
DF27,
E2C3,
E7C7,
E837,
E381,
DE1D,
D841,
D417,
D205,
D369,
D921,
DD6C,
DF2F,
DEF0,
DC48,
D7BD,
D0C4,
CB7A,
C96F,
C94C,
CB57,
CEAC,
D39E,
D72A,
D76F,
D647,
D3F5,
D063,
CAD1,
C5F4,
C3C0,
C31B,
C41F,
C68B,
CB04,
CF80,
D213,
D39A,
D453,
D39A,
CFC6,
CAEE,
C72C,
C3D6,
C08C,
BE03,
BDA8,
BEC2,
C116,
C454,
C854,
CC89,
CFB3,
D1FF,
D330,
D34D,
D19C,
CEB0,
CBC1,
C8C4,
C5D8,
C31F,
C12C,
BFFE,
C019,
C154,
C365,
C62D,
C854,
C9FA,
CDC6,
D36E,
D545,
D35D,
D58B,
DC00,
DCC9,
D73A,
D391,
D26A,
D209,
D2C8,
CF22,
C53C,
C1F5,
C8E5,
CC13,
C806,
C5B1,
C6E9,
C9E2,
CF1C,
D391,
D603,
D756,
D6B3,
D878,
E032,
E644,
E6BC,
E528,
E185,
DEC8,
DFC9,
E18B,
E347,
E397,
DFE6,
DB8E,
D895,
D723,
D950,
DC3E,
DD5A,
DD34,
DA49,
D724,
D730,
D926,
DD8E,
E2B4,
E5D3,
E768,
E5AE,
E2CD,
E2F0,
E521,
EA4C,
F0F7,
F59B,
F8A9,
F8FE,
F76B,
F594,
F3BA,
F445,
F699,
F993,
FCE4,
FE38,
FDBE,
FA54,
F47E,
F148,
F092,
F088,
F12A,
F2CE,
F564,
F657,
F576,
F30C,
EEFF,
EB46,
E81C,
E684,
E6E1,
E841,
EA99,
EDE9,
F270,
F5B3,
F6DE,
F6B3,
F4E3,
F300,
F16B,
F0FC,
F266,
F506,
F8F5,
FDE8,
04B6,
0925,
0703,
05AA,
0AD9,
0DFD,
07A7,
01F0,
0522,
0924,
0823,
068F,
06F0,
0904,
0FAD,
1560,
1114,
0A95,
0B29,
0D5F,
0B9A,
084C,
04D6,
01E0,
01FC,
03EF,
0720,
0AAF,
0B37,
0A68,
0CC9,
1053,
0FCD,
0C8E,
07CA,
0227,
FF75,
FEE4,
FE62,
FE05,
FCC5,
FAF9,
FBE0,
FF0E,
01B2,
03CD,
0519,
0595,
052E,
03E2,
0530,
0960,
0B0E,
09B6,
07D6,
0593,
02E7,
FFB1,
FF2A,
026B,
050E,
0626,
070F,
07C9,
08F1,
0AB1,
0D86,
123F,
15A4,
1609,
15EC,
15D9,
1642,
17F6,
1954,
197B,
1908,
17F6,
1690,
14B9,
1367,
1369,
14CC,
18E6,
1D28,
1F09,
1FE1,
1FCC,
1F97,
2082,
21E8,
23AA,
256A,
26C1,
274C,
25A4,
22A7,
1E9F,
1A63,
1864,
17A0,
1705,
1688,
1507,
1339,
13A5,
153E,
1418,
11A6,
144E,
1A20,
1A92,
174D,
17CB,
1B12,
1CDB,
1D60,
1C8B,
1A7B,
1A18,
1B5D,
1A3D,
16B0,
16FD,
1B7E,
1EF4,
210C,
20C8,
1DAF,
1B16,
1967,
18FE,
1A57,
1ADE,
19D5,
1987,
1A77,
1C33,
1F1A,
20D0,
2005,
1FB0,
212A,
219F,
1F77,
1DC8,
1E03,
1EF3,
20A8,
221F,
2275,
2286,
2293,
22CB,
2390,
247F,
25BF,
263B,
23DC,
2179,
224A,
23FC,
24AB,
2555,
271C,
28E9,
28FC,
2884,
2947,
2A1D,
28CB,
26C4,
26E3,
27C3,
267E,
2473,
2480,
25E0,
2866,
2B5F,
2BB8,
2A2F,
26FB,
22E5,
2362,
2726,
282A,
2728,
278D,
290A,
29CB,
29EB,
2A8C,
2BA2,
2C56,
2C9C,
2CF4,
2D69,
2BD8,
27EF,
25C8,
25F8,
256A,
23CF,
2131,
1D25,
1B21,
1C64,
1C67,
199B,
1969,
1E1F,
210A,
1F7E,
1E95,
1FFB,
21C6,
239F,
256C,
2702,
2866,
29A9,
2A2B,
2913,
27E4,
278D,
279C,
2847,
28DA,
287C,
2818,
285D,
2906,
2A1A,
2B91,
2DCA,
2FEC,
3089,
3093,
30B8,
311C,
32A7,
34B4,
36F1,
38B4,
3781,
34C9,
3291,
30BE,
303F,
30B1,
3209,
33C7,
3383,
3202,
3120,
30C0,
31D0,
33E8,
3565,
364F,
358D,
3361,
324C,
3227,
31FA,
31C0,
2F7F,
2B3A,
27BA,
2521,
24DE,
2742,
28DD,
294C,
2946,
289B,
294B,
2BFA,
2D42,
2C65,
2A07,
259C,
22E1,
238D,
2348,
2089,
1E18,
1C70,
1D01,
21D2,
256C,
249D,
2389,
239E,
2491,
2775,
294E,
2743,
24D4,
23A6,
244D,
2999,
2EA5,
2DB2,
2C96,
31B4,
3728,
36A9,
3439,
3287,
319F,
3417,
36EE,
342B,
3012,
31E8,
35E7,
36A9,
35E7,
352A,
3462,
34DB,
3576,
3146,
2ACA,
2A54,
2D70,
2D1C,
2AB4,
2A64,
2B63,
2A84,
2838,
25BE,
232E,
2231,
22A7,
22D3,
22B9,
23FB,
2698,
26C5,
2446,
2455,
2775,
28BE,
278B,
28E2,
2DAB,
3116,
3248,
336A,
34C4,
3599,
35A0,
3645,
381E,
39C4,
3AEE,
3B32,
3A18,
3869,
3644,
33E0,
3124,
2F4F,
2FC1,
2FDC,
2DF1,
2BA4,
2987,
2786,
2562,
2470,
26D8,
299D,
29E6,
29E9,
2B40,
2D20,
2F38,
31A7,
3543,
3853,
3726,
34CF,
35E1,
3801,
38D9,
38A2,
3614,
3240,
2EA3,
2B61,
2A97,
2ADC,
2782,
2278,
20FB,
21E2,
23BA,
2637,
263F,
24B9,
26C9,
2B81,
2F12,
3195,
313F,
2E60,
2F34,
336E,
3283,
2C70,
2817,
25BB,
2386,
2190,
1E2A,
18DC,
17DB,
1C8F,
1EFA,
1D73,
1E53,
2310,
26AB,
281E,
27DE,
254E,
22E9,
21E8,
1EB6,
16FA,
1192,
1242,
12D3,
1038,
0FAA,
14C5,
1962,
19B8,
19C1,
1C00,
1CB5,
187C,
130B,
0E63,
0A3A,
06F7,
04C7,
0439,
053B,
0934,
0D7E,
0E8B,
0DE8,
0C4C,
095F,
034D,
FC9A,
F9F3,
F974,
F95E,
FA28,
FDED,
026D,
014A,
FCD0,
F860,
F3CF,
EF01,
EAB0,
EBC2,
F063,
F249,
F219,
F03F,
ECEA,
E782,
E0AA,
DF58,
E2E4,
E58F,
E750,
E6B0,
E3AC,
DF01,
D8AE,
D71F,
DB0A,
DDE2,
DF35,
DD81,
D7F9,
D425,
D2EC,
D434,
D904,
DA72,
D60F,
D248,
D054,
D104,
D63C,
D8EA,
D58D,
D27D,
D19F,
D2CE,
D7FD,
DB13,
D74A,
D4AD,
D858,
DC90,
DEF0,
E004,
DE71,
DD9F,
E166,
DEE9,
E4A1,
EA2F,
E952,
E7D2,
EBC1,
F0CB,
F2CD,
F3EA,
F597,
F7B4,
FB5C,
FF21,
FFAB,
FF4F,
02CF,
0775,
079F,
05ED,
0811,
0BBD,
0B7D,
0924,
0949,
0A9F,
0975,
06A6,
04C9,
036A,
00D9,
FD58,
F9D1,
F63C,
F282,
EEA9,
EA5C,
E5AD,
E1E0,
DEFF,
DBA4,
D7C8,
D5A6,
D57A,
D524,
D465,
D5B2,
D983,
DD28,
E01A,
E49A,
EB50,
F11A,
F512,
F938,
FE3C,
0130,
00CD,
FF50,
FD65,
F96E,
F22B,
EACA,
E4A1,
DF03,
D983,
D68B,
D860,
DC8B,
E28A,
E9BC,
F2A1,
F9C0,
FB6E,
F999,
F382,
EB63,
E1AB,
D9FB,
DA9E,
DFAF,
E8FD,
F297,
F61F,
F524,
EB6D,
DFA2,
DDEB,
E1A9,
EA1A,
F350,
F060,
E798,
E2E5,
E118,
E72A,
F0D4,
EDD4,
E3B8,
E2F9,
E812,
EA84,
EB1C,
E883,
E3AA,
E535,
EBB7,
EB29,
E4AA,
E43C,
E958,
EA20,
E6A3,
E59B,
E736,
E803,
E7E0,
E740,
E605,
E62C,
E838,
E858,
E594,
E4FE,
E804,
E8D0,
E589,
E462,
E78F,
E8D0,
E5A9,
E42E,
E70D,
E887,
E5CE,
E435,
E694,
E816,
E5E8,
E45A,
E62E,
E797,
E5F0,
E488,
E5DD,
E718,
E5E9,
E4B5,
E59E,
E6A2,
E5D5,
E4DE,
E571,
E638,
E5B6,
E4FB,
E54D,
E5DA,
E590,
E50D,
E531,
E589,
E565,
E515,
E51B,
E545,
E53A,
E517,
E50A,
E50B,
E50F,
E513,
E4FF,
E4DE,
E4E6,
E507,
E4F0,
E4B1,
E4B9,
E4F6,
E4E5,
E494,
E496,
E4E5,
E4D7,
E46C,
E471,
E4EC,
E4DF,
E434,
E41F,
E4C1,
E54C,
E5CC,
E48F,
E0C3,
E0F4,
E734,
EB51,
EC02,
E61A,
D4FB,
D037,
E345,
F2DE,
F6A5,
F416,
E8CD,
DE01,
D80A,
D43F,
D227,
D4D5,
E0F7,
EC91,
F0C8,
F371,
F7D4,
F939,
F254,
E9B5,
E478,
DF63,
D7BE,
D0E9,
CEF6,
CF2B,
CF75,
D0EF,
D541,
DAEA,
E041,
E595,
EAE9,
F002,
F473,
F822,
FA4A,
FB57,
FC15,
FC2A,
FA51,
F738,
F4C6,
F271,
EE50,
E912,
E558,
E297,
DE59,
D922,
D5D9,
D41D,
D132,
CD60,
CB9A,
CBB7,
CAA4,
C868,
C81B,
C9D5,
CA8E,
CA0B,
CB18,
CE06,
CFFB,
D082,
D255,
D605,
D8B3,
D9A0,
DBAC,
DFB1,
E2C1,
E3DA,
E5C4,
E98C,
EC99,
EDCC,
EF8A,
F2FF,
F5C5,
F690,
F796,
FA1B,
FC2B,
FC83,
FCF2,
FEBC,
0040,
003A,
0037,
019B,
02A3,
012C,
002C,
03D1,
06D5,
01C0,
FC50,
00F2,
0733,
04F7,
FFC1,
FB42,
F8A0,
FFF5,
08FF,
011D,
F326,
F1FD,
F708,
FB5B,
FECC,
FBF3,
F55D,
EF98,
EAE1,
ECA6,
F296,
F59D,
F636,
F111,
E7BB,
E301,
E228,
E3BC,
E770,
EAFD,
EE2A,
EB9E,
E380,
DD94,
DA2E,
D85B,
D82E,
DB46,
E216,
E4B0,
E1BD,
DE1C,
DA4E,
D4E8,
CD3C,
C99C,
CC45,
CF25,
D0E7,
D392,
D810,
D9E3,
D6AD,
D2CA,
CF91,
CB99,
C5CA,
C208,
C31B,
C557,
C73B,
CA1A,
CF52,
D3A2,
D44B,
D3A5,
D2E6,
D0C1,
CB1B,
C55E,
C31D,
C1DE,
BF85,
BE1A,
C084,
C45F,
C73E,
CA20,
CE63,
D27E,
D389,
D308,
D30D,
D291,
CF07,
CA22,
C774,
C5D5,
C2E0,
BFA7,
BF77,
C12B,
C156,
C0F0,
C411,
C988,
CC5F,
CD58,
CFD1,
D34F,
D5DB,
D77A,
D604,
D1C3,
D200,
D699,
D47A,
CB62,
C704,
C812,
C90E,
C9DE,
C7F3,
C253,
C230,
C9B2,
CE75,
CE6C,
CEBB,
CFF6,
D2A1,
D765,
DC49,
E144,
E320,
DF29,
DD51,
E188,
E52F,
E60A,
E535,
E230,
DE0F,
D854,
D4C8,
D7CD,
DA78,
D7D5,
D44D,
D1EC,
CFFF,
CE1A,
CDDF,
D284,
D7D9,
D985,
D9EF,
DA1C,
DA5B,
DB4C,
DD44,
E23A,
E816,
EBCB,
EE2D,
EF04,
EED7,
EDBC,
ECBF,
EFDB,
F50C,
F8B1,
FB3F,
FC8B,
FC8A,
F96C,
F464,
F238,
F20C,
F166,
F093,
F17A,
F398,
F35C,
F117,
EE4F,
EB1C,
E850,
E604,
E611,
E888,
EA95,
EC02,
EE2D,
F133,
F2A5,
F222,
F10D,
EF69,
EEA7,
EF2A,
F0B3,
F367,
F6FE,
FBA9,
FFD5,
02F5,
0554,
06F2,
06E6,
041F,
01C1,
014E,
0152,
0185,
0200,
0280,
0454,
098E,
0DA0,
0C53,
0AD5,
0D5D,
0F23,
0BD2,
077D,
04D9,
0327,
02FC,
0382,
03F0,
0490,
0582,
06D1,
095D,
0BA9,
0A79,
07C3,
0640,
04E0,
01D7,
FE28,
FBA8,
F9E0,
F7D5,
F634,
F7E7,
FBA1,
FDEB,
FF59,
0089,
019C,
0461,
083F,
09E6,
09BE,
0935,
0851,
077A,
06B9,
06AC,
074E,
0774,
071D,
0651,
0506,
0596,
0851,
0AA7,
0C4C,
0E67,
112F,
1299,
1207,
1215,
136E,
1432,
13EE,
136B,
12D1,
11B2,
0FB2,
0E39,
0DD4,
0E77,
10CB,
1293,
126C,
11EE,
1170,
116B,
125A,
1436,
17CB,
1B22,
1C64,
1D46,
1F3C,
205D,
1E1D,
1B6F,
1B2E,
1BDB,
1D2C,
1E3C,
1D14,
1B23,
1A12,
18F9,
1607,
12FC,
1370,
1580,
1650,
1704,
1A62,
1EAD,
1F6E,
1E2F,
1DB3,
1D91,
1DCF,
1E37,
1D94,
1C3B,
1BCD,
1BE2,
1A31,
1719,
1423,
1154,
0F0B,
0D54,
0C56,
0C11,
0CC7,
0E75,
0F9C,
101A,
1183,
1402,
1521,
1486,
13DF,
1341,
13F2,
167E,
1890,
1976,
1BFF,
214B,
2551,
26A6,
27FA,
2A2B,
2B2C,
2A02,
285E,
26AB,
2532,
2476,
2381,
2180,
203F,
2149,
226F,
2258,
220C,
2232,
21C2,
1F59,
1CD9,
1C05,
1BB0,
1B07,
1A9E,
1AD3,
1BDB,
1EBF,
225B,
2538,
27F1,
2B73,
2EBE,
2F7F,
2F23,
3026,
316B,
3059,
2E6F,
2F86,
3224,
331C,
3338,
3476,
362B,
35E9,
3440,
331E,
322D,
2FF3,
2CB0,
2851,
232C,
21CA,
23CA,
23C0,
21C5,
219E,
234D,
23CA,
22F4,
2237,
2198,
2269,
24F7,
2745,
290E,
2A95,
2BEB,
2B6F,
2864,
25CA,
2467,
2323,
21C8,
2131,
21DE,
22A1,
232E,
234B,
2295,
21AF,
20A0,
2021,
20AA,
2265,
2664,
29E8,
2AB7,
2AC5,
2AD0,
2AC5,
2AEF,
2AD7,
2973,
28CC,
2C5F,
3011,
2F0E,
2C4D,
299E,
271A,
25B1,
252A,
2610,
27B9,
2975,
2AFB,
2A96,
298B,
2ABC,
2CF2,
2DBF,
2DF7,
2FD2,
3257,
3266,
30E5,
3015,
2FB1,
2F72,
2F58,
2F81,
2FD6,
2F3D,
2DEE,
2CF7,
2C68,
2F12,
34BF,
37E8,
386B,
38CE,
391D,
388D,
3701,
3663,
3720,
34CB,
2E6B,
299B,
2759,
2624,
261D,
262C,
25F6,
262C,
26F9,
2811,
298C,
2A86,
2AB4,
297E,
25C3,
22F6,
235C,
235D,
2110,
1E94,
1C33,
1BD9,
209D,
254E,
25E9,
2593,
25B2,
25EB,
26A7,
26F7,
2557,
2368,
2292,
22AC,
24A2,
2756,
291E,
2B15,
2F4E,
3415,
3703,
387B,
3721,
3467,
3374,
333F,
3191,
2FB1,
3222,
36FF,
3A04,
3B97,
3A81,
3772,
35A0,
346D,
2FAF,
287C,
25C5,
26D2,
27B9,
2884,
28AA,
281F,
26E1,
24F9,
2213,
1E2B,
1D0E,
1F2D,
2150,
231F,
2691,
2C38,
2E18,
2A89,
2866,
28FD,
2AD4,
2E05,
329A,
3936,
3DBF,
3E63,
3D84,
3B09,
395A,
39F0,
3B2A,
3CEB,
3E60,
3F72,
3E1F,
3785,
30E9,
2D91,
2BB9,
2BAB,
2C09,
2C1B,
2AD6,
253A,
1FD0,
1F5F,
2141,
252F,
2926,
295F,
2846,
2744,
274B,
2C4F,
3305,
36ED,
38EA,
375A,
3447,
346A,
3621,
384B,
39FC,
3579,
2DA9,
2B2F,
2BE8,
2B90,
2A6E,
2605,
1F8F,
1E31,
20D0,
234C,
25B2,
2509,
21C7,
23FC,
2B42,
2F66,
304D,
2F89,
2CF6,
2CCF,
2FA6,
2DB0,
25C3,
20C2,
200B,
1E9E,
1BEA,
18E6,
152B,
1538,
1B47,
1EFC,
1D3B,
1DED,
244D,
282B,
262B,
2344,
20B2,
1E0B,
1BBF,
1865,
123F,
0DBB,
0E66,
0F9B,
0E33,
0E6F,
14AD,
1A74,
1A13,
186B,
1949,
18E2,
1293,
0B14,
06C6,
03E8,
01D6,
011F,
037F,
071C,
0A0C,
0C00,
0AE8,
07D5,
0367,
FE09,
F7B9,
F1D1,
F16B,
F45C,
F760,
FA69,
FC72,
FD2B,
F8AA,
F0B0,
EB45,
E7EB,
E6FB,
E829,
EBAF,
F0E0,
F0E9,
EC54,
E6C9,
E078,
DCE8,
DC2C,
DF0F,
E5AE,
E733,
E2CB,
DD73,
D748,
D463,
D5AE,
D8D5,
DE4F,
DE98,
D6EC,
D171,
D055,
D1FE,
D7AB,
DA70,
D738,
D35F,
CF81,
CF2D,
D651,
DADF,
D706,
D327,
D266,
D3D3,
D97F,
DD5B,
D974,
D621,
D9BC,
DDF2,
DE32,
D9D1,
DF54,
E4D0,
E484,
E361,
E60D,
E9D4,
ED11,
EFC3,
F05D,
F0CD,
F4ED,
F9E4,
FAD9,
FA86,
FD6D,
0177,
033F,
03F4,
054B,
06DF,
0894,
0A27,
0A14,
0903,
09A4,
0B1A,
098A,
05E6,
04D2,
0574,
02AB,
FD2C,
FA1B,
F910,
F52D,
EEB0,
EA81,
E8A9,
E4D7,
DEE9,
DB2B,
D9FD,
D7F9,
D4BF,
D38D,
D4EC,
D65F,
D774,
DA2B,
DF0C,
E407,
E8A0,
EDAB,
F371,
F87D,
FC4E,
FF05,
0082,
0049,
FDD7,
F9D4,
F41A,
ED9A,
E679,
DFE6,
DA85,
D747,
D78D,
DA65,
E060,
E7CE,
F067,
F7B4,
FACE,
FA7B,
F4F2,
ECEC,
E341,
DB18,
DA5A,
DE17,
E72D,
F15A,
F5BD,
F5B3,
EC9D,
E0B1,
DDFB,
E0A3,
E8E5,
F2C1,
F093,
E817,
E32D,
E0E6,
E693,
F069,
EDEB,
E3E0,
E2D5,
E7DA,
EA51,
EAE8,
E880,
E3C4,
E509,
EB62,
EB14,
E4B0,
E40F,
E922,
EA13,
E691,
E570,
E719,
E7F1,
E7BC,
E71E,
E5F6,
E612,
E80D,
E841,
E589,
E4DA,
E7DC,
E8CA,
E580,
E433,
E76B,
E8D7,
E59E,
E3F4,
E6EB,
E897,
E5C3,
E3F4,
E673,
E82D,
E5DC,
E414,
E60D,
E7B3,
E5E6,
E440,
E5BB,
E736,
E5E0,
E46D,
E57C,
E6C0,
E5CE,
E494,
E54B,
E655,
E5B2,
E4B4,
E526,
E5F6,
E58F,
E4CA,
E50B,
E5A6,
E569,
E4D8,
E4F5,
E55E,
E53F,
E4DE,
E4E6,
E524,
E517,
E4DD,
E4D6,
E4F0,
E4EC,
E4D3,
E4C5,
E4C2,
E4C2,
E4C5,
E4B9,
E49E,
E4A1,
E4C0,
E4BE,
E498,
E46F,
E440,
E49A,
E5A3,
E564,
E37B,
E24B,
E1F6,
E51C,
EDCB,
ED5C,
DDEC,
D4D5,
D7DB,
E13B,
F3E8,
FC5E,
EFA0,
E2D9,
DD08,
D81C,
D232,
D145,
DA96,
E528,
ED03,
F321,
F6A9,
F7B8,
F58B,
F0DB,
E8B0,
E04C,
DB1F,
D6C3,
D10F,
CCEF,
CEB1,
D26A,
D3CF,
D5D3,
DCBA,
E4D6,
E8C2,
EB83,
F195,
F815,
F9B8,
F92D,
FB32,
FD9B,
FB86,
F720,
F55A,
F48F,
F056,
EA33,
E6AC,
E4A7,
E03D,
DA5F,
D715,
D5AC,
D289,
CE2E,
CC2F,
CC38,
CB0B,
C8D2,
C874,
C9E6,
CA57,
C9AD,
CA98,
CD49,
CF21,
CFD4,
D194,
D4B5,
D737,
D8B2,
DAE9,
DE46,
E10B,
E2B0,
E4DA,
E812,
EAD7,
EC9B,
EE99,
F152,
F3B5,
F542,
F6F3,
F956,
FB4D,
FC18,
FCF7,
FEB9,
003A,
00BD,
010B,
0171,
0215,
03C9,
04AB,
01D6,
FF86,
032B,
06EE,
044E,
000E,
FD7A,
FCE1,
037C,
09EA,
011C,
F4A2,
F6AB,
FE21,
0065,
FFD7,
FB8F,
F573,
F14F,
EF03,
F2C5,
F979,
F9F6,
F651,
F01C,
E878,
E5E0,
E718,
EA2D,
EE90,
F036,
EF60,
EA7E,
E23B,
DD1F,
DB13,
DB3A,
DD83,
E11A,
E5E0,
E67A,
E265,
DDB1,
D8A0,
D3AB,
CEDE,
CDCF,
D196,
D54F,
D839,
DA9A,
DC67,
DB94,
D6E6,
D20A,
CDF1,
CA12,
C62D,
C4A3,
C73C,
CA7D,
CD32,
D004,
D365,
D52D,
D369,
D0A9,
CE22,
CADD,
C5C4,
C137,
BF4E,
BEA7,
BEC2,
C005,
C361,
C74A,
CA23,
CCB1,
CFB2,
D21C,
D238,
D10D,
CF51,
CCF4,
C998,
C5F9,
C39A,
C1E7,
BFED,
BE5C,
BF29,
C172,
C3CF,
C665,
C91D,
CBF9,
CF87,
D350,
D4FB,
D51A,
D5F4,
D721,
D6BD,
D505,
D1E3,
CD9A,
CC97,
CE88,
CBA9,
C431,
C200,
C55D,
C75C,
C7B5,
C7E1,
C7CD,
C93E,
CC7E,
D0C5,
D655,
D906,
D76C,
D749,
D9EB,
DCFE,
E090,
E216,
E034,
DDA9,
DAC7,
D965,
DB3E,
DC53,
DAF4,
D838,
D369,
CF7B,
CE63,
CED2,
D13A,
D3A3,
D493,
D49F,
D303,
D1C5,
D2BD,
D545,
DA5A,
DFD8,
E390,
E616,
E6B1,
E65F,
E5BF,
E57E,
E77C,
EAA2,
EEA1,
F266,
F302,
F1C7,
EFA4,
ED0E,
EB6E,
EAB2,
EC31,
EEFD,
F10F,
F278,
F22D,
F08C,
EE27,
EB2F,
E829,
E553,
E4EB,
E68E,
E89D,
EB03,
ECFF,
EE80,
EE55,
EC8E,
EB5E,
EADE,
EB0C,
EBFA,
ED5A,
EF19,
F271,
F7B9,
FB3E,
FC3F,
FD1A,
FE28,
FE09,
FC35,
FB54,
FC37,
FD95,
FF38,
01B8,
057A,
0973,
0D97,
1057,
107F,
0FA9,
0E20,
0C5E,
0AD2,
0929,
0718,
0576,
04E2,
053E,
074E,
0950,
0981,
0945,
09A9,
09C1,
08B5,
06F4,
04A2,
01A6,
FD11,
F890,
F70E,
F710,
F77E,
F854,
F90B,
F9E0,
FB1E,
FCCF,
0030,
03F6,
03F1,
01CE,
0109,
00F7,
00C9,
0085,
FFB0,
FE77,
FD41,
FC28,
FBF9,
FCA1,
FE8C,
0187,
03C5,
0555,
068E,
0775,
0A08,
0E4F,
1182,
136D,
155A,
1762,
173C,
1478,
1242,
1107,
10C4,
11C0,
12F0,
1434,
1516,
1567,
14F8,
1335,
1342,
16E5,
19F8,
1AED,
1B89,
1C51,
1C41,
1A6B,
190C,
199E,
1A83,
1B52,
1B7D,
19E5,
1877,
1966,
1936,
1374,
0E24,
0FAD,
127B,
1199,
107B,
12D1,
1564,
13E5,
115E,
110C,
11E0,
13D0,
1649,
1807,
1998,
1C28,
1EE1,
2041,
2068,
1DB9,
198C,
17D9,
1792,
16DF,
15E1,
1363,
1012,
0FBA,
118B,
11FA,
1162,
1129,
113B,
114C,
1162,
11E6,
12D3,
1317,
12AB,
13C9,
1693,
1849,
18A7,
18A8,
186D,
15DC,
102D,
0E20,
1175,
145D,
15D5,
1732,
1870,
19EB,
1BE4,
1D67,
1E23,
1E1C,
1D01,
1BCA,
1AE1,
19E1,
185D,
1807,
1A79,
1CFA,
1D7F,
1F49,
2593,
2B3E,
2C12,
2BC9,
2CA4,
2D07,
2B93,
29B4,
2899,
27D7,
276C,
2750,
2757,
2809,
2B3A,
2EDB,
2F12,
2E4A,
309D,
33B1,
3385,
3193,
2F3C,
2C99,
2A0D,
27F9,
2850,
2A6B,
2E86,
3378,
320C,
2C93,
2D43,
3222,
3278,
2F71,
2F28,
3104,
3059,
2D7B,
2CEE,
2E8B,
2D92,
29F4,
27E4,
279A,
266E,
242D,
22BC,
2269,
20EC,
1D94,
1EC0,
265A,
2B83,
2C28,
2C86,
2D3C,
2D39,
2C36,
2AE9,
2963,
2835,
277B,
286B,
2CC0,
2F3C,
2C8B,
2928,
26D2,
2458,
20FE,
1EC5,
1FA6,
2169,
2350,
246C,
22D2,
20DF,
20C2,
20B0,
1EC1,
1CEC,
1D0D,
1ECB,
2428,
2996,
28A2,
2585,
2526,
25CC,
262F,
26AE,
282A,
29C4,
2952,
2794,
2440,
20A1,
2225,
26B3,
28EC,
29F7,
2D54,
31F1,
3316,
31C2,
31BE,
32BC,
34B2,
3772,
393C,
3A13,
3A35,
39A5,
3674,
30A8,
2F7D,
3372,
33FB,
305A,
2ED2,
3013,
30C3,
305C,
3275,
3823,
3B31,
3A05,
381A,
35B8,
341D,
3455,
3291,
2D1E,
2748,
2182,
1DFF,
1EBD,
206E,
2247,
2337,
2188,
207B,
2253,
246E,
25D6,
25EE,
233A,
1F71,
1AC7,
174C,
1891,
1A96,
18E9,
17B2,
1BCA,
21A2,
26A4,
2AB3,
2BE4,
2B82,
2A3D,
28CF,
29D1,
2B50,
2877,
247E,
26BE,
2C05,
2E77,
2FB2,
32D9,
36CE,
390F,
39ED,
388C,
3597,
33CB,
32DC,
3230,
31D9,
31F2,
3274,
358A,
3AB3,
3988,
3260,
2E72,
2DEA,
2B3A,
2637,
251E,
2883,
2B19,
2C64,
2CF4,
2CAA,
2B3A,
2877,
251E,
20E5,
200C,
2472,
28C4,
2BC9,
2E2F,
2FD6,
3024,
2E27,
2D2D,
2EC6,
31CF,
36EA,
3B39,
3CD7,
3D6D,
3D81,
3C30,
37B3,
3474,
372E,
3A18,
38E5,
367E,
3470,
3188,
2B73,
2628,
279E,
2AD9,
2B0A,
29F9,
27F7,
2581,
229F,
20CA,
251E,
2B8F,
2C82,
2B1C,
2B84,
2CD8,
2ECE,
3142,
34DA,
387C,
3687,
313C,
3017,
3182,
3198,
3099,
2D2F,
27E8,
2392,
2026,
1FDC,
2255,
20E5,
1BDB,
1AA8,
1D54,
208D,
2446,
2640,
2617,
27D6,
2BFE,
2EDC,
300B,
2ECD,
2A69,
2791,
27BA,
256C,
1ED8,
1A21,
1940,
1888,
170C,
165E,
16D6,
18FC,
1E09,
21F3,
2232,
225E,
2480,
2500,
2146,
1C76,
17D2,
1353,
0F4F,
0BFD,
099D,
08C5,
0B2B,
0E5B,
0FF3,
1176,
14E2,
1768,
148F,
0F96,
0B98,
0781,
01B5,
FC3E,
FB6B,
FD0C,
FEDB,
0112,
0440,
073C,
0666,
02F5,
FDB7,
F766,
F267,
EEB4,
EE49,
F05D,
F3AB,
F7A1,
F836,
F5F0,
F175,
EB30,
E613,
E233,
E255,
E635,
E96D,
EBD2,
EAE4,
E675,
E0CA,
D9E4,
D79B,
DAF1,
DE3D,
E11A,
E0BF,
DC12,
D6EA,
D162,
D028,
D5B2,
D9A0,
D9CB,
D78B,
D1A5,
CE09,
CF86,
D27D,
D721,
D8A5,
D27C,
CDF4,
D046,
D3F2,
D7D0,
D9A9,
D586,
D25E,
D63B,
DA7F,
D9EB,
DD75,
DE70,
DF27,
DD8A,
DCF0,
E2CD,
E958,
E8CA,
E6BA,
E95C,
EDA1,
F137,
F432,
F47B,
F44C,
F93D,
FFBB,
FFB3,
FD1F,
00EF,
0775,
07D8,
051C,
06FD,
0B47,
0BAF,
09A2,
095E,
0A2B,
099A,
07F6,
05F6,
039B,
017C,
FF86,
FC0F,
F736,
F382,
F0FA,
ECD0,
E6EC,
E2BA,
E090,
DD4A,
D88B,
D5CA,
D5A4,
D51F,
D3A7,
D436,
D79B,
DB10,
DDE1,
E205,
E83A,
EE08,
F297,
F70B,
FBE0,
FF3B,
0020,
FF92,
FDB8,
FA1D,
F401,
ED27,
E62C,
DFC9,
DA87,
D752,
D78E,
DA6D,
E0BE,
E86F,
F0A4,
F791,
FAB0,
FA57,
F407,
EB3C,
E24B,
DB17,
DAAE,
DEA5,
E851,
F30D,
F5C8,
F380,
EAB9,
DFEB,
DE54,
E22D,
EA45,
F379,
EFB7,
E4FE,
E1EC,
E3B0,
E893,
EF1F,
EC49,
E339,
E2F6,
E913,
EAED,
E96F,
E73A,
E465,
E5D6,
EB34,
EA9D,
E419,
E3BC,
E9FE,
EAD6,
E556,
E419,
E84F,
E97E,
E66C,
E542,
E70C,
E7DE,
E6FA,
E65A,
E653,
E686,
E713,
E715,
E5FE,
E59B,
E6E6,
E771,
E5E2,
E50D,
E69A,
E782,
E5DD,
E4C2,
E645,
E760,
E5DE,
E4A2,
E5F5,
E722,
E5DA,
E49B,
E5AD,
E6D3,
E5CF,
E4A3,
E573,
E680,
E5BC,
E4AE,
E542,
E62C,
E5A1,
E4BA,
E51C,
E5DE,
E580,
E4C1,
E4FC,
E596,
E55B,
E4C4,
E4E1,
E555,
E535,
E4C7,
E4D1,
E522,
E512,
E4C6,
E4C3,
E4F4,
E4F1,
E4C8,
E4BF,
E4D1,
E4CC,
E4B2,
E4AC,
E4BB,
E4AD,
E480,
E476,
E48E,
E4E9,
E5A6,
E4AB,
E153,
E1B6,
E765,
EA93,
EA13,
E449,
D60E,
D369,
E525,
F30A,
F6A6,
F339,
E573,
D9F2,
D686,
D528,
D412,
D7B6,
E4EB,
F081,
F342,
F452,
F751,
F73F,
EF1E,
E5E3,
E0A8,
DBE4,
D503,
CF5B,
CEB0,
D017,
D171,
D3E1,
D8DF,
DEE0,
E43C,
E962,
EE79,
F330,
F700,
F9E9,
FB5F,
FBC5,
FBB6,
FAF2,
F893,
F52E,
F22D,
EF28,
EAEB,
E600,
E22C,
DF03,
DAF4,
D66B,
D360,
D17B,
CED7,
CBBA,
CA3F,
CA2D,
C96F,
C81D,
C835,
C9AE,
CA7E,
CA94,
CBE5,
CE96,
D0A1,
D1C8,
D3E4,
D742,
D9EC,
DB79,
DDC8,
E150,
E435,
E5EF,
E82B,
EB76,
EE33,
EFC5,
F196,
F43A,
F66B,
F77F,
F8E2,
FB71,
FD74,
FDD4,
FE4A,
FFDD,
0149,
01E6,
0238,
0247,
0288,
03C7,
04CD,
0475,
0396,
023B,
017D,
0419,
0659,
0274,
FD74,
FD6B,
FF39,
0104,
0214,
FF01,
FA4C,
F74D,
F5AB,
F7CC,
FB5D,
FB07,
F849,
F39B,
EE0F,
EBB5,
EBAA,
EE24,
F20D,
F23C,
EF92,
EB16,
E542,
E116,
DE7F,
DF10,
E25E,
E525,
E749,
E6F1,
E41E,
DF9E,
D985,
D553,
D35B,
D342,
D52B,
D7DE,
DB4E,
DD3C,
DD25,
DB45,
D749,
D2C6,
CDE2,
CA33,
C85F,
C80B,
C983,
CC07,
CFC1,
D2D5,
D45F,
D4B1,
D379,
D118,
CD48,
C93B,
C56C,
C269,
C0E2,
C090,
C1DB,
C3ED,
C665,
C914,
CBE3,
CE4B,
CF87,
CFFE,
CFC9,
CED4,
CCB5,
C9ED,
C6C6,
C38F,
C0AC,
BE76,
BE4D,
BF34,
BF5C,
BFE8,
C40B,
C992,
CB36,
CB28,
CE58,
D2F7,
D511,
D56B,
D41F,
D1C7,
D2E0,
D5DB,
D165,
C7CA,
C5D1,
C9C0,
C9B7,
C678,
C47C,
C3AA,
C471,
C6CA,
C9CC,
CD70,
CF28,
CEA8,
D0C1,
D5F8,
DA46,
DD4E,
DE8D,
DD8D,
DCBE,
DC86,
DCD1,
DDE6,
DE81,
DE7B,
DC72,
D735,
D2C6,
D08E,
CF85,
D00C,
D090,
D07E,
CF57,
CBBD,
C976,
CB22,
CDE9,
D0CC,
D405,
D7E9,
DAC8,
DA3E,
D96F,
DAA2,
DCF5,
E0C8,
E54D,
EA70,
EEB8,
EF3F,
EE38,
ED8D,
ECAF,
EAE2,
E962,
EB2E,
EE38,
EFBC,
F05C,
F032,
EF2D,
EC64,
E8A2,
E560,
E2A8,
E18A,
E1B5,
E37E,
E643,
E740,
E6EA,
E619,
E4D7,
E31E,
E124,
E041,
E070,
E222,
E540,
E931,
EDDC,
F188,
F40E,
F747,
FB63,
FAB1,
F446,
F3B7,
FB02,
FE2C,
FB01,
FC53,
048B,
0AF8,
0E02,
0EAC,
0C07,
0AFF,
0DD6,
0EBF,
0B5E,
086A,
0752,
07AF,
0AA1,
0C40,
09C8,
0774,
070B,
083D,
0CE0,
0FD6,
0C3A,
07A9,
057B,
03FE,
030E,
0224,
0089,
FEBA,
FC7C,
FB24,
FDA2,
00EE,
0174,
00CD,
FFBA,
FE6C,
FD41,
FC9F,
FEFF,
01DF,
FF78,
FA5E,
F56A,
F108,
F0A8,
F2E1,
F5CF,
F90A,
F931,
F77E,
F78D,
F8FF,
FC27,
00B3,
0660,
0CAD,
0EFD,
0DCF,
0B81,
0841,
07FD,
0AA6,
0CDC,
0E8C,
0ECA,
0D76,
0C0B,
0A9E,
0ACD,
0CDE,
10DA,
172D,
1B43,
1C02,
1BA2,
1A13,
1950,
1A05,
1BBD,
1ED2,
2191,
2351,
24CB,
2691,
25A9,
1F6C,
1A0B,
18FD,
17E1,
1432,
127C,
1690,
1AFD,
1D02,
1CC3,
17AB,
12CE,
132F,
148C,
13B7,
131D,
14EA,
17A8,
1AEC,
1D9F,
1D73,
1BC1,
192A,
162D,
143A,
1265,
0E41,
0A11,
0BC3,
0FDD,
0F9A,
0D32,
0BDD,
0AE3,
08E2,
066E,
04E5,
0435,
047A,
05DD,
0B53,
139C,
1824,
1996,
1A63,
1A7A,
1918,
167A,
15A1,
1684,
1750,
1802,
17F8,
171B,
16F4,
17A9,
180A,
180C,
16B1,
1380,
1263,
146B,
158D,
1519,
130F,
0E9F,
0C28,
0D62,
0F49,
115E,
1364,
1534,
1611,
1527,
142D,
1361,
14BE,
1AEB,
20B9,
22F9,
240E,
2431,
2487,
2636,
28B8,
2C88,
3053,
32F7,
3475,
33B3,
3218,
3074,
2FB6,
330B,
3730,
37E4,
36D6,
3471,
3180,
2FE8,
2EFA,
2E05,
2D55,
2E2E,
2F73,
2D7A,
29F5,
28EF,
2975,
2A76,
2BC5,
2C01,
2B74,
2A77,
2936,
29CE,
2BC5,
2A6B,
268A,
27DC,
2DD1,
3256,
3568,
3903,
3D10,
3DCC,
3AF7,
384E,
3617,
33CE,
3175,
3044,
3099,
303D,
2EB4,
2DAB,
2D9E,
2C4E,
28EE,
25BC,
2328,
21AA,
21E2,
2245,
2231,
22E2,
252C,
270D,
2791,
2738,
25AA,
23FA,
22CC,
21CF,
20F5,
2078,
2097,
215B,
23DF,
2543,
218A,
1CB7,
19EE,
1820,
1770,
1788,
180E,
194B,
1C66,
1FC4,
2084,
2009,
1F44,
1E8D,
1F35,
20CA,
2302,
25D4,
2A17,
2EB3,
2FD3,
2EA8,
2CF0,
2AE3,
2A77,
2B39,
2C3C,
2D6C,
2DA6,
2D24,
2CCB,
2CA9,
2D3A,
2E7F,
3247,
385A,
3BC2,
3C60,
3C5B,
3BBB,
3B59,
3B4E,
3BF2,
3D7C,
3D03,
39E8,
36EC,
348A,
316A,
2CF8,
2B8E,
2F33,
30A1,
2D3F,
2AB8,
2AA1,
2B49,
2CA8,
2E22,
2FAC,
2FE9,
2D82,
2AD7,
290E,
2726,
24B0,
2239,
2005,
1E10,
1C50,
1B3F,
1B9E,
1C9F,
1E17,
1F37,
1E66,
1D56,
1E14,
1EF5,
1E20,
1C7C,
1A25,
17D9,
16F4,
1732,
194A,
1C72,
1F56,
2262,
26D9,
2B96,
2D3E,
2D15,
2D39,
2D6A,
2D79,
2D98,
2E7F,
301F,
3318,
370E,
3AC9,
3E2B,
3FAE,
3F81,
3EE4,
3DD2,
3B50,
3786,
34C0,
3315,
32AC,
3393,
34CA,
363F,
368E,
357D,
3304,
2EF1,
2ABA,
2677,
2428,
24A3,
2570,
2616,
274A,
297D,
29F2,
2723,
2492,
233A,
2321,
24C5,
27DC,
2D0A,
31E3,
3516,
36F8,
36DF,
35F2,
3418,
339E,
37AB,
3C39,
3EB8,
3FDF,
3F35,
3D0B,
3885,
33D7,
31EC,
3143,
31CD,
322E,
2FB8,
2BCE,
2690,
2184,
2099,
21CE,
2358,
24D7,
23C1,
217C,
204B,
201D,
22D7,
2760,
2B59,
2EC1,
2F7A,
2E69,
2F46,
3176,
3419,
36DC,
35F4,
31F7,
2E6B,
2B47,
2A11,
2AAC,
2869,
234E,
1F6D,
1CEB,
1CB0,
1F08,
1FE4,
1EB3,
1EC4,
206E,
2362,
2801,
2A8D,
29CA,
29B9,
2B65,
2BEF,
2AAD,
27C5,
2275,
1E3B,
1CFD,
1AF0,
1629,
1289,
11E4,
12A7,
14F6,
1751,
1853,
1A12,
1EB7,
2233,
20E1,
1E5C,
1D04,
1AC0,
1556,
0F70,
0B35,
082A,
06FC,
06F7,
078C,
0908,
0CC1,
10B4,
1178,
1082,
0F02,
0C79,
0710,
0084,
FC14,
F92E,
F840,
F8F8,
FBD9,
FFE2,
0222,
02DA,
00FF,
FD11,
F775,
F0C7,
EC2B,
E97A,
EA2D,
EDB7,
F0C6,
F33B,
F2EC,
EFED,
EA79,
E2BA,
DDFF,
DC99,
DDEB,
E21F,
E506,
E63B,
E37D,
DBD7,
D617,
D352,
D39A,
D7E5,
DB7B,
DD89,
DBF1,
D48C,
CF44,
CECE,
D0B5,
D5F1,
D8E6,
D654,
D280,
CDA0,
CBEE,
D228,
D789,
D6ED,
D496,
D0BE,
CEF9,
D42E,
DA16,
DC5C,
DB24,
DAB5,
D9F9,
D849,
D81E,
DEA1,
E58A,
E392,
DFFD,
E3AF,
E99D,
EC95,
EE41,
EE91,
EEE4,
F3B1,
F9E1,
FA54,
F87F,
FBC7,
015A,
0338,
031A,
0465,
0670,
0872,
0A4B,
0A25,
089F,
096D,
0BC9,
0A6D,
061B,
04DF,
0631,
03BF,
FDD5,
FA9F,
FA21,
F6AA,
F006,
EB96,
E9CD,
E632,
E047,
DC29,
DA81,
D856,
D521,
D37D,
D40C,
D51D,
D659,
D8BE,
DCAA,
E13A,
E651,
EB9D,
F109,
F627,
FADF,
FE49,
FFAF,
FFA7,
FE48,
FB0D,
F4F7,
EE1A,
E775,
E11C,
DAF8,
D6E2,
D744,
DA43,
DF9E,
E690,
EF90,
F794,
FA70,
F9BE,
F483,
ECBA,
E2DF,
DA33,
DA2B,
DF10,
E807,
F1EF,
F574,
F45B,
EAFE,
DEA2,
DDC0,
E37D,
EAFB,
F2A8,
EF26,
E513,
E1F0,
E381,
E891,
EFBC,
EC8D,
E1EE,
E20F,
EA97,
EC29,
E7DD,
E5C4,
E5A8,
E71B,
EA21,
E96D,
E4B2,
E472,
E96F,
EA2E,
E582,
E453,
E7FF,
E929,
E673,
E54C,
E6D4,
E7A3,
E6FB,
E667,
E621,
E640,
E71B,
E742,
E5CD,
E535,
E6F0,
E7C4,
E5B4,
E483,
E6A0,
E7FA,
E5B9,
E419,
E641,
E7F6,
E5C8,
E3E2,
E5E3,
E7CD,
E5D7,
E3CE,
E58D,
E78B,
E5DF,
E3CE,
E541,
E73D,
E5DF,
E3DA,
E501,
E6EB,
E5D7,
E3EA,
E4CA,
E697,
E5C7,
E3FB,
E49D,
E648,
E5B3,
E40C,
E478,
E5FB,
E598,
E419,
E457,
E5B3,
E577,
E41F,
E43A,
E570,
E557,
E427,
E426,
E536,
E53B,
E43B,
E407,
E4AF,
E504,
E4F9,
E4BC,
E453,
E360,
E186,
E3E7,
EC83,
ECB7,
E00D,
D7D5,
D764,
DF0E,
F35D,
FC97,
F010,
E33D,
DBBE,
D644,
D2F5,
D3DF,
DB91,
E4E7,
EEAD,
F5D1,
F6CE,
F5B0,
F46A,
F089,
E6CC,
DD3E,
D948,
D645,
D066,
CC37,
CF29,
D407,
D5AE,
D7D8,
DF23,
E76B,
EB48,
EDF8,
F3B5,
F996,
FAD2,
FA10,
FB6B,
FCE5,
FAA4,
F68A,
F43D,
F273,
EE3C,
E8C1,
E510,
E250,
DE17,
D917,
D5BF,
D393,
D0B5,
CD7A,
CBA5,
CAF8,
C9FE,
C8D5,
C899,
C93B,
C9C3,
CA32,
CB50,
CD21,
CEE0,
D07D,
D283,
D4FD,
D778,
D9E5,
DC5C,
DEDA,
E164,
E3FB,
E683,
E8F2,
EB68,
EDF3,
F050,
F262,
F457,
F631,
F813,
FA26,
FBDA,
FCBE,
FDD2,
FFD6,
0159,
0160,
012D,
011B,
01E6,
05A4,
077C,
00E4,
FBDB,
03B1,
0BC9,
0811,
0158,
FCA6,
FABD,
028D,
0AF3,
05B8,
FC44,
F843,
F705,
F920,
FCCC,
FFDF,
0147,
FA34,
EFB0,
ECAB,
EDFC,
F0EF,
F4DD,
F706,
F76C,
F268,
E9F1,
E4CB,
E243,
E2AE,
E585,
E924,
ED20,
ED00,
E92E,
E3B2,
DCCC,
D78B,
D416,
D379,
D5C5,
D92A,
DD8D,
DFFD,
E00F,
DE03,
D9A3,
D462,
CE45,
CA13,
C8A3,
C89B,
C9FD,
CCBC,
D136,
D4C1,
D65F,
D6D8,
D61D,
D3D2,
CF40,
CABF,
C75E,
C47C,
C1E2,
C0E0,
C2EE,
C5A8,
C7BF,
CA35,
CDDD,
D118,
D28A,
D2F8,
D290,
D119,
CDD3,
C9F7,
C6A6,
C38D,
C068,
BE03,
BE2D,
BF5E,
BF46,
BFAC,
C486,
CA80,
CAC1,
C933,
CDCA,
D45E,
D420,
D082,
CFD0,
D090,
D215,
D35B,
CC68,
C0DB,
C070,
C753,
C6AE,
C0CB,
BD06,
BB18,
BDF2,
C4E3,
C926,
CAF0,
CAA7,
C863,
CBF1,
D582,
DC24,
DF60,
DEF1,
DA55,
D848,
D9BE,
DC63,
E085,
E10B,
DC65,
D75E,
D265,
D050,
D2EE,
D4E0,
D4BF,
D339,
CFAF,
CC2F,
C905,
C89A,
CD5D,
D29D,
D695,
D976,
DA82,
DA51,
D7FD,
D706,
DAF4,
DFED,
E40D,
E792,
EA26,
EB4D,
E949,
E6B1,
E614,
E66E,
E799,
E9A5,
EDE1,
F1E3,
F15D,
EE9A,
EB56,
E7A6,
E3E3,
E0B8,
E0AD,
E273,
E487,
E6B5,
E7ED,
E822,
E542,
E09B,
DE4D,
DD87,
DBA1,
D978,
DBEE,
E1D6,
E5C2,
E82B,
EBD9,
F05F,
F1BC,
F03B,
EE1F,
EB84,
EC31,
F05B,
F1D4,
F024,
F353,
FC57,
0140,
00A1,
015F,
045B,
06F4,
0913,
08B1,
0484,
02DD,
05E7,
08D4,
0ABD,
0B56,
097B,
097A,
0DCE,
11C5,
1403,
139C,
0E3D,
0955,
084D,
077F,
056E,
02DA,
FF5F,
FC7C,
FB58,
FC20,
013C,
05A6,
0328,
FF49,
FE81,
FEC3,
FF78,
003D,
009F,
000F,
FC02,
F752,
F707,
F890,
F8E4,
F8F9,
F9FF,
FB56,
FB5C,
FB04,
FCDB,
FFEA,
027A,
04AA,
063F,
072C,
05EF,
0358,
03B5,
0629,
071E,
06DE,
05BD,
03DD,
01FD,
003D,
0053,
023F,
04D0,
07F6,
0C82,
1280,
15DE,
1612,
1747,
19F7,
1C1D,
1D81,
1EA8,
1F8F,
2077,
21B0,
2098,
1BCD,
186D,
1846,
180A,
16B6,
167C,
188F,
1A1A,
19F3,
18B6,
157F,
13E2,
16EE,
19F9,
19FA,
1AC1,
1F55,
239A,
24A7,
2440,
22AF,
204B,
1D44,
19F4,
16B2,
13C1,
1195,
1061,
11F2,
137D,
0FB9,
0A5F,
0879,
07B0,
04BF,
0180,
0164,
02E2,
0327,
037F,
084F,
0F06,
1004,
0DA6,
0D26,
0DA1,
0D79,
0CF9,
0D14,
0DA0,
0D6A,
0CC0,
0E9F,
128E,
146F,
1475,
1481,
1491,
1523,
163D,
16E5,
1711,
166E,
14E3,
140E,
1433,
1416,
1383,
13D8,
1572,
16B2,
1746,
1747,
1677,
15E4,
15DE,
1644,
1745,
182E,
187A,
19D7,
1D7F,
20D8,
22CC,
23A3,
2291,
21CE,
2338,
2433,
22A5,
2171,
231A,
24D0,
2453,
236F,
22D9,
235B,
2774,
2BCE,
2BED,
2B67,
2EFD,
32B8,
306E,
2C7E,
2D06,
2F0E,
2F14,
2E5C,
2E23,
2E37,
2EF8,
2FFF,
306C,
3054,
2ECC,
2CA0,
2D67,
2FD3,
2EB9,
2B85,
2C2D,
2F7A,
2FA7,
2D93,
2E81,
31D8,
32BF,
3183,
32D6,
3689,
3646,
31FB,
305F,
31CE,
324C,
3197,
3233,
346D,
36B1,
38D3,
3AE9,
3D0B,
3D39,
3AB2,
3797,
3430,
30F8,
2E3C,
2BCC,
29B2,
280D,
2720,
25FD,
2437,
2209,
1F44,
1C78,
19C5,
17B4,
16A3,
16E6,
1973,
1CA7,
1FAA,
223C,
23A3,
245D,
2480,
2426,
233D,
2224,
213B,
2098,
20C8,
2152,
2225,
2284,
2044,
1D00,
1AEE,
196F,
17D9,
16BA,
1778,
19A1,
1DE0,
2301,
2441,
2384,
2691,
2BB2,
2D3D,
2C9E,
2FF8,
35D9,
37B1,
3652,
3486,
324F,
3056,
2EAD,
2DFD,
2E41,
2E9D,
2F09,
2F7B,
2FFD,
2E61,
2A44,
2A4A,
2F88,
3310,
33DD,
3562,
383F,
38DA,
35F4,
34C2,
36FB,
37A8,
3522,
3346,
33A3,
320E,
2C23,
27E0,
2830,
294D,
2A4B,
2AF7,
2ABC,
2A32,
2946,
28E7,
2A82,
2B61,
293B,
25CF,
2139,
1D01,
1B45,
1A5F,
1954,
1858,
16E0,
160A,
17C7,
1AC9,
1E86,
2211,
22F5,
2293,
2228,
21C2,
227F,
237E,
2251,
204B,
1FC4,
208C,
247D,
2A3C,
2D97,
2F68,
314E,
330E,
3470,
3564,
347E,
3236,
30E9,
3089,
31E9,
34E0,
37BF,
3A74,
3CC3,
3E93,
3F50,
3EF6,
3C1D,
367D,
3371,
33D2,
32C7,
2F87,
2EE0,
31F3,
33E4,
33C2,
3288,
3007,
2CEE,
2944,
25E8,
2309,
21EF,
23A8,
2647,
29BF,
2BAA,
29FD,
27C6,
261E,
24B1,
2322,
23A3,
2924,
2F06,
3220,
346E,
370C,
381C,
3434,
3091,
337E,
37F1,
39EE,
3AE8,
3B9A,
3B01,
3648,
3066,
2DA3,
2C75,
2C79,
2CF9,
2C9A,
2B33,
260F,
1F75,
1C76,
1C0A,
1F0F,
2416,
2631,
2665,
2553,
23AA,
2637,
2BD4,
3136,
3633,
36F1,
3420,
32F1,
332A,
34B1,
375F,
3632,
3127,
2BE3,
267B,
2490,
26C0,
2567,
1F8D,
1AD1,
17A9,
17DA,
1C80,
1F7F,
1F58,
1F80,
2041,
2331,
29E6,
2D89,
2AFC,
2890,
284E,
27B9,
268B,
2349,
1BC0,
15C8,
1579,
14F6,
109D,
0D57,
0E3E,
10C9,
14B5,
1830,
18A1,
18FF,
1CA7,
1F41,
1B8E,
1625,
1321,
1041,
0B30,
060E,
0359,
0272,
046D,
07B4,
09A0,
0B29,
0E49,
111C,
0E3F,
0872,
051D,
0291,
FC36,
F46E,
F31E,
F5FB,
F793,
F89C,
FBA4,
FF9C,
FE86,
F968,
F3E8,
EE1E,
E8D4,
E442,
E428,
E83A,
EC00,
EF49,
EFA7,
ECE5,
E7F1,
E0BC,
DB94,
D8FE,
D9E8,
DF0C,
E2BF,
E427,
E222,
DB8A,
D55B,
D04A,
CF86,
D59B,
DA64,
DB90,
D9B3,
D314,
CDB2,
CBF1,
CD93,
D55F,
DA48,
D5F0,
D08D,
CCEF,
CC24,
D1F8,
D780,
D72A,
D652,
D8D9,
DA98,
D678,
D2B5,
D4A9,
D8CD,
DD70,
E0F4,
DDA0,
D9AF,
DE67,
E596,
E78C,
E78B,
E783,
E821,
ED63,
F411,
F412,
F17A,
F50B,
FB76,
FDBE,
FDD2,
FEFF,
00D6,
03D0,
075A,
0780,
0566,
070E,
0B54,
0B12,
0740,
06F7,
09A0,
0865,
0397,
011A,
00F3,
FE67,
F953,
F546,
F288,
EEF2,
EA5A,
E5FC,
E1FE,
DE77,
DB90,
D8B6,
D5B8,
D41E,
D487,
D526,
D560,
D753,
DC11,
E0C9,
E457,
E8EB,
EFD7,
F5D8,
F936,
FC0F,
FF99,
011F,
FE7E,
FA77,
F67E,
F131,
E8DC,
E0DE,
DBFB,
D8DF,
D71A,
D7F3,
DE51,
E6A4,
EE4C,
F503,
F9C1,
FB6B,
F580,
EC37,
E356,
DBE5,
DA63,
DD36,
E6D8,
F29C,
F5A4,
F31E,
EAA4,
DFB1,
DE22,
E288,
EA49,
F345,
EF73,
E39D,
E105,
E4DF,
E968,
EE53,
EB74,
E277,
E284,
EA37,
EBC5,
E7B0,
E5A0,
E587,
E6F6,
EA0A,
E961,
E454,
E3FC,
E9A0,
EA8F,
E4F2,
E37D,
E85D,
E9EA,
E5D6,
E437,
E738,
E895,
E66B,
E539,
E670,
E73A,
E6A3,
E61B,
E603,
E620,
E696,
E6B7,
E5D0,
E551,
E65F,
E70D,
E5BF,
E4C4,
E614,
E72B,
E5BE,
E46E,
E5C5,
E722,
E5C1,
E43B,
E578,
E6FE,
E5C3,
E421,
E532,
E6C9,
E5C0,
E419,
E4F6,
E68B,
E5B6,
E418,
E4C3,
E64B,
E5AB,
E422,
E49C,
E60D,
E59A,
E429,
E478,
E5CD,
E580,
E42A,
E453,
E589,
E560,
E42E,
E438,
E54B,
E542,
E439,
E424,
E503,
E509,
E423,
E45A,
E5E5,
E521,
E171,
E1AF,
E71C,
EA21,
E9E3,
E42F,
D644,
D44E,
E5D0,
F352,
F7B3,
F397,
E28F,
D5F7,
D54A,
D626,
D54C,
D96D,
E7E8,
F3B0,
F510,
F4B1,
F67C,
F536,
EC62,
E2E5,
DD4C,
D87B,
D2B5,
CE70,
CE54,
D030,
D2E8,
D6A8,
DB9D,
E13E,
E742,
ED0E,
F153,
F4CE,
F879,
FB70,
FBC8,
FAC4,
FA79,
F9DE,
F6A8,
F227,
EF39,
ECC9,
E843,
E2BC,
DF40,
DCE5,
D8EC,
D420,
D183,
D069,
CDF6,
CAB4,
C99F,
CA4B,
C9D2,
C876,
C902,
CB4A,
CC5F,
CC45,
CDBA,
D0D1,
D2D4,
D38D,
D5A5,
D96B,
DC28,
DD6B,
DFAF,
E36E,
E656,
E7D6,
E9FC,
ED5C,
EFF2,
F0FE,
F2C2,
F633,
F898,
F8A0,
F953,
FC2D,
FE50,
FE53,
FE2E,
FE62,
FFA3,
03CB,
05CA,
002B,
FC4C,
0274,
088F,
0799,
03E1,
FC94,
F853,
034E,
0E5A,
074A,
FC38,
F9C3,
FA9D,
FCF1,
0001,
030E,
0442,
FC58,
F1B7,
EFC5,
F231,
F590,
F954,
FAE3,
FA5D,
F454,
EB6C,
E6DD,
E56C,
E743,
EB6F,
EEC5,
F12A,
EFCC,
EB58,
E55D,
DE4C,
D9FC,
D847,
D8F5,
DBDB,
DF96,
E3F1,
E56C,
E3D2,
E087,
DB93,
D63D,
D0A3,
CD4F,
CCD1,
CDA8,
CFCC,
D2FD,
D76D,
DA27,
DA37,
D918,
D6E5,
D334,
CD72,
C864,
C52E,
C2AA,
C086,
C03A,
C318,
C678,
C935,
CC13,
CF90,
D211,
D22C,
D154,
D038,
CE2F,
CA3D,
C636,
C3E0,
C1D2,
BEAA,
BC28,
BC61,
BE09,
C0CC,
C3EA,
C5AA,
C792,
CCDD,
D263,
D220,
CFB4,
D0B5,
D2A7,
D244,
D030,
CA71,
C395,
C53B,
CACD,
C684,
BD0E,
BB1E,
BE0E,
C0A8,
C32E,
C407,
C3AF,
C41A,
C549,
CAC3,
D3B4,
D6A5,
D41E,
D379,
D4AB,
D6E9,
DA37,
DC8E,
DDD5,
DBCE,
D5FD,
D237,
D145,
D186,
D337,
D336,
D0B3,
CD39,
C87C,
C64F,
C83C,
CB60,
CF9A,
D2C2,
D3BB,
D362,
D101,
D01A,
D2BE,
D6A8,
DBB3,
E07A,
E41C,
E661,
E640,
E55B,
E429,
E3C4,
E5D1,
E8CB,
EC66,
EF88,
F0D9,
F08E,
ED69,
E961,
E665,
E426,
E33E,
E352,
E4B1,
E67F,
E781,
E7A6,
E599,
E244,
DE56,
DA66,
D860,
D7CC,
D8B4,
DAD2,
DDE7,
E1A6,
E574,
E8FE,
E989,
E7FC,
E7F0,
E8F1,
E8F5,
E860,
E94A,
EB92,
F005,
F660,
FA08,
FAFE,
FD74,
017A,
01F5,
FE93,
FC3C,
FB59,
FB50,
FC52,
FD10,
FD41,
FE93,
0161,
04CB,
0911,
0AC5,
0841,
0673,
06F5,
06B4,
04DC,
0235,
FE6E,
FB85,
FA9D,
FAB6,
FBE1,
FD71,
FF10,
00B1,
020E,
03B2,
0665,
0897,
092F,
083F,
047A,
0051,
FE2D,
FCA5,
FB07,
F99F,
F8A3,
F7E5,
F6C5,
F659,
F8FF,
FCF9,
00A6,
03C6,
0458,
03B9,
0404,
04BD,
05E6,
0732,
07E6,
07FD,
0627,
0342,
01D8,
0194,
0284,
0480,
076F,
0B0D,
0E15,
1084,
10F0,
0FAF,
0FFF,
11BD,
13E0,
165B,
185E,
19D8,
19AC,
17BD,
15C7,
13EC,
1255,
1116,
1098,
10FD,
11E4,
137E,
130F,
0F5B,
0D89,
0F3B,
10B7,
10EC,
125A,
15FD,
1A01,
1E3B,
20FE,
20D8,
201D,
1FAD,
1EDA,
1D60,
1BAF,
19BC,
187D,
1956,
1A0E,
18DE,
174A,
165F,
1505,
11EC,
0E7C,
0BA4,
09A8,
09D6,
0ADD,
0B26,
0BB1,
0E2E,
1110,
1206,
11EF,
1135,
1001,
0E99,
0D1D,
0BC4,
0ACE,
0BC2,
0DBC,
0E4A,
0E17,
0EEF,
103A,
0FC8,
0E1B,
0C8A,
0B08,
0969,
07D1,
0736,
0783,
090C,
0BA9,
0CC1,
0C5B,
0CA3,
0D9F,
0DBA,
0CE5,
0C1D,
0B7A,
0A9D,
096D,
09F6,
0CAD,
0FF1,
13B6,
1676,
1776,
199B,
1DDA,
2195,
240A,
2672,
2953,
2AAE,
2978,
271A,
2381,
205A,
1EB4,
1DF1,
1E26,
1F6D,
22C1,
2513,
233B,
216D,
22CA,
2491,
2518,
255F,
25F8,
266A,
26A2,
25C7,
215A,
1C79,
1AE9,
1B44,
1DB6,
213E,
2432,
2725,
2AF3,
2EC9,
3094,
3181,
33F5,
3705,
3964,
3B22,
3BAE,
3B38,
3977,
36DD,
3498,
32CA,
33CF,
36DB,
37AC,
36CF,
3728,
386E,
398F,
3A80,
39B2,
3736,
34D9,
32B2,
3072,
2E1A,
2DEC,
303E,
3127,
301C,
2FE2,
30DE,
311C,
303C,
2F41,
2E4C,
2D31,
2BD7,
2B00,
2ADD,
2C06,
2F52,
3192,
313E,
3091,
303C,
2F63,
2DA6,
2B7A,
28FC,
2624,
2291,
1FB9,
1EEF,
1F17,
206E,
20FC,
1DE6,
1A9D,
1A26,
1A7D,
1A7A,
1A67,
19B1,
1999,
1C6F,
206B,
23E5,
271D,
2A23,
2C5C,
2BCF,
29C7,
27EC,
2611,
2429,
22A0,
2388,
25C3,
2746,
27FF,
2572,
20D6,
1DFD,
1C6B,
1B30,
1A85,
1C2B,
1FA6,
22A0,
251E,
25C1,
24C4,
253F,
2729,
2999,
2C81,
3008,
3427,
357B,
33A7,
3059,
2B7B,
28CB,
292F,
2959,
28B5,
2A09,
2E63,
3055,
2DFA,
2C6B,
2CC9,
2EDA,
337D,
3785,
39E7,
3A3B,
377D,
3349,
2D4D,
2908,
29B5,
2A64,
285A,
260B,
2446,
2319,
22C3,
23B0,
274A,
2B1B,
2D01,
2DB9,
2C81,
2B0D,
2C05,
2D10,
2BA1,
28C4,
2425,
1F1D,
1BAC,
19C2,
1B75,
1EC1,
1FDA,
2026,
212D,
22D4,
26CD,
2B86,
2C36,
2A27,
25F4,
20AE,
2066,
236E,
2377,
21A6,
21E8,
23E9,
2845,
2E8D,
3374,
3700,
37D9,
361E,
3687,
392D,
38FA,
35BC,
3483,
35AC,
380A,
3BCA,
3D68,
3C0B,
3BDF,
3DCC,
3D8A,
3A1C,
356F,
2F3E,
2B7E,
2C2E,
2C5B,
2A2D,
2A10,
2E8F,
30BD,
2D18,
2849,
233C,
1F3D,
1DC7,
1D47,
1CD2,
1EA8,
2637,
2C78,
2B0D,
282C,
276D,
2702,
25B6,
25A2,
29E0,
2FA1,
3559,
39FF,
3A79,
391F,
37FE,
36BE,
3501,
3402,
3849,
3DD9,
3CE6,
387E,
33A4,
2E64,
2967,
2550,
2694,
2AC4,
2B03,
28A6,
2499,
1F8C,
1D05,
1CAD,
1FEA,
25E1,
2890,
2884,
27E1,
26C6,
28D4,
2DD7,
3283,
36BE,
3719,
334C,
311C,
30EA,
31B3,
33C7,
3140,
28B6,
2219,
1EAF,
1D11,
1DCA,
1D0E,
197A,
16C9,
1590,
1781,
1EC0,
2378,
21AB,
20FE,
249A,
2828,
2AA3,
2ACD,
2659,
21FE,
20E6,
1F4C,
1AE5,
15DA,
106A,
0CD8,
0F02,
11A3,
0F27,
0D63,
1307,
1990,
1A4D,
1941,
19C5,
19DC,
174B,
1313,
0CC7,
0623,
0302,
0177,
FE58,
FB84,
FDB4,
0261,
04E1,
0635,
07B6,
08BA,
06B0,
026E,
FCE3,
F693,
F228,
EF67,
EE22,
EE53,
F1C8,
F7BE,
F9B0,
F7F8,
F597,
F291,
ECBE,
E44E,
E07F,
E1BD,
E38E,
E5BA,
E89A,
EC56,
EB20,
E3A0,
DD01,
D842,
D58C,
D55D,
D7FC,
DEA6,
E18E,
DDB6,
D8AB,
D316,
CF52,
CEDC,
D120,
D7F8,
DBD0,
D7C4,
D287,
CDE0,
CBCA,
CFC7,
D471,
D7AD,
D838,
D1DD,
CD21,
D40B,
CD35,
D03A,
D44D,
D97B,
DCE0,
D7DA,
D233,
D673,
DD81,
E0C2,
E20D,
DFD7,
DD68,
E2C0,
EA9F,
EC0E,
EACA,
EB79,
ED6A,
F2A8,
F90C,
F878,
F490,
F8DF,
019C,
02F0,
FFBA,
015F,
062A,
0849,
0869,
0868,
0839,
092F,
0B0D,
09E6,
05EE,
04C9,
0676,
0452,
FE15,
FAAB,
FAAC,
F790,
F08C,
EBBD,
EA19,
E6CA,
E0E5,
DC87,
DA9E,
D880,
D589,
D3C4,
D3CB,
D4AA,
D641,
D8A8,
DBE4,
E021,
E5C9,
EB68,
F03A,
F50D,
FA8D,
FE9D,
FF90,
FF30,
FE75,
FBC8,
F522,
EDA3,
E771,
E190,
DAF5,
D649,
D74F,
DB24,
E034,
E6AF,
F006,
F8A2,
FA89,
F86D,
F2C6,
EAE9,
E139,
D8B4,
DA67,
E1BE,
EAA7,
F37F,
F4E7,
F13A,
E7BE,
DC0C,
DDE6,
E803,
EDF8,
F0D2,
EBDD,
E1B1,
E111,
E789,
EB47,
ECCB,
E948,
E183,
E2D6,
EC81,
ED0C,
E487,
E2CB,
E85D,
EA2D,
E794,
E612,
E5FC,
E6B6,
E881,
E862,
E56D,
E4D7,
E828,
E915,
E5A5,
E457,
E76B,
E8BF,
E602,
E497,
E6B8,
E7F0,
E641,
E520,
E637,
E707,
E651,
E5AC,
E5E6,
E632,
E639,
E61E,
E5BC,
E581,
E606,
E66C,
E5AB,
E4F9,
E5C4,
E696,
E5A6,
E495,
E57C,
E6A4,
E5A9,
E44E,
E533,
E69C,
E5AE,
E41D,
E4EC,
E680,
E5B0,
E3FE,
E4AB,
E659,
E5B0,
E3EC,
E472,
E62D,
E5AF,
E3E7,
E443,
E5FC,
E5A9,
E3E8,
E41B,
E5CE,
E5A2,
E3E7,
E3F9,
E5AC,
E597,
E3C2,
E3CB,
E5D5,
E600,
E409,
E2DB,
E299,
E4AB,
E9D2,
EA1A,
E3B4,
DD2C,
D65A,
DAF3,
F1B6,
FC82,
F0E3,
E465,
DB3D,
D50E,
D373,
D581,
DC2F,
E4BF,
EF4D,
F6B9,
F6B2,
F49D,
F2CC,
EE8D,
E50B,
DBE1,
D773,
D426,
CFAB,
CCFD,
CF79,
D3B2,
D6F3,
DADA,
E119,
E7C8,
ECC3,
F101,
F52F,
F8BD,
FAB7,
FB8F,
FB69,
FA6B,
F8DC,
F6A4,
F346,
EF3D,
EBB3,
E843,
E3E0,
DF15,
DB90,
D8CE,
D527,
D122,
CEDD,
CDD9,
CBF2,
C98E,
C8FE,
C9E7,
C9C4,
C8CF,
C9A5,
CC1E,
CD69,
CD8D,
CF5D,
D2F0,
D553,
D64E,
D893,
DC71,
DF3A,
E080,
E2C6,
E690,
E950,
EA5E,
EC5B,
F013,
F2CA,
F38F,
F4F2,
F7E1,
FA2C,
FAF3,
FBD9,
FD7F,
FEF0,
FFBF,
009D,
021D,
02C9,
00F8,
0085,
058E,
08A7,
02A2,
FD45,
00BB,
055D,
069A,
05A4,
0033,
FAF5,
FC11,
FF32,
01C9,
0320,
FFBB,
FA8E,
F644,
F358,
F597,
F9DC,
FBAD,
FBB3,
F816,
F28B,
EDE0,
EA36,
EA60,
ED03,
F041,
F387,
F31A,
EFEB,
EB43,
E592,
E12B,
DE0B,
DDFA,
E07B,
E314,
E5A6,
E711,
E742,
E4A9,
DF5E,
DA6E,
D609,
D28A,
D00F,
D009,
D2C6,
D569,
D794,
D99B,
DB83,
DB63,
D88F,
D528,
D189,
CD65,
C875,
C530,
C4BD,
C521,
C5E7,
C7C8,
CB60,
CEA6,
D0A2,
D1F7,
D2C1,
D251,
CFC0,
CCAE,
CA16,
C703,
C25F,
BE6F,
BD77,
BD45,
BC04,
BBDF,
BFCE,
C435,
C4D1,
C527,
C96D,
CE28,
CF2A,
CEAC,
CE4F,
CDFE,
CF2B,
D005,
CB9B,
C566,
C470,
C5A5,
C376,
BFE5,
BE6D,
BE4E,
BECF,
BFFC,
C247,
C550,
C770,
C8FF,
CB83,
CEAB,
D113,
D2DB,
D4C4,
D6AF,
D7E0,
D85B,
D7B7,
D5FE,
D537,
D577,
D48B,
D254,
D027,
CE1B,
CC02,
C9D1,
C8D7,
C973,
C9F0,
CA05,
CA1E,
CA43,
CA18,
C92F,
CA30,
CE7D,
D28C,
D52E,
D7DB,
DB16,
DD47,
DD24,
DDA2,
E071,
E38B,
E632,
E8E7,
EC30,
EE6A,
EDE4,
EC7E,
EB29,
E9AD,
E7D3,
E6AE,
E833,
EA1B,
EA43,
E9AC,
E8D2,
E751,
E417,
E07B,
DE7E,
DD31,
DB5A,
DA0A,
DC2D,
DF8C,
DF55,
DDF3,
E126,
E5DF,
E375,
DDB5,
DF14,
E440,
E3C2,
E033,
E181,
E63F,
EC79,
F394,
F482,
F0A6,
F2B4,
F987,
FAB1,
F6D5,
F4F2,
F502,
F712,
FB37,
FD92,
FDE1,
FE6D,
FF34,
02F7,
0A93,
0D72,
09CF,
0623,
0333,
013C,
00D7,
000E,
FE6F,
FC70,
F9C2,
F8BA,
FAA6,
FD1F,
FFD0,
014A,
0055,
FE80,
FBBA,
FA06,
FB80,
FCAB,
FB7A,
F96E,
F677,
F402,
F386,
F408,
F567,
F741,
F971,
FB54,
FB59,
FB73,
FE11,
01B9,
05F6,
09BB,
0A93,
09CE,
0812,
05EC,
048E,
03EE,
055D,
07B4,
0882,
086A,
0785,
064A,
064B,
073E,
091E,
0BC0,
0EF1,
127A,
15BA,
188A,
191B,
17D0,
1602,
13D8,
1467,
1768,
17A0,
1521,
157A,
18C9,
1745,
106C,
0DC9,
104D,
122A,
12E5,
13F0,
1546,
17AE,
1BC7,
1C53,
1759,
13DC,
1398,
1483,
16FC,
17FA,
15A7,
1496,
16EB,
18D0,
1902,
17C0,
13F0,
10E0,
1107,
1103,
0EE9,
0C7C,
09D8,
08F7,
0CEE,
1199,
1446,
1556,
1326,
101A,
0E0E,
0D20,
0F61,
1233,
122B,
10F9,
0F0C,
0D9F,
1064,
14AC,
16F5,
17C0,
155B,
1170,
0F9C,
0ECE,
0DA2,
0C6D,
0BF6,
0BD7,
0A17,
0797,
080E,
0A88,
0CD0,
0EB2,
0CC9,
07D4,
032D,
FEEB,
FD1D,
FDA7,
FF76,
0276,
0422,
0464,
0576,
0762,
0B2E,
1113,
1559,
1792,
172C,
1371,
1294,
162B,
1932,
1ACF,
1C2D,
1D5F,
1E03,
1DF0,
1D4C,
1BB1,
1B89,
1E48,
2153,
23D5,
264D,
2929,
2A50,
27D9,
2471,
2095,
1E8A,
21BE,
250D,
249A,
237B,
235E,
2332,
2268,
210E,
1DF9,
1BC7,
1EA0,
2372,
287D,
2C96,
2BA0,
28E3,
28BD,
2973,
292C,
28D2,
29DE,
2BC9,
2EB3,
31CC,
3208,
30B6,
304A,
308B,
31E0,
342F,
3862,
3DBF,
4149,
4343,
428D,
3FC0,
407B,
43F6,
442D,
416C,
3BDD,
33C0,
2FD1,
3047,
313E,
3291,
34F7,
388C,
387B,
33D5,
30CF,
3056,
2FBA,
2ED0,
2D04,
29ED,
273A,
2524,
24FD,
27C7,
2A94,
2CAA,
2D94,
2C85,
2B0B,
2961,
28B0,
2A50,
2B81,
2AD0,
292D,
25B9,
2439,
28C1,
2E1A,
31A9,
3322,
2FFE,
2BCA,
297E,
2778,
24A2,
221B,
217C,
2145,
1F35,
1D75,
1FDB,
2359,
23C8,
22B4,
20BA,
1E67,
1D85,
1D3A,
1B9F,
19CE,
1A32,
1C4A,
2196,
2850,
29BB,
2795,
2561,
22FD,
2179,
209B,
1E8B,
1BC4,
1C91,
203F,
2160,
203A,
1E0A,
1AED,
19D9,
1AEC,
1CD2,
1F7F,
234F,
284C,
2B87,
2C98,
2BCC,
28BC,
27A9,
29BE,
2A9D,
2928,
29B5,
2DEC,
2F8F,
2C5D,
28D7,
25A7,
248E,
2723,
2A97,
2E58,
3191,
3393,
3454,
32C9,
31EE,
340C,
36B1,
3945,
3A7F,
3855,
3513,
31B4,
2ED7,
2DFC,
2DC4,
2D88,
2CC3,
29B2,
265B,
2509,
24FE,
26AB,
2936,
2C49,
2E89,
2B4B,
25FB,
24D1,
2549,
23DE,
2172,
1E1C,
1A8D,
18FF,
1919,
1BDE,
206C,
23FC,
26C1,
27AC,
273F,
28D0,
2BC2,
2CF7,
2CAB,
2A7A,
26B3,
2588,
26EA,
295B,
2CD9,
2F3B,
3048,
33D7,
3A4C,
3D74,
3C7D,
3ACD,
388B,
3708,
36CA,
35F0,
33FD,
330F,
33AE,
3568,
38D0,
3A34,
37B9,
3512,
3399,
30AC,
2A98,
2595,
23C3,
2366,
2494,
2634,
27B6,
28E8,
29B0,
28F1,
2486,
1FF1,
1DA9,
1D18,
1F4D,
22AE,
261F,
299D,
2D19,
2F9F,
2E9E,
2C9C,
2C79,
2D63,
2F7F,
328A,
3734,
3BEE,
3D0C,
3BEB,
38FD,
3538,
3380,
3337,
3530,
3830,
37E7,
3538,
3070,
2A44,
25F2,
2335,
22F3,
24A8,
255B,
2529,
2245,
1D24,
1C28,
1F21,
2314,
27EC,
2AC7,
2B6D,
2B49,
2A46,
2BEF,
30E8,
3444,
3570,
3403,
2F49,
2B97,
29E0,
2916,
29C2,
27A7,
2093,
1B2F,
19AA,
19BD,
1BCC,
1CA2,
19E7,
1879,
1AC0,
1E34,
22D6,
25F3,
248C,
2345,
258D,
2719,
250F,
214C,
1B8C,
1627,
1467,
12F3,
0E32,
09A0,
08E5,
09EF,
0BDD,
0E32,
0F9E,
10FF,
1454,
1768,
1594,
1176,
0ED7,
0C4B,
0708,
00B2,
FC68,
F9AF,
F953,
FAA8,
FBFA,
FD80,
00A3,
0473,
0449,
010E,
FDAD,
F9F7,
F416,
ECB2,
E934,
E947,
EA63,
EC75,
EF79,
F343,
F41A,
F1C3,
EDCA,
E835,
E2B6,
DD71,
DB7E,
DDA3,
E0ED,
E551,
E761,
E613,
E25F,
DBA3,
D5EF,
D243,
D1F8,
D6F6,
DB59,
DD56,
DC82,
D6F9,
D168,
CD43,
CC3E,
D191,
D6AF,
D833,
D721,
D154,
CC3F,
CCC2,
CE30,
CD5A,
CEF7,
D552,
DABC,
D654,
D03B,
CFEA,
D253,
D85F,
DE4D,
DCD4,
D91D,
D8F6,
DAEC,
E10B,
E7D6,
E615,
E15C,
E4D3,
EBEE,
EF66,
F0D8,
F096,
EFB5,
F461,
FBFE,
FD02,
FA01,
FC52,
0219,
04AA,
04D5,
0538,
05B7,
079F,
0AAC,
0A58,
06DC,
06B2,
09D4,
08B4,
02FB,
0081,
01E9,
FFD9,
F96C,
F4FE,
F384,
F03E,
EA45,
E57C,
E2BD,
DF9B,
DB83,
D82B,
D5FE,
D4A9,
D441,
D487,
D54A,
D765,
DB92,
E016,
E409,
E8D1,
EF9D,
F5AF,
F927,
FBFB,
FF86,
0132,
FE6E,
FA17,
F5F7,
F0A9,
E825,
DFD8,
DB3C,
D8A3,
D723,
D81F,
DF12,
E832,
EFB0,
F5D2,
F9B2,
FA82,
F363,
E8BB,
E079,
DA91,
DB1A,
E01A,
EA08,
F56A,
F578,
EE7B,
E60C,
DD68,
DF1A,
E7B1,
ED9B,
F13A,
EBCA,
DFDF,
E020,
EA01,
ED08,
EA39,
E6ED,
E328,
E4AA,
EB70,
EBA0,
E4B8,
E347,
E83D,
E9E5,
E752,
E5D5,
E5EF,
E6B4,
E865,
E840,
E52C,
E489,
E847,
E964,
E53A,
E395,
E7A7,
E97D,
E58C,
E377,
E6F7,
E901,
E5D8,
E3C3,
E663,
E845,
E603,
E435,
E5F8,
E781,
E60C,
E4A4,
E5AE,
E6C9,
E5F7,
E500,
E580,
E62D,
E5D0,
E545,
E566,
E5AE,
E59E,
E572,
E558,
E549,
E567,
E58B,
E550,
E4FB,
E52E,
E591,
E54B,
E4BF,
E4F9,
E58D,
E54B,
E497,
E4C8,
E57D,
E544,
E473,
E497,
E565,
E53C,
E456,
E466,
E544,
E531,
E443,
E432,
E4F7,
E53D,
E4FD,
E463,
E365,
E354,
E445,
E6BA,
EB6F,
E81F,
D957,
D515,
E0F0,
ED06,
F800,
F7BB,
E52D,
D727,
D51A,
D54D,
D5E2,
DA9E,
E687,
F0E8,
F5AF,
F773,
F5B9,
F1E8,
EC55,
E569,
DC84,
D4FC,
D24A,
D0EA,
CE45,
CD9F,
D2F8,
D985,
DC93,
DFDE,
E7A3,
EF9B,
F25A,
F3B8,
F869,
FCF6,
FC12,
F934,
F983,
FA2C,
F630,
F057,
EDBD,
EC34,
E73A,
E0CB,
DD9F,
DC13,
D7E1,
D270,
D01D,
CFC2,
CD76,
CA15,
C94E,
CA74,
C9F8,
C858,
C8F5,
CB7C,
CCB5,
CCC8,
CE69,
D190,
D3B0,
D4B4,
D6F9,
DAAA,
DD64,
DEDE,
E13A,
E4CA,
E784,
E8FF,
EB21,
EE68,
F0C4,
F18D,
F32A,
F681,
F8D1,
F903,
F9AF,
FBC3,
FDF2,
0043,
00F1,
FDC1,
FD19,
0440,
08E8,
03E6,
FECA,
FE42,
009D,
090F,
0E0F,
03CD,
F95B,
FBCB,
0153,
04B5,
069A,
055B,
01D8,
FA15,
F319,
F66E,
FD2C,
0044,
011A,
FE0B,
F8B2,
F1E5,
EB6D,
EB5E,
EEE5,
F2ED,
F6E6,
F784,
F58F,
F062,
E932,
E39D,
DF85,
DF16,
E184,
E4B3,
E85F,
EA8D,
EB3B,
E8C6,
E38D,
DE33,
D8DE,
D4E6,
D265,
D2B2,
D5D7,
D8E9,
DBA7,
DE1E,
E03A,
DFEC,
DCB9,
D8D9,
D48A,
CFBA,
CA47,
C6AB,
C5C1,
C5EC,
C703,
C928,
CCA3,
CFBD,
D1BB,
D34D,
D4B5,
D484,
D17F,
CE03,
CB22,
C7CA,
C312,
BF55,
BEAB,
BE56,
BC1D,
BB3C,
BEF4,
C371,
C5D1,
C7D4,
CA47,
CD10,
D178,
D48F,
D092,
CB55,
CD41,
D034,
CBD3,
C4DD,
C000,
BCBA,
BE01,
C0BA,
BD37,
B770,
B6A9,
B8ED,
BD27,
C284,
C582,
C6F9,
C726,
C6DE,
CC5E,
D58D,
D9A4,
D9C2,
D800,
D4AC,
D2DC,
D26D,
D4A6,
D929,
D874,
D2A9,
CD80,
C927,
C6F6,
C722,
C8FD,
CCB4,
CD1A,
C932,
C5FB,
C403,
C3BF,
C58A,
C9AF,
D104,
D604,
D6BB,
D6C8,
D6A7,
D6D4,
D779,
D9F4,
DFA9,
E544,
E99B,
ECAA,
EE03,
ED3E,
E8D8,
E4A8,
E33C,
E2EA,
E375,
E4FC,
E89C,
EB3E,
E94D,
E5E1,
E2C0,
DF7B,
DBC4,
D8AA,
D7D2,
D86C,
DAAB,
DD91,
DF81,
E129,
E3C6,
E5D1,
E2C9,
DE14,
DE76,
E12F,
E1FF,
E22C,
E354,
E570,
EB31,
F294,
F315,
EF66,
F14B,
F680,
F5B2,
F0AD,
EE7B,
EE9D,
F0FE,
F555,
F8BB,
FB39,
FC8A,
FCAA,
FF7F,
051A,
0672,
030E,
FFEC,
FD56,
FBC8,
FB94,
FB2A,
FA76,
F82C,
F36C,
F264,
F71B,
FBCC,
FF80,
017B,
00C3,
FF81,
FDE1,
FDF3,
01DA,
0365,
FF2C,
F99B,
F368,
EED9,
EE12,
EF74,
F3B3,
F77A,
F7CD,
F733,
F644,
F615,
F853,
FBC3,
00DD,
04F0,
03AC,
009C,
FE3D,
FC88,
FD0B,
FE82,
FFD0,
00EF,
013A,
00F5,
FF63,
FDFE,
00E0,
060D,
0A8B,
0EFB,
14D5,
1AF5,
1DD2,
1E4A,
1C90,
196D,
18EE,
1A31,
1A04,
18EC,
1AE4,
1EDE,
1ADC,
1050,
0BE7,
0D14,
0D04,
0BDE,
0C92,
0F14,
136E,
19B3,
1C65,
1ACC,
19A3,
1955,
1944,
198E,
19ED,
1A3F,
1BED,
1FB8,
219F,
2056,
1E0B,
1ACD,
1812,
16B8,
1525,
12DE,
103D,
0CED,
0AA1,
0AA0,
0B1B,
0BA5,
0B55,
08B3,
0640,
05A1,
05C3,
0680,
0795,
08AF,
0A18,
0BE5,
0E8A,
13F7,
18BA,
17B3,
14A2,
126E,
10E4,
11A0,
133C,
145D,
14C2,
1234,
0E96,
0DB1,
0DFD,
0D5E,
0C52,
0BD8,
0B34,
0699,
001B,
FE88,
0042,
027D,
051A,
05A3,
04AD,
049A,
0546,
067B,
083A,
0C54,
1267,
14A6,
132C,
1218,
1179,
1143,
1192,
1081,
0DCE,
0CA6,
0D92,
0D0D,
0A45,
0B31,
1185,
1581,
151D,
1617,
19F9,
1C73,
1C55,
1AD6,
1774,
1570,
168A,
185E,
1AA6,
1C1E,
1B8C,
1ABF,
1A6F,
1A37,
19B5,
1A58,
1DC8,
21CF,
2515,
2852,
2C43,
2F1C,
2E29,
2C60,
2C85,
2CDB,
2BA0,
2A9E,
2CBC,
2F76,
2F78,
2E77,
2E3B,
2DED,
2B86,
2909,
2B6E,
301D,
32EE,
34D1,
36A1,
3818,
3862,
37D3,
3725,
3635,
33C1,
3079,
3022,
31E6,
31D6,
307B,
3027,
30BD,
32D0,
3635,
38B9,
3A57,
3BFF,
3DB0,
3D8A,
3B6B,
3AFC,
3C98,
3D8E,
3DBD,
3B5E,
35BA,
31C3,
309D,
2ECE,
2B79,
2A90,
2DC7,
2EAA,
2AAF,
2819,
290E,
2A01,
2A12,
2972,
278F,
262D,
264D,
26DA,
2734,
28FF,
2E51,
32F8,
33D4,
3379,
32A9,
31D5,
3222,
31E5,
2F15,
2BE3,
2A50,
294D,
285E,
2792,
2724,
2666,
23B9,
207F,
1ED7,
1D91,
1A99,
1756,
165D,
16B2,
1746,
183A,
19F2,
1BF2,
1C89,
1C40,
1BF9,
1BBB,
1BEC,
1C8F,
1E5F,
210F,
23E9,
26B7,
2764,
2629,
245A,
21FE,
1ECF,
1AF1,
184E,
16FF,
1668,
1684,
17E1,
1AA5,
1B44,
191E,
18BB,
1ACC,
1D6C,
2070,
2468,
29A3,
2DE6,
3096,
31CE,
3109,
305C,
3089,
309B,
303A,
3083,
3265,
3370,
3244,
3054,
2D80,
2BBE,
2CFA,
2EDC,
3027,
31F7,
35B9,
3858,
3604,
3351,
346E,
3623,
364F,
3591,
339B,
30CB,
2CE3,
28F6,
26B6,
25B5,
26D4,
28BF,
2912,
28A7,
27BE,
26EF,
28B1,
2B96,
2CFC,
2D3D,
2B72,
2857,
25EA,
23EF,
229F,
21C3,
1FAE,
1CEB,
1C1E,
1CFC,
1F20,
2260,
2625,
2A43,
2C0F,
2B9A,
2C25,
2DB4,
2D71,
2B42,
293D,
2786,
26A0,
26A1,
28F4,
2E29,
31EC,
333C,
356E,
395A,
3B19,
3969,
3747,
3533,
3363,
3210,
3199,
326A,
33CA,
35B5,
377B,
390D,
38D2,
34F1,
309B,
2D7B,
2A65,
26AE,
23BD,
22D2,
2316,
24D9,
26AC,
273B,
26AF,
23CD,
2094,
1F17,
1EAD,
1F3E,
2137,
26BA,
2D06,
2F9C,
3072,
3119,
3145,
3020,
2ED3,
30A1,
341D,
378A,
3AB4,
3C3F,
3C4D,
3931,
3421,
3159,
3034,
307B,
31BB,
3185,
2FFD,
2BD9,
25A0,
20E1,
1D9D,
1DDD,
216C,
23AF,
2492,
2380,
205C,
2000,
22D8,
2721,
2CF5,
3095,
3140,
30C3,
2EE9,
2F2D,
32E0,
3519,
34CE,
324D,
2CBD,
27E3,
2519,
2330,
22B4,
205F,
1996,
147B,
142D,
1591,
1891,
1ABA,
195D,
18B4,
1BB1,
1F7B,
2366,
25BA,
2342,
203C,
20E5,
2126,
1D01,
1772,
122C,
0DA3,
0C0D,
0B3E,
07B8,
0461,
060C,
09DB,
0CD5,
0F42,
0FFA,
0FD6,
1159,
12AD,
0E02,
0635,
01E2,
FF54,
FA56,
F47F,
F38B,
F609,
F853,
FA98,
FD27,
FFB2,
00A4,
0009,
FC91,
F68E,
F118,
EC49,
E82A,
E4D0,
E572,
EA37,
EDA2,
EF37,
EFE1,
EF9A,
EC02,
E45A,
DE32,
DA76,
D8F3,
DA1E,
DCE4,
E19E,
E412,
E2A5,
DEDC,
D7EA,
D23C,
CF78,
CFA3,
D467,
D8E5,
DB3F,
DA86,
D3CB,
CD7E,
CAFC,
CB4B,
D05E,
D56B,
D6C5,
D626,
D1B4,
D7B2,
D36D,
CE80,
CBFC,
CC21,
D24C,
D927,
D8E3,
D619,
D307,
D145,
D6B0,
DE47,
DFD6,
DEBC,
DCDC,
DB95,
E18E,
EA64,
EAFF,
E7B6,
E8FC,
ECE7,
F19B,
F699,
F6EA,
F479,
F7C7,
FEE3,
0122,
FFDE,
00D7,
0390,
0631,
08BC,
08B0,
0642,
072A,
0B6D,
0B20,
05EE,
0455,
0713,
05DE,
FFBE,
FC10,
FC05,
F988,
F377,
EE94,
EBEC,
E87E,
E39A,
DF46,
DC0C,
D944,
D6E4,
D507,
D3A0,
D387,
D57D,
D7F1,
DA12,
DD74,
E36A,
E968,
EDE7,
F27F,
F889,
FD60,
FEBE,
FEA9,
FE76,
FC75,
F657,
EEF6,
E898,
E279,
DBC4,
D69F,
D6BE,
D9E6,
DF25,
E5FD,
EEEB,
F761,
FA00,
F89A,
F2A0,
E9FE,
E0E2,
D907,
DAA5,
E211,
EB27,
F45A,
F465,
EE37,
E5A0,
DC2A,
DEE5,
EA14,
EEFC,
EEFE,
E9B3,
E047,
E112,
EA96,
ED1F,
E937,
E604,
E37D,
E53B,
EB91,
EB7D,
E3E4,
E28F,
E932,
EB05,
E61B,
E42E,
E6E5,
E850,
E767,
E67E,
E5C3,
E5ED,
E7AA,
E809,
E57E,
E483,
E75A,
E8A9,
E597,
E3E6,
E6D6,
E8A3,
E5C6,
E3CC,
E654,
E83F,
E5EB,
E3F7,
E5EA,
E7B4,
E5F9,
E43C,
E59A,
E720,
E5EF,
E481,
E563,
E695,
E5D5,
E4BF,
E53F,
E619,
E5AF,
E4F0,
E52A,
E5B2,
E581,
E510,
E51C,
E55E,
E552,
E523,
E513,
E515,
E51C,
E527,
E50B,
E4DB,
E4E8,
E51E,
E501,
E4AC,
E4B9,
E512,
E4FF,
E494,
E48D,
E4E3,
E4E9,
E4A3,
E4BA,
E540,
E46E,
E202,
E351,
E940,
EA3C,
E4D5,
DE92,
D70D,
DADB,
EF84,
F9F0,
F2C7,
E7BD,
D93D,
D0F8,
D45F,
D946,
DCCF,
E399,
F116,
F9DD,
F6CA,
F274,
F1B4,
EE24,
E30B,
D8EC,
D5B8,
D3A8,
CF3F,
CCC6,
D046,
D55D,
D8D8,
DCDE,
E36D,
EA3C,
EEF1,
F2C5,
F697,
F9B5,
FB28,
FB73,
FACD,
F956,
F74D,
F49F,
F0E4,
EC9F,
E8FC,
E584,
E133,
DC98,
D92A,
D667,
D2F8,
CF5C,
CD63,
CC86,
CADE,
C8DB,
C886,
C977,
C9AB,
C961,
CA76,
CCB4,
CE22,
CED7,
D0BB,
D3C6,
D60E,
D780,
D9E7,
DD62,
E004,
E18C,
E3FF,
E7AE,
EA7B,
EBF4,
EE0A,
F12E,
F3AD,
F513,
F67A,
F7FF,
FA2B,
FDB5,
FF43,
FC9D,
FC12,
010F,
0501,
0553,
0356,
FCC9,
FB14,
083B,
1128,
06BE,
FC00,
FC8B,
0049,
0593,
0997,
0824,
0400,
FC7E,
F638,
F87D,
FDBD,
02C9,
0627,
026C,
FBC9,
F5E0,
F108,
F036,
F1FD,
F6C7,
FC37,
FC1C,
F8B4,
F3D7,
EDEF,
E7B4,
E21A,
E269,
E68F,
E9D3,
EC84,
EEA4,
EFD4,
EC6F,
E588,
DFC3,
DAFF,
D6EF,
D3C4,
D43F,
D815,
DB47,
DDB7,
E025,
E278,
E1EE,
DE47,
D9DA,
D4CF,
CFBC,
CAB7,
C7D5,
C7B3,
C86E,
C9CB,
CC67,
D09B,
D421,
D646,
D79B,
D81D,
D739,
D473,
D0D1,
CC5F,
C82A,
C4E0,
C1E5,
BEE5,
BD11,
BD64,
BEF9,
C216,
C510,
C5E4,
C7BD,
CED3,
D3DB,
CDC3,
C7A1,
CDB6,
D41F,
CE70,
C5BF,
C12C,
BEF7,
C1CC,
C4E1,
BE80,
B5D6,
B526,
B83B,
BC4D,
C08E,
C0EE,
BF7A,
BE7E,
BEA8,
C647,
D163,
D43E,
D200,
D072,
CF38,
CFBC,
D18D,
D4C7,
D8A0,
D580,
CCE9,
C812,
C67D,
C645,
C758,
C8D1,
CA94,
C8EC,
C3C0,
C08E,
BFAB,
C10B,
C4DE,
C9EF,
D051,
D3E9,
D3B0,
D2EF,
D1DB,
D222,
D462,
D834,
DE18,
E322,
E662,
E813,
E7C2,
E625,
E2BC,
E0C7,
E264,
E4CC,
E76D,
E97E,
EA57,
E9C3,
E6D0,
E322,
DF80,
DBEC,
D839,
D5F4,
D7A2,
DA51,
DB7C,
DCD8,
E0B2,
E39C,
DFEC,
DAAA,
D9B6,
D9E7,
D793,
D54E,
D6F7,
DAD6,
E058,
E62F,
E7B3,
E79F,
ECD0,
F39E,
F1FA,
EC01,
EAF1,
ECDE,
EF79,
F2AA,
F4A7,
F5E9,
F7EE,
FA9B,
0034,
07CA,
08AB,
03DB,
01D3,
0240,
01E8,
00DB,
FE21,
F9BF,
F60F,
F32E,
F3FB,
F907,
FC47,
FCFC,
FC7D,
FA78,
FA58,
FD2C,
FEB2,
FE21,
FB6F,
F5CE,
F0EC,
EDDE,
EC66,
ED38,
EE42,
EECC,
EF33,
EF2D,
EFE7,
F23B,
F506,
F80D,
FACE,
FD1A,
FDD7,
FAF5,
F813,
F803,
F8F0,
FA8B,
FC1B,
FCBB,
FC9D,
FAFF,
F941,
F908,
F9AA,
FAD9,
FD07,
01F7,
078E,
0A51,
0B99,
0BDD,
0BCD,
0DA4,
104D,
11D4,
12FB,
164D,
1A29,
1887,
13D8,
136D,
157E,
14B1,
1245,
1309,
1620,
185F,
19FE,
1B8C,
1CFB,
1E15,
1EE3,
1FD2,
20E6,
21D0,
2283,
24D9,
28FA,
29B6,
2672,
2351,
20AE,
1E01,
1B75,
17B4,
1228,
0ED3,
0EE6,
0F9C,
10A4,
1156,
115F,
106B,
0DCB,
0BE8,
0C12,
0BA2,
092D,
075A,
073B,
08B6,
0CF4,
10D2,
1226,
12A2,
12A4,
1259,
1203,
1174,
10B3,
0F52,
0C1D,
0923,
0914,
09BC,
091C,
0831,
07AB,
0743,
06DD,
065E,
0540,
040F,
0406,
045E,
037C,
0237,
01F7,
0271,
0381,
0539,
090A,
0DBD,
0DE4,
0B66,
0D6F,
122D,
1241,
0F0F,
0ED8,
10C4,
0FC2,
0C6E,
0A8B,
0A07,
0B29,
0DE7,
101C,
11AD,
140B,
173F,
187D,
177B,
1590,
12AF,
1123,
118F,
10DB,
0E5B,
0C9C,
0C23,
0C18,
0C8F,
0C6B,
0AF0,
0ACF,
0D6B,
0F40,
0EAA,
0EC1,
10F3,
130D,
13FB,
1568,
1865,
1B48,
1D08,
1EBE,
2110,
2349,
24FE,
2659,
26F6,
27FE,
2B33,
2EA0,
3046,
3191,
33E1,
3622,
36FE,
3756,
3815,
38D0,
3910,
3921,
3999,
3A15,
39F2,
3959,
381B,
368E,
3603,
35C3,
3323,
2F61,
2EB4,
2FDB,
2E8A,
2BDA,
2C24,
2E94,
2F98,
2FA8,
32B6,
380A,
388E,
34C6,
3350,
3410,
3293,
2EDF,
2D75,
2E8B,
3069,
3317,
33E7,
3241,
326C,
3527,
373E,
3823,
3982,
3BC4,
3D07,
3CCE,
3B49,
37DB,
35E6,
3728,
37E2,
36D4,
350C,
3249,
3027,
2FE7,
2F5F,
2D17,
2B9B,
2D13,
2DE4,
2B4A,
2828,
25D5,
2443,
240F,
24CF,
26DB,
2901,
29A7,
2A02,
2B19,
2C6B,
2E34,
2F4D,
2CDA,
2943,
27DD,
274D,
266F,
2583,
24BE,
23F0,
2288,
20D2,
1FB1,
1EA0,
1C0A,
1863,
1376,
0E03,
0BAB,
0B9E,
0B59,
0B38,
0D1D,
1093,
12BC,
13D4,
1683,
1A7B,
1A3E,
1611,
15BB,
1959,
1BE3,
1D27,
1EED,
214F,
220E,
20CA,
200B,
203D,
1F6F,
1D27,
1C27,
1D0C,
1F65,
23B2,
26D3,
2781,
2846,
29DC,
2ADE,
2A83,
2B29,
2E13,
31AC,
3623,
38C7,
3708,
34CA,
33FA,
3359,
3273,
3211,
332F,
3469,
350A,
3475,
3063,
2C92,
2D3C,
2FC0,
3305,
3695,
39CE,
3C03,
3AD7,
3842,
368E,
353C,
34BD,
346E,
3321,
3110,
2DA0,
297A,
2553,
21DC,
2382,
2808,
2949,
2868,
2660,
2396,
22D0,
2387,
24DC,
2680,
24C6,
2043,
1C01,
1819,
178E,
1A42,
1B0E,
19E8,
1A9D,
1D4A,
2106,
25D0,
2A63,
2EB3,
2F84,
2BC2,
2ACC,
2E50,
3027,
2F19,
2DDE,
2C91,
2D7A,
31F5,
36AA,
3B13,
3D72,
3C0D,
3B05,
3C6E,
3CA3,
39DE,
3639,
31B6,
2EFC,
30F9,
3389,
348A,
34E8,
3491,
33A2,
3279,
2FBF,
2877,
2167,
201A,
2081,
1F43,
1E76,
208A,
239B,
2646,
27D4,
24C0,
202A,
1EE9,
1F4E,
1F86,
20A9,
2675,
2E55,
32E1,
3532,
351A,
3367,
325F,
31ED,
3342,
35F6,
3A97,
4028,
3F98,
3A35,
361A,
3302,
2F98,
2C10,
2C19,
2F66,
2F16,
2B1B,
2612,
200B,
1C6F,
1B95,
1DCE,
2387,
2700,
274F,
25A7,
2161,
2127,
271B,
2CF8,
31DD,
3418,
3231,
2FA0,
2CBE,
2C77,
31B5,
33E8,
2EA3,
2813,
2182,
1CCC,
1C91,
1C6F,
1A31,
16EC,
1145,
0E2E,
13A5,
19B2,
1A36,
1953,
184D,
1866,
1D49,
220C,
20D3,
1D27,
18A0,
1456,
1449,
146B,
0CC4,
0360,
0236,
0479,
03C5,
0252,
02C0,
0489,
0921,
0EA6,
0E50,
0AAC,
0AC2,
0C70,
085D,
0094,
FAFF,
F713,
F45B,
F2DA,
F218,
F223,
F5A1,
FBFE,
FDB0,
FAE9,
F9CA,
FA5E,
F5A8,
EB6A,
E566,
E482,
E300,
E05C,
E1BF,
E846,
EC2B,
EC12,
EA05,
E5E8,
E05A,
D909,
D42D,
D369,
D545,
DAA7,
DEE9,
E051,
DF41,
DAC0,
D512,
CE23,
CA70,
CE6A,
D379,
D759,
D91E,
D6BB,
D246,
CAF9,
C6CE,
CF90,
C7F4,
CCD2,
D28E,
D5E3,
D6CC,
D279,
CD48,
CCD8,
CF0A,
D588,
DC25,
DA69,
D5B6,
D49D,
D5C8,
DBDB,
E353,
E31D,
DF6E,
DFA4,
E22F,
E7E2,
EEDD,
EEB0,
EA8F,
ED79,
F4B8,
F882,
F9DD,
FA32,
F9C7,
FD86,
0474,
05A0,
01D9,
0331,
0930,
0AE6,
084E,
0795,
08DF,
0957,
08DD,
0710,
03A9,
01A7,
01B2,
FF2E,
F8EC,
F4A9,
F3E7,
F0D8,
E9A7,
E458,
E2EE,
E055,
DA9A,
D680,
D602,
D581,
D364,
D2BE,
D530,
D85B,
DB2C,
DEDE,
E441,
EA04,
EF93,
F4C3,
F94A,
FCE2,
FF3B,
FFDC,
FD8E,
F991,
F47F,
EE5A,
E654,
DE93,
D9F4,
D78C,
D763,
D9C7,
E13A,
EAB0,
F211,
F794,
F983,
F814,
EFAE,
E41A,
DD1B,
D9C2,
DD55,
E574,
EE7C,
F6FA,
F34B,
E79D,
E0C6,
DDC7,
E2BF,
ED94,
EFF7,
EB7C,
E60E,
DFEB,
E2C7,
EDEF,
EE8D,
E4B3,
E200,
E705,
E997,
E946,
E7AF,
E48D,
E4B3,
E955,
EA23,
E52D,
E3A5,
E7DB,
E97C,
E648,
E4AF,
E693,
E7B9,
E6E9,
E625,
E5DF,
E605,
E702,
E749,
E59E,
E4C4,
E6C3,
E7F2,
E59D,
E3FC,
E65F,
E834,
E5B8,
E395,
E5F2,
E82A,
E5D6,
E36C,
E58B,
E7F0,
E5EC,
E36C,
E531,
E79B,
E5F5,
E382,
E4E9,
E73C,
E5F3,
E3A1,
E4B0,
E6DB,
E5E8,
E3C6,
E486,
E67F,
E5D5,
E3E7,
E465,
E628,
E5B9,
E401,
E449,
E5D6,
E599,
E418,
E435,
E58B,
E573,
E429,
E418,
E51F,
E54D,
E4A3,
E468,
E4A9,
E428,
E2AD,
E494,
EAC2,
E9A9,
DEF9,
D96A,
DB0D,
E3AB,
F63B,
FB4E,
EA64,
DBDD,
D502,
D299,
D604,
DBE5,
E3C2,
EC3E,
F590,
FA45,
F5A3,
EFE2,
ECFD,
E7F8,
DCF2,
D3B8,
D24D,
D213,
CEAD,
CD5C,
D322,
DA18,
DD44,
E0AC,
E826,
EFB2,
F2EA,
F4EA,
F8D2,
FC44,
FC0D,
FA51,
F99A,
F896,
F543,
F0E8,
ED71,
EA26,
E5E4,
E140,
DD53,
D9D4,
D655,
D301,
D036,
CDE5,
CC13,
CAB7,
C98F,
C8B0,
C89E,
C938,
C9AF,
CA1F,
CB6B,
CD78,
CF2A,
D08F,
D2C2,
D5BE,
D826,
D9EF,
DC5B,
DF83,
E225,
E41D,
E696,
E9C1,
EC6F,
EE66,
F09B,
F34C,
F559,
F653,
F819,
FB9B,
FD18,
FA7F,
FAC4,
01BD,
058C,
0123,
FDC0,
FF04,
0252,
0939,
0BE7,
0242,
FAC1,
FFAD,
0612,
08F8,
095F,
04FD,
FFB7,
FBF8,
FA7B,
FF09,
047B,
0611,
04EA,
FE95,
F71A,
F3C2,
F2D0,
F4CE,
F843,
FBF0,
FE81,
FAD6,
F41E,
EED4,
EA60,
E6F7,
E500,
E7E4,
ED6E,
EFE8,
F04E,
EFE9,
EE6C,
E920,
E152,
DCDA,
DB09,
D997,
D8C1,
DB42,
E084,
E351,
E3B9,
E3E7,
E3CA,
E05A,
D98B,
D454,
D11D,
CDBF,
CA16,
C935,
CBBA,
CE03,
CF78,
D1E8,
D5CE,
D7D3,
D6DE,
D5C1,
D53B,
D2F3,
CDBA,
C934,
C6D4,
C454,
C0C2,
BE76,
BEB2,
BFFA,
C215,
C484,
C6C5,
C991,
CDF7,
D143,
D0B3,
CFB2,
D0E4,
D1A2,
CFF0,
CCE4,
C7DA,
C35B,
C3E5,
C49A,
BE8F,
B7EC,
B8AD,
BBEB,
BC7C,
BC93,
BE83,
C108,
C1AA,
C224,
C702,
CD5A,
CE4F,
CCA9,
CDE1,
D074,
D1DE,
D287,
D344,
D3A2,
D05A,
CAAF,
C86B,
C8A8,
C80F,
C6DE,
C5C6,
C4B9,
C216,
BE23,
BD61,
BFC4,
C230,
C48C,
C6AE,
C887,
C929,
C85E,
C910,
CBAC,
CF19,
D35B,
D7C6,
DC5B,
DF27,
DF5D,
DF14,
DE92,
DE81,
DF41,
E0CE,
E398,
E5F1,
E732,
E786,
E6AC,
E4E5,
E1F7,
DEBD,
DB56,
D921,
D9E8,
DAEF,
DA3A,
DA0A,
DCC1,
DE93,
DB64,
D73B,
D4D1,
D381,
D440,
D57B,
D458,
D443,
DBF9,
E4C7,
E3D9,
E041,
E42B,
EA19,
E9EB,
E739,
E63B,
E666,
E901,
ED15,
F0FB,
F4A1,
F625,
F68F,
FA18,
FF4C,
0167,
0134,
FFAA,
FD19,
FC6C,
FD35,
FCC8,
FB64,
F9E4,
F861,
F949,
FC84,
FFC6,
02F1,
043D,
036F,
023D,
00BC,
FF0D,
FD36,
FB91,
FA50,
F7C4,
F352,
F043,
EF81,
EEDF,
EDDC,
EDF1,
EFC8,
F170,
F22B,
F325,
F4DD,
F5FC,
F5B8,
F543,
F51A,
F4AB,
F388,
F29F,
F2AD,
F2BB,
F1E7,
F1AC,
F385,
F5BF,
F6DF,
F875,
FC74,
0055,
00C3,
00EA,
047F,
08E1,
0B85,
0D7A,
0F55,
1109,
1361,
1504,
118D,
0C99,
0E38,
1273,
11CE,
0F06,
0ED4,
100F,
11A2,
134B,
125B,
1010,
11D8,
164A,
1808,
17E8,
186D,
1981,
1D0E,
228E,
2510,
24CC,
2285,
1E5B,
1DAF,
20B0,
20ED,
1E13,
1BA1,
19B9,
198D,
1B91,
1BD4,
19AD,
168F,
1242,
1018,
114E,
125A,
1274,
12E1,
13FE,
1486,
13CE,
1390,
14E5,
14A5,
10C3,
0D2A,
0B7E,
0B05,
0C5C,
0DD9,
0EAD,
0E96,
0C7A,
0A4C,
0969,
0955,
0AD5,
0BFB,
0ABC,
080A,
031B,
FE41,
FCDB,
FCD4,
FC8E,
FCBF,
FE90,
00B1,
008D,
FFE8,
021A,
0511,
04B5,
0304,
03B4,
0563,
0587,
04DC,
03F7,
0345,
059B,
09EA,
0D07,
0F5B,
119F,
13C2,
1677,
196F,
1954,
16AB,
16A5,
18E7,
1964,
182C,
155B,
10F4,
0EA0,
0EA6,
0E89,
0E1E,
0ED5,
10DA,
12AE,
1442,
1349,
0EBE,
0C09,
0C5C,
0EA8,
13B5,
1661,
1456,
12F1,
13CF,
14FC,
1653,
16E1,
15B1,
14CE,
150A,
165B,
1970,
1CDD,
2022,
2285,
22BC,
2289,
22E9,
23A3,
2527,
2693,
26A2,
26F9,
299D,
2CDF,
2F79,
3199,
3303,
3384,
31B6,
2F54,
2F27,
3016,
31D2,
33AD,
333E,
3209,
33A0,
3657,
36DB,
3609,
34D8,
333B,
2FE3,
2C07,
2EB4,
3593,
37C6,
3675,
33B9,
2FCC,
2D8F,
2CC6,
2AE2,
2821,
277B,
28D9,
2A53,
2BE5,
2C14,
2AB7,
2C0B,
307C,
3520,
39DB,
3C4C,
3BB0,
3BB9,
3D37,
3C9D,
38CE,
365D,
3683,
379A,
39D8,
3B0B,
39F7,
3955,
3A02,
3B9C,
3EE6,
40AC,
3E86,
3C83,
3D5A,
3C23,
34AF,
2D99,
2B04,
2A84,
2C8C,
2E94,
2E04,
2C8B,
2A7A,
28AD,
2893,
293C,
2ABD,
2BBE,
29D1,
2648,
20F3,
1BBE,
1B14,
1C56,
1BFE,
1B93,
1DCE,
211C,
2298,
232D,
24EB,
2694,
23BC,
1E2D,
199E,
15EF,
1556,
16EE,
174B,
16D7,
16E2,
1737,
16AB,
1566,
14FB,
154E,
12F7,
0E3C,
0E24,
12BF,
1802,
1DD5,
201C,
1E30,
1DBD,
1F62,
206C,
20BC,
1F07,
1A6F,
195F,
1DCB,
2235,
25D6,
276D,
25C1,
241D,
23AF,
21F9,
1D68,
1AD6,
1CA0,
20AF,
27D4,
2D6F,
2DF7,
2D85,
2D71,
2DDC,
2FB3,
3197,
3204,
33D2,
3B63,
41B3,
3EF6,
3A04,
37DC,
3699,
3625,
35DD,
348B,
3337,
33D5,
3479,
314D,
2D23,
2C00,
2CD8,
30C8,
35DD,
3789,
3717,
35B2,
3336,
2DED,
2782,
2782,
2B1C,
28A6,
224B,
1E05,
1B4E,
190E,
1792,
1AC7,
21C4,
2567,
25F9,
250E,
22B3,
2239,
23B2,
239B,
21D8,
1F6F,
1C65,
19F0,
1823,
1976,
1EC3,
2260,
2314,
24CC,
281D,
2CAB,
3318,
3700,
36B9,
346A,
2F78,
2CDF,
2FB8,
31BB,
300C,
2F46,
312A,
34FA,
3C2C,
41A4,
417B,
3F67,
3C53,
391A,
372F,
34B5,
2F4B,
2AD0,
2B86,
2DFD,
30A3,
3287,
30CA,
2E42,
2EE0,
2F25,
2918,
219D,
1F4F,
1FB8,
21EC,
2518,
26F7,
2850,
2AB3,
2CDF,
2A35,
2538,
236E,
23F8,
279B,
2D63,
3232,
3645,
3A14,
3D37,
3B23,
3529,
33B8,
35FF,
36E8,
36AC,
38F7,
3D75,
3BFF,
3494,
2EC7,
2AEC,
284D,
2709,
273E,
2929,
284B,
23BE,
1F1E,
1A97,
1962,
1CE6,
20A1,
23ED,
256F,
2400,
229E,
21BF,
2341,
292D,
2DDE,
2EFC,
2DFE,
29FE,
2692,
2622,
263B,
26CB,
2525,
1D76,
1614,
13AC,
12F7,
1366,
135B,
0FB5,
0C88,
0E1B,
11C6,
1729,
1BF4,
1B29,
18FF,
1B08,
1DDE,
1DFC,
1C1A,
1666,
0F6E,
0D25,
0C81,
078E,
0115,
FE61,
FE1D,
FFCF,
02B7,
0366,
02FC,
065A,
0BB9,
0BDE,
081E,
04B6,
0155,
FCED,
F7C0,
F234,
EC86,
EB3F,
EE21,
EFAE,
EFC1,
F2AE,
F88A,
F9DB,
F5DD,
F22C,
EF4C,
EA16,
E1DD,
DD0A,
DCF8,
DE53,
E0DC,
E3FD,
E7BF,
E917,
E69F,
E22C,
DB41,
D579,
D236,
D15E,
D3EA,
D79D,
DC5D,
DE9A,
DAE9,
D5A5,
CF90,
CB0F,
CA68,
CC80,
D360,
D7D0,
CF7F,
D835,
D5CA,
D1FD,
CC96,
C889,
CA26,
CE73,
D47E,
D98B,
D641,
D069,
CE3A,
CEBA,
D540,
DD89,
DE41,
DB6E,
D8CD,
D725,
DCF5,
E636,
E7E9,
E574,
E466,
E492,
EA6D,
F3A4,
F444,
EF32,
F0EA,
F79A,
FBE9,
FE55,
FE73,
FC9B,
FF8E,
06EE,
0863,
03F5,
0410,
091F,
0AD1,
08A0,
071B,
0699,
0646,
0656,
042A,
FEE1,
FBBD,
FC67,
F9E5,
F1E1,
EC6E,
EC7A,
EA10,
E207,
DC40,
DC31,
DB06,
D588,
D1FF,
D3D3,
D5C0,
D4FB,
D5A8,
DA86,
DFF2,
E3D5,
E82D,
EE8B,
F4B0,
F902,
FC39,
FE9C,
FF76,
FDAC,
F9FD,
F437,
ED5C,
E634,
DF5D,
D9C5,
D621,
D718,
DB14,
E194,
E981,
F1E1,
F91C,
F9B2,
F5C5,
EE14,
E462,
DD08,
D85E,
DD6C,
E88F,
F062,
F548,
F12F,
E6B0,
E059,
DD8E,
E370,
F014,
F0FF,
E7D1,
E30A,
E254,
E5A9,
ED02,
ECC1,
E44D,
E23E,
E7AA,
EA19,
E8AB,
E6DA,
E49B,
E519,
E996,
EA34,
E47A,
E2D7,
E8A0,
EABC,
E54A,
E2DA,
E767,
E9B8,
E5FE,
E3CC,
E67F,
E846,
E656,
E4DF,
E5FA,
E6F1,
E65D,
E5BB,
E5BD,
E5E9,
E630,
E649,
E5A9,
E530,
E5E9,
E691,
E5A8,
E4B7,
E59B,
E6A7,
E5AD,
E46F,
E550,
E697,
E5AE,
E445,
E50B,
E66F,
E5AA,
E431,
E4D0,
E639,
E59E,
E429,
E49E,
E5FE,
E58D,
E429,
E476,
E5C2,
E578,
E42D,
E456,
E585,
E55D,
E432,
E43C,
E54A,
E53A,
E427,
E44E,
E5AD,
E52C,
E2AC,
E2E7,
E638,
E826,
E885,
E401,
D903,
D883,
E6AE,
F1C0,
F777,
F24E,
DCED,
D00E,
D410,
D8FE,
DB20,
E10F,
EE49,
F7A2,
F7A5,
F536,
F209,
ECEF,
E4F9,
DCF2,
D62B,
D13D,
CFB0,
CFAB,
D01E,
D269,
D88F,
DF4A,
E37E,
E7B3,
EE81,
F4D8,
F6F7,
F7D7,
FAC2,
FD20,
FB39,
F7D3,
F6B7,
F5AC,
F12D,
EB74,
E846,
E5E1,
E112,
DB70,
D866,
D69B,
D304,
CEC4,
CCFF,
CCB8,
CB15,
C8D1,
C893,
C9BF,
C9EC,
C97F,
CAA8,
CD11,
CE91,
CF56,
D14C,
D456,
D6A6,
D83C,
DA9B,
DDCA,
E060,
E241,
E4A2,
E79F,
EA40,
EC63,
EE60,
F026,
F288,
F5EB,
F7D3,
F746,
F80A,
FB5C,
FE7D,
0129,
00EF,
FAD1,
FA07,
062E,
0D32,
04EE,
FD4E,
FCD1,
FFAA,
07D4,
0D30,
0855,
01EA,
FDE6,
FBFB,
FE55,
0249,
07A7,
0A89,
03C8,
FB16,
F737,
F5A4,
F63B,
F896,
FE1F,
0330,
006E,
FA43,
F4F2,
EFFE,
EBA3,
E8B9,
EB58,
F0AA,
F378,
F4B0,
F49C,
F30F,
EDD5,
E668,
E120,
DD80,
DB58,
DAAE,
DD10,
E1B7,
E4B6,
E63B,
E6A9,
E5F1,
E2DA,
DD9C,
D877,
D38F,
CF7C,
CC5C,
CB71,
CCE7,
CF1D,
D1F4,
D4FC,
D81D,
DA31,
DAF2,
DA4F,
D814,
D4D6,
D08B,
CC1E,
C7C1,
C41A,
C186,
BFDD,
BF46,
BFAF,
C12D,
C3ED,
C8C7,
CC66,
CC06,
CCD4,
D2EC,
D6DC,
D2DB,
CE18,
CCB9,
CC2F,
CCAD,
CB41,
C282,
BA62,
BBB9,
BF30,
BF0E,
BDC3,
BB6E,
B9BB,
BBEF,
C033,
C665,
CC4B,
CBCA,
C910,
CA8A,
CDFD,
D228,
D648,
D7B2,
D704,
D300,
CD4B,
CB7E,
CC14,
CCAA,
CD18,
CB08,
C715,
C1D0,
BBD4,
BA0C,
BBC8,
BE62,
C1B5,
C3A7,
C443,
C30E,
C028,
BFE0,
C25D,
C678,
CC33,
D15A,
D5AE,
D81B,
D844,
D7A7,
D650,
D5A0,
D5E6,
D7CC,
DBF4,
DF85,
E1D9,
E291,
E110,
DE7B,
DABB,
D783,
D5A7,
D4CF,
D552,
D683,
D871,
D9F4,
DA3D,
D98E,
D77F,
D4B3,
D0B1,
CDFD,
CFBE,
D248,
D26E,
D361,
D897,
DE9A,
E2BD,
E549,
E438,
E263,
E419,
E64B,
E496,
E1E7,
E19D,
E32E,
E8A7,
EFA1,
F303,
F4A6,
F6A5,
F8D3,
FCDA,
0136,
0030,
FBD6,
F87A,
F5E9,
F607,
F81C,
F958,
FA06,
FA3E,
FA31,
FCDB,
01B7,
04DA,
0649,
05B6,
032B,
FF96,
FB08,
F8A8,
F8C7,
F76C,
F448,
F0FF,
ED99,
EC01,
ECA7,
EF5C,
F497,
F8C3,
FB00,
FBC9,
FAA8,
F983,
F8CB,
F902,
FB1A,
FB89,
F872,
F4B3,
F0DA,
EDE8,
ECCD,
ECF2,
EEA4,
F0F4,
F390,
F5F1,
F764,
F871,
F8F0,
F9E4,
FC9C,
FFEC,
031F,
068C,
0B5B,
0ED6,
0BD0,
0766,
0818,
0A08,
08E8,
071D,
0760,
08DA,
0C29,
0FB3,
0ECE,
0BFF,
0B5B,
0C3A,
0FCA,
14D5,
1771,
18D0,
1C94,
2193,
249E,
25F9,
23A0,
1EA5,
1E1E,
20FB,
219F,
2063,
1DEC,
1A5A,
18EA,
1987,
197F,
18CD,
1534,
0E6F,
0BCC,
0E1C,
105A,
121F,
140B,
1618,
1789,
1808,
1952,
1C0D,
1D3E,
1BF9,
19BF,
167B,
13DD,
129B,
1270,
13FC,
14C1,
1330,
11F4,
125B,
12BB,
1275,
11BA,
10C5,
0E1E,
079C,
00A3,
FAF7,
F748,
F80D,
FA36,
FBC8,
FCB7,
FB2E,
F9CC,
FC40,
FFA2,
00D7,
0180,
03AA,
0569,
0251,
FE0A,
FF5A,
02C8,
02B4,
0184,
0335,
068C,
0AFD,
0FA1,
0FE5,
0DAA,
0E4F,
1093,
1216,
12CF,
0FB5,
09E9,
0776,
07A7,
075A,
06CB,
056E,
037E,
076E,
10EB,
1635,
170C,
17A6,
180B,
18C7,
1A0B,
19D0,
17CA,
15FD,
1481,
158F,
1A69,
1AD1,
13FD,
0FC9,
10AF,
135D,
1807,
1BB4,
1D07,
1D68,
1C90,
1C93,
1ED3,
212D,
22E4,
2441,
252D,
25A0,
2523,
2542,
2810,
29BB,
268E,
2287,
201F,
1E78,
1DAB,
1DC5,
1F6D,
2187,
22DA,
23D6,
245B,
24D6,
25ED,
2770,
29FF,
2C67,
2B19,
28DB,
2BB0,
3094,
3297,
32EC,
3275,
3128,
2E0A,
2A31,
2A2D,
2C95,
2DE2,
2E5D,
2C88,
2931,
2959,
2C4F,
2F7B,
32DC,
34FF,
35FA,
38E2,
3D82,
3F4C,
3E2F,
3AA1,
3481,
321C,
344C,
3367,
2E6A,
2C23,
2D94,
2FCD,
32B7,
34A9,
34FA,
3559,
35DF,
381E,
3D8E,
3FD4,
3BA1,
38DA,
3AC7,
3C28,
3B07,
39D8,
3929,
399B,
3C73,
3F0F,
3FFA,
3FAD,
3D40,
3B22,
3C09,
3C77,
3981,
3564,
3152,
2CB8,
2649,
20CC,
20B9,
2277,
22D2,
229E,
2170,
1FFF,
1F7C,
1F65,
1F82,
1F81,
1E37,
1C47,
1A8E,
1901,
175F,
163F,
18C7,
1D60,
1F40,
1F88,
213B,
23AE,
2530,
25D1,
2508,
22F5,
1EE0,
1937,
15BD,
144A,
13EE,
149D,
144A,
12E7,
11AF,
10A2,
10C1,
1241,
125B,
10AE,
0F9D,
0F3D,
1287,
1AD6,
2055,
20E7,
220A,
24F0,
26BC,
26AC,
25EC,
2474,
2388,
23AD,
2544,
29AC,
2BF9,
2888,
25BF,
273C,
288B,
2730,
2622,
26E9,
28F9,
2D35,
3164,
33AC,
34B8,
339C,
32A0,
34F5,
37BB,
37F8,
37BD,
39A9,
3B58,
3942,
3579,
31A0,
2DD4,
2AD4,
28C9,
2944,
2B18,
2C66,
2D57,
2CEE,
2BE6,
2C07,
2D0E,
304A,
348E,
34DF,
3251,
2F6B,
2C16,
27EC,
2347,
2152,
2196,
2023,
1D40,
1AF6,
194E,
1992,
1BC0,
1F08,
2362,
2570,
24CA,
23F0,
2302,
22A7,
2327,
22DA,
2179,
1F6B,
1C6A,
1B59,
1D32,
20A7,
2631,
29F5,
29CD,
2AC8,
2F05,
32BE,
34D5,
352E,
32A1,
3004,
2E80,
2E90,
31DF,
351A,
3585,
36AE,
3BCC,
40BA,
428D,
4273,
3FB9,
3C10,
3911,
362E,
3337,
307B,
2E03,
2CB9,
2FBF,
33BC,
337F,
3159,
2F4C,
2CE7,
2996,
25F0,
2293,
200E,
215A,
24FB,
2882,
2BD8,
2D18,
2CD7,
2C15,
2AF4,
29AC,
289D,
2B82,
3171,
35C9,
38BE,
3B75,
3DC0,
3C85,
3807,
3544,
3454,
34DE,
36ED,
37B5,
36FA,
33BE,
2DA9,
2791,
21AE,
1EB0,
1F98,
2099,
2142,
2024,
1C3C,
18B7,
160F,
1629,
1AAD,
1F50,
22E9,
24E6,
23E3,
2324,
23F3,
2635,
2B73,
2F06,
2D7A,
2A1F,
2560,
217C,
219B,
21AE,
1ECA,
1A57,
133E,
0D22,
0D1A,
0F00,
0FDE,
1030,
0E52,
0CE3,
10CA,
1654,
1936,
1A7A,
192B,
16D9,
178D,
18CC,
1525,
0EF7,
098D,
04C6,
029A,
01E7,
FE19,
F90C,
F9D9,
FE96,
0192,
0363,
04E1,
05F1,
071A,
0816,
04A4,
FD59,
F84D,
F578,
F101,
EB0C,
E8BC,
EA54,
EC57,
EE99,
F0F1,
F347,
F44B,
F3D4,
F040,
E8BF,
E271,
DE88,
DB67,
D8D5,
D96F,
DEF4,
E350,
E49A,
E464,
E2C3,
DEC8,
D6E9,
D08E,
CEA7,
CF11,
D262,
D64D,
DA63,
DBF1,
D795,
D1AF,
CB9B,
C8C0,
D0B7,
CA26,
C9E5,
CB23,
D06E,
D5B7,
D728,
D5F8,
D077,
CA93,
CAE6,
CE47,
D467,
DA71,
D930,
D4B9,
D1AB,
D027,
D552,
DD63,
E02B,
DFD1,
DD1C,
D9AB,
DEAF,
E876,
EB49,
E99D,
E906,
E947,
EDFA,
F5D9,
F7BB,
F4D6,
F5D7,
FA21,
FE43,
0235,
0298,
FF5F,
015D,
08FF,
0AB2,
056B,
0490,
0971,
0AB0,
06EA,
046E,
042C,
0337,
0129,
FE2B,
F9DE,
F64A,
F45F,
F101,
EAA9,
E597,
E3C4,
E112,
DB61,
D709,
D659,
D5D0,
D37D,
D274,
D4B5,
D7CB,
DA56,
DDB9,
E312,
E8EC,
EE73,
F3A9,
F85D,
FC30,
FEA3,
FF66,
FD38,
F93D,
F41A,
EDE7,
E5E5,
DE04,
D97E,
D75B,
D77C,
DA18,
E1CB,
EBBF,
F2EC,
F7CF,
F8C6,
F649,
ED55,
E125,
DB58,
DA64,
DF9E,
E91D,
F0B4,
F628,
F07D,
E2A7,
DDF8,
E0D8,
E6DE,
EF88,
EF31,
E685,
E27A,
E318,
E6B1,
ED7E,
EC7D,
E269,
E0CD,
E9F9,
ECA3,
E638,
E37D,
E68B,
E864,
E7FB,
E70C,
E573,
E54E,
E7E2,
E8AB,
E596,
E435,
E726,
E8AC,
E5FB,
E452,
E670,
E7E3,
E63C,
E4ED,
E5F4,
E6E1,
E646,
E599,
E5B1,
E5EE,
E620,
E627,
E599,
E529,
E5DE,
E687,
E59A,
E495,
E58C,
E6BD,
E5A9,
E42F,
E537,
E6CC,
E5B8,
E3EA,
E4E3,
E6BE,
E5C5,
E3BF,
E495,
E69D,
E5CF,
E3A8,
E44F,
E66C,
E5D1,
E3A0,
E414,
E637,
E5CF,
E3A0,
E3E3,
E602,
E5C6,
E393,
E3B4,
E5EC,
E5EF,
E3C8,
E313,
E3DE,
E573,
E7E6,
E77C,
E3BF,
DEFC,
D896,
DDDE,
F393,
FB63,
ED96,
DFE2,
D525,
D0C5,
D62F,
DD22,
E3B9,
EB6B,
F55C,
FA72,
F5FB,
F01D,
EBE2,
E61D,
DCC2,
D4D0,
D196,
D018,
CF4D,
D03B,
D3F9,
D902,
DEBD,
E49B,
E9B6,
EE96,
F3D8,
F838,
F9AB,
FA06,
FB62,
FC08,
F93C,
F541,
F357,
F189,
EC90,
E69C,
E398,
E18A,
DC9F,
D6CD,
D461,
D396,
D035,
CBD6,
CAF3,
CC15,
CAB0,
C801,
C87C,
CB1D,
CB81,
CA70,
CC1D,
CFEC,
D188,
D159,
D392,
D7F7,
DA5B,
DAC5,
DD1D,
E17F,
E43E,
E51A,
E732,
EADF,
ED6D,
EE71,
F098,
F48C,
F658,
F4A5,
F67A,
FEA0,
014A,
F9A6,
F708,
FF5D,
05CF,
06B4,
041C,
FB8E,
F86C,
033C,
0BC2,
09CD,
0546,
FF6F,
FB65,
FCB0,
0041,
06A9,
0AFC,
076F,
0158,
FA8A,
F561,
F68A,
FA31,
FEB9,
02A4,
0312,
00CE,
F9B1,
F17C,
EE0C,
ED25,
EDD4,
EFFD,
F4C8,
F9E7,
F965,
F5A8,
F1A4,
ECFF,
E680,
DFA0,
DE13,
E008,
E186,
E309,
E692,
EB1D,
EB49,
E804,
E50B,
E21E,
DD0D,
D654,
D27B,
D161,
D079,
CFC9,
D1B3,
D639,
D920,
DA07,
DB7F,
DDBE,
DD57,
D9A9,
D608,
D2F6,
CEBE,
C8D5,
C4FA,
C479,
C35C,
C030,
C053,
C677,
CA64,
C831,
C8C3,
D0A4,
D63C,
D4E2,
D276,
D076,
CFC8,
D33A,
D389,
C97E,
C073,
C0DC,
C2C4,
C240,
C03B,
BA8E,
B5CF,
B73D,
BB4B,
C11E,
C651,
C5A2,
C396,
C4CC,
C7F2,
CEAD,
D5B9,
D6B1,
D490,
D175,
CE0B,
CD17,
CDAB,
D060,
D368,
D007,
C8F0,
C2F3,
BDEE,
BC10,
BCB6,
C000,
C4EF,
C529,
C1DF,
BF3D,
BD39,
BCAD,
BDA0,
C218,
C9B2,
CF5A,
D2F5,
D493,
D428,
D2A3,
D00B,
CFD2,
D275,
D5AB,
D951,
DCEA,
E085,
E0E9,
DCE9,
D90A,
D626,
D3C0,
D1D4,
D21F,
D604,
D8C9,
D865,
D88D,
DB40,
DA9B,
D23A,
CBC7,
CCE9,
CE02,
CAF7,
C964,
CCE4,
D1B5,
D6FC,
DA5B,
D74A,
D4D3,
DA95,
E00F,
DCB2,
D7D9,
D733,
D8E4,
DE37,
E446,
E68D,
E7BD,
EA3C,
EDA7,
F402,
FA50,
F981,
F575,
F333,
F237,
F558,
FA28,
F9AD,
F670,
F531,
F570,
F8FA,
FE9A,
02B1,
0552,
0387,
FE63,
FB70,
FA35,
F9AD,
F9B9,
F7D8,
F43E,
EFD3,
EABF,
EA02,
EDBE,
F21C,
F6FC,
F8A3,
F66F,
F4A7,
F399,
F49A,
F849,
FB69,
FD88,
FD97,
FAF4,
F6A5,
F024,
EC21,
ECB6,
EE1C,
EF8B,
F16A,
F409,
F538,
F2EB,
F20A,
F59A,
F940,
FA54,
FD65,
06F5,
0EAA,
0DCD,
0AE0,
08F3,
0731,
0613,
04F4,
0291,
0165,
061B,
0AD0,
0769,
0238,
01F6,
0346,
031A,
02F7,
045D,
072A,
0D26,
143C,
188D,
1AD4,
1955,
161B,
170A,
1A28,
1C02,
1D04,
1C42,
1A7C,
1BFD,
1F5F,
1E4A,
19E2,
155F,
10DD,
0F1F,
0FCF,
1017,
1010,
0FF2,
0FC1,
11A2,
1596,
18DF,
1B5A,
1B80,
18FF,
16D9,
155C,
14C4,
154A,
165B,
182A,
17F5,
1495,
1270,
12B1,
13D3,
1638,
1677,
1295,
0EE3,
0CCD,
0B4D,
0A63,
0A39,
0B7E,
0BB1,
0894,
05E8,
0608,
06C5,
0724,
0815,
0B32,
0CC6,
0809,
027E,
0086,
0029,
0168,
033B,
0409,
0515,
08B4,
0C1E,
0A39,
06BE,
06C4,
0811,
0845,
082E,
08EE,
09D6,
0962,
081A,
0630,
0422,
03D1,
04CE,
074A,
0AB1,
0CA8,
0D82,
0D4E,
0C49,
0C98,
0DD8,
0C82,
0928,
095A,
0CAD,
0ED5,
0FD0,
0EB0,
0B6C,
0960,
08C4,
0909,
0A42,
0C3A,
0EF2,
1233,
15FF,
1982,
1C9B,
1E7A,
1E80,
2009,
245C,
27CC,
294B,
2A39,
2AE5,
2A1F,
2708,
23AC,
2085,
1EB9,
1FDF,
209D,
1EB3,
1D65,
1EB4,
2093,
2240,
23A8,
2493,
2497,
2254,
2052,
216B,
2347,
2426,
24F1,
2693,
27E7,
2733,
2587,
2371,
2161,
20FC,
20CB,
1D43,
190B,
1947,
1BED,
1EB5,
21C9,
24D9,
27C4,
2987,
2AA6,
2CB2,
2F54,
3213,
34E0,
3788,
39EA,
3AF6,
3AD5,
393F,
367A,
359B,
3671,
35BA,
3391,
33D4,
368C,
3728,
356F,
33F5,
32D6,
32A8,
33A0,
34A8,
359E,
36CD,
3846,
3958,
39DB,
39B6,
38CF,
3714,
341C,
324A,
32DE,
3324,
320C,
317B,
3265,
32EE,
31F6,
3178,
328D,
3436,
3695,
3828,
3759,
35E1,
34C2,
331B,
2FC0,
2CC2,
2C5D,
2CFB,
2DFB,
2F02,
2F75,
2F33,
2D13,
2A95,
2A02,
2A24,
2A22,
29C4,
27CE,
250C,
2287,
201B,
1D75,
1B2D,
1BD7,
1E0E,
1E6B,
1DBC,
1D3D,
1CD3,
1CC1,
1CE3,
1CA1,
1C10,
1ABD,
18F6,
193D,
1B45,
1DA0,
203D,
2235,
2377,
243F,
2487,
227B,
1DF9,
1B00,
1A03,
1788,
1317,
1122,
1269,
14AF,
17F0,
1A2D,
1AC2,
1A88,
1945,
18DB,
1A0C,
1B92,
1D28,
1F39,
21E0,
2547,
2A28,
2D83,
2D56,
2C2A,
2AAF,
2917,
27AF,
2698,
2635,
25FF,
259B,
2566,
25DD,
2627,
253D,
2410,
22D0,
22A4,
261E,
2AD8,
2EA6,
31FD,
34C9,
36BD,
3697,
356D,
348A,
33F4,
34FA,
368B,
3687,
357E,
33DC,
319A,
2DD6,
297A,
27CD,
280F,
297B,
2BBC,
2CE7,
2D3B,
2CFE,
2C53,
2C7A,
2D53,
2F0D,
316E,
3218,
310A,
2CCD,
2570,
208F,
1E81,
1D6C,
1D60,
1CC3,
1B4F,
1A63,
1A1B,
1AE6,
1CEE,
2019,
24CF,
275F,
2669,
24F8,
2371,
22B8,
2397,
2435,
23EB,
2359,
2200,
22EE,
28B6,
2ED0,
3372,
36B3,
374D,
37BE,
39F3,
3BAD,
3B94,
3A15,
35DE,
325D,
338B,
3679,
3A0F,
3D57,
3E22,
3E1E,
3F3E,
3FE6,
3DEF,
3A44,
340D,
2DA3,
2C70,
2D9D,
2D67,
2CEF,
2DC1,
2F23,
306F,
3117,
2D72,
2763,
23F2,
2237,
2061,
1EF4,
20AA,
24BD,
291D,
2D8A,
2E4F,
2C05,
2AD9,
2AB4,
2A99,
2AA1,
2D8F,
334E,
37DB,
3B01,
3AFE,
3773,
345F,
3234,
3016,
2DEC,
2E2B,
31D9,
3251,
2DD9,
285A,
2217,
1D02,
19DA,
192F,
1C52,
1E6D,
1D7F,
1B8B,
1839,
1676,
1823,
1BAE,
21D1,
26D1,
27E4,
271C,
23DC,
21CB,
2537,
28F6,
29EF,
2895,
22B6,
1C1B,
1879,
164B,
166D,
1617,
0FCC,
0897,
06B8,
079A,
0AE1,
0EBB,
0E51,
0C8A,
0DEA,
10FC,
161D,
1B3E,
18A5,
1207,
104C,
10D6,
0E2E,
0967,
02BE,
FB2A,
F8EA,
FA7F,
F918,
F5C2,
F663,
FA37,
FE4B,
0271,
033A,
00B6,
FFE0,
00B6,
FC63,
F296,
EC78,
EACD,
E892,
E556,
E4DE,
E7BE,
EB42,
EF41,
F110,
EF9E,
ED8D,
EB70,
E6B8,
DDB1,
D795,
D74C,
D824,
D8DE,
DB6F,
E181,
E51E,
E27F,
DE3A,
D94E,
D42A,
CE73,
CB7D,
CF01,
D41E,
D90A,
DAD7,
D26B,
DA59,
D754,
D2E3,
CD3F,
C8E0,
C968,
CCA5,
D2A5,
D845,
D6C9,
D26A,
CDEF,
CA86,
CD14,
D28C,
D7DD,
DC2C,
D912,
D2E3,
D2DA,
D679,
DC40,
E2E2,
E2F5,
DF32,
DEA0,
E06E,
E65A,
EEEA,
EF6D,
EA1E,
EB47,
F199,
F689,
FA4D,
FAAF,
F7F1,
FA72,
0235,
0519,
02C0,
0290,
04FB,
074D,
098D,
094A,
05B9,
0501,
08C6,
08A0,
023B,
FE98,
006B,
FF69,
F8D6,
F39D,
F226,
EF8C,
E9FC,
E4D9,
E16B,
DE3B,
DAE2,
D7CD,
D4F2,
D336,
D3A2,
D497,
D4D0,
D65E,
DB6A,
E100,
E4B9,
E8E0,
EFFA,
F6C4,
F9DF,
FBA9,
FE72,
FFD4,
FC26,
F64A,
F123,
EB87,
E350,
DB20,
D7B5,
D756,
D912,
DD07,
E574,
EFB1,
F5FA,
F917,
F754,
F1D2,
E85B,
DD23,
D9C1,
DC49,
E3FE,
EF1F,
F38D,
F26E,
EAEF,
DE8F,
DD3A,
E577,
EB9E,
EFBB,
EC73,
E1D3,
E029,
E826,
EBB6,
EA0C,
E74A,
E33D,
E3C9,
EA8E,
EBC3,
E49B,
E248,
E80A,
EA75,
E689,
E466,
E63C,
E796,
E75D,
E6BC,
E58D,
E54F,
E74C,
E822,
E580,
E409,
E6D5,
E89F,
E5AF,
E38B,
E64C,
E885,
E5E0,
E385,
E5D5,
E818,
E5FD,
E3BA,
E579,
E78A,
E5FE,
E402,
E538,
E6F8,
E5EC,
E44B,
E50E,
E66F,
E5C7,
E486,
E4F4,
E5F9,
E59B,
E4B4,
E4E7,
E596,
E569,
E4D3,
E4DE,
E543,
E533,
E4E1,
E4D8,
E501,
E502,
E4E8,
E4D7,
E4CE,
E4C7,
E4C2,
E4CF,
E4ED,
E4CA,
E46F,
E408,
E387,
E53C,
E98C,
E7C9,
DEA3,
DACC,
DDCA,
E680,
F6FE,
F933,
E5FB,
D745,
D259,
D2B9,
D9D1,
E1C8,
E8F7,
F028,
F813,
FA8E,
F2D3,
EAEA,
E783,
E265,
D7A6,
CF96,
D030,
D1E3,
D02A,
D086,
D7A2,
DF61,
E2FC,
E69B,
EDC9,
F48F,
F6E2,
F7F1,
FAA6,
FCB8,
FB62,
F8BC,
F70C,
F51B,
F15A,
ECDD,
E91D,
E586,
E151,
DCF4,
D940,
D5FA,
D2F5,
D03E,
CDEE,
CC09,
CAD9,
CA33,
C985,
C8FC,
C964,
CA84,
CB78,
CC60,
CE04,
D040,
D21B,
D3A9,
D5FB,
D8FF,
DB5F,
DD1B,
DFCC,
E37B,
E5FD,
E71D,
E97E,
ED70,
F00E,
F0EB,
F20D,
F397,
F6AA,
FC39,
FD60,
F71D,
F624,
FF3A,
0565,
04EF,
0178,
F93A,
F7F7,
06A7,
0FE0,
0822,
FFEA,
FD66,
FCFC,
FEC3,
0258,
0992,
0D4B,
055E,
FC34,
F86B,
F73C,
F93C,
FCDE,
0231,
05EE,
0262,
FC0E,
F5BE,
F008,
ED19,
EC74,
EFCB,
F4CB,
F896,
FAF6,
F923,
F4BA,
EEF7,
E897,
E39B,
E012,
E037,
E2DC,
E601,
E97E,
EC85,
EEC5,
ED79,
E971,
E521,
E085,
DB6B,
D627,
D347,
D29C,
D2FE,
D463,
D6FF,
DAB3,
DD1D,
DE15,
DEB0,
DEF4,
DCFB,
D880,
D3F3,
CF96,
CBB9,
C892,
C5E2,
C38C,
C385,
C6D1,
C91C,
C8E2,
CA26,
CE56,
D243,
D567,
D5B8,
D070,
CE49,
D5B8,
D848,
CC15,
C1E4,
C39D,
C61F,
C466,
C15F,
BCB0,
B92F,
B9E4,
BC91,
C162,
C570,
C406,
C217,
C461,
C86F,
CE0D,
D330,
D3E0,
D267,
CFE6,
CD5F,
CE02,
CFE5,
D158,
D1B7,
CD01,
C5EF,
C171,
BEAB,
BE2D,
BF4C,
C12A,
C33D,
C200,
BEA8,
BC7F,
BB56,
BBBF,
BDA0,
C241,
C8FA,
CD1A,
CEE7,
CF8A,
CF1B,
CEEB,
CF11,
D13D,
D57D,
D9BE,
DDDD,
E0B8,
E222,
E103,
DCF5,
D937,
D636,
D4DA,
D5B9,
D6DE,
D7FA,
D907,
DA11,
D995,
D6E0,
D299,
CBE4,
C7DA,
C9EA,
CAA8,
C59B,
C47B,
CE57,
D5D0,
D22E,
CEB5,
D1B5,
D518,
D627,
D5B0,
D1EE,
CF6D,
D384,
D90E,
DC4E,
DF04,
E178,
E478,
EA58,
F03D,
F26E,
F263,
EF61,
EBC9,
EC97,
EF2D,
F061,
F12A,
F260,
F3D9,
F568,
F749,
FB68,
0043,
00A2,
FE46,
FD6B,
FD52,
FC82,
FB2C,
F96A,
F74B,
F455,
F0E0,
F013,
F193,
F2A1,
F348,
F3CE,
F42A,
F467,
F482,
F4DD,
F580,
F56B,
F485,
F30B,
F0FD,
EE76,
EB5A,
E9A2,
E9DE,
EABA,
EC27,
ED89,
EE9E,
EFC7,
F0FF,
F2CB,
F59F,
F7F9,
F8AA,
FB92,
0415,
0930,
0476,
00ED,
0575,
0875,
035A,
FF08,
01A1,
0552,
0796,
0811,
03A7,
FFD3,
0312,
076D,
0745,
0688,
0864,
0BCB,
120B,
1820,
1857,
1611,
1441,
1303,
1530,
186A,
179D,
152F,
1591,
171C,
1702,
15D4,
13B9,
10EA,
0D3B,
0963,
0A00,
0D9C,
0E5B,
0D1B,
0C4F,
0BEF,
0D9B,
1101,
143B,
1732,
1794,
1576,
13EE,
1313,
13D8,
1664,
1860,
199B,
19FE,
195B,
190F,
1967,
18A9,
1667,
1426,
1233,
0FFB,
0D47,
0B41,
0A60,
09DD,
0998,
09A4,
0A48,
09EB,
0725,
0560,
06F4,
079B,
0434,
0234,
05F7,
08FA,
0615,
038F,
05EA,
098A,
0CF1,
0FDF,
10FB,
11D6,
1487,
1694,
142C,
10EE,
1165,
12DD,
1330,
1252,
0D96,
0800,
076A,
0938,
0AEE,
0C59,
0AB4,
07C9,
0863,
0A98,
09D2,
0751,
051A,
0325,
0281,
02E0,
039B,
0490,
0390,
0130,
017E,
0417,
06DE,
09D0,
0C2B,
0DEA,
100E,
1297,
1492,
15F5,
16C0,
16E9,
1774,
187C,
1A52,
1D3C,
1E95,
1DC2,
1BE1,
1895,
1821,
1C63,
2040,
2293,
2371,
21FA,
2119,
21F1,
23E0,
2788,
2A74,
2B1C,
2B50,
2BCD,
2BB1,
2A37,
28CC,
28A3,
2850,
26F7,
24F6,
21FC,
1EDB,
1C2A,
1A2C,
19E3,
1A39,
1A3D,
1A20,
1963,
18D7,
19EB,
1BCE,
1DDD,
200E,
224A,
2432,
2445,
237F,
2378,
240D,
2654,
297A,
2BCB,
2D34,
2B0C,
26C5,
2562,
2622,
28AE,
2C85,
2E0D,
2DC6,
2D94,
2D80,
2F7A,
334B,
35AD,
36AD,
38A8,
3B9B,
3DFB,
3FB1,
40C7,
4136,
403D,
3DA2,
3B97,
3A79,
3961,
384F,
36B9,
3453,
3290,
31CD,
31FD,
33A4,
3401,
31A4,
2FBF,
2F82,
2F69,
2F56,
2E0F,
2A16,
26BD,
25F7,
25EC,
264E,
263B,
2427,
22E1,
2497,
2825,
2EC0,
3469,
33ED,
31E5,
31C6,
320B,
3239,
3236,
3168,
308D,
3167,
3204,
2E31,
2913,
275C,
2790,
29C6,
2C95,
2BB5,
28FE,
27F5,
2781,
2524,
21C5,
1FA2,
1E49,
1D31,
1C39,
1920,
14CC,
147C,
1762,
1A48,
1D30,
1FA9,
21A0,
2179,
1F59,
1E75,
1EDA,
2161,
2635,
2760,
2432,
22B8,
2395,
248F,
2582,
26AF,
2859,
26FF,
2146,
1C0D,
1857,
15DD,
1528,
14A5,
13BC,
13B5,
151F,
1726,
19F3,
1BB6,
1AF3,
19EA,
190D,
19FE,
1F44,
2430,
254C,
25FB,
2836,
2A58,
2B9B,
2BE3,
2A47,
27F8,
2552,
23CF,
2743,
2B41,
29B2,
26BA,
26AC,
27DE,
29EE,
2BD8,
29BE,
26FC,
2AF9,
320A,
36E7,
3A6B,
3C02,
3C44,
3D19,
3DBB,
3A95,
3559,
34C1,
3718,
378D,
3671,
3143,
2915,
2554,
2556,
245A,
22AF,
2581,
2C6E,
2F1E,
2D6C,
2BD1,
2A62,
29F7,
2AC5,
2AE0,
2A17,
2888,
263F,
21A7,
19D0,
1670,
19F6,
1CFF,
1E10,
1EC7,
1F11,
1F81,
2010,
2245,
278C,
2BDF,
2DBD,
2D05,
27CC,
238A,
2390,
24E3,
26F1,
292F,
2AE8,
2CBC,
2E7C,
31D1,
3A31,
419C,
4173,
3F61,
3FB1,
4016,
3F20,
3D6E,
3AF4,
3843,
3579,
3415,
3971,
4076,
401C,
3C95,
3B26,
3A30,
3845,
354E,
2E49,
25C3,
238B,
2541,
273B,
295B,
288C,
25D8,
2651,
28AC,
2541,
1DAA,
1A53,
1A9A,
1C97,
2032,
2303,
2500,
298A,
3091,
3166,
2B92,
295E,
2B98,
2DE5,
2FFA,
33CA,
39CC,
3D04,
3C7A,
38CC,
3115,
2BBF,
2ADF,
2A57,
2960,
2961,
2B83,
29E7,
20CA,
18CE,
1537,
13F2,
1596,
182A,
1B53,
1CBA,
1957,
1615,
1580,
1765,
1E31,
24E8,
2768,
27BD,
254B,
227D,
2216,
22DE,
2621,
27EA,
207C,
167D,
1167,
0E86,
0D3A,
0C94,
0A47,
0741,
0316,
FFB7,
04A7,
0D23,
0DDE,
0AE1,
0BF2,
0F2C,
129E,
15AC,
133D,
0D02,
0847,
048F,
022A,
00B8,
FA92,
F0F3,
EF81,
F539,
F693,
F3EC,
F515,
F9F5,
FDCF,
007C,
FFE4,
FB99,
F85E,
F6E6,
F23F,
E975,
E3F5,
E34C,
E388,
E446,
E637,
E9A9,
ECDD,
EFAF,
EF77,
EA57,
E516,
E183,
DCF6,
D5AC,
D1DB,
D610,
DAB5,
DC80,
DE0E,
E111,
E134,
D9E5,
D207,
CD9A,
CC9A,
D3F1,
CAE8,
CD71,
D137,
D5D1,
D92B,
D84C,
D4E1,
CE69,
C836,
C8DA,
CCA1,
D1BC,
D6BA,
D7C6,
D632,
D0B3,
CA84,
CD4E,
D48C,
D9AD,
DD2A,
DBA6,
D755,
D60D,
D715,
DD90,
E728,
E7A8,
E1F3,
E1A0,
E558,
EAF0,
F1F4,
F341,
EF9E,
F063,
F535,
FA0F,
FEE7,
FF52,
FAE9,
FCC8,
0602,
08FF,
0401,
02D7,
0721,
096E,
08AA,
0730,
04EE,
03E1,
051E,
03D1,
FDD9,
F9AC,
F9F6,
F832,
F174,
EBC5,
E9D3,
E733,
E1BB,
DCD0,
DA13,
D7E1,
D593,
D3D2,
D2B9,
D2E0,
D54C,
D86F,
DAD8,
DE40,
E4D3,
EBB4,
EFE3,
F3A3,
F993,
FEAE,
FEA9,
FC72,
FB22,
F8AC,
F105,
E7A6,
E196,
DD2F,
D841,
D4C2,
D87F,
E05C,
E7B0,
EEC1,
F59C,
FAF5,
F759,
EDD8,
E4FC,
DD07,
DA8D,
DCB5,
E562,
F288,
F4F9,
EE90,
E6D5,
DE27,
DEB3,
E7D6,
ED21,
EE85,
EA5D,
E050,
DFEE,
EAD0,
EDF5,
E73E,
E3C3,
E4F2,
E6E0,
E9AF,
E974,
E470,
E321,
E878,
EA7A,
E5AE,
E35B,
E6E3,
E8E4,
E697,
E4F8,
E5F3,
E6DC,
E6D7,
E67B,
E59D,
E545,
E6A5,
E770,
E59D,
E448,
E63F,
E7DA,
E5BB,
E3C6,
E5CE,
E7DF,
E5DB,
E399,
E569,
E7A6,
E5EF,
E39E,
E516,
E74C,
E5F3,
E3BD,
E4D9,
E6E7,
E5E8,
E3E4,
E4AA,
E67D,
E5CE,
E40B,
E48A,
E61A,
E5AC,
E42D,
E473,
E5BF,
E581,
E446,
E463,
E570,
E555,
E457,
E452,
E51A,
E53A,
E4BE,
E447,
E3D4,
E439,
E574,
E6AF,
E80B,
E442,
DA11,
DA4C,
E816,
F202,
F622,
EF7C,
D99E,
CDEA,
D3FB,
DAFE,
DFD0,
E6C2,
F181,
F85A,
F7B9,
F416,
EDA5,
E68F,
DFF7,
D975,
D28D,
CE3E,
CF8D,
D213,
D311,
D5D3,
DD7A,
E539,
E8E4,
EC53,
F2E5,
F8BC,
F99D,
F939,
FB34,
FC9B,
F9B6,
F587,
F3B7,
F202,
ED3D,
E794,
E44C,
E1BB,
DD31,
D823,
D54C,
D382,
D08E,
CD54,
CBDF,
CB79,
CA64,
C924,
C939,
CA3C,
CAE6,
CB73,
CCC6,
CEB7,
D084,
D240,
D461,
D6DB,
D940,
DB95,
DE12,
E0B8,
E316,
E526,
E7DE,
EB5B,
ED69,
EDAD,
EFD1,
F47F,
F763,
F7C7,
F775,
F616,
F919,
0399,
0653,
FABE,
F55F,
FDAD,
0565,
0958,
08C5,
0014,
FA1B,
FCA7,
010B,
0630,
09A5,
0924,
05AD,
FCF7,
F663,
F8FD,
FDC1,
0180,
0452,
055B,
03CC,
FC2F,
F3F0,
F0ED,
F06D,
F1DE,
F4B6,
F959,
FD79,
FC58,
F87C,
F3B3,
EE39,
E877,
E364,
E267,
E3F6,
E68E,
E9DA,
ECDC,
EF39,
EEC4,
EC28,
E80E,
E2D2,
DDA0,
D8A8,
D565,
D3B6,
D3F8,
D5EF,
D897,
DBC9,
DEB6,
E13C,
E25D,
E20C,
E022,
DC9D,
D8B3,
D47F,
D049,
CC23,
C93C,
C7D3,
C796,
C8A7,
C9CF,
CA98,
CD99,
D428,
D70E,
D32C,
D245,
D853,
DACA,
D55A,
CF9C,
CB80,
C93F,
CAF6,
CA27,
C1C2,
BAD8,
BA90,
BC3F,
BF08,
C13D,
C082,
BF7C,
BF1E,
C0BB,
C7EA,
CF11,
D07F,
CFBE,
CDF2,
CC52,
CD86,
CFD6,
D2CD,
D4CD,
D18B,
CC05,
C722,
C306,
C208,
C2CF,
C461,
C5EC,
C3E0,
BFDC,
BBE5,
B872,
B8C4,
BBC8,
C009,
C519,
C880,
CA84,
CA68,
C8B8,
C848,
C8FF,
CB8B,
CFBA,
D489,
D9C9,
DCCD,
DD8E,
DC87,
D9C1,
D75C,
D58A,
D514,
D62E,
D811,
DAC4,
DCB4,
DDAA,
DC4B,
D7E0,
D395,
D021,
CC73,
C80D,
C680,
C9C7,
CC7C,
CC95,
CD8F,
D0F7,
D34C,
D2F7,
D146,
CDA3,
CB30,
CC89,
CE39,
CE30,
CEED,
D207,
D66E,
DCA6,
E24F,
E4BF,
E5D5,
E61C,
E637,
E78F,
E8A9,
E769,
E5A3,
E4E8,
E579,
E99A,
EF28,
F395,
F71E,
F85E,
F88A,
FA1C,
FC07,
FD00,
FCF3,
FA04,
F562,
F19E,
EE93,
ED41,
ED4D,
EE87,
F088,
F06C,
EEDB,
EEF9,
F074,
F31D,
F6B1,
F8F8,
F9EF,
F881,
F4C6,
F18F,
EEFA,
EDC7,
EE1B,
EE14,
ED8C,
EC9D,
EB33,
EA0A,
E929,
E9EB,
ECC2,
F0AA,
F5CB,
F9BB,
FB9A,
FC52,
FBB9,
FA8B,
F8A6,
F837,
FADC,
FD18,
FD48,
FDAA,
FF7B,
001C,
FD73,
FAD8,
F9D6,
FA79,
FE13,
027E,
068C,
0A3D,
0CFA,
0F2F,
111C,
124D,
1181,
109D,
1206,
1478,
17AE,
1AD6,
1C76,
1CEC,
1BB9,
197E,
1701,
143B,
1107,
0DE3,
0C0A,
0B4B,
0C6E,
0EC5,
10FD,
12F0,
12A5,
10EF,
1102,
121E,
113C,
0EF1,
0D52,
0C49,
0B8F,
0B3E,
0CE4,
104A,
136F,
163C,
1729,
1621,
14BA,
1306,
1173,
101B,
0ECE,
0D98,
0C12,
0A07,
09D5,
0C32,
0E61,
0FF8,
105A,
0F01,
0D0D,
0A9A,
082E,
05E5,
04AA,
0561,
05C9,
0478,
0497,
0864,
0BA3,
0B74,
0C45,
1173,
1608,
16CF,
15F7,
13A0,
111C,
0FF9,
0F12,
0D94,
0C5B,
0C57,
0D09,
0EE5,
1060,
0E38,
0B52,
0B4E,
0CD0,
0FD1,
1348,
1532,
15F2,
1514,
12F5,
0FAF,
0BAA,
076C,
036B,
01F9,
0250,
030D,
043C,
061A,
0847,
07D7,
05A0,
0640,
0914,
0ADA,
0BD3,
0E2E,
11AD,
1454,
161A,
15F2,
13D9,
1203,
1097,
1018,
10A1,
1306,
178D,
1B91,
1EAF,
20DC,
21E6,
21ED,
20AD,
2025,
210C,
21D1,
2235,
21C6,
1FC2,
1F4F,
2262,
24A7,
240B,
238C,
24BB,
247E,
2042,
1CC9,
1D94,
1E08,
1A99,
1805,
19EC,
1D67,
21A9,
258F,
2716,
27F6,
29CD,
2B03,
2994,
26DD,
2338,
1FE9,
2023,
2179,
205B,
1EB4,
1F1F,
209B,
22BC,
24D9,
244A,
2263,
2178,
2130,
2204,
2377,
2357,
2271,
2384,
2603,
2881,
2B20,
2FB2,
3578,
362A,
3291,
2FFF,
2E5F,
2CC0,
2B45,
2BCB,
2E55,
31D5,
3647,
3893,
384C,
3870,
394E,
3968,
3882,
3836,
38D5,
39B9,
3AFF,
3B0F,
3963,
3644,
3150,
2C2C,
26F4,
244B,
265C,
2858,
27E1,
293E,
2F84,
33C5,
315E,
2E2B,
2CC8,
2BAA,
2A2E,
29E5,
2D5D,
3006,
2D56,
293F,
25D1,
232C,
22D5,
2334,
222E,
21F8,
2621,
2BD2,
3099,
3422,
3363,
30FE,
316C,
3293,
3169,
2F04,
2C34,
294A,
280B,
279F,
255A,
2274,
22EF,
25AA,
2919,
2CB4,
2BDD,
27BA,
254B,
2412,
2154,
1D81,
1CE1,
1F17,
1EDA,
1C58,
1C52,
1EC7,
2203,
2601,
26E7,
242C,
2205,
20E2,
1F39,
1CCF,
1C32,
1E24,
1F4F,
1EF7,
1EA4,
1E5F,
1F9C,
2387,
258B,
23CE,
20ED,
1D56,
18C9,
125B,
0EBB,
11BF,
1473,
1299,
1260,
181E,
1D92,
1ECB,
1EBB,
1E26,
1D4C,
1C02,
1C21,
20CE,
2684,
2A60,
2D75,
2FE3,
31BC,
3380,
3402,
2FFE,
2AAF,
287B,
2835,
2B00,
2EC7,
2EC2,
2CF5,
2BF6,
2B52,
2AEA,
2AC8,
2A6D,
2A87,
2F37,
3698,
3AE8,
3CDA,
3C37,
397F,
3795,
3634,
3348,
2F40,
2ECB,
316B,
30F3,
2D8F,
2A41,
271C,
2521,
2470,
2546,
27B0,
2B2D,
2FE6,
3100,
2D45,
2ADA,
2AC9,
2ABE,
2A9D,
296D,
26BC,
2333,
1EA2,
1ABD,
17E1,
17E3,
1CC6,
2104,
21E7,
234A,
26D7,
2A21,
2BD5,
2DD7,
3216,
33F6,
2EAE,
2932,
2830,
28CC,
2A7D,
2CAF,
2EB0,
30B3,
3255,
3497,
39BC,
3EF0,
40C4,
408C,
3DBD,
3A29,
3966,
397D,
37C9,
3585,
33DA,
331E,
3668,
3B54,
3C6E,
3B09,
3792,
32C2,
2FA5,
2D62,
2856,
21E1,
1FA2,
20A5,
2381,
27BD,
28BD,
2702,
2666,
26AC,
23FE,
1EAE,
1C0F,
1C3A,
1ED8,
23FC,
283A,
2B35,
2DE6,
3063,
2FFD,
2BEC,
2A0A,
2B82,
2DCE,
30DC,
33BB,
364B,
36FC,
3517,
311B,
2A1D,
253B,
252C,
25AE,
25C0,
2541,
2403,
20B4,
18FA,
12B4,
11E7,
12FF,
1546,
17BF,
198D,
1A3E,
17D6,
1608,
18CA,
1D2F,
227A,
26B1,
25EF,
232E,
2062,
1DEF,
1E5E,
1F3C,
1D3E,
194E,
11EC,
09D0,
0772,
07DA,
0741,
0625,
02DB,
FF0F,
0073,
04FF,
0952,
0D44,
0D3F,
0AAA,
0C5A,
10A2,
1060,
0C7D,
06E1,
FFDE,
FC5E,
FBF4,
F844,
F1A4,
EEE7,
F00D,
F26B,
F5F1,
F7F4,
F7FB,
FA0B,
FEBB,
FF01,
F97A,
F494,
F14A,
ECDD,
E6A7,
E1F9,
DF8F,
DF9A,
E2F2,
E611,
E7A2,
E97D,
EC9D,
EC8F,
E616,
DF85,
DB58,
D79E,
D347,
D18D,
D586,
DA4F,
DD48,
DF04,
DECA,
DC01,
D282,
DABB,
D836,
D41C,
CD0C,
C779,
CA41,
CFEA,
D423,
D74B,
D7C2,
D610,
D009,
C951,
C8C2,
CBB7,
D1A6,
D85F,
D956,
D6F8,
D2A7,
CDEE,
CF86,
D50F,
DB36,
E13F,
DF9F,
D938,
D8A3,
DC50,
E22A,
E98B,
EAAB,
E6CD,
E637,
E88A,
EE26,
F6C8,
F811,
F206,
F2B1,
FAA4,
FF6C,
007B,
0066,
FEFA,
00E4,
076F,
099D,
0559,
03D4,
0732,
08BC,
06F6,
04A5,
01FE,
0043,
00B0,
FEBF,
F7BF,
F28B,
F2F0,
F13F,
E8FE,
E249,
E20B,
E0F1,
DA40,
D4B6,
D508,
D5CF,
D33C,
D1A6,
D4A6,
D8C9,
DB80,
DEC9,
E49C,
EB0A,
F077,
F54C,
F9A6,
FCFE,
FE78,
FE1B,
FAC9,
F596,
EF7E,
E8B5,
E105,
D9D1,
D6E2,
D714,
DA10,
DF6A,
E830,
F25D,
F771,
F876,
F496,
ECFE,
E3A0,
D9BD,
D98C,
E0FF,
E98B,
F2A7,
F33F,
EC50,
E4B5,
DCAF,
DF2B,
EC0E,
F011,
EA79,
E597,
E1A8,
E320,
EB4A,
ECF2,
E5A6,
E29E,
E629,
E897,
E8D6,
E7B2,
E46B,
E3F2,
E8CA,
EA63,
E4DD,
E262,
E7A1,
EA63,
E5B0,
E2D0,
E693,
E926,
E631,
E3E8,
E5ED,
E7AD,
E652,
E4FA,
E59F,
E669,
E62F,
E5C5,
E58A,
E57A,
E5E8,
E641,
E58E,
E4D8,
E596,
E67C,
E59C,
E471,
E542,
E684,
E5A7,
E437,
E4F7,
E66D,
E5AD,
E41B,
E4B8,
E642,
E5A9,
E40E,
E482,
E60D,
E5A0,
E40F,
E459,
E5D1,
E58E,
E415,
E434,
E58B,
E574,
E42C,
E438,
E57B,
E50A,
E2EA,
E3E5,
E82C,
E81F,
E33C,
DEE5,
DB1A,
E06E,
F194,
F78E,
EDC0,
E138,
D221,
CD6E,
D919,
E31F,
E6C6,
EC79,
F75A,
FBDC,
F3F9,
EBCE,
E7CF,
E265,
D8D7,
D16A,
CFE2,
D019,
D090,
D2A8,
D783,
DD58,
E364,
E93C,
EE19,
F27F,
F6EC,
FA48,
FAE7,
FA7A,
FAC8,
FA50,
F6EC,
F29E,
F015,
ED98,
E898,
E2FA,
DFD5,
DD7A,
D90F,
D42B,
D1F4,
D0F8,
CE42,
CB0F,
CA67,
CB27,
CA58,
C8E4,
C9AA,
CBDA,
CCA0,
CC99,
CE76,
D1B1,
D387,
D455,
D6CB,
DAA1,
DD01,
DE0E,
E08C,
E470,
E71F,
E886,
EA48,
EC6E,
EF80,
F3C1,
F503,
F247,
F33B,
F98C,
FDF2,
FF59,
FD45,
F5A8,
F614,
0524,
0C9A,
03E6,
FC83,
FB44,
FC9E,
015C,
0611,
09CB,
09D6,
023D,
FB39,
F911,
F9E4,
FF65,
04D4,
0707,
06A8,
01F7,
FBD9,
F57D,
F0EA,
F233,
F5B0,
F93A,
FC7D,
FE7D,
FE8A,
F972,
F275,
ED65,
E968,
E66C,
E4F8,
E7B0,
EC5A,
EF3E,
F107,
F1EC,
F191,
ED91,
E75E,
E24F,
DDFD,
D9CF,
D63A,
D603,
D859,
DA93,
DCD1,
DFEE,
E387,
E498,
E35C,
E1AD,
DF82,
DBBA,
D677,
D1B3,
CD92,
CAAC,
C92E,
C7FE,
C6FB,
C858,
CC95,
CFE3,
D196,
D33D,
D4D5,
D77F,
DC4D,
DBF7,
D2C8,
CDFE,
D32D,
D478,
CC70,
C4D1,
C058,
BE5F,
C08A,
C24D,
C121,
BF64,
BCEC,
BCE3,
C319,
C9D8,
CE05,
D026,
CE35,
CC1E,
CD81,
D023,
D3FA,
D6E4,
D592,
D209,
CC3F,
C697,
C59B,
C68D,
C797,
C839,
C636,
C2B1,
BDBF,
B8CE,
B7D8,
B96E,
BCDF,
C156,
C460,
C63B,
C536,
C28C,
C1FE,
C30C,
C5C2,
C9DD,
CF6C,
D5DD,
D98E,
DAD8,
DA8E,
D8D7,
D694,
D3EF,
D351,
D4B4,
D707,
DA3B,
DBE9,
DBD1,
DACA,
D8DC,
D503,
CEEB,
CA9E,
C8E2,
C862,
C942,
CA38,
CAC5,
CCEE,
D1FF,
D336,
CD1D,
C945,
CB8B,
CCBB,
C9FC,
C82B,
C8E7,
CC04,
D313,
D9B2,
DD54,
DF7C,
DF93,
E009,
E39A,
E63A,
E44B,
E159,
DF0B,
DE16,
E0C3,
E4BE,
E89D,
EBF6,
ECCD,
ED48,
F059,
F432,
F7BA,
FA27,
F890,
F4CA,
F035,
EBAD,
EAAC,
EB7C,
EB9F,
EB61,
E9B5,
E783,
E773,
E8F7,
EC19,
F04E,
F400,
F701,
F688,
F362,
F10B,
EF58,
EEC3,
EF1E,
EE66,
ECAE,
E9C9,
E5D8,
E2C2,
E0A3,
E1B6,
E63B,
EA61,
EDC7,
F1C0,
F67B,
F88A,
F70A,
F661,
F74D,
F902,
FBCC,
FD97,
FD88,
FE11,
0073,
FFAD,
F8B6,
F3E6,
F4ED,
F6DE,
F85F,
FA98,
FDEC,
01E9,
070F,
0AD4,
0AE5,
09A0,
0717,
0619,
0AC1,
0FAB,
1049,
1033,
11DD,
13D8,
15B2,
16BE,
156D,
12C9,
0E8E,
0AB3,
0B77,
0E2A,
1029,
11C9,
125C,
124E,
120A,
11A2,
11CD,
11FD,
100D,
0D2C,
0BF7,
0C37,
1006,
1608,
195C,
1AA6,
1A6A,
18DE,
1732,
156B,
1459,
13DD,
12EE,
1197,
0EE0,
0AE5,
09D6,
0BCB,
0D3F,
0E00,
0E56,
0E41,
0B74,
054B,
01E9,
0287,
026E,
00EE,
FF34,
FD14,
FCC8,
FF59,
01D3,
0323,
066C,
0D8F,
1291,
1274,
121A,
1338,
1414,
1437,
13D6,
1298,
11C2,
12A3,
132A,
1209,
0FD0,
0B4A,
082B,
0B32,
0F26,
0F7A,
0F97,
1298,
15E5,
1769,
1742,
13B3,
0E9B,
0954,
04E5,
0511,
072F,
078C,
073C,
06BA,
063D,
0677,
0757,
0978,
0C61,
0ED5,
1116,
137A,
15FE,
19DD,
1E46,
1EB8,
1C17,
190E,
15AF,
1399,
12AF,
1170,
0FFE,
109B,
132E,
14B9,
1522,
16CC,
19D7,
1ABA,
1912,
1817,
1816,
18C0,
1A30,
1C1A,
1EA1,
1FAF,
1EAE,
1C11,
1732,
148C,
1624,
1793,
178C,
17F6,
1959,
1B1F,
1D59,
1F33,
2032,
207A,
1FC6,
1E8F,
1CB5,
1B52,
1B5A,
1C4F,
1EB9,
20D6,
2048,
200D,
2391,
272C,
2708,
2605,
26BC,
2793,
26F9,
25C6,
246A,
232F,
22B1,
2313,
25EE,
29AC,
2B26,
2B7D,
2C15,
2C8C,
2C58,
2B8F,
29B3,
2737,
2576,
244A,
238F,
2366,
25B0,
29A5,
2AFF,
2A48,
2925,
27AF,
2849,
2ABD,
2C05,
2C29,
2D2A,
2F05,
2F0E,
2D1E,
2B70,
2A2F,
289A,
26AA,
24DC,
2329,
235A,
260A,
28D9,
2B50,
2E46,
3211,
3487,
349F,
3504,
36AF,
37C2,
37A4,
36BD,
34B1,
332D,
338D,
333D,
30BF,
2D93,
29CD,
26C0,
25C3,
25C0,
2665,
27D1,
2AC5,
2D2B,
2C37,
2AA6,
2B2A,
2B72,
2899,
253D,
2459,
2479,
24B0,
2520,
25EF,
26A7,
25A2,
244B,
2587,
2828,
2AB9,
2D88,
3180,
35DA,
38AD,
3A26,
390B,
3621,
33E9,
320F,
2FC6,
2D3A,
2B33,
2992,
276F,
24F6,
232E,
2214,
2323,
262D,
26DA,
2510,
22AF,
1FC0,
1CD4,
1A02,
17FC,
16E9,
1671,
169F,
16E6,
1707,
18E5,
1D46,
209D,
21F6,
2260,
21D5,
2044,
1D3D,
1B1D,
1B0B,
1BCA,
1D76,
1EBB,
1E88,
1EB6,
207F,
21DE,
21CF,
208A,
1D20,
19D7,
1881,
1803,
180B,
18E9,
1B7E,
1E20,
1E90,
1EDE,
2176,
2445,
24AE,
2475,
2556,
26D3,
28FD,
2BAB,
2F83,
332A,
32F5,
30C7,
2F9E,
2EA2,
2C25,
2911,
2777,
2711,
28D2,
2BFE,
2E21,
2F83,
2FCC,
2F4F,
2FCE,
311D,
32E1,
3510,
3843,
3C38,
3DE1,
3D47,
3B23,
3783,
33AB,
2FB9,
2D77,
2D2A,
2D34,
2D86,
2D01,
2B60,
295B,
26CA,
265C,
28F9,
2C45,
302B,
3250,
318C,
2FBA,
2CE3,
2A53,
28C0,
276F,
267E,
24CB,
2157,
1DEF,
1AF7,
19F3,
1CDE,
2102,
258E,
2949,
2A27,
2A9A,
2C65,
2E43,
2FBB,
304D,
2EA0,
2C0D,
28FB,
26D6,
28C7,
2C83,
303E,
33F3,
3689,
38C7,
3C31,
3FB6,
4202,
42C9,
3EF1,
38DC,
35C3,
3470,
3434,
34B4,
3404,
32CD,
33EF,
366B,
36FF,
35EB,
31B3,
2B10,
26B3,
2444,
2136,
1DCE,
1C9C,
1D80,
2018,
244B,
25D5,
2472,
22CA,
20FA,
1F7A,
1E68,
1E8F,
200B,
2404,
2B3C,
2FD3,
3027,
3002,
2FFD,
2EE8,
2C1D,
2ADD,
2C91,
2F3A,
3312,
34EA,
32C5,
2EED,
296A,
23EA,
1F2D,
1C58,
1DA7,
1EE6,
1D80,
1AAC,
15A7,
10A5,
0D0B,
0BA3,
0F3C,
141E,
176B,
1957,
179A,
1562,
16B6,
19A9,
1E0A,
2236,
22D6,
2127,
1C69,
16CE,
160A,
1726,
158D,
1236,
0C0E,
04C4,
0174,
00D7,
024A,
04ED,
0315,
FEB9,
001E,
0596,
0A46,
0E33,
0E16,
0A92,
0992,
0AA1,
0944,
05A6,
FF7E,
F6E4,
F2BD,
F383,
F1A5,
EC91,
EB38,
EE5C,
F240,
F6C5,
F8F8,
F7CC,
F794,
F995,
F7B2,
EFB5,
E8E9,
E565,
E211,
DE35,
DC13,
DCAA,
DF2A,
E473,
E854,
E844,
E71A,
E60B,
E2C6,
DA97,
D35D,
D176,
D154,
D1E8,
D392,
D7D5,
D3F0,
D853,
DC74,
DC00,
D952,
D4AF,
CF8D,
CB96,
C962,
CC25,
D0EE,
D4EB,
D7BB,
D637,
D26F,
CE0C,
CA22,
CB30,
CF2C,
D464,
D9AE,
D8F8,
D4C9,
D244,
D123,
D46D,
DAA8,
DEC3,
E127,
DF77,
DAE6,
DCCA,
E3E1,
E8B6,
EB8F,
EBE9,
E9F2,
EBC1,
F156,
F5CA,
F900,
F9A9,
F75B,
F96D,
010D,
0450,
0189,
012C,
04AC,
0729,
07E9,
07A6,
0608,
054F,
0696,
0638,
02A2,
FF87,
FE63,
FC74,
F897,
F470,
F07C,
ECA2,
E925,
E544,
E010,
DB9B,
D9BA,
D7FF,
D44B,
D1A5,
D2F7,
D522,
D553,
D678,
DBF9,
E274,
E66A,
EA4A,
F12C,
F816,
FB07,
FC1E,
FDC2,
FE34,
F9C2,
F2D8,
ECAA,
E68C,
DF1B,
D80B,
D62C,
D7F7,
DC41,
E299,
EB4A,
F4C0,
F856,
F73F,
F161,
E800,
DFBE,
D900,
DB73,
E56E,
ED92,
F3CE,
F136,
E677,
E05D,
DF06,
E399,
EE68,
EFD8,
E668,
E1EA,
E3CF,
E6E6,
EB61,
EB0D,
E3BA,
E1BA,
E87C,
EB41,
E68A,
E3EC,
E5FF,
E7A1,
E7AD,
E709,
E546,
E4CD,
E778,
E8AE,
E571,
E38E,
E6CC,
E8F3,
E5C9,
E365,
E628,
E876,
E605,
E3C2,
E5B1,
E7AD,
E615,
E447,
E56B,
E6DD,
E5FD,
E4C3,
E547,
E624,
E5CB,
E526,
E53D,
E58D,
E58C,
E569,
E53D,
E517,
E546,
E58E,
E544,
E4BF,
E500,
E59A,
E54B,
E482,
E4C0,
E597,
E550,
E454,
E485,
E587,
E551,
E42B,
E457,
E59B,
E567,
E3E0,
E3AB,
E4BA,
E611,
E7B7,
E5DB,
E016,
DDAE,
DF25,
E6D0,
F6A0,
F740,
E294,
D468,
D1C5,
D492,
DDE8,
E6EF,
EDAD,
F368,
F86E,
F847,
EF79,
E6CC,
E1D4,
DC47,
D410,
CE81,
CF39,
D16E,
D2F5,
D606,
DC59,
E320,
E88A,
ED88,
F262,
F68C,
F97A,
FB3F,
FB53,
FA79,
F981,
F7C0,
F408,
EFB0,
ECAA,
E9AC,
E4AD,
DF45,
DC2E,
D9E0,
D5B6,
D133,
CF6F,
CEEC,
CC85,
C991,
C974,
CADE,
CA42,
C8C4,
CA0B,
CD0E,
CE0B,
CDD7,
D012,
D40B,
D604,
D67E,
D8DC,
DCCB,
DF5B,
E0AD,
E303,
E654,
E8D6,
EA75,
ED49,
F18E,
F2A4,
EFB7,
F252,
FC73,
FF42,
F76E,
F47D,
F991,
FF62,
05C3,
0681,
FDB8,
F8BD,
FC39,
0120,
06CF,
09E4,
07E8,
03D8,
FD32,
F92F,
FBEB,
0056,
0588,
08AC,
067C,
0225,
FBFF,
F66C,
F3BD,
F37E,
F7A1,
FC89,
FF26,
0017,
FE73,
FADA,
F447,
ED6A,
EA59,
E94A,
E952,
EAAB,
EED6,
F3A8,
F4D8,
F3E4,
F209,
EF02,
E936,
E234,
DE2C,
DC0A,
D9E1,
D851,
DA47,
DE90,
E146,
E2DF,
E4CA,
E69D,
E5AF,
E26A,
DEBF,
DAB1,
D5F2,
D0AE,
CD12,
CB2E,
C953,
C772,
C964,
CF93,
D198,
CE3C,
D088,
DA6A,
DE14,
D8C7,
D57D,
D60F,
D6C6,
D7D1,
D43D,
C8F1,
C1D0,
C37B,
C4E6,
C3C4,
C168,
BCC7,
BA69,
BCFA,
C188,
C86C,
CD34,
CBA3,
C9AF,
CA14,
CC58,
D271,
D827,
DA62,
D9DD,
D46A,
CE62,
CC06,
CB6C,
CD33,
CED6,
CCA8,
C885,
C276,
BC38,
B899,
B72F,
BA08,
BEC8,
C1D1,
C3AF,
C31A,
C126,
BF03,
BD5D,
BFD5,
C4E1,
C9CC,
CEA7,
D2F4,
D674,
D6E5,
D50D,
D307,
D100,
D132,
D34A,
D69C,
DAE0,
DD1A,
DD51,
DCEC,
DBED,
D6A9,
CD12,
C946,
CC2B,
CB18,
C4E4,
C4E0,
CCD8,
D15B,
D0B1,
CE41,
C9A0,
C86E,
CD3A,
CD4D,
C471,
C026,
C527,
CAD4,
CF66,
D2BF,
D38D,
D560,
DA53,
DEC0,
E183,
E15A,
DB2A,
D636,
D7B1,
DAF2,
DEAD,
E205,
E32D,
E44C,
E6B6,
EA85,
F1FF,
F8D2,
F9B3,
F7B8,
F372,
EF09,
EEE8,
F038,
F0A6,
F021,
EC55,
E772,
E48D,
E379,
E6DE,
EC81,
F064,
F2F7,
F2F3,
F115,
EE25,
EAB2,
E9F4,
EAE5,
EAEC,
EA20,
E682,
E0E0,
DCC4,
DA1D,
DAA4,
DE00,
E0DE,
E346,
E780,
ED61,
EE84,
EAB9,
EB19,
F03F,
F34C,
F3A7,
F5BB,
FA11,
FCF9,
FE1C,
FB63,
F356,
EF5A,
F269,
F3F0,
F19D,
F14B,
F4C2,
F8E8,
FD88,
000D,
FE33,
FD52,
FFBF,
0397,
0943,
0E1B,
0FDE,
11BD,
1609,
1924,
1862,
15FC,
123E,
0E9E,
0CBC,
0C08,
0D59,
0ECE,
0DF0,
0CA9,
0C85,
0D23,
0F8F,
11C5,
0FE2,
0C5D,
094E,
071F,
0882,
0BD3,
0F48,
12A0,
1391,
137A,
15EE,
199A,
1C41,
1DEA,
1CBD,
198C,
164C,
1319,
1191,
116C,
1282,
147E,
14FD,
1418,
1063,
0A35,
07F6,
098A,
08E8,
05F9,
0356,
0115,
FF34,
FDCB,
FCD1,
FC29,
FEA2,
0533,
08C6,
078A,
07DD,
0B34,
0D68,
0D81,
0CF0,
0B9E,
0B43,
0D29,
0D59,
09B1,
0641,
0447,
0426,
0754,
0A95,
0BF9,
0DBF,
1174,
1477,
14D9,
1413,
125A,
1051,
0E7B,
0D1F,
0D1C,
0D78,
0D79,
0D30,
0C01,
0AD5,
0B24,
0BD0,
0B20,
0A7F,
0C63,
0F68,
1240,
14C0,
15B6,
1591,
13D6,
1191,
1264,
14D2,
15BC,
15B9,
14FF,
13E0,
141B,
1547,
162C,
16E5,
1706,
16C9,
1855,
1B61,
1DBD,
1F77,
2207,
254C,
26CC,
267A,
24DA,
21D5,
20F7,
22D0,
2093,
1925,
1413,
1297,
10B3,
0DC2,
0CDC,
0EE0,
113E,
13B2,
148B,
127D,
118A,
134C,
14FB,
15D6,
164A,
15F0,
16A0,
19EE,
1CBD,
1D1A,
1D7D,
1F4E,
20DC,
2112,
20EB,
20D1,
20B5,
2096,
20BA,
21B0,
22CC,
2398,
23E8,
22A2,
2165,
22BA,
24DB,
25BA,
266C,
2868,
2AB2,
2B9C,
2BFE,
2D4D,
2EC3,
2E80,
2D87,
2E69,
3022,
304A,
2F99,
2FE2,
30AB,
30F9,
30CA,
2F7F,
2D33,
290D,
2389,
2016,
1E6F,
1CEB,
1B9F,
1AD4,
1A86,
1B7F,
1DC5,
1EB2,
1E09,
20C2,
2777,
2A8B,
28E3,
2870,
2A02,
2A78,
294C,
2859,
27DC,
2859,
2A5D,
2B8B,
2AFE,
2A86,
2A9C,
2AB9,
2AE1,
2A81,
28C5,
287F,
2BD0,
2F00,
3039,
30EC,
3184,
317C,
3029,
2ED8,
2EBB,
2E91,
2D57,
2C01,
2B41,
2ABC,
2A71,
2A15,
28E3,
27D5,
2857,
2977,
2A22,
2B14,
2E01,
3148,
31FC,
3154,
30A3,
2F74,
2C1E,
2817,
2762,
289C,
295A,
2A0B,
2BCE,
2E0A,
2DCB,
2C06,
2CAA,
2F07,
30DE,
324F,
33F7,
35A0,
3558,
3344,
2FC8,
2B02,
27F8,
26C7,
24AA,
2180,
1FF1,
2047,
1ED7,
1B0C,
1982,
1B06,
1C23,
1C6D,
1BAE,
1980,
1757,
155F,
148E,
156F,
1736,
1A02,
1CA7,
1EBC,
1FDB,
1F22,
1F2B,
21BB,
23D1,
23FC,
2323,
210D,
1E9D,
1BFA,
1A8C,
1CA5,
1EE6,
1E83,
1DA5,
1DBC,
1DB0,
1C93,
1AEB,
18B1,
166D,
147A,
1389,
1572,
1920,
1E88,
244F,
272B,
28B5,
2B22,
2D89,
2E1C,
2DC3,
2E46,
2F2F,
2F84,
2FC3,
32AC,
36CE,
3615,
3219,
2FE0,
2ED2,
2CE4,
2A88,
2A4F,
2BF8,
2F43,
33F2,
36FD,
3867,
3858,
36D5,
36B6,
3824,
3A9B,
3E2E,
406C,
40F9,
4039,
3E26,
39D6,
32B1,
2D88,
2B9A,
2AF5,
2BBB,
2C24,
2B98,
2A47,
27C1,
25BE,
24C0,
2572,
291A,
2C28,
2D02,
2C0F,
2833,
2446,
21EA,
2053,
1FAA,
1F9C,
208F,
209B,
1C62,
195C,
1D90,
23D5,
28EF,
2D4B,
3018,
3169,
2FAE,
2D6F,
2F04,
3187,
317A,
302C,
2D9A,
2B25,
2CB5,
306F,
344A,
3822,
3A68,
3BA4,
3C8C,
3D20,
3EBF,
405F,
3BDB,
3379,
2FFD,
3013,
30A2,
31AA,
31CA,
311F,
311C,
318C,
30D6,
2F01,
29BE,
2122,
1C90,
1C7A,
1C18,
1B2C,
1BD5,
1E39,
21B1,
2683,
277A,
230B,
1F8C,
1E1B,
1DE6,
1F30,
21C1,
25C0,
2AB4,
3145,
3458,
30A6,
2CE7,
2B95,
2A62,
287B,
2824,
2B94,
2E62,
2E5B,
2B92,
23AD,
1BCF,
17E5,
156C,
1378,
1306,
16A8,
193B,
137B,
0C60,
0A43,
0A85,
0C9C,
103A,
1663,
1C24,
1AB3,
16C4,
16AD,
1888,
1C8E,
20F3,
20FE,
1E24,
1851,
111C,
0E41,
0DF2,
0D80,
0CA5,
067D,
FD44,
FA9E,
FCCB,
FF0E,
0179,
0168,
FF66,
00D3,
052F,
09B6,
0E41,
0CB4,
0504,
0200,
042A,
024D,
FBD7,
F54E,
EED7,
EBF7,
EDCD,
EDCC,
EA87,
EA5F,
EEE0,
F343,
F6F1,
F7A7,
F391,
F07A,
F0F4,
EDF2,
E375,
DBD2,
DC24,
DCB0,
DA12,
D9AB,
DEFE,
E43F,
E6A6,
E6F2,
E3EB,
DF99,
DA7A,
D60E,
D3E5,
D356,
CE55,
CAA3,
CEB1,
D46C,
D72F,
D89B,
D9C4,
D921,
D2AE,
CADA,
C847,
C896,
CB90,
D008,
D4E5,
D8D6,
D65B,
D088,
CC29,
C93B,
CBE9,
D205,
D770,
DBED,
DAA2,
D584,
D303,
D2AD,
D7F1,
E149,
E4BE,
E359,
E135,
DE7D,
E1C8,
EA9F,
EFA4,
F0C7,
EFC6,
EC78,
EF7B,
F9D0,
FE41,
FB2C,
FA3B,
FC67,
FFFE,
057E,
0734,
02F2,
01FD,
0738,
09E8,
0774,
0519,
03FE,
036E,
040D,
028F,
FC5F,
F7BA,
F894,
F777,
EF7F,
E8A2,
E812,
E6CD,
DFDF,
D994,
D883,
D7FF,
D47A,
D197,
D263,
D479,
D625,
D886,
DCAD,
E1CF,
E7A8,
ED9E,
F29D,
F6FD,
FB44,
FE67,
FDC4,
FAD1,
F735,
F276,
EA8E,
E17E,
DBB0,
D848,
D6AD,
D746,
DDB2,
E7C7,
EFBA,
F5BD,
F7D0,
F64F,
EE61,
E1DC,
DB67,
DA50,
DF73,
E9EF,
F0A0,
F38E,
EE26,
E09E,
DCD8,
E39C,
E995,
EE77,
ECCB,
E310,
E03F,
E6F2,
EAAC,
E9AD,
E765,
E376,
E350,
E9A8,
EB8F,
E4B6,
E1B8,
E791,
EAA3,
E639,
E36E,
E620,
E820,
E6D1,
E589,
E594,
E5F5,
E6B7,
E6F8,
E58A,
E497,
E64F,
E7A6,
E5B0,
E3E9,
E5D6,
E7C6,
E5D7,
E3AF,
E56A,
E78F,
E5ED,
E3B7,
E518,
E72E,
E5EF,
E3DE,
E4DD,
E6BE,
E5DC,
E40C,
E4B5,
E64F,
E5BC,
E438,
E49C,
E5E8,
E593,
E45F,
E490,
E590,
E565,
E47A,
E488,
E543,
E530,
E47C,
E48D,
E53E,
E506,
E3FA,
E404,
E513,
E648,
E7B3,
E4BF,
DCCF,
DC81,
E55A,
EDF8,
F63B,
F15A,
DA74,
CE2D,
D31C,
DA8B,
E310,
EB36,
F220,
F6A7,
F81A,
F4F5,
EAC1,
E1A2,
DD82,
D8E4,
D0EE,
CC6D,
D042,
D4CE,
D5B2,
D866,
E107,
E953,
EC7B,
EF4D,
F57A,
FAB6,
FADA,
F9C3,
FAC9,
FB2A,
F7D9,
F37C,
F0E4,
EE51,
E9A6,
E476,
E0D7,
DDB8,
D9B3,
D599,
D2BA,
D089,
CE42,
CC32,
CAE9,
CA34,
C9C4,
C9A9,
C9F1,
CA99,
CBAB,
CD1A,
CE98,
D034,
D250,
D4CC,
D6C9,
D86B,
DB1E,
DEB4,
E0F6,
E205,
E476,
E83E,
EB4D,
ED9E,
EE4C,
ED0F,
F09E,
FA2C,
FC92,
F573,
F302,
F77B,
FDF6,
073B,
07AC,
F9C2,
F3C2,
FD2A,
0532,
07E4,
089B,
074E,
0376,
FB0C,
F722,
FE23,
0549,
0853,
0921,
071A,
02E2,
FB15,
F4EA,
F53B,
F7F7,
FC36,
0060,
02E1,
0344,
FF50,
F97B,
F2FB,
ED10,
EA44,
E991,
EB73,
EEBE,
F2A1,
F613,
F64C,
F475,
F10E,
EC6E,
E69E,
E08D,
DCEF,
DB13,
DA9A,
DB6E,
DE3C,
E237,
E4C2,
E636,
E753,
E7CD,
E599,
E142,
DD07,
D8DC,
D4A1,
D07B,
CCDD,
C9DD,
C9FE,
CD2D,
CECD,
CEAB,
D0BB,
D525,
D923,
DCA1,
DBCD,
D555,
D4A8,
DCBC,
DC63,
CF04,
C68C,
C747,
C7FF,
C767,
C503,
BF67,
BBB9,
BBD8,
BEB0,
C5A9,
CA81,
C935,
C7BE,
C805,
CA54,
D0D6,
D692,
D86E,
D7E1,
D3D3,
CF5B,
CCAA,
CB9E,
CE65,
D0F1,
CF00,
CB08,
C54A,
BF7A,
BBD5,
BA38,
BCE8,
C114,
C314,
C3DE,
C2E7,
C112,
BF1E,
BDD6,
C05F,
C520,
CA3A,
CF6D,
D369,
D61B,
D52E,
D1FF,
D04D,
CFB5,
D082,
D27B,
D573,
D90F,
DB85,
DCD0,
DB3A,
D71D,
D293,
CDC3,
CAC7,
C9B3,
C85C,
C6AD,
C91D,
D018,
D1A5,
CC80,
CA31,
CBFC,
CB16,
C669,
C27B,
BFC4,
C047,
C574,
C973,
CA78,
CC55,
CFFE,
D427,
D920,
DBB1,
D995,
D72B,
D5AD,
D605,
DA38,
DDD3,
DDD4,
DE37,
E11A,
E51A,
EA8B,
EF89,
F289,
F3C1,
F1D3,
EF46,
EE91,
EE5C,
EE68,
EE00,
EB86,
E86F,
E5A2,
E3FC,
E68C,
EAE7,
EE82,
F16D,
F240,
F1B4,
EFE3,
EDAC,
EE45,
F00B,
EFAC,
EDD2,
EA8C,
E63E,
E1A1,
DD12,
DAA0,
D9FA,
DB74,
DE99,
E124,
E326,
E398,
E2BC,
E3BA,
E669,
E8D8,
EAFF,
EDCC,
F132,
F24C,
F0E8,
EE56,
EA8E,
E888,
E8D7,
E96E,
EA0C,
EC1F,
F019,
F381,
F5CE,
F70B,
F6A8,
F76D,
FA62,
FDFC,
0210,
0649,
0A71,
0EB0,
1391,
1646,
1486,
11C2,
0F11,
0D0A,
0CE7,
0CFC,
0C1C,
0BC1,
0D38,
0F28,
1104,
1243,
11B6,
1059,
0E6F,
0C9C,
0BC4,
0BE9,
0E38,
112E,
127B,
1369,
15BE,
1869,
1A01,
1ACE,
1AAB,
19A0,
16C1,
1308,
10BC,
0F8B,
109F,
12EB,
128A,
1075,
0F26,
0E48,
0D06,
0B8D,
0B0C,
0B3B,
09BE,
06E6,
04F3,
03DC,
02E3,
0217,
033E,
0659,
08D7,
0A96,
0ACB,
0934,
08D5,
0A2C,
0A8D,
0988,
0941,
0A3B,
0A2B,
0875,
06D0,
0575,
0540,
06D6,
08C1,
0AB7,
0C72,
0DB9,
0E81,
0EAD,
0E0D,
0C11,
0A7A,
0AAC,
0A8C,
08B9,
06C8,
05A5,
047C,
02BE,
00F5,
FEF7,
FE33,
0101,
0509,
0872,
0C04,
108E,
14CF,
16D2,
17BD,
187F,
18CE,
1838,
172F,
1613,
1549,
16C1,
1920,
196E,
18CF,
19C3,
1B34,
1958,
15F2,
16D5,
1A70,
1CBD,
1E4C,
20B2,
238E,
2543,
25F7,
263F,
2608,
24EC,
22F8,
1EDB,
18C5,
1630,
1749,
16F1,
14E2,
1582,
1944,
1ACB,
195E,
1806,
16F6,
16CC,
17E8,
1892,
1867,
1805,
175D,
1734,
1803,
1840,
1740,
1651,
1606,
14F7,
121A,
0FEA,
0FAF,
104F,
11BB,
137C,
1544,
1719,
1908,
1A73,
1A23,
1A63,
1DCF,
217E,
22D8,
23D4,
260A,
2868,
2A28,
2B6B,
2B88,
2B99,
2DCB,
3075,
3139,
313F,
3270,
3350,
2FD0,
2AA2,
2985,
2A54,
2929,
2749,
27B2,
2958,
29BC,
294E,
2814,
266F,
275D,
2A07,
2983,
26A3,
267D,
2889,
2857,
2633,
2714,
2ABF,
2A61,
25E4,
2210,
1F1D,
1C39,
1971,
17B1,
171B,
1817,
1AED,
1D8B,
1F8E,
2146,
2289,
2449,
2712,
283F,
26AA,
250C,
2411,
23A1,
2400,
24EE,
26AE,
27F0,
27F7,
2718,
248F,
231F,
253B,
27B4,
2874,
29E4,
2E15,
3288,
3560,
37DC,
3AEE,
3D6E,
3E78,
3DA3,
385F,
3265,
30F6,
30EF,
2F31,
2D5C,
2DD7,
2ED3,
2CEB,
2A12,
2985,
29F6,
293F,
284E,
28FF,
2AE0,
2F0C,
3400,
32F1,
2E28,
2CE4,
2DB1,
2B3B,
26BE,
2661,
2928,
2A08,
2960,
2954,
29C7,
28CD,
268B,
278D,
2BD5,
2F4F,
31CE,
31D3,
2F09,
2C14,
2933,
265E,
23AB,
218A,
201E,
1F60,
1F92,
1EBB,
1BF6,
1A85,
1B97,
1C9C,
1D1B,
1C44,
1917,
15FB,
13D6,
1217,
1048,
10E6,
16E7,
1C05,
1BDA,
1B3B,
1C91,
1E3F,
2016,
2120,
1FC5,
1DF1,
1D44,
1C87,
19F1,
1867,
1D0A,
2270,
21DB,
1F05,
1C85,
1A25,
18AA,
17C5,
174A,
174C,
17D6,
1908,
1B02,
1E33,
268C,
30DF,
32AB,
2FAC,
3150,
3566,
3661,
3570,
3608,
37B1,
396B,
3B2C,
3D66,
3FC4,
3D18,
360A,
31A4,
2FE3,
2F6C,
3052,
31E2,
3402,
37F3,
3DE2,
40A9,
3F8F,
3D05,
38DA,
37E3,
3BA4,
3DD6,
3D38,
3BAF,
3958,
35BA,
3088,
2AA8,
238D,
2069,
2505,
284F,
2610,
2430,
250F,
259F,
2422,
239B,
2612,
2968,
2DCE,
2F9F,
29A4,
2315,
21B7,
213C,
1ECF,
1CC5,
1DAD,
1ED2,
1C8D,
1A4E,
1BE1,
1FDC,
2794,
2FAC,
3167,
3087,
3190,
32D7,
31BE,
3001,
3255,
35DD,
3206,
2B3A,
2D5F,
34A5,
3987,
3CE6,
3EAE,
3F0F,
3E23,
3C35,
3BE4,
3C93,
38AF,
3137,
2DA8,
2D98,
2E99,
3096,
3067,
2DF1,
2CE5,
2D63,
2C05,
289D,
233D,
1B8E,
17B9,
190A,
1A5B,
1B05,
1C36,
1DF7,
2074,
2455,
2456,
1D89,
1998,
1C41,
1EEF,
1F83,
21DD,
2824,
2D9C,
306B,
3089,
2BEC,
27D1,
27E4,
2846,
26D7,
2632,
293F,
2B00,
269E,
204E,
19D2,
1433,
1203,
1144,
10CE,
10BD,
1177,
1178,
0C50,
06DC,
09B7,
0FC8,
12DA,
14F1,
188C,
1BEE,
19D6,
15A2,
1832,
1DC1,
1E46,
1B98,
179A,
128A,
0D98,
08F0,
077A,
0821,
044B,
FD46,
F9C4,
F93F,
FAD7,
FE50,
FFE1,
FF9C,
007A,
0267,
055D,
095F,
0973,
0502,
0162,
FF14,
FC10,
F843,
F2FD,
EB92,
E7E9,
E9E4,
EB14,
E9C4,
EA76,
EE9B,
F244,
F46F,
F4CD,
F25C,
EF53,
EC93,
E864,
E10E,
DB2A,
D970,
D92E,
D978,
DAF2,
DE48,
E19C,
E3E5,
E377,
DBAA,
E36C,
DFF2,
DAFD,
D515,
CFA2,
CC76,
CB21,
CC36,
CF23,
D4F5,
DA92,
D973,
D539,
D117,
CCDF,
C841,
C4F2,
C9B7,
D24A,
D627,
D721,
D5B5,
D287,
CDD6,
C907,
CC95,
D5A4,
DB17,
DDC6,
DC39,
D77D,
D581,
D602,
DBC7,
E602,
E922,
E5A7,
E357,
E244,
E69B,
F0BC,
F543,
F343,
F214,
F211,
F5F3,
FF06,
0297,
FE0C,
FCB0,
00E7,
04E2,
0813,
0860,
03C2,
0286,
08D9,
0B56,
04AE,
FFEB,
0213,
02C6,
FE43,
F975,
F646,
F349,
F07B,
ECCB,
E693,
E113,
DF75,
DDB9,
D81B,
D332,
D382,
D4CA,
D2F1,
D1BA,
D572,
DAAB,
DDEE,
E157,
E7A2,
EEA6,
F3CB,
F7D8,
FB5D,
FDBD,
FD82,
FB27,
F623,
EF63,
E868,
E16D,
DAF1,
D5B9,
D60B,
DA74,
E0BA,
E86A,
F0C3,
F8C5,
F892,
F1C9,
E987,
E04A,
DB3E,
DA38,
E13A,
EF6E,
F411,
EF12,
E832,
DF85,
DE87,
E655,
EBAC,
EDC0,
EAA3,
E0B7,
DF49,
EA64,
EE55,
E647,
E225,
E5AC,
E84D,
E85B,
E76C,
E4FF,
E456,
E79E,
E923,
E5C1,
E3BE,
E67B,
E862,
E65E,
E4B5,
E5C5,
E6D8,
E681,
E5EF,
E581,
E565,
E649,
E6E6,
E588,
E453,
E5E2,
E779,
E5AE,
E3A5,
E56C,
E7B4,
E5DC,
E347,
E4FC,
E7AD,
E602,
E322,
E49B,
E77E,
E61B,
E320,
E44A,
E737,
E627,
E333,
E40B,
E6E3,
E623,
E34E,
E3D9,
E68D,
E618,
E36F,
E3B4,
E636,
E614,
E3BF,
E378,
E50E,
E5AE,
E554,
E585,
E667,
E31E,
DAF1,
DDEF,
EE8E,
F580,
EFA8,
E489,
D302,
CD06,
D861,
E2FB,
E97A,
EFC0,
F668,
F8B6,
F443,
ED6D,
E484,
DCA6,
D7D9,
D3AC,
CEE1,
CD54,
D26C,
D7F6,
DA1B,
DDC3,
E6CF,
EEFA,
F114,
F2C5,
F8A3,
FD56,
FB91,
F8A7,
F9A9,
FA2A,
F534,
EF2D,
ED34,
EBA7,
E5EA,
DF5A,
DCB6,
DB2C,
D68F,
D151,
CFA5,
CF6B,
CCDB,
C9AA,
C967,
CA9C,
CA0C,
C8D3,
C9ED,
CC64,
CD70,
CDC2,
CFC1,
D2DE,
D4C8,
D5E5,
D88D,
DC61,
DE77,
DF1D,
E218,
E728,
E98B,
E952,
EAB7,
EDC8,
F220,
F7FD,
F7BD,
EFEE,
F0CA,
FD43,
03C4,
0182,
FD14,
F606,
F62C,
01FE,
0984,
0837,
0533,
012F,
FD75,
FA30,
FB49,
04E6,
0BC3,
0A12,
0654,
0208,
FD47,
F7A0,
F4F2,
F9CC,
FF9B,
02C8,
0461,
03E9,
0138,
FA68,
F338,
EF3B,
ED21,
ED43,
EF0B,
F2F0,
F722,
F917,
F95A,
F704,
F2F8,
ED8C,
E793,
E297,
DEAC,
DD51,
DDC5,
DF72,
E20D,
E529,
E854,
E9D8,
E9FA,
E88F,
E5C9,
E1AD,
DC92,
D7D4,
D378,
CF7F,
CC18,
CBE2,
CE76,
CEE7,
CD74,
D0DF,
D8EF,
DBC4,
D904,
D8AB,
DB16,
DCB0,
DD76,
D94B,
CED8,
CA2F,
CE13,
CE23,
C7E2,
C221,
BD9F,
BC5F,
C002,
C3C2,
C6A1,
C78A,
C4A8,
C407,
C8A9,
CE53,
D49C,
D83E,
D5FF,
D2C1,
D040,
CEE8,
D05D,
D220,
D356,
D27E,
CC81,
C5A7,
C0D5,
BD90,
BCFC,
BE09,
C11F,
C3D0,
C1C7,
BE4D,
BC29,
BAFD,
BB68,
BD7A,
C32B,
CA16,
CDFD,
D023,
D0FF,
D0CB,
CF48,
CD6D,
CE8D,
D18E,
D4DD,
D86F,
DC84,
E05F,
DF50,
DAB4,
D7BE,
D5D4,
D1AC,
CC0C,
CB0E,
CE02,
CFD0,
D089,
D052,
CF18,
CE63,
CE47,
CA84,
C2C3,
BE9E,
BEE9,
BFBC,
C0E5,
C230,
C349,
C6D0,
CDCA,
D274,
D342,
D2D0,
D112,
D007,
D08E,
D1A4,
D373,
D470,
D311,
D44F,
DB6B,
E2CA,
E866,
EC5A,
ED81,
ED83,
ECA7,
EC40,
EE6A,
EF9A,
EC6B,
E86F,
E5BD,
E406,
E3E9,
E540,
E94C,
ED8D,
EEA6,
EE79,
EDFD,
ED7D,
EE24,
EF33,
F070,
F0F6,
EDE9,
E8F0,
E3CB,
DEBC,
DAE2,
D86A,
DA16,
DE02,
DE92,
DD5B,
DE3B,
E04F,
E096,
DFEA,
E258,
E705,
EB04,
EE53,
EF20,
EDAD,
EC53,
EB12,
E86D,
E490,
E3AC,
E5E1,
E812,
EA28,
EA88,
E8DA,
E865,
E9A3,
EA57,
EA14,
EBF8,
F0C7,
F674,
FCE7,
0291,
0701,
093F,
0839,
073E,
0780,
0757,
0628,
0562,
058E,
06DF,
0A33,
0D5F,
0F7C,
0FE1,
0CB9,
0996,
08DF,
092D,
0A8E,
0C18,
0C8F,
0D79,
107E,
143C,
181A,
1B75,
1D15,
1D55,
1B87,
18B5,
1599,
1304,
13E5,
1606,
15B3,
14AF,
162A,
1872,
17EE,
1619,
1681,
178D,
14BE,
0F76,
099A,
03A2,
0144,
018E,
0122,
0075,
0237,
05C3,
0643,
0440,
0403,
0559,
06FB,
08E2,
0960,
085F,
0851,
0965,
0858,
04CC,
0333,
0416,
06AE,
0B40,
0F19,
11A5,
1355,
13FE,
13E5,
12FB,
11AF,
101C,
0E3C,
0C02,
09D6,
080D,
059E,
01C0,
FE37,
FBA2,
FA82,
FBCD,
FE39,
01B8,
04D1,
05CD,
06BA,
094F,
0B54,
0AC5,
0925,
0661,
049C,
07A3,
0BDB,
0DC7,
0F20,
118D,
135B,
10E3,
0D6B,
0DE7,
102B,
1212,
1447,
17A4,
1BD7,
217B,
2767,
29A2,
29CC,
2C60,
2F9B,
2D16,
26FE,
23DD,
22B8,
21D9,
2144,
1FCF,
1DBB,
1D40,
1E0D,
1CD3,
19D2,
18CE,
19B3,
18C0,
15F4,
1457,
1405,
15EF,
1A5A,
1D8E,
1F01,
206A,
21FA,
21CF,
1F6F,
1C1D,
17D2,
1425,
117D,
10D7,
1324,
15E3,
1882,
1AA7,
1BE2,
1C78,
1C1B,
1C08,
1D24,
1E00,
1DDC,
1D7C,
1D2A,
1CB0,
1C04,
1AE7,
1828,
170A,
1C23,
2196,
21B2,
210A,
236F,
265D,
281E,
28E9,
27BB,
25CE,
24BF,
23DD,
21F1,
2065,
2323,
2727,
25FD,
22E3,
23C5,
269E,
28B7,
2A65,
2B3A,
2B8E,
2DC7,
308A,
2CDE,
24F4,
20B1,
1F20,
1DA9,
1C99,
1DF5,
215C,
24A5,
27BE,
29B2,
2A75,
2AB1,
2A6C,
2820,
23AF,
2197,
2255,
2284,
21E1,
20A1,
1E9A,
1CF9,
1BFF,
1B00,
19F4,
1852,
15BE,
139F,
1247,
1224,
138C,
1694,
1BDA,
213C,
25FE,
29A2,
2B10,
2CB3,
308E,
3275,
2E9E,
2B29,
2C6A,
2E4A,
2E6E,
2EF4,
3193,
3495,
3766,
3892,
3444,
2F61,
2FAC,
31B1,
32D7,
342B,
36DD,
39CD,
3B6E,
3C29,
3BCA,
3AAB,
3A0B,
38B5,
31DB,
28EF,
2720,
28FA,
271E,
237B,
21F2,
21CE,
2220,
22EA,
23B5,
24A0,
26E8,
2A34,
2CD9,
2ED9,
3017,
308C,
2E97,
2A69,
2876,
28D9,
2960,
2A05,
2A61,
2A57,
2AD8,
2C0A,
2C8F,
2C28,
2BE4,
2BE3,
2C43,
2D51,
2CB5,
29B2,
250B,
1E32,
18DA,
16B3,
1530,
1376,
13E3,
1893,
1B9C,
1955,
16F7,
16C5,
16F1,
1754,
16C4,
137A,
106F,
0FE9,
1026,
0FF1,
10FD,
15B5,
1B3E,
1F81,
226E,
21E8,
20AB,
22AF,
24E5,
22EF,
1FD6,
1FBD,
2081,
1EA4,
1C9A,
201C,
25BD,
273C,
2659,
23CF,
2089,
2035,
21B8,
22A5,
238E,
2616,
29DE,
2E97,
33EF,
38A2,
3C8C,
3D20,
3ADE,
3928,
37F7,
37A4,
3830,
382F,
3798,
3829,
39F3,
3A04,
381E,
3521,
30F3,
2E7C,
2E41,
3004,
343C,
3769,
3886,
3A72,
3E27,
3F53,
3C09,
39B5,
3A33,
3AC0,
3AFB,
39EE,
36A9,
329F,
2E2C,
294C,
2372,
1F67,
1FAA,
217B,
2468,
2676,
24C3,
22FC,
2407,
258E,
25E0,
2683,
29E4,
2C60,
28AE,
2317,
1F3B,
1C6D,
1B74,
1BC9,
1D74,
1FD2,
218C,
233B,
255E,
283D,
2E61,
3591,
3835,
37EB,
35D1,
32A3,
31E2,
32AC,
3327,
337F,
332F,
328F,
3403,
3718,
3B4B,
402A,
4069,
3C7D,
3921,
364C,
330B,
2F75,
2B45,
2681,
23AF,
2303,
24A2,
28EC,
29BD,
25C6,
22E2,
2213,
1FC1,
1B21,
16D1,
1306,
1256,
1675,
1A8B,
1D38,
1F6E,
2122,
21F9,
21A1,
2041,
1CD7,
1BBE,
2093,
25F6,
2955,
2C57,
2FF0,
31A6,
2EA1,
2A34,
25C8,
226F,
22D3,
2410,
241B,
2333,
20AD,
1CA3,
1556,
0DF4,
0B8F,
0BAB,
0D24,
0F1C,
0F37,
0E41,
0BCC,
0924,
0987,
0C16,
120B,
1950,
1ADF,
18EA,
1715,
1547,
1564,
16B2,
1775,
176F,
11F0,
0862,
031E,
016E,
0074,
002B,
FD9F,
F908,
F697,
F657,
F9B0,
00CE,
03AD,
0179,
013C,
0395,
0597,
0746,
04B7,
FC74,
F637,
F3DF,
F0E5,
EC88,
E80C,
E31C,
E1C7,
E6BD,
EA9C,
EA5B,
EB0C,
EEFD,
F17E,
F080,
ED52,
E72C,
E140,
DE14,
DACC,
D515,
D1A0,
D546,
DABD,
E04D,
DB18,
DBB6,
DCBA,
DF86,
E117,
DC50,
D592,
D052,
CC40,
CA76,
CAA8,
CE09,
D2D2,
D6EF,
D9BA,
D72A,
D1E0,
CD4D,
C97F,
C85A,
C974,
CEC5,
D623,
D810,
D658,
D31C,
CEFA,
CD83,
CE60,
D3D1,
DC8B,
DF5C,
DD51,
DA9B,
D770,
D933,
DF98,
E554,
EA53,
EA88,
E5A3,
E5C9,
EBD2,
F173,
F66E,
F7A2,
F3D8,
F455,
FB3D,
0017,
0160,
0169,
FFCF,
00C8,
06B4,
098D,
05EC,
0399,
0592,
06D9,
05DC,
03C6,
002C,
FD50,
FD64,
FBE7,
F533,
EF2B,
EE53,
ECCC,
E5DF,
DF39,
DD86,
DC4C,
D7C1,
D384,
D2F3,
D39C,
D374,
D3F1,
D6BD,
DACA,
DF7B,
E4AE,
EA30,
EFC5,
F55F,
FA49,
FC9C,
FD07,
FC1B,
F997,
F3A9,
EBBC,
E49B,
DE35,
D8EA,
D543,
D730,
DD4D,
E4E0,
ED5E,
F41E,
F8D6,
F617,
ED24,
E439,
DBAF,
DA42,
DF8C,
E7AC,
F256,
F342,
E9CF,
E2B2,
DE7E,
E108,
EBBD,
EF1F,
E87E,
E3DE,
E2A5,
E481,
EADE,
EC13,
E449,
E126,
E775,
EACD,
E6EF,
E441,
E57A,
E6D8,
E78F,
E75E,
E530,
E437,
E715,
E8C7,
E586,
E336,
E65A,
E8DF,
E5E3,
E336,
E5C1,
E849,
E613,
E3A7,
E55F,
E77A,
E611,
E42F,
E52B,
E6AE,
E5EB,
E4A6,
E516,
E5FF,
E5B1,
E500,
E516,
E576,
E56F,
E53C,
E51E,
E50D,
E52A,
E559,
E525,
E4C1,
E4E9,
E563,
E531,
E492,
E4B2,
E559,
E535,
E477,
E48A,
E54E,
E4F6,
E39C,
E47C,
E78A,
E6EE,
E285,
DF94,
DE30,
E3DE,
F21D,
F4F1,
E8F1,
DC5C,
CFDC,
CEED,
DEB8,
EA82,
ED2E,
F0EA,
F870,
F96A,
EEF5,
E533,
E04C,
DB0C,
D393,
CEB5,
CF40,
D193,
D4A3,
D8D8,
DE74,
E490,
EAEC,
F08C,
F42F,
F713,
FA28,
FC0C,
FAF8,
F8F4,
F7F6,
F655,
F20B,
ED21,
EA16,
E72E,
E22F,
DCDD,
D9D5,
D78C,
D3BC,
CFC3,
CE18,
CD75,
CB8C,
C96C,
C966,
CA7B,
CA70,
CA08,
CB4D,
CD93,
CEEB,
CFCE,
D1F7,
D4FA,
D730,
D8DA,
DB1A,
DDCF,
E0B6,
E3C4,
E5B7,
E6AB,
E8FB,
EC9A,
EFF8,
F31B,
F2EF,
EEF4,
F1DD,
FD4C,
0154,
FB80,
F77F,
F68C,
F9D3,
031A,
07F5,
0552,
01AA,
FDA1,
FB8A,
FCB5,
003D,
077C,
0B66,
07E7,
0320,
FE8E,
FACF,
F893,
F8F8,
FE84,
03BD,
0548,
04D1,
0209,
FDAA,
F708,
F12C,
EF7A,
EFCD,
F1AD,
F489,
F85D,
FB90,
FB67,
F94F,
F5A4,
F0E7,
EB49,
E5CB,
E2A7,
E11E,
E12C,
E27C,
E50F,
E83F,
EAAE,
EC59,
EC5E,
EAFE,
E817,
E3FB,
DEFF,
D989,
D57C,
D29B,
D055,
CECA,
CED2,
D041,
D34C,
D7A4,
D933,
D82B,
DA21,
DEEB,
DF66,
DB61,
D786,
D3FD,
D207,
D21C,
CED5,
C730,
C1EF,
C022,
C015,
C216,
C364,
C332,
C2C9,
C1DE,
C3D9,
CADC,
D0AB,
D325,
D3FB,
D2B9,
D179,
D11B,
D1C0,
D4AA,
D625,
D394,
CF9A,
CAB2,
C5FF,
C271,
C05F,
C175,
C2CE,
C1F0,
C020,
BD3C,
BA5F,
B886,
B834,
BB91,
C06B,
C4C9,
C8AB,
CAFB,
CC32,
CBE5,
CB13,
CB84,
CCEB,
D01E,
D44D,
D878,
DC31,
DD3D,
DC60,
DAB8,
D83A,
D398,
CE05,
CE36,
D246,
D1FA,
CEB7,
CFC4,
D3F1,
D434,
D118,
CC15,
C56A,
C3A8,
C6C3,
C54F,
BF15,
BE9B,
C483,
C9D8,
CE2B,
D0CC,
D14C,
D123,
D047,
D0AF,
D33A,
D311,
CE74,
CC17,
CDCB,
D176,
D783,
DCED,
E08F,
E2AF,
E256,
E302,
E708,
EA0F,
EA06,
E889,
E54E,
E239,
E072,
E02D,
E2E5,
E5EE,
E752,
E817,
E833,
E84E,
E91D,
EA7A,
ED3F,
EFB3,
EFAB,
EDE6,
E993,
E448,
DFE0,
DC7F,
DC5C,
DD7E,
DC65,
DAA3,
DAA0,
DB56,
DA4F,
D90D,
DC15,
E187,
E5F2,
E977,
E9B1,
E7CB,
E984,
ED21,
E84E,
DDCA,
DD8B,
E531,
E6FE,
E3FE,
E260,
E1F4,
E288,
E425,
E3DE,
E1AA,
E271,
E671,
ED20,
F6C8,
FC74,
FCE8,
FD73,
FE8F,
0046,
0314,
0411,
0240,
00F6,
00CE,
0298,
07AD,
0A84,
08B9,
059D,
014F,
FE76,
FF31,
FFF0,
FF18,
FE59,
FDDF,
FF30,
043E,
0A66,
1100,
1617,
16CD,
15F9,
14D8,
13C7,
13B6,
143C,
1597,
172A,
1844,
191C,
1983,
19FC,
1BE6,
1DF5,
1EC4,
1DE3,
17AA,
0F8A,
0CC5,
0C4A,
0847,
0380,
0602,
0BDF,
09A2,
0322,
0231,
04D5,
0841,
0C1F,
0C20,
095E,
0A34,
0DA8,
0D9A,
0AAA,
0884,
071F,
0873,
0C64,
0E25,
0D93,
0CB2,
0B80,
0B92,
0D2F,
0D7E,
0C16,
0AEE,
0A32,
0A1F,
0B21,
09D7,
0522,
0026,
FB09,
F95A,
FD63,
0100,
0235,
0339,
044C,
05A7,
07AE,
0950,
0A0A,
09F4,
0849,
079A,
0A6A,
0CEF,
0CBD,
0B6E,
0917,
0699,
049D,
037E,
045E,
05FE,
0715,
08DE,
0D6A,
1262,
145D,
15DB,
1AD1,
1FF1,
1FA3,
1D06,
1BA5,
1ACD,
1ACB,
1B2E,
1A89,
19C2,
1C4A,
2010,
1E2F,
194A,
1909,
1B83,
1BD8,
1AC5,
1896,
15D6,
16F9,
1B43,
1FC1,
2460,
277D,
291E,
2A59,
2B23,
2A39,
27A0,
2486,
20FC,
1E69,
1D05,
1BF3,
1B3E,
19B2,
16D7,
16A1,
1A3F,
1C4A,
1B70,
1AAF,
1A73,
1ACB,
1C06,
1D49,
1E6A,
1EF5,
1E29,
1ECE,
22D8,
2651,
275A,
277A,
26B2,
25FB,
2623,
268C,
2733,
27A7,
276D,
26F1,
26B4,
25B1,
225B,
1E65,
1AE3,
1835,
180A,
1893,
1742,
1628,
18EE,
1C51,
1A77,
1724,
183B,
1AFE,
1B51,
1AE9,
1CBD,
1FB0,
227E,
24EE,
24B8,
22FF,
2321,
245D,
252A,
25A9,
2569,
24A4,
2521,
2682,
2700,
26A9,
24F1,
21FC,
1F03,
1C13,
1A85,
1A6D,
186E,
1457,
131B,
1537,
17D9,
1AD5,
1E2A,
21C7,
24F8,
279A,
28CB,
2824,
267B,
239E,
21F5,
2297,
236F,
242A,
2419,
225E,
217C,
22EC,
2413,
23BC,
232F,
22D6,
225C,
2138,
212E,
2426,
278A,
2950,
2BCB,
31CB,
3707,
36A2,
351A,
36A5,
37E9,
352A,
315B,
2F43,
2E01,
2D91,
2DC2,
2E77,
2F9A,
317E,
3358,
32C7,
3131,
30F6,
3199,
337C,
3600,
375C,
37F1,
3881,
38C7,
37B7,
358A,
321C,
2DC4,
29B7,
2617,
2568,
2730,
276D,
264E,
257D,
24F1,
246E,
23F9,
237F,
22FA,
23D7,
263D,
285F,
2A16,
2A7B,
2940,
275D,
24BC,
2398,
24C4,
25AD,
25AD,
2663,
2889,
294D,
275A,
2592,
250F,
23EE,
213D,
1F12,
1F14,
1D4E,
1669,
1076,
0F3B,
0F60,
0FB8,
10EC,
13C8,
166A,
16F8,
16B6,
15C6,
1515,
162E,
17BA,
188A,
1926,
1985,
1A40,
1C8D,
1FD2,
2431,
28D4,
2C70,
2EE1,
2E6D,
2C38,
29BE,
2713,
2541,
23E5,
21E4,
1FC6,
1F01,
1F63,
2205,
260D,
2778,
26ED,
2591,
23AB,
23F1,
2622,
28F1,
2C5A,
3034,
3468,
3916,
3E21,
4199,
435F,
4265,
3E6A,
3BA3,
3A99,
39D4,
3947,
394D,
3A1A,
39C7,
37BA,
35BF,
3449,
3201,
2DEF,
2D32,
3289,
3787,
3A13,
3BCF,
3CCC,
3CB6,
3B22,
38C5,
3576,
32E0,
32A4,
32B3,
3277,
30CC,
2B73,
25C5,
2208,
1F9D,
1F03,
1FE3,
2309,
267A,
27BE,
27E9,
26AB,
257E,
277C,
2A52,
2B53,
2B0E,
28CA,
2550,
2102,
1CE4,
1C20,
1DA2,
2144,
25EE,
2753,
26FF,
28C0,
2BCE,
2FA9,
33D2,
357F,
351F,
3256,
2DCB,
2C99,
2E36,
2FA1,
30EB,
312D,
3075,
325E,
36D8,
39EE,
3B70,
39C4,
3499,
2F26,
29A4,
2642,
25CB,
23AF,
1EC4,
1D49,
2106,
23F1,
24E9,
23C3,
1F7E,
1B86,
1901,
167A,
136C,
1188,
1155,
1400,
1BF4,
2251,
2298,
21FA,
22A1,
22C6,
2132,
2007,
20A0,
2308,
2963,
2F3D,
3009,
2EB6,
2C8A,
2930,
239C,
1E27,
1C5E,
1C5D,
1E17,
1F5C,
1AD9,
13FC,
0EAA,
0A35,
065E,
0407,
079E,
0DDA,
0EFC,
0D67,
0C14,
0B13,
0C4A,
0F37,
14B2,
1B75,
1CB7,
19D1,
1607,
1196,
111D,
13C4,
1308,
0F44,
0922,
00E2,
FB5F,
F8B4,
F872,
FAC5,
F91B,
F2B1,
F170,
F689,
FB91,
0017,
01A7,
FF13,
FDB6,
FECB,
FF18,
FE65,
FA14,
EFE4,
E906,
E998,
E8B7,
E2D5,
DEFF,
E00A,
E30D,
E862,
EC36,
EB56,
EA72,
ECBD,
ED03,
E719,
E010,
DA1C,
D653,
D82E,
D3A5,
D22C,
D161,
D215,
D410,
D9DB,
DF33,
DE3C,
DAB4,
D86F,
D58D,
CED6,
C7D7,
C7B9,
CAFF,
CE87,
D254,
D63E,
D932,
D6B5,
D107,
CBCF,
C763,
C839,
CCA9,
D21D,
D7F4,
D9D7,
D888,
D41B,
CD93,
CDE3,
D3D8,
D9EB,
DFEF,
E1B1,
DF66,
DC86,
D926,
DCB6,
E79F,
ED43,
ECA7,
EB25,
E8AB,
EAB6,
F2AC,
F860,
FA8B,
FA55,
F6B0,
F800,
01D9,
06F4,
0293,
0023,
0317,
061F,
0861,
0876,
0433,
01A7,
04DB,
0633,
0107,
FC04,
FAD2,
F978,
F5F4,
F1A0,
EC5C,
E7A0,
E58D,
E326,
DCC9,
D6EF,
D6A8,
D745,
D358,
CFC2,
D2B7,
D795,
D89C,
D990,
DFF8,
E822,
ECB9,
F01B,
F5F9,
FC09,
FDA4,
FC79,
FAA7,
F7A5,
F141,
E8E4,
E17D,
DB23,
D742,
D5D7,
D8F5,
DFAE,
E83B,
F1D4,
F6BF,
F761,
F270,
E8B8,
E020,
D8F4,
DAD9,
E5AB,
EDB4,
F288,
EFD4,
E4B6,
DF14,
E06E,
E538,
EE4A,
EF14,
E3DA,
DF55,
E607,
EA41,
E94D,
E745,
E400,
E37A,
E86D,
EA7C,
E582,
E2B5,
E682,
E911,
E6AB,
E4A9,
E584,
E68E,
E6DE,
E6A9,
E555,
E498,
E67F,
E7E3,
E586,
E375,
E5EE,
E85B,
E5CB,
E2FB,
E564,
E850,
E602,
E2EC,
E4F4,
E7F9,
E61D,
E313,
E4A3,
E782,
E620,
E353,
E46E,
E702,
E60F,
E397,
E44E,
E688,
E5EE,
E3D3,
E43A,
E616,
E5C4,
E409,
E434,
E5B1,
E59A,
E44A,
E43E,
E53D,
E51C,
E3F1,
E4DB,
E7D0,
E650,
E024,
DE5D,
E16E,
E8A4,
F4E4,
F377,
E052,
D37F,
D06E,
D52B,
E40A,
EECC,
F143,
F3AA,
F81B,
F658,
EA00,
DF97,
DBF7,
D7FD,
D0DA,
CCFD,
D02D,
D48F,
D7A2,
DBE1,
E2C5,
E99D,
EEC4,
F317,
F694,
F93C,
FB0D,
FBA5,
FA0E,
F7AC,
F5EE,
F394,
EEEA,
E9D2,
E6BC,
E3E3,
DEDB,
D997,
D712,
D56B,
D1AB,
CDA3,
CC9E,
CCD9,
CAFD,
C8A0,
C93C,
CB4E,
CB42,
CA62,
CC1A,
CF4D,
D092,
D0D1,
D368,
D783,
D926,
D920,
DC67,
E230,
E409,
E2A2,
E535,
EB5A,
EF17,
F07F,
EF6F,
EBC2,
EFEB,
FD08,
00C8,
F90E,
F416,
F314,
F81B,
0559,
0A7F,
0318,
FD34,
FB68,
FB0A,
FC0A,
0052,
0A55,
0E97,
0705,
FFA7,
FC74,
FA3D,
F833,
F98B,
021D,
08CE,
07AF,
048E,
018F,
FD46,
F5D0,
EFEC,
F08F,
F333,
F564,
F813,
FC77,
FFBF,
FDD6,
F9AF,
F541,
F032,
E9DC,
E3FA,
E1E2,
E1F1,
E323,
E560,
E8F6,
ECDF,
EEC6,
EF3E,
EE72,
EC67,
E86E,
E32D,
DDDF,
D8BC,
D5AF,
D422,
D169,
CE61,
D07F,
D663,
D90E,
D935,
DA37,
DBD2,
DF78,
E4CF,
E11F,
D4A3,
D203,
D9D9,
D91C,
CEAC,
C640,
C07E,
BFA2,
C4DB,
C749,
C560,
C29A,
BEB7,
BEE6,
C533,
CBE9,
D26A,
D4ED,
D088,
CD5A,
CE29,
D042,
D3E9,
D68F,
D72D,
D462,
CB18,
C312,
C125,
C142,
C2C9,
C48F,
C5FE,
C561,
BF0A,
B8C2,
B77C,
B860,
BA98,
BE28,
C413,
C983,
C9D0,
C84C,
C7B5,
C76E,
C715,
C7B0,
CC5E,
D2A2,
D6C9,
D9BF,
DC21,
DD63,
DB34,
D6F6,
D288,
CE73,
CEE4,
D204,
D1D7,
CFE9,
D24B,
D733,
D731,
D35E,
CD2C,
C53F,
C3B2,
C790,
C498,
BBAF,
BCE8,
C7E7,
CDC9,
CE28,
CE69,
CE99,
CF0F,
CFEC,
D0B9,
D1A7,
CF03,
C763,
C5C8,
CD22,
D40D,
D8FC,
DCDF,
DF4B,
E11D,
E220,
E4D1,
EB40,
EEBF,
EBFA,
E7B0,
E2A1,
DED5,
DE06,
DF1B,
E30F,
E629,
E53E,
E3D0,
E345,
E406,
E7EC,
EC11,
EEAC,
EF32,
EB0C,
E568,
E09B,
DCD0,
DBF0,
DC67,
DD58,
DE10,
DC76,
D9E4,
D743,
D538,
D5F2,
D898,
DDDC,
E3E5,
E50C,
E3CC,
E60E,
E958,
E581,
DDEE,
DD2C,
E0A3,
E1EE,
E1CA,
E069,
DE24,
DE57,
E06D,
DF52,
DBBF,
DC37,
E063,
E5BF,
EC2E,
F0D1,
F378,
F63B,
F925,
FB22,
FC2F,
FAE6,
F6BA,
F602,
FA14,
FE26,
01B4,
03E1,
041A,
0341,
0113,
0013,
019A,
01F9,
FFA6,
FDBA,
FCFF,
FE22,
024C,
074B,
0CD7,
10B0,
1091,
0F36,
0D2C,
0BFE,
0DD2,
0FF4,
10BB,
10E7,
1001,
0FA8,
1205,
1552,
18F1,
1BBF,
1B73,
195D,
1584,
1131,
0EAF,
0D0D,
0BAF,
0AC4,
0B1A,
0B91,
0822,
03EB,
074B,
0E43,
10B1,
10B2,
11BE,
12E7,
1175,
0E43,
0AD1,
076C,
0707,
08F9,
0AEA,
0CDC,
0D76,
0CE9,
0D5E,
0EB4,
0EB1,
0D67,
0DA3,
0F6E,
105B,
1052,
0EC3,
0B83,
08A0,
0660,
045E,
02A9,
0143,
0036,
FF8C,
FF45,
FFC3,
0166,
0239,
0174,
0072,
FF43,
FF36,
015B,
037D,
04CF,
05BD,
065D,
05D6,
02B2,
00B3,
0301,
057F,
056E,
05B1,
0830,
0B7F,
0F0C,
1304,
1831,
1C70,
1C9D,
1B2F,
19C5,
1855,
17BA,
1744,
15D5,
1472,
153D,
1691,
1513,
12F0,
14D8,
183F,
183A,
1675,
14E1,
1399,
143C,
1639,
18C9,
1BBC,
1E28,
2012,
210B,
2134,
2088,
1F3C,
1F4F,
2081,
20A9,
1FE2,
1F23,
1E72,
1DB0,
1CE6,
1D61,
1F32,
2214,
261A,
284A,
281E,
27A3,
2714,
2561,
221B,
209A,
21F4,
22DC,
2275,
22D9,
24BB,
2651,
26FF,
2795,
2838,
28E1,
29DD,
29B1,
26E0,
24BA,
259E,
25E7,
22F6,
207F,
2147,
220F,
204F,
1EDF,
2070,
21F5,
2074,
1E78,
1E0E,
1E1B,
1E1D,
1E03,
1D36,
1C6F,
1D32,
1E14,
1C7D,
1A0C,
190E,
189E,
178A,
1658,
15EE,
1605,
1649,
16CE,
180B,
19A8,
1A61,
1A91,
1B7A,
1CC2,
1CF6,
1C5C,
1C31,
1C49,
1AB9,
17E6,
1769,
190E,
1A51,
1B37,
1DA6,
2191,
23A9,
23C0,
22A1,
2034,
1F14,
1FBA,
1FDA,
1F1F,
1F49,
20D8,
20E7,
1E70,
1DEA,
20D1,
233B,
23FD,
25A6,
2956,
2BD8,
2BD1,
2AD2,
28C4,
2770,
2855,
2904,
2813,
2798,
2955,
2A08,
26AE,
2369,
2353,
23B1,
22AE,
21F5,
2319,
2493,
24A5,
2524,
286E,
2CB9,
30B6,
3460,
3740,
3920,
3897,
3700,
3678,
364B,
35DF,
3558,
34A4,
33FC,
341F,
34D6,
369B,
38C2,
389B,
36E1,
34EF,
32D8,
31CF,
3198,
317D,
3179,
31FB,
32C9,
30A7,
2BEE,
2946,
289B,
2649,
2254,
204D,
205D,
2124,
229E,
238C,
23B9,
235D,
225E,
21B6,
217B,
22CC,
267B,
279D,
2456,
21FA,
2230,
2150,
1DD9,
1BE2,
1D29,
1F69,
227C,
24D8,
2560,
24FD,
2394,
21EF,
208B,
1F32,
1DE6,
1CB1,
1BD7,
1A9D,
1810,
1533,
1208,
105A,
13AE,
184E,
1AD7,
1C5D,
1CB1,
1C31,
1AA8,
1918,
19A1,
1B30,
1D0D,
1EE0,
1EEC,
1E57,
1EF0,
20A0,
25E9,
2C98,
2DD0,
2BB0,
2A5F,
2949,
2729,
2491,
248E,
265F,
2675,
2554,
2511,
2595,
285B,
2D0D,
2E78,
2CC9,
2B67,
2A6C,
2AF1,
2D11,
3171,
3847,
3CC9,
3E36,
403E,
4361,
44B7,
43D1,
4091,
3A23,
3698,
3818,
39A2,
3A49,
3A25,
38BD,
371A,
357B,
33EA,
3269,
3175,
310C,
32E6,
39B8,
3EE3,
3D82,
3B12,
3A48,
3924,
3687,
33B8,
3178,
2FCE,
2FDD,
2F62,
2B7A,
2642,
2012,
1B2F,
1CA2,
205C,
21F7,
233F,
2692,
2989,
2650,
2106,
20D4,
2315,
25AC,
27E5,
2554,
2033,
1CD3,
1AC7,
1AB6,
1C76,
21CF,
2957,
2BAF,
2A63,
2B58,
2DF3,
318B,
35CE,
36E0,
350E,
318F,
2C9C,
2A52,
2AC9,
2D6D,
325C,
3344,
2F5D,
2F3B,
33EE,
36A4,
36A5,
33B6,
2D21,
26F5,
21D7,
1F38,
207E,
1FDF,
1AD9,
1959,
1EF8,
22EF,
2234,
1F5B,
19B9,
1534,
1455,
13E9,
1266,
1266,
15AF,
1AA8,
2249,
2785,
243F,
201F,
20EC,
2240,
20DF,
1FFF,
22F4,
2760,
2D0D,
3117,
2D20,
268D,
23AD,
217B,
1C0E,
16B0,
1881,
1CAC,
1B56,
1705,
10CE,
09E2,
0606,
047B,
0612,
09C6,
0DD4,
119E,
0F3F,
091A,
0924,
0D99,
1214,
167F,
195A,
1A8E,
169E,
0E38,
0B37,
0D37,
0D48,
0B5C,
05F6,
FCE6,
F6A1,
F3A0,
F3A4,
F728,
F784,
F34F,
F18F,
F33D,
F76D,
FF05,
0205,
FD31,
FA0C,
FB4E,
FB4C,
F8A2,
F3BE,
EB34,
E4BF,
E382,
E2CA,
E0BF,
DF48,
DE71,
E023,
E782,
ECF0,
E95E,
E5B0,
E88A,
E94E,
DE4E,
E324,
E1FC,
DF0A,
D677,
CE48,
CEA5,
D1A7,
D200,
D2A4,
D7D4,
DD8A,
DDD3,
DB38,
D702,
D1DA,
CD17,
C91E,
C7D3,
C8C6,
CDFC,
D51C,
D781,
D6C0,
D457,
D096,
CB88,
C642,
C828,
CF3F,
D4E2,
D93F,
DA25,
D80B,
D42E,
CF02,
D062,
D7DC,
DE68,
E3E2,
E457,
DF79,
DD5E,
DE84,
E39E,
ED6B,
F1FA,
EF74,
ED8A,
ECD5,
F085,
FACA,
FFE1,
FBD6,
F9BF,
FC55,
003D,
05F9,
0855,
03A1,
0131,
05C4,
0913,
078C,
04F9,
01F4,
0012,
01FD,
01E4,
FA43,
F364,
F45F,
F4A1,
ECA8,
E47F,
E332,
E28A,
DCD3,
D6D3,
D517,
D4BB,
D331,
D207,
D2CA,
D4EC,
D8A7,
DD51,
E1B2,
E65B,
ECF3,
F3F0,
F7F7,
FA2D,
FC90,
FE05,
FAA6,
F426,
EDFA,
E7CE,
E02F,
D84C,
D5AA,
D751,
DBB6,
E274,
EB13,
F4C2,
F805,
F568,
EE8B,
E3F2,
DCDB,
D97E,
DDEC,
EA6B,
F126,
F11F,
EBC8,
E03F,
DD0A,
E507,
EACB,
ECC7,
EA8D,
E230,
DFED,
E854,
EC64,
E766,
E3DD,
E495,
E625,
E898,
E8FA,
E48D,
E27C,
E785,
EA7C,
E580,
E208,
E654,
E9B2,
E624,
E301,
E59E,
E832,
E64E,
E434,
E555,
E6C8,
E624,
E52A,
E54E,
E5B7,
E5D2,
E5C4,
E560,
E4FF,
E575,
E60F,
E577,
E492,
E520,
E622,
E589,
E459,
E4D9,
E60E,
E58F,
E442,
E4A2,
E5E5,
E589,
E43D,
E47A,
E5B3,
E579,
E43B,
E465,
E5A2,
E563,
E3EA,
E40B,
E59B,
E65F,
E663,
E3D6,
DE99,
DF5F,
E6CE,
EDB2,
F408,
ED8B,
D68A,
CC7D,
D545,
DF90,
E9BB,
F15D,
F4DC,
F604,
F4F5,
EF98,
E3B4,
DA41,
D755,
D475,
CEF4,
CD17,
D2EA,
D91A,
DBE0,
DFE7,
E82E,
EFA4,
F2B5,
F519,
F926,
FC17,
FB7B,
F9C5,
F8AE,
F6F4,
F36B,
EF3D,
EB6E,
E794,
E370,
DF3F,
DB30,
D767,
D45E,
D1C2,
CF03,
CC90,
CB5F,
CADE,
C9ED,
C915,
C996,
CAD8,
CB52,
CB9C,
CD7B,
D04A,
D1FA,
D314,
D563,
D886,
DB5A,
DDF1,
DFA5,
E0B3,
E3F8,
E90E,
EBFA,
ECF1,
EC7D,
EAA3,
F063,
FE31,
FF36,
F1A6,
EE29,
F73F,
FF5B,
05B4,
0640,
FF0F,
FA0C,
F8F7,
FB0C,
0157,
070A,
0B5A,
0AF8,
02E9,
FC37,
F9F8,
F9D0,
FC03,
FFE7,
067E,
0A46,
071B,
022D,
FD12,
F7FC,
F304,
F054,
F307,
F727,
FAA9,
FD9A,
FF88,
FF9C,
FBA4,
F614,
F091,
EB51,
E719,
E444,
E47A,
E665,
E917,
EC37,
EF20,
F16F,
F1C9,
F09D,
ED9D,
E958,
E489,
DF7C,
DB69,
D810,
D4A4,
D1C9,
D33D,
D77F,
D8FE,
D8C9,
DADC,
DE77,
E1EF,
E4FE,
E159,
D815,
D7C3,
DF71,
DCD9,
D04F,
C8EA,
C709,
C723,
C960,
C8BC,
C483,
C157,
BF7A,
C20D,
CA69,
D027,
D18B,
D0F6,
CDD6,
CD2B,
D0F8,
D4D8,
D832,
D907,
D5CA,
D0DE,
C9FD,
C521,
C523,
C608,
C6E2,
C693,
C3B3,
BF85,
B961,
B4B0,
B49E,
B6B9,
BAC0,
BF4B,
C344,
C5F0,
C4EE,
C318,
C2C6,
C382,
C5E7,
C99E,
CF83,
D5C0,
D999,
DBBC,
DB93,
D9C7,
D63B,
D254,
D243,
D3F9,
D378,
D262,
D598,
DA82,
D992,
D4E4,
D004,
CAFA,
C836,
C6FC,
C24D,
BB9C,
BC99,
C3A4,
C73C,
C7EE,
C844,
C830,
C976,
CC07,
CC53,
CA55,
C70A,
C260,
C2BB,
C90F,
CE3C,
D182,
D43D,
D630,
D9CE,
DFE5,
E4FA,
E87F,
E91C,
E590,
E226,
DFE8,
DF4E,
E16C,
E387,
E4C0,
E547,
E475,
E469,
E665,
E960,
EDE5,
F131,
F10B,
EF21,
EB59,
E726,
E37B,
E0DD,
E11A,
E19F,
E023,
DDAD,
D9D5,
D614,
D43F,
D3EA,
D617,
D958,
DBFA,
DE40,
E043,
E141,
DDFD,
D944,
D8C2,
DA4F,
DB32,
DBD5,
DC2F,
DC46,
DC4D,
DC11,
D9B8,
D64E,
D5BC,
D76E,
DB4A,
E0D5,
E505,
E81C,
EBAE,
EF82,
F207,
F354,
F2EE,
F0F7,
F25E,
F744,
FB4C,
FE45,
FF5E,
FE48,
FD8A,
FD79,
FCC3,
FB52,
F8FB,
F55F,
F409,
F612,
F956,
FDD2,
01BC,
0462,
0607,
0635,
0693,
07DA,
093B,
0ABA,
0B62,
0A02,
097A,
0BAA,
0EAE,
120E,
1585,
193B,
1B78,
1A0E,
1712,
130F,
0F35,
0D95,
0C3F,
095C,
063A,
03B5,
01E5,
0182,
0233,
045D,
0714,
091B,
0A5A,
096A,
074C,
0501,
02F0,
02C7,
0408,
06FB,
0ADE,
0D24,
0E76,
1030,
120D,
131E,
13AF,
1555,
17AD,
19A0,
1B12,
19EF,
168E,
137E,
10BF,
0E18,
0B9B,
097F,
07C6,
0759,
084C,
0890,
0800,
05C3,
0175,
FF2C,
FFBA,
004C,
008C,
00E9,
016E,
018A,
0101,
005E,
FFB8,
FF2A,
FEDF,
FE2B,
FC34,
FC80,
01A5,
0690,
08D3,
0ACD,
0D7C,
0F1B,
0E02,
0CDA,
0D25,
0E97,
1260,
15E6,
1665,
1677,
184A,
1A15,
1A32,
19DB,
1A5C,
1A88,
1880,
15D9,
1429,
1366,
14E4,
177B,
19AA,
1BA4,
1D58,
1E95,
1E5A,
1D4F,
1D2D,
1D42,
1BBA,
191C,
15E1,
1259,
0FB5,
0DFC,
0E4C,
1054,
13CB,
184E,
1B2B,
1C7F,
1BDA,
196D,
17C5,
16EF,
1764,
1939,
1A9C,
1B66,
1EBA,
24FF,
28A1,
28C9,
29C9,
2C2A,
2E6B,
306E,
322A,
33A2,
33E9,
329F,
3024,
2BDD,
29FF,
2D0C,
2ED8,
2CB8,
2B30,
2C4F,
2C68,
298B,
2647,
2374,
212E,
2042,
1EF6,
1B55,
18D1,
1AB1,
1D77,
1EFD,
2016,
20EF,
2106,
1EFC,
1CBD,
1C70,
1D32,
1F42,
219A,
22BC,
22E8,
2175,
1EEF,
1B6F,
17B6,
1602,
1535,
1333,
10DC,
0FEC,
0FEC,
109D,
11BC,
127B,
12CC,
1146,
0E88,
0CD1,
0BF8,
0BC4,
0C4B,
0F4A,
144F,
17C5,
19CE,
1A57,
1977,
1C9C,
23D7,
27CB,
280B,
28B2,
2A04,
2985,
26E0,
2517,
249D,
24FB,
2653,
2859,
2B03,
2EA6,
3420,
34C6,
2D2A,
268D,
23E0,
21C2,
1FA1,
1E43,
1DFA,
1E83,
203D,
2178,
20A0,
2093,
2361,
2686,
28F6,
2A7E,
2A78,
28F2,
247F,
2070,
209F,
21F9,
224B,
22C5,
2459,
265A,
284A,
2A1B,
2B61,
2C66,
2DBC,
2EC0,
2DB3,
2BD8,
2AAD,
2A8C,
2E68,
3463,
398A,
3DB4,
3DB7,
3B16,
39FA,
3987,
36F0,
332F,
32F3,
352C,
355E,
3409,
328F,
30F5,
3223,
35A6,
33C4,
2CCF,
2854,
2678,
25AC,
25F4,
277D,
2A61,
29F5,
257C,
200E,
19A6,
167D,
181D,
17AB,
1328,
128F,
187D,
1DB3,
2074,
21EC,
218A,
2192,
22CD,
2562,
2A79,
2E34,
2E5E,
2D0C,
2A5C,
275B,
24B3,
2254,
1FC6,
1FBB,
268C,
2D45,
2E4B,
2CA7,
2854,
233E,
1F8D,
1C8B,
1A8D,
18DD,
1635,
13CA,
1395,
1416,
126C,
1123,
15DF,
1CF3,
211A,
233A,
2157,
1D9E,
1E03,
206A,
2033,
1ED8,
205C,
2395,
2515,
259B,
275E,
2A10,
2F45,
35FA,
3552,
2E85,
2981,
2620,
2302,
2051,
20FB,
2504,
2724,
2715,
283A,
2AB1,
2EAE,
349A,
35B3,
3058,
2E03,
3068,
342E,
3948,
3E88,
43D6,
46AF,
4580,
44D4,
469F,
45A5,
3EFC,
39AA,
38AC,
395D,
3C1E,
3DCB,
3C03,
3961,
369A,
3412,
326A,
3134,
2FF9,
303C,
349D,
392F,
3AF7,
3A41,
344D,
2D9D,
2BD8,
2B45,
2874,
257C,
252B,
2539,
223B,
1DC9,
17DD,
12B1,
1544,
1BA1,
1FA6,
2288,
24EE,
268C,
25B9,
236B,
21E3,
20F6,
2266,
2519,
225E,
1C0D,
1A56,
1C51,
1F05,
2288,
288A,
308D,
33A1,
3207,
3249,
346C,
36DD,
39A9,
38B2,
3382,
2F0D,
2BB8,
2B52,
2E9C,
31C0,
3458,
34BE,
31D1,
30C7,
3399,
3301,
2C72,
251C,
1DB6,
187B,
1735,
171B,
17AB,
1853,
184D,
194B,
1D49,
1EEF,
199C,
13D4,
10D7,
0FC7,
11EE,
14F6,
16C5,
19A7,
20E5,
278D,
2807,
261F,
2382,
2137,
2226,
2434,
2522,
263C,
2A9C,
2EB2,
2AFD,
23A3,
1D81,
181E,
14EC,
1343,
12F9,
1362,
12CC,
1122,
0AD0,
021F,
FFD7,
0211,
049E,
079D,
0B2F,
0EE5,
0DCA,
08E1,
08D3,
0CFD,
1141,
157B,
1613,
12F7,
0E21,
0791,
047C,
0582,
0463,
009A,
FA6A,
F128,
EC85,
EE69,
F0A1,
F274,
F2F0,
F0F2,
F167,
F638,
FAAD,
FDEF,
FDC9,
F790,
F2DC,
F3C8,
F2B0,
EB91,
E450,
DED9,
DBDD,
DDBC,
DFCF,
DE5A,
DE35,
E3E0,
E8BB,
E6A2,
E885,
E946,
E8A8,
E3FD,
DE89,
DB94,
D888,
D0B9,
C9A3,
CC30,
D22A,
D3F8,
D4D6,
D8EA,
DD30,
DB7E,
D695,
D0B6,
CAB6,
C7FA,
C7A5,
C936,
CC70,
D26B,
D96E,
D8B8,
D2D2,
CED8,
CC42,
C9C7,
C7F5,
CD70,
D8A5,
DCAB,
DA62,
D7BB,
D4D4,
D32A,
D2DD,
D842,
E3A3,
E821,
E4A1,
E1B8,
DFD9,
E21D,
E9B1,
EFD5,
F3B0,
F3D8,
EE97,
EE9C,
F7CC,
FE70,
FF7C,
FEDF,
FC30,
FCB7,
0455,
08F8,
0580,
0293,
03CB,
057D,
073A,
06F9,
01BB,
FD7F,
FF89,
005E,
F9E0,
F31B,
F199,
F043,
EB35,
E57E,
E123,
DD7F,
DAF2,
D897,
D47B,
D0F7,
D221,
D4DC,
D481,
D438,
D9C1,
E179,
E547,
E7F2,
EF1A,
F79E,
FAA1,
FA7A,
FBE7,
FD27,
F873,
EFEE,
E918,
E34D,
DC83,
D5C2,
D530,
D9B0,
E028,
E837,
F029,
F784,
F784,
F09C,
E7EB,
DDC6,
DA22,
DD6A,
E4B2,
F036,
F31C,
EB71,
E459,
DE7C,
DFA9,
EAA7,
EF07,
E88F,
E3C6,
E2D9,
E477,
EA0F,
EB94,
E4A7,
E149,
E6EC,
EA6A,
E6E6,
E422,
E549,
E6B3,
E750,
E725,
E525,
E414,
E6C4,
E8A7,
E589,
E2F5,
E606,
E8E5,
E5EA,
E2D2,
E56E,
E874,
E61E,
E326,
E50A,
E7BC,
E621,
E3A1,
E4D5,
E6FC,
E601,
E417,
E4C2,
E651,
E5CB,
E477,
E4C1,
E5C1,
E58A,
E4BB,
E4CA,
E551,
E547,
E4E8,
E4D7,
E4FB,
E504,
E4FB,
E4EC,
E4DB,
E4B9,
E48C,
E4CB,
E566,
E5C7,
E5FE,
E35B,
DDAF,
E00F,
EB7E,
F11E,
EFBD,
E64E,
D2C8,
CCB4,
D9A9,
E59D,
EDBF,
F37D,
F60D,
F5A1,
F1D3,
EAD4,
DF64,
D6D4,
D4EA,
D326,
CEBF,
CE23,
D5A2,
DCE0,
DF33,
E2DA,
EBEE,
F3A6,
F508,
F5E4,
FA51,
FD6F,
FAF6,
F787,
F708,
F5FF,
F100,
EB53,
E860,
E5B7,
E0B9,
DB72,
D872,
D628,
D2AA,
CF28,
CD76,
CC9C,
CB2D,
C9D1,
C9B4,
CA4F,
CAB9,
CB3A,
CC6B,
CE12,
CFB9,
D172,
D357,
D569,
D80E,
DB0F,
DCDD,
DDDE,
E10D,
E5DE,
E869,
E908,
E997,
EA1A,
EF04,
F836,
F8FA,
F0DD,
EF5D,
F56C,
FC27,
0385,
0423,
FC0E,
F7DB,
F9A3,
FCEA,
01A1,
060B,
0A11,
0950,
00ED,
FAF7,
FAC7,
FC21,
FE89,
022C,
0809,
0AAD,
0636,
00B0,
FC33,
F81F,
F44B,
F2D6,
F69A,
FB24,
FDF1,
FFC5,
0086,
FF6F,
FA86,
F48A,
EF89,
EB2E,
E7B5,
E5BC,
E72E,
EA20,
ECDE,
EF7E,
F1B6,
F30E,
F1F6,
EF4C,
EBAB,
E74B,
E25E,
DD5E,
D99A,
D6E4,
D5AC,
D5AD,
D67F,
D815,
DAB1,
DDF2,
E0C0,
E302,
E2EC,
E0FE,
E082,
E0F2,
DE26,
D89D,
D356,
CE60,
CC14,
CC6D,
CA6C,
C5F6,
C345,
C28B,
C44F,
C8E0,
CC4A,
CE06,
CEA8,
CDD8,
CED1,
D280,
D5F0,
D8CF,
D982,
D713,
D38D,
CEF6,
CBA6,
CAFF,
CAC9,
CAC8,
C985,
C5B0,
C14E,
BCA2,
B95A,
B911,
BA4E,
BD2D,
C027,
C223,
C319,
C1D4,
C07B,
C0BD,
C22C,
C571,
C9A7,
CEA9,
D347,
D58B,
D65F,
D5DC,
D46C,
D231,
CFE7,
CF15,
CF62,
D202,
D53E,
D4C9,
D2A7,
D31E,
D416,
CF86,
C818,
C3DB,
C1C6,
C17A,
C293,
C32B,
C398,
C5A7,
C8CE,
CA7B,
CADE,
C9ED,
C7D6,
C5A0,
C367,
C3CC,
C6C6,
C828,
C7D5,
C9E4,
CE8A,
D337,
D7BB,
DBAC,
DEEE,
E00B,
DE68,
DDB1,
DEBC,
DF34,
DE9B,
DE70,
DF22,
DF9E,
DF62,
E074,
E3E1,
E798,
EB3A,
EDCA,
EE6E,
EDE3,
EBEF,
E9B9,
E7E9,
E64A,
E52E,
E3BB,
E12D,
DE48,
DB1D,
D887,
D793,
D7B8,
D916,
DB55,
DF1B,
E214,
DF86,
DC43,
DF80,
E382,
DF54,
D973,
DC6C,
E1F3,
E08D,
DC04,
D7D6,
D42A,
D3E6,
D574,
D51C,
D422,
D546,
D7EE,
DC45,
E18A,
E3F9,
E45D,
E42C,
E3AE,
E6BC,
EC8A,
EF1A,
EF00,
F118,
F516,
F87A,
FB37,
FB85,
F95C,
F617,
F1BD,
F0DC,
F426,
F6C8,
F848,
F9AF,
FAF3,
FC8A,
FE9C,
0096,
026E,
03A0,
03E5,
03EF,
03B1,
049E,
079B,
0AEA,
0E31,
10EE,
12C0,
1387,
12BD,
1183,
1044,
0F43,
0F64,
0E7B,
09F6,
0617,
0712,
07B8,
0268,
FE8B,
053D,
0C7B,
095D,
042E,
0487,
063C,
0624,
054C,
036F,
01C8,
034A,
0623,
0876,
0A0B,
07CE,
0470,
06D0,
0C0F,
0FCD,
1250,
110A,
0D8B,
0D5D,
0F01,
0DEC,
0B05,
0803,
0517,
056C,
084E,
096E,
0913,
07B3,
0572,
05D9,
08CC,
0ADC,
0BF5,
0B79,
0939,
0911,
0B78,
0C49,
0B0F,
08E2,
05B7,
0247,
FE74,
FDB2,
0171,
0509,
0771,
099D,
0B96,
0CB4,
0C71,
0C43,
0CA3,
0D96,
0FA6,
10F7,
0FDA,
1030,
154E,
18EE,
1616,
13C4,
1776,
19F9,
1522,
0FA8,
0E18,
0E60,
10EE,
13D2,
14CE,
14C1,
12ED,
1169,
1478,
1832,
169A,
1392,
140B,
160F,
18D9,
1B41,
1879,
13AF,
1342,
154A,
18BD,
1C93,
1B9E,
17DC,
163B,
15E7,
15D6,
1600,
150F,
137E,
1449,
16F3,
1995,
1C25,
1BD7,
1909,
1A34,
1F2F,
21F9,
2276,
2364,
24DD,
250D,
23B5,
24C1,
28EF,
2A8C,
2885,
27A3,
28C2,
297C,
2958,
2A14,
2C6E,
2D64,
2BD7,
29D1,
2767,
26A4,
2952,
2AF7,
291C,
283B,
2B0A,
2CA5,
29F7,
2707,
2585,
253A,
2724,
29AD,
2C8A,
2DCB,
29F2,
259A,
2582,
2547,
20A0,
1A8E,
145C,
0F92,
10B3,
13B3,
1385,
1280,
12B0,
139C,
163C,
18F6,
178A,
1429,
11D0,
1068,
126A,
1625,
16FF,
1618,
14E8,
1390,
13FC,
1579,
1403,
10AF,
11DE,
1671,
17BC,
165D,
16B3,
1881,
18E3,
17F4,
1980,
1D94,
1E6D,
1BB1,
1B7C,
1E5A,
2040,
20BC,
2265,
25B8,
2736,
25F8,
25B0,
2726,
28E9,
2B0E,
2BA8,
29A7,
27CD,
26F2,
262C,
254D,
24BA,
24A3,
24E0,
2563,
2691,
2963,
2AB2,
2754,
2452,
2516,
26CB,
28CA,
29BB,
26DE,
2422,
2595,
27DD,
287A,
2897,
2893,
28AE,
29DD,
2B06,
2AC4,
294A,
24B9,
1FD9,
20C3,
243F,
261A,
273A,
2781,
2772,
290F,
2B44,
2A7F,
2836,
28BA,
2AEB,
2B83,
2B46,
2D66,
3122,
3349,
3429,
35D8,
37EE,
3533,
2E43,
2A63,
2983,
2800,
25DE,
2640,
2954,
2A78,
2935,
2977,
2BB1,
2D05,
2D12,
2C97,
2B85,
2A89,
29BC,
29BC,
2B19,
2B16,
28B9,
2566,
20DB,
1DDD,
1E1F,
1EB5,
1E97,
1F07,
2061,
22D4,
278A,
2AB1,
28D7,
26BE,
2722,
283A,
29D8,
2B20,
2B37,
2A1F,
2672,
22FA,
237A,
2481,
21FA,
1F93,
2279,
268C,
271A,
25CB,
229D,
1EA1,
1BC6,
19AA,
18E1,
18B4,
1754,
1586,
1456,
13D8,
153E,
1800,
1B47,
1EEE,
22CF,
2677,
2606,
22AD,
21E0,
230D,
2428,
254E,
2750,
2A0A,
2B9F,
2C19,
2D97,
3010,
3183,
31DB,
3069,
2D09,
29E3,
271D,
2712,
2A7A,
2E03,
314F,
338A,
3418,
353D,
37AA,
395D,
39D6,
3953,
3721,
3743,
3C28,
4101,
4460,
4617,
451A,
4321,
40B6,
3DE0,
3ADC,
3736,
31A4,
2DFF,
30DF,
3443,
33AC,
31F4,
3012,
2E45,
2D0D,
2CAE,
2E66,
30B8,
3203,
32F9,
34E6,
35B7,
3061,
28BB,
23F7,
20D1,
1FB9,
1FAF,
1E69,
1C95,
1AD6,
1932,
1760,
1607,
188E,
1DAA,
22CF,
27AF,
28A2,
269A,
2527,
2416,
233D,
22A6,
2327,
2496,
2384,
202E,
1F33,
20A2,
24A8,
2B51,
30EE,
3532,
36B5,
34F3,
33FC,
3468,
34A4,
34C6,
327E,
2CA6,
28F8,
28FD,
2AF7,
2F82,
323A,
3114,
2F73,
2E1D,
2C9C,
2B62,
27FC,
1FF0,
18ED,
15EE,
1544,
17E7,
1A69,
19EF,
1950,
1A51,
1B18,
1A86,
1896,
1331,
0ECE,
1129,
15DA,
19F1,
1DE8,
2141,
2410,
26AA,
27CF,
2331,
1D11,
1CD9,
1F47,
2121,
22C8,
244B,
24FC,
2211,
1CBB,
1582,
0DAF,
0B6B,
0CBA,
0CCF,
0C20,
0AB0,
0885,
03E4,
FDB7,
FC42,
FEDA,
033A,
091E,
0C0D,
0C21,
0B2A,
0937,
097F,
0C29,
0F70,
136C,
11BA,
0933,
0274,
FE96,
FC4F,
FC2B,
FA1D,
F516,
EFB0,
E9C0,
E85E,
EE93,
F314,
F2B0,
F24B,
F2D2,
F4E5,
FA55,
FD32,
F9F1,
F4FF,
EF4B,
EAA0,
E9EC,
E7A8,
DEC4,
D74D,
D785,
DB02,
E245,
DADA,
DD6B,
E046,
E0EA,
E187,
E5D4,
E8D5,
E273,
D984,
D670,
D4CC,
CF21,
C95A,
CA48,
CE79,
D291,
D67D,
D8A5,
D951,
D81C,
D53C,
CF13,
C78F,
C5A8,
C79F,
CACA,
CF00,
D3F4,
D8F0,
D847,
D336,
CE8B,
CA64,
CA6A,
CE37,
D3D5,
DAF5,
DDF3,
DCC3,
D944,
D370,
D3AB,
DAD0,
E184,
E757,
E953,
E66A,
E446,
E366,
E77E,
F2F4,
F8BD,
F48A,
F1F2,
F38B,
F752,
FE67,
02A7,
00B1,
FEFF,
FF8F,
01E6,
07F1,
0AA2,
03C3,
FF0A,
04FA,
094B,
0380,
FD4D,
FCEE,
FCD3,
F9C1,
F595,
F07A,
EBA4,
E94D,
E6E5,
E0F0,
DAD4,
D8D5,
D7FC,
D4AE,
D166,
D17B,
D345,
D51A,
D788,
DB40,
DFFB,
E631,
ECFA,
F1E7,
F5AC,
FA25,
FE22,
FD06,
F863,
F43F,
EFF1,
E7B3,
DD26,
D805,
D765,
D7FD,
DA07,
E1F9,
EEB7,
F568,
F631,
F358,
ED0A,
E447,
D930,
D891,
E3C6,
EC4C,
F10F,
EFA4,
E67D,
E0A3,
DFD4,
E37D,
ED8E,
EFAA,
E416,
DEAA,
E5ED,
EABA,
E8BC,
E647,
E446,
E41D,
E7E3,
E9AE,
E590,
E2EB,
E640,
E8CA,
E67C,
E45E,
E56C,
E6AE,
E695,
E619,
E54D,
E4E1,
E631,
E744,
E580,
E3BF,
E5A4,
E7CB,
E5C5,
E332,
E51D,
E7DB,
E5FB,
E309,
E4AF,
E79F,
E618,
E31A,
E45E,
E73C,
E61B,
E347,
E428,
E6CC,
E60A,
E37C,
E407,
E65F,
E5EC,
E3B0,
E3F5,
E5FB,
E5CE,
E3F2,
E3D1,
E521,
E5A6,
E56C,
E522,
E4D6,
E28A,
DE0A,
E224,
EFFC,
F33E,
E9AB,
DDDF,
CFB6,
CEC9,
E008,
ECE3,
F107,
F406,
F6C1,
F4FB,
ECBC,
E3C3,
DB29,
D4C2,
D23B,
D0E4,
CFB2,
D184,
D8D9,
DFF0,
E35F,
E7A6,
EFC8,
F66A,
F75C,
F7B7,
FB21,
FD39,
FA04,
F5FA,
F4FC,
F389,
EE1D,
E82A,
E557,
E2E8,
DDCB,
D86A,
D5D1,
D412,
D0B4,
CD3F,
CC07,
CBC7,
CA8C,
C943,
C99F,
CAD7,
CB6F,
CBEC,
CD70,
CF8E,
D126,
D294,
D530,
D87E,
DA2C,
DAE2,
DE23,
E328,
E5BF,
E66D,
E6A8,
E693,
EC7F,
F7C9,
F7B1,
EC80,
EB50,
F4B8,
FCC1,
0316,
0232,
F8AF,
F498,
F7F3,
FCAA,
028C,
0708,
09A3,
075B,
FDEA,
F828,
F991,
FCA0,
00C1,
053F,
0A4E,
0BAA,
0616,
FFC2,
FAA6,
F6BC,
F4A6,
F4FC,
F98B,
FE72,
01AC,
0352,
026A,
FF97,
FA30,
F413,
EE70,
E9EC,
E81E,
E81B,
EA1E,
ED29,
F08C,
F398,
F4D7,
F4B5,
F2D4,
EF9F,
EB08,
E5BC,
E0D0,
DC54,
D8CC,
D664,
D6F2,
D923,
D8F3,
D825,
DDB5,
E650,
E578,
DEDE,
DF9B,
E4D6,
E48F,
E013,
D8AB,
CF20,
CDA9,
D2FE,
D17E,
C9DE,
C493,
C1A4,
C289,
C75F,
CBC1,
CF79,
CFAB,
CB94,
CBB4,
D157,
D70E,
DC86,
DE76,
DB90,
D752,
D1D0,
CE8D,
CF31,
D058,
D1CD,
D0B4,
CB0F,
C4C7,
BE99,
BA3A,
B921,
BA47,
BE99,
C25A,
C315,
C276,
C027,
BDF2,
BCD4,
BD9C,
C268,
C85E,
CDCE,
D2B1,
D6B0,
D8BC,
D5C2,
D186,
D059,
CFD6,
CD15,
CB3B,
D136,
D8DC,
D7D2,
D37E,
D37D,
D44B,
CFCF,
C8B4,
C194,
BB72,
BD53,
C372,
C2DE,
BEE6,
C0A1,
C5C5,
C8C8,
CA11,
C751,
C199,
BE37,
BCE4,
BECB,
C382,
C515,
C3E7,
C580,
C9C7,
D0A2,
DA09,
DF2F,
DF89,
DE59,
DB9E,
DA89,
DBB9,
DD2E,
DEF1,
DEC5,
DBBA,
DA9C,
DC93,
E054,
E65B,
EB4C,
EE23,
EE66,
EAB3,
E771,
E66F,
E614,
E655,
E6DC,
E838,
E6FC,
DF41,
D889,
D7FA,
D894,
D78A,
D858,
DF5C,
E551,
E290,
DE6D,
DEAC,
DFBB,
DF63,
DE9C,
DD4F,
DCCE,
E167,
E599,
DEEA,
D4EF,
D208,
D1F6,
D046,
CEAB,
CF50,
D1C2,
D78E,
DECA,
E27D,
E3B6,
E193,
DDB0,
DE9E,
E2C4,
E6D2,
EADB,
ED33,
EE4F,
F1ED,
F73A,
F8E4,
F753,
F2ED,
EC14,
E829,
E73E,
E909,
ED94,
F046,
F0C4,
F1F8,
F404,
F6BE,
FA41,
FD43,
FFAE,
FFC9,
FC85,
FCE2,
0329,
087C,
0B0F,
0EB3,
14F5,
17F2,
147B,
1243,
14C3,
15E2,
1313,
0F57,
0B4D,
077E,
0462,
0233,
010D,
0265,
09D7,
0F4C,
0A6E,
043E,
034C,
030B,
005F,
FDD7,
FDB2,
FEC4,
0116,
0368,
0340,
0254,
020E,
0290,
058E,
0986,
0C60,
0E6A,
0EF5,
0E99,
0ED1,
0ED3,
0BC2,
0738,
053E,
0509,
06BF,
0996,
0A09,
08AA,
059B,
0166,
0012,
010D,
00FF,
0032,
013D,
03E1,
0513,
04D0,
05C2,
07FA,
0540,
FD21,
F9E7,
FCA7,
FF6D,
01C2,
0559,
0A78,
0E73,
10AF,
1223,
12AB,
13BD,
161C,
16D6,
146C,
13E8,
17B1,
1A67,
19C1,
19B5,
1C5C,
1D2C,
1945,
1501,
120B,
105C,
1142,
1226,
110B,
0FE3,
0F9C,
1017,
11CE,
1433,
1786,
1A3C,
19E7,
1874,
176D,
1625,
1384,
1121,
11EB,
140C,
15FE,
177F,
170F,
1552,
1225,
0E6D,
0CB6,
0C02,
09C2,
075B,
099F,
0EAB,
115B,
12CF,
168D,
1B95,
1D1F,
1C46,
1F4C,
251D,
277B,
26EB,
261B,
2506,
24DF,
25A9,
24BD,
2212,
21F1,
249F,
25A9,
24A3,
24A6,
2621,
2569,
21B5,
1F62,
1F44,
1FAB,
206F,
220A,
24B9,
2770,
2A09,
2B70,
2AC1,
2A3D,
2AC5,
2B2E,
2AEE,
2B62,
2D96,
2F8A,
3015,
308D,
3213,
3220,
2E1B,
2985,
267D,
243A,
2315,
2260,
21CE,
20E6,
1E71,
1BF8,
1BA6,
1B87,
18E0,
15ED,
1648,
1711,
1348,
0E29,
0C83,
0C62,
0B06,
09D9,
0C8C,
1108,
12BB,
12D9,
128A,
1206,
1342,
157D,
1574,
1426,
1669,
1B20,
1D30,
1D33,
1E25,
1FB6,
1F54,
1D39,
1B62,
19DA,
18F1,
18B3,
1902,
19DE,
1AD7,
1BEA,
1BF4,
1AB4,
19DC,
19AF,
1958,
18A6,
190C,
1B09,
1CF2,
1E34,
20F9,
2657,
2A9E,
2C4C,
2E17,
30F4,
3332,
3431,
344D,
3378,
318B,
2DD8,
2A79,
291C,
27C0,
24B9,
230C,
261F,
294B,
28A2,
2747,
2779,
2750,
246C,
2190,
220E,
23D0,
2580,
2720,
280A,
2898,
295A,
29AE,
279B,
24DC,
256B,
2718,
2590,
2271,
2011,
1E1C,
1C50,
1AF7,
1B95,
1D98,
1FEC,
2262,
22DA,
21EB,
222B,
2364,
2555,
27EF,
2AE4,
2E22,
30E9,
3332,
3588,
37E3,
38BA,
37F1,
36D2,
357E,
32AE,
2E14,
2C2E,
2DEE,
2F4E,
2FC3,
2FC9,
2F44,
2E4B,
2CB2,
2BB5,
2C06,
2B4A,
2840,
2683,
27DF,
28D6,
2801,
2705,
2699,
2515,
20C7,
1D5F,
1D46,
1E8F,
20FF,
23D8,
267B,
28F9,
2B59,
2CEB,
2C58,
2B43,
2B44,
2B54,
2AA4,
29A7,
28D7,
27AA,
24CA,
218E,
1FBC,
1EFD,
2053,
227F,
234A,
2330,
225B,
2093,
1BFC,
1601,
11EB,
0F5D,
0FB5,
1206,
12E0,
12EF,
13A4,
1505,
18FB,
1EF1,
23B0,
2756,
2AA5,
2D80,
2D4B,
2A42,
29E8,
2C53,
2F13,
3220,
33EC,
343E,
3410,
3357,
335A,
347D,
33C3,
307A,
2D03,
298A,
27DA,
28B4,
2B5C,
3065,
343C,
3540,
3627,
3799,
3925,
3AF4,
3C23,
3BE8,
3BD3,
3C82,
3E46,
4285,
45C0,
456B,
4308,
3E14,
38A6,
347A,
3110,
2EBA,
2D38,
2C86,
2CB5,
2ED4,
30B1,
2E84,
2B29,
2941,
2897,
2B2B,
2ED0,
2FE3,
2FCA,
3071,
309D,
2D1B,
277B,
213F,
1B42,
1A9E,
1D08,
1C51,
19D3,
17F6,
169C,
1600,
163C,
18DD,
1D66,
22BF,
2881,
292F,
2559,
2270,
207D,
2038,
21B5,
230F,
243E,
2462,
2353,
23FB,
26A0,
2C15,
350C,
3A5F,
3A69,
3963,
379D,
3602,
3509,
3409,
3333,
30A5,
2AC2,
27AF,
2A83,
2E1D,
3189,
32D2,
2FBE,
2BE0,
2896,
2555,
2293,
1EAE,
173A,
111E,
107D,
122E,
15FE,
192B,
1786,
154F,
16CD,
182C,
14E1,
10C0,
0F0A,
0FAB,
1615,
1E20,
2167,
22B4,
24EE,
26A5,
251C,
21C6,
1DB8,
1A07,
1C73,
21BB,
21F8,
1F25,
1CD9,
1A38,
1321,
0970,
04A6,
0398,
0492,
0719,
068A,
0368,
0025,
FCDF,
FB00,
FA93,
FF2E,
08AC,
0D14,
0BDD,
0A80,
0926,
0914,
0A8E,
0D1F,
1133,
0FF4,
0768,
FFBB,
FA32,
F726,
F7DF,
F6A4,
F167,
EC49,
E7A3,
E6CD,
ECB5,
F20C,
F3F5,
F458,
F236,
F21F,
F88D,
FC34,
F65B,
EF08,
E9B7,
E56B,
E2EF,
E0CF,
DD18,
DFAB,
DAEC,
D63E,
D45B,
D4AD,
DA20,
E028,
E0D7,
DFEE,
E220,
E3F8,
E06E,
DA4C,
D3DE,
CDD9,
CBE4,
CC1B,
CB69,
CB44,
D11A,
D958,
DA4A,
D6DA,
D4ED,
D352,
CDC8,
C635,
C501,
C88E,
CD12,
D251,
D63E,
D8BF,
D718,
D1D0,
CD71,
CA19,
CC22,
D377,
D9A0,
DE4D,
DF5B,
DC5D,
D91D,
D5A3,
D82C,
E26C,
E975,
EB71,
EAE6,
E710,
E672,
EB28,
F140,
F903,
FC07,
F5F4,
F35C,
F9AB,
FFD8,
0373,
047A,
007D,
FEA7,
044D,
08CD,
0712,
0443,
0220,
0104,
0342,
03E3,
FCF5,
F617,
F6FE,
F7ED,
F11B,
E936,
E6B4,
E53F,
E0B0,
DB81,
D7AE,
D4E2,
D3D8,
D3AB,
D230,
D130,
D4D0,
DA91,
DD92,
DFF7,
E6EF,
EFDC,
F461,
F656,
FA3B,
FE68,
FCAA,
F6BD,
F174,
EC54,
E476,
DB01,
D681,
D66D,
D928,
DE81,
E6D5,
F198,
F6C8,
F649,
F0CB,
E658,
DE76,
D9B2,
DC99,
E883,
EFD5,
F0CE,
EC64,
E0EF,
DCFD,
E4EC,
EAC1,
EBEC,
E9D1,
E2A1,
E04D,
E808,
EC30,
E6FD,
E32E,
E4D1,
E6D1,
E808,
E7EA,
E4B6,
E310,
E720,
E9D7,
E580,
E20F,
E60C,
E99B,
E614,
E28B,
E55B,
E87E,
E643,
E37C,
E50E,
E741,
E622,
E45D,
E4FF,
E634,
E5D8,
E505,
E511,
E56B,
E57E,
E56C,
E52B,
E4E0,
E524,
E59D,
E543,
E486,
E4D4,
E5A9,
E555,
E452,
E490,
E598,
E55D,
E43C,
E45E,
E575,
E533,
E3D0,
E482,
E710,
E61B,
E1BF,
E029,
E168,
E71F,
F1DD,
F101,
E22E,
D683,
CF5D,
D3CE,
E7A8,
F3E9,
F30D,
F2D8,
F613,
F324,
E624,
DB91,
D78F,
D443,
D02D,
CEDA,
D22E,
D70C,
DCB6,
E29A,
E816,
ED8E,
F370,
F7F4,
F93A,
F9BC,
FB47,
FB8F,
F835,
F436,
F248,
EFF1,
EA97,
E4F0,
E206,
DF7E,
DA8E,
D582,
D36C,
D238,
CF0F,
CBC3,
CB2F,
CBAE,
CA8C,
C926,
CA0B,
CC06,
CCA7,
CCDD,
CEB3,
D172,
D38E,
D558,
D70A,
D8C9,
DC09,
E03B,
E24F,
E2DD,
E3CD,
E526,
EB4E,
F557,
F3DF,
E811,
E8FD,
F65E,
FE7C,
00F7,
FDCC,
F465,
F22C,
F8D9,
FF26,
0460,
076A,
07CD,
03FB,
FA5D,
F62E,
FB10,
003F,
042E,
07AF,
0B09,
0A3E,
023D,
FB1A,
F7F6,
F657,
F5FE,
F7F2,
FE0C,
0337,
044C,
0394,
016F,
FD8D,
F6A6,
EFFC,
EC4A,
EA44,
EA01,
EB40,
EE98,
F27A,
F57A,
F77D,
F77E,
F5FB,
F2BD,
EE52,
E8F4,
E350,
DE7E,
DAB2,
D9B5,
DA32,
D92B,
D866,
DDB5,
E570,
E577,
E189,
E2FA,
E71D,
E85E,
E732,
DF46,
D325,
D2DA,
DADE,
D761,
CB1D,
C506,
C443,
C5CF,
C988,
CCD4,
CF9D,
CE76,
C930,
C9FD,
D19A,
D7CC,
DC07,
DCCE,
D969,
D55E,
D0D4,
CF63,
D27E,
D496,
D4B6,
D222,
CBB2,
C52A,
BF36,
BBCF,
BC95,
BEC6,
C243,
C457,
C2EF,
C0C3,
BE47,
BCB1,
BCF4,
BF1A,
C44C,
CA2D,
CFC9,
D3E0,
D428,
D2FF,
D18B,
CFC4,
CD66,
CC23,
CF38,
D383,
D66B,
D827,
D724,
D50D,
D504,
D410,
CA7A,
BF30,
C07E,
C6AA,
C454,
BF00,
C04A,
C4EA,
C8CC,
CBAF,
C8E0,
C29E,
BEF0,
BD0A,
BCD9,
BDF3,
BD02,
BAE2,
BBFF,
BFE1,
C6DC,
D052,
D53C,
D5E2,
D588,
D43F,
D4B6,
D70E,
D8C0,
D9C0,
D85E,
D434,
D304,
D5A2,
DA1E,
E0AA,
E632,
EA18,
EB9F,
E9E6,
E89B,
E8AC,
E982,
EBBD,
EC11,
E8F2,
E489,
DEC5,
DA23,
D82B,
D7B9,
D8F1,
DB65,
DFE3,
E299,
DF87,
DC9F,
DE59,
DFC3,
DCB2,
DA79,
DED2,
E31F,
E145,
DD36,
D86F,
D411,
D312,
D2F4,
D02B,
CDF4,
D216,
D849,
DAFC,
DBE9,
DB26,
D9CD,
DAA0,
DCB7,
DF82,
E2BA,
E507,
E709,
EB4D,
F088,
F2E2,
F2FF,
F08B,
EC46,
E989,
E81A,
E8C3,
EB25,
EC20,
EBFD,
ED03,
EF10,
F20C,
F5DC,
F75D,
F677,
F4E4,
F2AD,
F2A0,
F51E,
F8ED,
FE1B,
02F7,
074C,
0973,
0881,
093C,
0D30,
0ECC,
0C6B,
0955,
0611,
02BF,
FF4C,
FDBF,
FF83,
0274,
069C,
093B,
07DA,
0673,
0745,
0759,
0477,
022C,
0373,
04AA,
033F,
0112,
FE67,
FCB1,
FE56,
0143,
0424,
0743,
0AEF,
0E32,
0F82,
0F6F,
0D6C,
0A9B,
08B1,
0764,
077B,
0814,
0758,
05EC,
0445,
029C,
01D6,
01BB,
0249,
0350,
041B,
04C8,
0608,
0779,
074A,
05BB,
0210,
FCD9,
FA33,
F9D7,
F9E7,
FA71,
FC13,
FEB8,
0096,
019F,
02B2,
03CE,
05AD,
0880,
0945,
0761,
07CC,
0B76,
0F08,
121D,
14C5,
16EC,
17BE,
16AE,
1593,
14D7,
14BC,
15CC,
1668,
15A6,
15B2,
17C3,
19C9,
1ABA,
1C33,
1FA2,
21D1,
2055,
1DA3,
1A63,
1758,
1570,
1478,
150B,
1632,
176B,
184E,
180F,
16F5,
1479,
11A6,
0FEB,
0EA4,
0D88,
0C7D,
0AEF,
0979,
091C,
09A3,
0B3B,
0DD8,
1286,
181C,
1BB3,
1DEB,
1F06,
1F39,
1F41,
1F07,
1DB9,
1BD6,
1C1B,
1DF1,
1EAA,
1E97,
1F46,
208F,
21B4,
22B9,
22E2,
223A,
2406,
2850,
2A12,
28FC,
282D,
27DA,
267A,
23D3,
2241,
223A,
2227,
21B1,
22F8,
26D0,
299A,
2A4D,
2A9D,
2AD8,
2A2C,
2831,
25B8,
22A5,
20AD,
211E,
21B6,
218A,
213E,
20BF,
20A9,
219A,
22CB,
2412,
24DA,
2458,
2344,
21F0,
2030,
1D52,
1B0E,
1BE3,
1DC3,
1F5F,
2070,
1F99,
1DCA,
1B71,
1909,
1791,
16F1,
180D,
1A06,
1B9C,
1CCE,
1C70,
1B54,
1BBE,
1CB5,
1B63,
18E2,
18D4,
1A03,
17A0,
130C,
1123,
114A,
1256,
1439,
169D,
195D,
1B46,
1C58,
1CA4,
1C2E,
1A2B,
16A8,
14D8,
14F6,
1596,
16B9,
177A,
1796,
1965,
1D82,
1F87,
1E69,
1D8F,
1D83,
1DF1,
1F0C,
2020,
210A,
2179,
2123,
20B8,
2080,
1FE6,
1E32,
1E1C,
219A,
25D6,
29CC,
2DC3,
31F3,
34F2,
3555,
344B,
31D8,
2EF0,
2C36,
2A33,
2A9B,
2AFD,
2883,
2562,
235B,
21DD,
20AB,
2050,
22D6,
25C9,
24F7,
2263,
1FC4,
1D07,
1A5A,
182A,
17E1,
1915,
1C70,
20E1,
2356,
2461,
23BB,
2209,
224B,
23D7,
2522,
262C,
255D,
2330,
234A,
2547,
253A,
2380,
258E,
2B21,
2F1E,
316C,
31AA,
2FB4,
2EFD,
2FCC,
3202,
35E3,
381C,
37F3,
38A7,
3AF1,
3B1E,
3824,
3532,
330F,
2FE5,
2AE1,
2742,
2632,
26E5,
29ED,
2CFE,
2F51,
3035,
2E74,
2C39,
2A78,
289C,
2668,
2483,
237A,
22F1,
2304,
2336,
236B,
22B2,
1ED0,
1B14,
1AB9,
1CA5,
2244,
2898,
2BCD,
2D2D,
2C63,
2A5D,
282C,
25EA,
243E,
230C,
2273,
2283,
24D6,
279A,
2436,
1E1B,
1E59,
2247,
2558,
27C0,
27FE,
2676,
23C1,
2015,
1BF5,
17AD,
14D6,
137B,
1720,
1F1E,
2211,
2039,
20CA,
23CA,
2765,
2B99,
2E9B,
3034,
306E,
2F30,
2CEB,
2964,
28FD,
2CFF,
30A4,
333E,
3433,
32B5,
3184,
3181,
30EE,
2F4B,
2D58,
2B19,
2938,
27A4,
28B6,
2EF4,
3526,
38F9,
3ADC,
392A,
37C8,
39E6,
3BE5,
3B34,
3A74,
3B67,
3D13,
3F87,
4204,
44E2,
4508,
3B4A,
2FC4,
2C67,
2BE2,
29DC,
2826,
28B2,
2A6F,
2D0A,
2F5F,
2DB1,
29FF,
2629,
2325,
2742,
2EAC,
2F60,
2C0F,
298D,
270E,
2271,
1C86,
16D9,
11E0,
13AC,
1A9B,
1C8E,
1A7E,
1977,
195F,
1AD4,
1DCD,
21FE,
2744,
2B9F,
2EF7,
2D25,
258B,
215A,
21AE,
234D,
264B,
2881,
295E,
2A46,
2B45,
2D67,
3113,
3600,
3D38,
3F4E,
37F9,
31F7,
3165,
3083,
2D87,
2ADB,
2995,
27E7,
23FD,
22FF,
2A6F,
301F,
2C9A,
26F0,
2200,
1D95,
1B26,
1888,
1318,
0DFC,
0BD5,
0C50,
126A,
18F6,
1862,
1576,
1484,
1411,
1369,
128E,
0FC5,
0DC9,
14FF,
1FCC,
23C6,
2406,
23CF,
22B4,
2022,
1CA8,
1929,
161D,
183C,
1D81,
1E34,
1B60,
169F,
103A,
09F2,
03F8,
008F,
FF86,
01B0,
06BA,
05BA,
FEA7,
FB20,
FB8B,
FC73,
FD9F,
02AD,
0C65,
0FA8,
0A34,
06A2,
0674,
06F7,
083A,
0895,
07C5,
0330,
F88E,
F0C5,
EF3E,
EED1,
EEDD,
ED24,
E6ED,
E349,
E60E,
EAA3,
F062,
F428,
F1FE,
EFE3,
F18B,
F34A,
F37D,
F137,
E87C,
EE86,
E4A4,
DAC1,
DA89,
DC0C,
D797,
D2E3,
D3D3,
D76D,
DD21,
E2A5,
E26B,
DFE9,
E03E,
E078,
DA89,
D210,
CCCF,
C9B8,
C992,
CB7E,
CD96,
D022,
D541,
DB2D,
D983,
D2C0,
CEA7,
CC54,
C84E,
C399,
C663,
CF39,
D4E7,
D7B0,
D83C,
D69B,
D2B3,
CCB7,
CB89,
CF7E,
D58A,
DDB8,
E17B,
DFD2,
DCFC,
D8F7,
D8EB,
DE45,
E511,
ED92,
F078,
EA3F,
E726,
EAA9,
F020,
F7EB,
FC75,
FA3A,
F828,
F830,
FB0C,
03E5,
08EE,
0259,
FD81,
0301,
0847,
0798,
0536,
01E7,
FF77,
0165,
025F,
FC76,
F5CD,
F449,
F359,
EEF1,
E97D,
E465,
DFDF,
DDA3,
DBD1,
D685,
D114,
D1E4,
D509,
D364,
D0E1,
D5BC,
DDF4,
E158,
E2EB,
EA17,
F3D1,
F804,
F8B3,
FB22,
FDDE,
FAC7,
F364,
ECB2,
E676,
DF30,
D791,
D529,
D78E,
DD24,
E590,
EDE2,
F5C5,
F74F,
F236,
E9F0,
DE78,
D9D1,
DD6D,
E45D,
EF13,
F25C,
EB34,
E453,
DEB9,
DF9E,
EAE0,
EF92,
E763,
E1E3,
E3A7,
E653,
E951,
E9C7,
E49C,
E1EE,
E6E6,
EA37,
E679,
E368,
E55F,
E768,
E6F3,
E603,
E51E,
E4D0,
E686,
E7C5,
E56E,
E34C,
E5D5,
E87E,
E5D5,
E2B2,
E530,
E87D,
E61E,
E2A8,
E4B7,
E818,
E63E,
E2E6,
E468,
E787,
E63A,
E33E,
E43D,
E6F1,
E61B,
E393,
E429,
E665,
E5ED,
E3E0,
E426,
E5E8,
E5B6,
E424,
E42B,
E56B,
E54E,
E40E,
E4A0,
E6D4,
E59B,
E113,
E03A,
E32D,
E90F,
F24B,
EF30,
DD39,
D280,
D1A3,
D928,
EB43,
F5EF,
F45A,
F2E6,
F416,
EFC1,
E278,
D834,
D533,
D2FA,
CFCA,
CF73,
D401,
D9C0,
DF90,
E56F,
EAF7,
F046,
F59D,
F979,
FA15,
F9F7,
FB15,
FAF1,
F6F9,
F278,
F086,
EE35,
E867,
E25D,
DFCC,
DDB8,
D895,
D348,
D1C1,
D141,
CDF3,
CA54,
CA66,
CBD0,
CAA4,
C8E4,
CA66,
CD51,
CDB5,
CD35,
CFE9,
D42E,
D547,
D4CE,
D7F5,
DD3F,
DF90,
DFE9,
E0FE,
E2B6,
E7ED,
EFB3,
F00A,
EA2E,
EA32,
EF91,
F6F3,
003A,
FF15,
F2F8,
F01C,
F7F5,
FE1F,
01C4,
0493,
069D,
03C3,
FA5F,
F674,
FB14,
000F,
0446,
07DF,
0AD8,
09FB,
02F6,
FC8B,
F8D9,
F706,
F7A9,
FA2D,
FF5D,
03A9,
050F,
047D,
015F,
FCD9,
F6D8,
F12A,
ED31,
EAF0,
EB8E,
ED9F,
F0B1,
F40A,
F717,
F911,
F83F,
F5D3,
F252,
EDE4,
E835,
E28B,
DF53,
DD60,
DB70,
DA51,
DBFC,
DF28,
E24B,
E53D,
E656,
E67E,
E8C9,
EB7E,
E890,
E235,
DE16,
DB55,
D98C,
D842,
D22A,
C8E8,
C6BA,
CA3A,
CBFF,
CC61,
CC4F,
CBD4,
CC01,
CCD3,
D112,
D8CD,
DBF1,
D9D7,
D7C6,
D606,
D4E2,
D48A,
D502,
D6A9,
D530,
CF43,
C96C,
C463,
C096,
BE72,
BE49,
C10C,
C296,
C113,
BEF8,
BC7C,
BAD9,
BAB9,
BC84,
C168,
C6D1,
CBBD,
CFAC,
D1BA,
D242,
D05D,
CE72,
CE8F,
CF74,
D0B7,
D2C2,
D6F2,
DA99,
DA33,
D830,
D684,
D402,
CE8B,
C878,
C4F3,
C313,
C372,
C4EA,
C559,
C582,
C6F6,
C868,
C5ED,
C170,
BE93,
BCAA,
BAE7,
B99B,
B9E9,
BB8B,
BE29,
C1A9,
C692,
CC5D,
CF76,
D056,
D196,
D30E,
D3C0,
D3BF,
D343,
D260,
D194,
D0EF,
D28A,
D699,
DA75,
DDE6,
E0F8,
E393,
E58C,
E6CA,
E799,
E7FD,
E7FE,
E7C0,
E5CA,
E136,
DD81,
DBCF,
DAD7,
DA8F,
DAC5,
DB6D,
DC7F,
DE59,
DEF3,
DC1A,
DB02,
DFF1,
E3C3,
E15C,
DF11,
E189,
E2F8,
DEA5,
D901,
D417,
D0B7,
D1EF,
D3E4,
D23B,
D066,
D217,
D4B0,
D5A0,
D5F0,
D5C4,
D5C8,
D758,
DA1C,
DF13,
E4C5,
E7DB,
E99F,
EC45,
EEC6,
EE3C,
EBE2,
EA29,
E8CD,
E77E,
E698,
E8D9,
ED36,
EF2E,
EF63,
F04F,
F1A7,
F0E5,
EE7B,
EEC6,
F18D,
F378,
F495,
F6A5,
F9A3,
FD7F,
0240,
056E,
06AE,
0832,
0A50,
09BA,
059A,
02C0,
0219,
023A,
036C,
02CC,
FEBE,
FDD2,
0344,
051B,
FE7E,
FB29,
00E7,
0416,
FF14,
FA1F,
F851,
F7AE,
F85E,
F93E,
F93F,
F9EC,
FC4A,
FFD7,
05A5,
0A38,
08DF,
06F9,
0979,
0C9D,
0D8C,
0DB9,
0E0C,
0DF2,
0C6D,
0A8F,
0A3C,
09FB,
06EA,
0345,
02FB,
0453,
05B0,
06F1,
06C7,
05BD,
04AC,
036C,
018F,
FF55,
FD66,
FBA8,
F944,
F6B7,
F6BE,
F8C9,
FBC2,
FF57,
FEF6,
FB50,
FB4E,
FE99,
FF30,
FD3E,
013C,
0B4B,
0FF6,
0E8A,
0DCB,
0E0B,
0F50,
1202,
11F0,
0E0D,
0C68,
0E67,
0F40,
0DC6,
0E08,
112E,
14ED,
1961,
1AEC,
1707,
13F9,
1418,
1531,
1757,
18F1,
18AC,
18BC,
1A7E,
1C09,
1C47,
1C36,
1C48,
1C1F,
1B6E,
1AA7,
1A98,
199A,
14ED,
1033,
0F56,
0FEF,
108E,
119D,
138C,
15A5,
16E3,
1792,
177F,
1708,
16BF,
1683,
15BF,
1555,
18E3,
1E05,
1EA7,
1CD5,
1C0E,
1BE5,
1D08,
1EE4,
1E34,
1C0C,
1E0F,
22DF,
22D2,
1F29,
1FFF,
246B,
25FF,
2502,
2226,
1D95,
1BF1,
1D61,
202C,
244B,
27DE,
2AA8,
2BDD,
2B42,
2921,
2516,
248B,
2939,
2BAA,
2A0E,
28D7,
28F3,
2871,
26B4,
259C,
2640,
2506,
1FCB,
1B3B,
1940,
1845,
1825,
18F5,
1B46,
1D24,
1D33,
1C3C,
19E6,
176E,
15BB,
148F,
13E5,
1446,
16FC,
1A44,
1C8E,
1E56,
1EFB,
2002,
24F0,
29E1,
2808,
246F,
2710,
2AE5,
276D,
2133,
1EBF,
1E51,
1F4E,
2123,
221B,
228B,
2302,
231F,
2126,
1DA9,
18EB,
139E,
12DB,
1562,
14CB,
11FC,
1296,
15E7,
15E7,
1302,
13B6,
17CA,
180F,
1479,
11FF,
10D1,
1240,
1696,
1B8F,
2120,
2347,
20FF,
1DF4,
1A66,
184C,
186D,
19AD,
1C39,
1E76,
1FE1,
2090,
202D,
1FB4,
1F66,
1FA6,
2151,
2152,
1CA5,
1AA9,
2117,
26AE,
2589,
2447,
2721,
2900,
25CB,
21D6,
1F71,
1ED3,
2273,
26C0,
2807,
2895,
2A40,
2BBE,
2C2D,
2AFB,
249C,
1D8D,
1E44,
21AA,
2073,
1DE1,
1ED6,
211D,
209A,
1F10,
202E,
22B3,
24D9,
2685,
2598,
2303,
21F9,
21DD,
1FCD,
1CB5,
1DE5,
227A,
2770,
2C97,
2E99,
2DB1,
2C15,
29D6,
28AF,
28B6,
2843,
2756,
257C,
2281,
239E,
29C0,
2EC1,
31B2,
35B6,
3B9E,
3D01,
37A9,
3370,
31EC,
3312,
385E,
3B98,
3A0F,
38AA,
392B,
3842,
344B,
300A,
2C62,
2973,
2808,
2674,
22EF,
2177,
264A,
2AFD,
2B17,
292E,
24EA,
20F8,
20EF,
2172,
1F0E,
1D13,
1FCD,
235A,
22F3,
21B7,
2396,
25B7,
22FE,
1F50,
211E,
25A7,
2ADE,
3018,
3278,
32E2,
31C2,
2F77,
2CEE,
2A33,
277E,
2505,
2441,
24B2,
2501,
2520,
2301,
1F4A,
1E55,
1FAD,
2243,
25D1,
2492,
1EC5,
1B95,
1B2B,
18BC,
1418,
14EF,
1C0B,
2169,
243B,
2623,
26E3,
28FB,
2D1F,
3050,
321E,
3194,
2DA6,
2AE6,
2AE5,
2AFA,
2A14,
2C84,
35C3,
3B0B,
362E,
319D,
31E7,
31BA,
2EAE,
2BFB,
2B54,
2B48,
2AE7,
2C3A,
31E6,
380D,
3C2C,
3E7F,
3D3D,
3AFE,
39ED,
397B,
3A68,
3B5F,
3A20,
38AF,
3A7E,
3C96,
3A8C,
3653,
30D0,
2AD1,
25CB,
224C,
2495,
2994,
29A8,
2795,
2A34,
2ED2,
2D03,
2772,
2564,
25BB,
2778,
2A25,
2AC3,
2993,
25E3,
2023,
1BCB,
18D4,
15E7,
1326,
15BA,
1D9A,
1FCB,
1BB7,
1B3A,
1F01,
226F,
2529,
2886,
2CC8,
2E34,
2BDE,
285A,
2386,
21BF,
24E6,
282A,
2A9D,
2C33,
2C23,
2D48,
310C,
3519,
3935,
3B62,
3A28,
3656,
2E63,
280D,
2831,
2889,
254B,
223F,
218F,
21E1,
2336,
2492,
25A7,
2486,
1C76,
1393,
10E3,
100B,
0D61,
0AE5,
0A38,
0B51,
10BC,
1730,
18B7,
17A7,
152C,
123A,
1245,
13CE,
137C,
12FE,
183C,
206D,
2485,
259C,
2372,
1EE3,
1BED,
1A0B,
16FA,
1347,
1462,
1928,
185C,
12A0,
0C38,
0543,
FFCF,
FC00,
FAE1,
FC87,
FEC6,
0192,
009F,
FB03,
F898,
FA80,
FE06,
0342,
07AF,
0ADA,
0A8D,
051C,
0156,
015E,
01F7,
033D,
014D,
F958,
F182,
EBAD,
E838,
E8FB,
E9C6,
E86D,
E689,
E357,
E31B,
EB4A,
F2B9,
F236,
F00D,
F051,
EEC4,
EDBC,
EC4B,
EC35,
EAB7,
E275,
D915,
D47C,
D272,
D2F0,
D470,
D2F6,
D1E0,
D8B9,
E1B4,
E1BD,
DDA2,
DC18,
DB05,
D672,
D023,
CA61,
C5C6,
C776,
CD37,
D02C,
D189,
D5D6,
DB8D,
D946,
D0FE,
CC04,
C9D4,
C7FB,
C6C4,
CA9D,
D30E,
D853,
DA4B,
D8BE,
D39A,
CFAD,
CD59,
CEED,
D509,
DBBE,
E2FB,
E4CA,
DF22,
DB96,
DBD9,
DF60,
E76D,
EDDC,
F10F,
F0DA,
EAFD,
E9BF,
F2C9,
FAB0,
FD82,
FDC9,
FA14,
F8D6,
FF51,
052F,
0623,
0522,
0194,
FFC4,
0586,
09D3,
03E0,
FD3A,
FE14,
FFA3,
FCB9,
F83B,
F326,
EE69,
ECF2,
EB7F,
E467,
DC6C,
DB1A,
DBB6,
D6D0,
D0C0,
D0F1,
D3EE,
D40A,
D398,
D751,
DD62,
E2A2,
E79A,
ED59,
F34E,
F840,
FC01,
FCA7,
FAA7,
F736,
F25D,
EAB4,
E0FE,
DA92,
D752,
D6BB,
D8C1,
DFC1,
EB65,
F310,
F643,
F47A,
ED69,
E4C2,
DA79,
D90B,
E2F3,
EB52,
F0C1,
EFB0,
E54F,
DF4B,
E13E,
E569,
EC54,
EDA3,
E3EE,
DF06,
E628,
EB17,
E81D,
E50E,
E444,
E4C9,
E7CB,
E937,
E522,
E25A,
E664,
E9A8,
E609,
E2AE,
E577,
E864,
E656,
E3E4,
E51F,
E6D9,
E62B,
E506,
E523,
E59A,
E5C8,
E5CA,
E54A,
E4C3,
E557,
E62D,
E575,
E446,
E4F1,
E648,
E595,
E409,
E49E,
E635,
E5A4,
E3F4,
E460,
E607,
E5A4,
E3F4,
E438,
E5DA,
E593,
E3D8,
E3F9,
E5A6,
E619,
E572,
E3B0,
E0E7,
E19C,
E5E0,
EB27,
F1B4,
EB9D,
D641,
CDDB,
D6BF,
E238,
EFB7,
F714,
F52B,
F269,
F082,
EA4A,
DD3A,
D401,
D2EA,
D253,
CFCF,
D089,
D75B,
DE6B,
E339,
E84A,
EEB9,
F44C,
F7A6,
F9C4,
FAB7,
FABC,
FA0B,
F846,
F4A9,
F0A0,
EDA4,
EA56,
E523,
DFE6,
DCE0,
DA42,
D5E3,
D19C,
D00E,
CF56,
CCC5,
CA1E,
CA3F,
CB73,
CAD7,
C9E2,
CB63,
CE03,
CF1E,
CFAA,
D1A1,
D461,
D696,
D892,
DB89,
DEF5,
DF69,
DE29,
E411,
EECD,
EE73,
E59C,
E638,
EEC9,
F6B2,
FDE4,
FBA5,
F02F,
EE38,
F662,
FD67,
02D3,
055E,
0498,
009E,
F8D1,
F61F,
FA90,
FFFE,
0600,
09AB,
09DD,
0736,
00DB,
FB11,
F6ED,
F5BB,
F930,
FD79,
01A6,
04F6,
06E0,
0626,
00C7,
FAC0,
F5E5,
F1A8,
EDF4,
EC4A,
EEFF,
F2BA,
F552,
F7CB,
FAFB,
FCD9,
FA85,
F679,
F268,
EDCA,
E7C9,
E20A,
DF3D,
DDDB,
DC1C,
DB70,
DFC1,
E56B,
E48B,
E1CB,
E77B,
EFC6,
ED86,
E5E8,
E200,
E012,
E03A,
E102,
D932,
CC79,
C8EE,
CBD8,
CDE2,
CF62,
CDF5,
CA4C,
C943,
CA9C,
CFF5,
D8D5,
DCFC,
DC6B,
DA2E,
D64C,
D549,
D78E,
D9E4,
DC34,
DB36,
D638,
CF96,
C728,
C1E1,
C13C,
C1E7,
C3CB,
C4A7,
C3AC,
C105,
BBCA,
B842,
B82C,
BA07,
BE15,
C333,
C991,
CE3D,
CEE1,
CE3D,
CCE5,
CB9E,
CAE1,
CBAE,
D026,
D4A8,
D628,
D768,
DB72,
DD4B,
D5BC,
CD0A,
CC31,
CCB7,
C829,
C30A,
C1D8,
C325,
C8E0,
CEF0,
CC75,
C69D,
C46C,
C398,
C243,
C070,
BBC7,
B65B,
B5BF,
B87B,
BE50,
C5DF,
C8F4,
C91B,
CA0B,
CB76,
CEA5,
D2E9,
D3B4,
D1A5,
CE45,
C9F0,
C953,
CC3C,
D135,
D818,
DCB4,
DED4,
DFF1,
DFF8,
E1B6,
E586,
E8DB,
EB97,
EAED,
E5FB,
E06B,
DA88,
D6D5,
D663,
D747,
D99C,
DB33,
DB18,
DA84,
D98C,
D846,
D60F,
D6EE,
DEAD,
E41D,
E19D,
DEDB,
DFDF,
DF56,
D974,
D364,
CFC4,
CE9F,
D2D9,
D6D2,
D4B7,
D1AA,
D115,
D1BA,
D42B,
D6AF,
D618,
D594,
D96A,
DF35,
E628,
EC74,
ED1B,
EB08,
E964,
E7DC,
E784,
E78B,
E598,
E2F0,
E21F,
E2C5,
E673,
EBB9,
ED97,
ED05,
EAAA,
E721,
E576,
E579,
E875,
EDE0,
F1CF,
F483,
F747,
FA17,
FE61,
0403,
0981,
0EC0,
0EF5,
09B4,
04B7,
005F,
FEBC,
008D,
017E,
00CC,
01D6,
05AC,
058E,
FEF6,
FBE0,
FF89,
0220,
01DD,
FF8E,
FA18,
F5FA,
F585,
F521,
F31B,
F326,
F791,
FD6F,
04D7,
0984,
069B,
02ED,
0245,
0303,
062D,
08AD,
06F9,
045E,
02FF,
0254,
0330,
0406,
025A,
005A,
0053,
01A2,
0594,
09D1,
09CC,
07D2,
0634,
049F,
036D,
026F,
01A6,
00C7,
FE2B,
FADF,
FA36,
FB22,
FB53,
FB15,
FAD9,
FA7B,
F7A8,
F375,
F4C3,
FA8C,
0226,
0B18,
0D87,
0A03,
09E6,
0D12,
0D27,
0A14,
09B9,
0C6D,
0D36,
0BC0,
094A,
0587,
06E7,
0F25,
1536,
178E,
17A6,
14CC,
1335,
1475,
1451,
111E,
1007,
1335,
1701,
1B04,
1CA6,
194F,
1655,
161D,
1722,
1A64,
1B75,
1634,
0FBA,
09C9,
0616,
081D,
0B96,
0D72,
0FAD,
13CC,
1834,
1B92,
1E2B,
1F8B,
201D,
1FBC,
1F53,
2100,
2316,
22FA,
221E,
229B,
236E,
22CB,
21A4,
21DD,
22CA,
2462,
25B0,
20F5,
1931,
188D,
1C45,
1CE3,
1B8A,
19F6,
1849,
188F,
1A77,
1C28,
1DC3,
21B0,
2788,
2979,
27A9,
24D3,
2106,
21F1,
2811,
2B50,
2AFD,
2A2B,
28EF,
27BB,
26C4,
2513,
2264,
203B,
1EE9,
1E75,
1F53,
1EF9,
1C21,
1A7F,
1B3D,
1DE7,
23C9,
2723,
2474,
20BE,
1D5C,
1ABD,
1A07,
198C,
1880,
1754,
15DB,
14EF,
1573,
16B8,
1896,
1AE9,
1DF8,
2099,
2149,
20AA,
1DBF,
1B07,
1D13,
203F,
1F7D,
1E3B,
2206,
2746,
28EE,
2889,
2629,
22F3,
2277,
231F,
21B2,
1F33,
1D3D,
1BA1,
1A63,
198D,
1919,
192F,
1C7F,
21E5,
22DC,
204A,
1DC6,
1B46,
1A3D,
1A88,
19E3,
185A,
15FC,
12CF,
118B,
125F,
1388,
14F3,
15EB,
1632,
1772,
1A20,
1A79,
1761,
161E,
17D7,
1B07,
200C,
23CC,
2524,
2528,
2385,
2204,
217D,
20D0,
1FBA,
1E2B,
1BB0,
19AF,
193A,
18BA,
16D5,
1651,
1A5D,
1D7F,
1AA6,
175E,
1777,
18C6,
1AE6,
1D09,
1DBB,
1E38,
1FAB,
215F,
2297,
23F2,
2656,
2960,
2DC0,
31D7,
31D0,
2FAA,
2E0D,
2C24,
280A,
2320,
20A6,
1FD4,
2085,
2231,
22F9,
231E,
21EC,
1FFC,
2092,
22FE,
254A,
2763,
26BE,
23D8,
2326,
246D,
24FB,
24E8,
265E,
2958,
2BFA,
2E2D,
2F1B,
2EA2,
2D1B,
2A64,
294B,
2A75,
2B2C,
2B0B,
2ABE,
2A0D,
2B78,
3032,
344C,
369A,
38EB,
3C02,
3C89,
3852,
343B,
31F8,
311A,
32AF,
33D5,
32D0,
3139,
2F58,
2DB0,
2D1B,
2C2D,
2981,
26E5,
25C4,
2524,
242A,
2436,
27C0,
2BB8,
2CF4,
2C9F,
2A4D,
2733,
24C0,
22F6,
2324,
240D,
2376,
2280,
22F2,
240A,
24BA,
2533,
24B7,
2432,
2771,
2CCF,
30D2,
3393,
32F9,
2FCA,
2BAB,
26EE,
249A,
2434,
22FC,
2131,
2106,
2239,
21DD,
200A,
1DEE,
1B8D,
1B98,
1E40,
1F31,
1E16,
1C04,
18E0,
170C,
16F5,
186D,
1BA1,
2062,
2717,
2C0A,
2DF1,
2F38,
3009,
31A5,
352D,
36CF,
34A8,
31D6,
2EF4,
2D1C,
2D5F,
2ED9,
320B,
3497,
34E1,
339F,
2FEE,
2C54,
2AD4,
2A57,
2AFE,
2BDB,
2B50,
2BD1,
30BE,
36F3,
3C69,
406A,
4008,
3D9D,
3ADC,
3856,
389D,
39D0,
392B,
37D0,
373B,
36D3,
364A,
3505,
2F58,
27A3,
23A5,
2250,
2437,
283D,
2A12,
2A68,
2AB4,
2AC4,
29DD,
2832,
2604,
2386,
24A0,
28C0,
289F,
2474,
1F9F,
1A3C,
1641,
13E3,
13AA,
15B7,
197E,
1F27,
2239,
21BB,
2190,
2209,
24B9,
2ABD,
2E41,
2D8B,
2BA1,
28BF,
25A6,
223C,
21A9,
264F,
2AC5,
2D13,
2E53,
2DC4,
2E5F,
32A7,
3668,
37B0,
3687,
3128,
2AD3,
24F5,
2101,
2285,
2467,
21A6,
1E82,
1E63,
1F6D,
21B1,
22EA,
1E8F,
17EA,
1112,
0B29,
0A7A,
0BF6,
0AF0,
09D3,
0CED,
1210,
16FA,
1AED,
1871,
12BA,
1196,
131B,
1407,
1505,
181F,
1C9E,
218D,
2648,
24C1,
1E51,
1959,
159A,
12EA,
1149,
107E,
1068,
1037,
0FE4,
0A1E,
FEA0,
F844,
F807,
F85D,
F8F7,
FB36,
FF8D,
000A,
FB00,
F84A,
F970,
FD05,
03DB,
08BF,
0A14,
08C1,
03D1,
FF84,
FD95,
FCE6,
FEB8,
FD1E,
F374,
EA5C,
E5DC,
E3E6,
E5C3,
E784,
E63D,
E490,
E34F,
E3C4,
E9A3,
E268,
E74E,
ECE6,
F094,
F1B5,
EC29,
E57A,
E5BD,
E6B4,
E027,
D76A,
D1F2,
CED0,
D055,
D3E6,
D43E,
D3DD,
D822,
DE0A,
DF86,
DE10,
D9F2,
D426,
D06A,
CDDF,
C909,
C37D,
C5F1,
CE07,
D21F,
D337,
D5A8,
D8C4,
D612,
CE6D,
C954,
C6CA,
C76D,
CB3B,
D04B,
D674,
DA43,
DB67,
D8A2,
D14F,
CE5D,
D148,
D62A,
DD0F,
E2AA,
E658,
E5AD,
DE5C,
DBDA,
E258,
E991,
F051,
F3F9,
F1EA,
EFCB,
EEF7,
F1AB,
FBF6,
02E2,
FEC8,
FACC,
FC75,
FFE2,
057E,
08E0,
044D,
FFCD,
0242,
0555,
04DD,
029C,
FDBC,
F929,
FA29,
FB1A,
F3F2,
EB4B,
E9D4,
E9F2,
E437,
DCEA,
D99D,
D80C,
D5BE,
D37D,
D1BA,
D0E2,
D35E,
D7C9,
DA63,
DC90,
E32C,
EC35,
F128,
F36B,
F81E,
FDD7,
FD63,
F80D,
F37F,
EF5C,
E78B,
DCE5,
D74B,
D6A0,
D85A,
DC61,
E44F,
F00A,
F623,
F5C7,
F0CA,
E6C7,
DEE5,
D9F1,
DC7C,
E8FB,
F05B,
EF56,
EA84,
E0A2,
DD55,
E610,
EBFB,
EA8D,
E77D,
E2B2,
E170,
E856,
EC1D,
E601,
E1A0,
E561,
E8BB,
E755,
E57A,
E4CF,
E4F1,
E6E1,
E812,
E54A,
E2F8,
E5F9,
E8E8,
E5DA,
E27A,
E53A,
E8A5,
E62A,
E2C1,
E4C6,
E7E8,
E635,
E34C,
E491,
E713,
E610,
E3D9,
E486,
E652,
E5D0,
E44D,
E492,
E5B4,
E585,
E4A0,
E4A7,
E538,
E535,
E4D0,
E4C1,
E4EE,
E4E2,
E4AE,
E4C1,
E50D,
E556,
E5A2,
E3B8,
DFA7,
E1C4,
EA4E,
EE62,
ED82,
E4A4,
D23F,
CE21,
DCAE,
E9F0,
F3CB,
F7FD,
F455,
EFEA,
EC55,
E532,
D834,
D02B,
D1E7,
D359,
D0CA,
D220,
DBA8,
E423,
E6EF,
EA85,
F261,
F88C,
F91B,
F8EA,
FAD3,
FB82,
F85D,
F475,
F1F9,
EF23,
EA83,
E599,
E1AF,
DE08,
DA1E,
D661,
D340,
D09C,
CE99,
CD03,
CB7C,
CA58,
CA5E,
CAFA,
CB12,
CB42,
CCE9,
CF39,
D029,
D0B1,
D381,
D776,
D999,
DAB0,
DBC4,
DD14,
E27B,
EA4D,
E9EF,
E3CE,
E509,
EC13,
F409,
FC92,
F95C,
EB8D,
EADA,
F714,
FEE7,
01DA,
0313,
0286,
FE5A,
F5F9,
F49F,
FC6C,
0325,
079B,
09E5,
0987,
0619,
FE98,
F914,
F765,
F82B,
FC0A,
008F,
055F,
0844,
07C9,
0500,
FF33,
F940,
F481,
F0FB,
EF44,
EF78,
F2C6,
F692,
F934,
FB3D,
FCDE,
FCED,
F970,
F4A0,
EFF3,
EB29,
E62C,
E1C4,
DF0B,
DDF2,
E00B,
E326,
E373,
E380,
E7F5,
ED86,
EF33,
EE38,
E8B0,
E1C1,
E4A5,
EAF7,
E22D,
D1FB,
CDC5,
D0AE,
D1C1,
D1CE,
CF23,
CABA,
C87D,
C842,
CDE1,
D7FD,
DC2A,
DB28,
D8AE,
D4E5,
D4EA,
D8AB,
DC4C,
DFAC,
DEA1,
D8BD,
D1C9,
C9E2,
C58B,
C5C3,
C6B8,
C832,
C843,
C654,
C27E,
BBFD,
B7E0,
B7C7,
BA07,
BF07,
C4A3,
CA88,
CE55,
CE3B,
CCC2,
C9F6,
C856,
C9D6,
CC62,
CF7A,
D324,
D808,
DB58,
DA68,
D746,
D178,
CC6F,
CD50,
CD90,
C497,
BD0D,
C51B,
CF87,
CDF1,
C8B1,
C621,
C49B,
C51A,
C583,
C0D7,
BA66,
B608,
B3E1,
B89E,
C083,
C38F,
C412,
C421,
C436,
C89D,
CF38,
D1A5,
D103,
CD0A,
C6F8,
C545,
C72A,
CCA8,
D4F4,
D8D3,
D8E2,
D922,
D993,
DC58,
E158,
E5F7,
EA12,
EA4B,
E64E,
E109,
DA8F,
D6D3,
D6A3,
D7A0,
D9CF,
DB2B,
DB30,
DA14,
D777,
D560,
D3F8,
D672,
DF9C,
E50C,
E1CE,
DFE7,
E420,
E360,
D654,
CC77,
CE68,
D1F7,
D3E6,
D42E,
D075,
CD41,
CE40,
CF78,
CE3B,
CC99,
CAAC,
CB17,
D2FE,
DC4B,
E1A3,
E49F,
E3B0,
E1C8,
E365,
E5B1,
E59A,
E461,
E226,
E024,
E1D6,
E567,
E975,
ECEF,
EA83,
E523,
E27D,
E1C4,
E45F,
E90F,
EB94,
ECC6,
ED8E,
EE4F,
F2DB,
FA29,
0022,
04D1,
06BF,
0622,
028A,
FC62,
FB4E,
FF3D,
0075,
FEC4,
0040,
0558,
04AC,
FD05,
FAE0,
0011,
02E8,
0220,
005E,
FD96,
FB2E,
F9B6,
F761,
F32C,
F286,
F7E4,
FE2B,
04D8,
07DC,
03A9,
FFE6,
FFA3,
0081,
02C1,
0452,
036B,
0298,
038C,
03FF,
0264,
FFF7,
FC79,
FA0E,
FB56,
FE66,
0370,
07C8,
0752,
0503,
02A0,
004A,
FF5D,
FE97,
FC27,
F917,
F5C5,
F345,
F5E9,
FA2D,
F8BB,
F4C6,
F305,
F277,
F1B7,
F1BD,
F7AD,
00C1,
03AC,
02C6,
0462,
0770,
08E2,
0931,
0A4D,
0BEA,
0C80,
0C2E,
09CC,
05AD,
0599,
096C,
0C3E,
0DF4,
0DDE,
0BCE,
0ADB,
0B61,
0B0E,
098A,
0A46,
0DEB,
121F,
16E5,
18D1,
1663,
14A2,
14B5,
1577,
1743,
17BF,
15E0,
12AE,
0DAF,
09C6,
089C,
0875,
08E1,
0A93,
0E81,
1253,
1496,
1617,
1705,
169C,
129D,
1039,
15DD,
1C45,
1D02,
1C9F,
1E71,
2063,
2085,
2051,
21A2,
2311,
2287,
2173,
21A5,
2283,
2463,
262D,
2469,
2123,
1FF4,
200C,
210A,
22DB,
25E9,
2994,
2C0D,
2D6A,
2BDC,
285C,
277F,
2884,
2929,
297C,
286B,
262A,
24B0,
23E7,
2253,
2005,
1ED4,
1EC9,
1EA7,
1E60,
1E28,
1E00,
1D97,
1CC8,
1DA6,
20CD,
2212,
2082,
1EDA,
1D99,
1B47,
170B,
15AE,
19A5,
1BAF,
18C4,
1733,
19AC,
1B10,
18F0,
173E,
1790,
18F8,
1C02,
1E8A,
1ED0,
1EB6,
1F11,
1F7D,
1FA9,
2099,
2418,
276B,
280C,
2741,
2512,
222B,
1F56,
1C54,
1890,
1535,
1463,
14F2,
1609,
17B1,
1A10,
1CA4,
1E5F,
1F6C,
1EFC,
1DED,
1EAF,
2073,
21F8,
2350,
2446,
24C9,
237C,
2111,
2128,
2302,
236E,
22C6,
2307,
23E9,
2204,
1DB4,
1C09,
1CEF,
1BAF,
183E,
18DD,
1DEC,
2002,
1E71,
1D99,
1DD8,
1D9F,
1CD2,
1B5C,
1904,
178F,
17A6,
16AC,
13AD,
11DC,
125B,
12C6,
1286,
11F3,
10CE,
1023,
1083,
1150,
1249,
1431,
1802,
1B7C,
1D51,
1DF9,
1CE6,
1B3D,
1984,
1829,
1804,
1867,
1929,
19F3,
1A22,
1A4F,
1B1A,
1C23,
1CF4,
1E18,
20FD,
240E,
2445,
23A5,
2592,
282B,
2818,
26E3,
26F9,
27B4,
27F9,
287D,
2CFE,
3344,
33AE,
304D,
2E4C,
2CED,
2A1E,
2660,
2363,
211F,
207A,
2142,
21CE,
222D,
2382,
25B8,
26F7,
2731,
28B5,
2B95,
2D97,
2E9E,
2D2A,
28C1,
2620,
260E,
26D3,
2876,
2A0F,
2B62,
2C7C,
2D57,
2D60,
2C36,
2AD2,
2931,
28EC,
2B35,
2D93,
2F07,
30C0,
330E,
361A,
3AC7,
3E50,
3E85,
3DBB,
3D0E,
3B6A,
3761,
33DB,
33E9,
34BF,
34D9,
3424,
318C,
2DF8,
2929,
250F,
25BE,
27A9,
25F1,
23A7,
24D4,
2789,
2A70,
2CF5,
2CB1,
2AB6,
27B6,
2442,
2248,
215E,
21EA,
2340,
2283,
209C,
1FF6,
2047,
21E4,
247B,
25D3,
264A,
28CD,
2CD6,
2F77,
30AB,
2DB9,
26E8,
21A4,
1E18,
1D67,
1FCD,
203F,
1E3B,
1DC3,
1F46,
1FCB,
1EE6,
1E03,
1D29,
1DA3,
2039,
2099,
1D3E,
1A36,
182C,
187F,
1C75,
2174,
2706,
2C66,
313D,
347C,
34F9,
344F,
3285,
3184,
33BD,
3482,
2F87,
2AD9,
2A90,
2C5F,
30CF,
350F,
3614,
355A,
326C,
2F1E,
2D74,
2D24,
2F9C,
32DF,
33B7,
3457,
3811,
3CED,
4161,
4496,
426A,
3D77,
396C,
3626,
3635,
37F1,
3750,
352F,
31EE,
2E0C,
2D04,
2D8A,
2874,
1FCE,
1D28,
1F4A,
234D,
28D5,
2AD6,
29A0,
285A,
2701,
25F8,
2550,
23C5,
2139,
2129,
240D,
2266,
1B2A,
14FC,
107E,
0F71,
12E2,
167A,
1955,
1D80,
23D9,
2730,
2515,
2461,
2759,
2AE8,
2F2A,
3056,
2B51,
2637,
2341,
221B,
23B9,
2731,
2D8D,
3251,
30FC,
2F4B,
3115,
3351,
3550,
351E,
2ED6,
26EA,
204A,
1B76,
1BA4,
1DA1,
1EC2,
1F10,
1C0B,
18D7,
1C5F,
20D6,
1B99,
1249,
0B67,
0661,
062E,
08CE,
0A85,
0C0F,
0DE7,
101E,
153F,
1B62,
18C3,
10A4,
0F05,
1208,
14BB,
1761,
1A18,
1CB3,
1FC8,
2300,
1F70,
1597,
0FA0,
0DB1,
0C98,
0C57,
0B8E,
0A0D,
07F0,
054C,
FF61,
F522,
F0C9,
F4CF,
F891,
FABD,
FC93,
FE22,
FD61,
F89F,
F749,
FCA7,
027B,
07CE,
096D,
040F,
FE31,
FA29,
F766,
F726,
F646,
F312,
ED8B,
E2A0,
DADA,
DF3E,
E4F1,
E389,
DE0B,
E19A,
E52F,
E443,
E2FE,
E663,
EA9E,
ECDC,
ED34,
E979,
E417,
E0A7,
DD9E,
D965,
D4BD,
CFD4,
CBD7,
CDAA,
D275,
D4E5,
D64C,
D943,
DC8F,
DCDD,
DAD1,
D5E6,
CF18,
CAF1,
C8D6,
C6C4,
C527,
C878,
CFB0,
D41C,
D5EB,
D605,
D46B,
D0A2,
CAD4,
C7A3,
C74B,
CA65,
D12C,
D6BA,
DA88,
DB58,
D889,
D508,
D0C7,
D134,
D85A,
DF5D,
E53C,
E7D7,
E54D,
E2CC,
E12C,
E366,
ECAE,
F414,
F5B5,
F533,
F1DA,
F149,
F878,
FF5A,
01ED,
023F,
FECB,
FCF8,
02EA,
087D,
0723,
0421,
01FA,
00CA,
0344,
04DE,
FEA7,
F74F,
F741,
F856,
F30D,
EBF1,
E80C,
E541,
E1A9,
DDC1,
D8FD,
D474,
D362,
D415,
D285,
D093,
D361,
D8FF,
DCA9,
DF94,
E5BB,
EDC8,
F355,
F6EC,
FA1F,
FC8B,
FB75,
F74A,
F124,
E956,
E1D4,
DAE7,
D6CA,
D59C,
D9AA,
E301,
EBA2,
F314,
F5F2,
F399,
EC5C,
DF4C,
D966,
DD9D,
E455,
EDAB,
F106,
EACA,
E46F,
DF2F,
DFAE,
EAAA,
EFB0,
E67A,
E041,
E447,
E82E,
E898,
E7A7,
E49A,
E319,
E6CC,
E96D,
E614,
E327,
E56F,
E7CF,
E696,
E4F6,
E515,
E5A9,
E64B,
E696,
E54A,
E412,
E5AE,
E788,
E5A9,
E32E,
E50A,
E7DA,
E5FB,
E2D2,
E483,
E7C5,
E631,
E2CD,
E421,
E773,
E645,
E2F2,
E3DF,
E707,
E63F,
E32A,
E3B6,
E693,
E628,
E36F,
E393,
E5E8,
E60C,
E459,
E440,
E5A0,
E406,
DF7B,
E297,
EDB6,
EFFA,
E846,
DDE0,
D06F,
D0E7,
E33D,
F0AE,
F5D4,
F6D6,
F2EE,
ED80,
E741,
DF4A,
D496,
CE9F,
D13B,
D3C1,
D2DF,
D58C,
DFB4,
E860,
EACE,
EDEE,
F58E,
FB2A,
FA57,
F8EF,
FA98,
FAFA,
F6AF,
F1D0,
EF81,
ECE8,
E797,
E20F,
DEA1,
DBA2,
D79E,
D3B8,
D12B,
CF38,
CD27,
CB60,
CA64,
C9F7,
C9F2,
CA53,
CB14,
CC2A,
CD7E,
CF13,
D0F6,
D31E,
D5C4,
D891,
D948,
D932,
DF07,
E80E,
E75E,
E074,
E254,
EA9F,
F267,
F980,
F5F9,
E99B,
E9EE,
F5DE,
FE02,
0246,
02B1,
FF1E,
FABF,
F5B6,
F616,
FCDE,
039C,
09EF,
0BB7,
078A,
02A5,
FDA0,
F9C4,
F77C,
F8EF,
FFF9,
05A1,
07A3,
087C,
08B4,
05D5,
FD88,
F678,
F416,
F28E,
F055,
F076,
F5EC,
FB27,
FC85,
FD2B,
FF1D,
FF03,
F8E0,
F1F4,
EED1,
EBC9,
E518,
DF6C,
E104,
E45C,
E36B,
E251,
E61E,
EB62,
EF09,
F0E6,
ECFE,
E774,
E9D3,
EE21,
E82C,
DD6D,
D59A,
D021,
D25B,
D84E,
D40B,
CA59,
C82C,
CB0C,
CF11,
D415,
D919,
DDAE,
DB5F,
D3CB,
D47B,
DC19,
E025,
E0D3,
E003,
DDB1,
D72E,
CC73,
C823,
CB23,
CC4F,
CAED,
C970,
C80F,
C392,
BAD8,
B635,
B7B6,
BA53,
BD5C,
C1E1,
C8AD,
CC2D,
C992,
C766,
C7A6,
C863,
C92C,
CB8B,
D0D1,
D63A,
DB14,
DD88,
DB08,
D7B6,
D60F,
D384,
CDE1,
C8B2,
C660,
C6B5,
CCF7,
D206,
CC3B,
C571,
C8A3,
CC78,
C67A,
BD9F,
B77F,
B353,
B30D,
B539,
B98C,
BE37,
BD65,
BB0B,
BF63,
C693,
CA9A,
CC76,
CADA,
C71F,
C3EF,
C1A4,
C4D7,
CB9B,
CF43,
D0D8,
D205,
D2FC,
D68C,
DC30,
E269,
E8E0,
EAA6,
E808,
E423,
DF1E,
DBF3,
DAD6,
DAF3,
DC57,
DD4B,
DDB2,
DC22,
D81A,
D687,
D857,
DB6D,
DFE9,
E321,
E443,
E444,
E35A,
DF37,
D5C1,
CFC2,
D18F,
D29B,
CFC4,
CD4D,
CC9D,
CC55,
CC8A,
CB73,
C6A5,
C36B,
C586,
C9D2,
D01F,
D607,
D8D9,
DAB0,
DC68,
DDF3,
E00F,
E115,
DDEC,
DA31,
D9C1,
DB2E,
DF48,
E3DC,
E58D,
E544,
E18A,
DCD7,
DC2D,
DD86,
DEDD,
E065,
E131,
E214,
E552,
EA55,
F225,
FB3F,
FFB6,
00E0,
011C,
007D,
0007,
FFC5,
00FB,
0351,
0481,
04AD,
0398,
0169,
0149,
0326,
04BE,
05FF,
055D,
02AD,
FF3D,
FB2C,
F635,
F014,
EEB5,
F3AD,
F76E,
F89F,
F9BD,
FAEE,
FC32,
FD9C,
FF15,
00A3,
0209,
0318,
0450,
0646,
0686,
0335,
FFE7,
FDE5,
FD81,
0005,
0349,
06AC,
0904,
0889,
0775,
076B,
06BA,
03F0,
002F,
FBB0,
F747,
F3E9,
F1DD,
F367,
F526,
F1AA,
ECCD,
EA8B,
E9C9,
EAA1,
ECB4,
F006,
F3DD,
F64D,
F81D,
FA85,
FD13,
FF34,
00D0,
00DE,
FFD3,
FDEB,
FBB9,
FCA4,
FFCC,
026A,
04B6,
073C,
09CE,
0AA6,
0A0E,
098E,
0938,
0B49,
0FA9,
129E,
140D,
152A,
15ED,
1740,
1944,
1ABF,
1B8C,
1B95,
1ACF,
1897,
14A6,
1036,
0B6E,
0700,
02FD,
0178,
03E4,
0610,
068E,
0738,
0893,
0981,
0914,
0A09,
0E94,
1263,
12D8,
12E1,
138B,
14E8,
1803,
1AB1,
1ABA,
1AC3,
1D08,
1FA2,
2158,
22AB,
2408,
2479,
21F7,
1E9C,
1C72,
1B48,
1C5A,
1E74,
2005,
2180,
22E5,
248E,
2814,
2C2C,
2DBA,
2DFA,
2F3E,
30C3,
30AF,
2FA0,
2EB0,
2DEB,
2F0F,
3150,
3086,
2D90,
2C0B,
2BA5,
2B7A,
2B8D,
2C51,
2D9D,
2CF2,
2A58,
2887,
278C,
2403,
1DBC,
18B0,
1536,
12B1,
1143,
0FDB,
0E41,
0D7D,
0DDE,
0D9E,
0BED,
0D60,
140C,
1853,
1770,
16FA,
1871,
1A30,
1C1A,
1D9A,
1E25,
1ECD,
2022,
215C,
2229,
22A1,
22CB,
2237,
2033,
1DD3,
1B74,
19DE,
1ABB,
1BAD,
1A49,
187F,
173A,
174B,
1BA5,
20B5,
219B,
215D,
239D,
25DD,
2405,
20AA,
1F56,
1EE0,
1E8D,
1E3C,
1D19,
1B7E,
194D,
1735,
184A,
1B4E,
1D70,
1EF2,
1E85,
1CF8,
1F21,
23D5,
252C,
2403,
2555,
289E,
29FB,
29AA,
2B4D,
2EB6,
2FDE,
2EB7,
2BB0,
26AC,
24C4,
26A9,
24FC,
1EC8,
18F5,
13FA,
105F,
0E97,
0D76,
0CE2,
0CB2,
0CCA,
0D7E,
0F1C,
101B,
0FCB,
0F35,
0EB6,
0D1B,
08E5,
073C,
0C47,
0FF7,
0D51,
0AA8,
0AE0,
0C7C,
0FF4,
138F,
15D2,
17CB,
1A08,
1BFA,
1D01,
1DC5,
1EE9,
1FED,
2073,
2077,
1FE0,
1E48,
190B,
1410,
175A,
1DE3,
2163,
235D,
2377,
22C6,
2442,
26B2,
277E,
27B5,
2AB2,
2EEB,
2EAF,
2C03,
2E76,
3412,
3684,
3688,
3433,
3012,
2F58,
3160,
3248,
3219,
2DF9,
2625,
2189,
2056,
1E26,
1AD4,
1A46,
1CED,
1DB6,
1BD9,
1D41,
2311,
2707,
2809,
2809,
26AD,
2812,
2E45,
31A9,
2F8A,
2D50,
2C06,
2C49,
2F28,
3295,
366A,
3849,
35D9,
335E,
331C,
329B,
3025,
2F04,
31F5,
363C,
3B7E,
3F1B,
3C51,
3A07,
4005,
4672,
463C,
4351,
3F5D,
3A84,
34D9,
2FA5,
2DCE,
2D89,
2DFD,
2DDD,
2876,
2121,
1CB6,
1AA4,
1E46,
245B,
2375,
1F6F,
21A0,
2713,
29A6,
2A2B,
2848,
2494,
20A8,
1CD1,
1BE8,
1D79,
218C,
278A,
274D,
21A2,
219D,
26E3,
29AD,
29EC,
2977,
283E,
2822,
295D,
2932,
2772,
22A9,
1A07,
1516,
157E,
17A9,
1BDA,
1CE0,
183F,
1659,
1A42,
1BF6,
1834,
16BB,
1ADD,
1EC3,
20AA,
20C4,
1D32,
1C14,
21BC,
291C,
3108,
3783,
39FE,
3ACC,
3ABC,
397C,
35E7,
3339,
365D,
393C,
34E5,
2F30,
2C8E,
2C93,
3343,
3AB8,
3976,
3515,
3346,
323A,
2FDE,
2E36,
3333,
3ABA,
3C01,
3AA3,
3D94,
426D,
45A6,
472B,
42CF,
3ABA,
356A,
3221,
31A2,
331B,
31C1,
2E27,
291A,
22F0,
2064,
2113,
1E11,
17BE,
176D,
1D16,
22C7,
2851,
2913,
244B,
2179,
217C,
2011,
1CA9,
1ABB,
1AFA,
1B1E,
1B11,
186F,
1196,
0DE9,
0FDE,
1441,
1B6E,
2177,
2448,
26D0,
2A3E,
2B8D,
27D0,
26D5,
2F16,
34AB,
2F6E,
2911,
2616,
24E2,
2622,
2920,
2EDE,
33CF,
33A7,
31C4,
2FD4,
2E4C,
2FDB,
30AB,
2AC8,
2289,
1B53,
15B5,
15CF,
186B,
19C0,
1A30,
17B7,
142C,
1439,
1579,
12D0,
0DD0,
06A8,
FF3D,
0137,
090B,
0C4F,
0CDF,
0FF7,
1489,
1744,
1861,
1651,
11BE,
1069,
1200,
15C7,
1B82,
1D99,
1BDE,
1B9E,
1D18,
17D9,
0AEF,
04C8,
0747,
07C3,
04FA,
0302,
027F,
FF36,
F7BF,
F1B5,
EE0E,
EE84,
F517,
FA80,
FC54,
FC9B,
FAC2,
F98E,
FA10,
FC8E,
02D9,
0700,
0533,
0099,
F85A,
F19B,
F158,
F17F,
EE48,
E9D2,
E2C7,
E6EC,
E01B,
D9A4,
D9A2,
DC7E,
E23A,
E751,
E47A,
E06F,
E508,
EBA3,
ECCF,
EAB1,
E428,
DC06,
D90B,
D80F,
D3CB,
CE5C,
CA88,
C88A,
CD71,
D5F5,
D786,
D517,
D7D4,
DD27,
DB16,
D3BF,
CD96,
C869,
C5EE,
C5E9,
C63D,
C700,
CC86,
D63E,
D8EE,
D47C,
D18C,
D075,
CCC2,
C617,
C5F5,
CDB6,
D48A,
D98B,
DC57,
DC65,
DA02,
D468,
D229,
D542,
DB3F,
E521,
EB13,
E959,
E694,
E3A0,
E3DB,
EA5D,
F192,
F860,
FB35,
F4C2,
F0AE,
F71C,
FE8C,
0307,
04D4,
00B2,
FD4D,
0156,
0634,
07A7,
06E3,
01B0,
FCF8,
00D7,
0507,
FE6D,
F57D,
F481,
F567,
F136,
EB23,
E5E2,
E142,
DEE4,
DD46,
D802,
D1D8,
D1BA,
D4B4,
D38C,
D0F0,
D497,
DC0A,
E05A,
E300,
E939,
F1A3,
F6C7,
F938,
FAF7,
FBBF,
F8FC,
F314,
EBB7,
E334,
DC56,
D75C,
D603,
D867,
DF1B,
EA49,
F226,
F5CF,
F42B,
EC5E,
E3BF,
DA6B,
D974,
E4A8,
ED19,
EFC5,
ED70,
E387,
DE55,
E318,
E81E,
EB87,
EB28,
E30E,
DF18,
E74B,
ECC9,
E6D0,
E1D7,
E4CD,
E7F3,
E765,
E61E,
E4E3,
E467,
E680,
E81E,
E596,
E328,
E593,
E844,
E60C,
E341,
E504,
E78B,
E621,
E3DC,
E4CE,
E69B,
E5F2,
E483,
E4D2,
E5C2,
E59E,
E506,
E4EF,
E517,
E53D,
E55A,
E515,
E49E,
E4DD,
E583,
E536,
E450,
E48D,
E596,
E542,
E3E5,
E45B,
E651,
E5EC,
E36E,
E205,
E1A6,
E556,
ED38,
EDF0,
E6B4,
DCA7,
CF44,
D184,
E7F4,
F5A7,
F597,
F421,
F280,
ED68,
E3B6,
DABB,
D3A3,
CFD0,
D0E2,
D30D,
D4FD,
D94E,
E1D6,
E964,
ED14,
F0D3,
F6B9,
FAE8,
FA97,
F97A,
F9C6,
F8FC,
F51A,
F0A8,
ED7E,
EA22,
E567,
E094,
DCCE,
D969,
D5F7,
D2C8,
D020,
CDF8,
CC8A,
CB90,
CA8B,
C9E0,
CA6C,
CB88,
CBF6,
CC62,
CE22,
D095,
D2D2,
D4EB,
D5FD,
D6CB,
DAAC,
E02E,
E2C8,
E36B,
E221,
E004,
E86C,
F7F9,
F750,
EA1A,
E7D8,
EEE8,
F6B3,
FF18,
01D9,
FEFC,
FAFA,
F5FF,
F540,
F942,
FF5D,
07B7,
0B2D,
0859,
045C,
FF91,
FB75,
F859,
F8F8,
FEF2,
0467,
0807,
09FB,
09D4,
0717,
009A,
FA6C,
F60F,
F332,
F25B,
F360,
F710,
FB0C,
FE41,
0062,
00BC,
FF67,
FB98,
F6BA,
F16C,
EC25,
E749,
E3B2,
E34F,
E407,
E3A7,
E418,
E866,
ED71,
EFB1,
F013,
ECF6,
E955,
ED27,
F1AC,
E7BA,
D8BC,
D63F,
D976,
D8D7,
D637,
D0C5,
CA5A,
C9BF,
CD1C,
D2A5,
D959,
DA9D,
D809,
D641,
D532,
D894,
DF58,
E238,
E191,
DDD9,
D754,
D1C8,
CD55,
CC3C,
CE9B,
CF2E,
CDA0,
CA37,
C4C5,
BF83,
BA93,
B927,
BC3B,
C021,
C47F,
C7EE,
C9E9,
C9EF,
C716,
C54F,
C5EA,
C7A5,
CA7B,
CEC1,
D591,
DA11,
D91C,
D75E,
D6DB,
D4FA,
CFD8,
CAC7,
C71A,
C64D,
CC87,
D18E,
CD14,
C856,
CB7F,
CE99,
CABC,
C45B,
BCBC,
B637,
B5BB,
B7D0,
BA0E,
BC37,
BBC7,
BB3E,
BF6F,
C563,
C9BA,
CC5B,
C96F,
C3EC,
C172,
C100,
C394,
C7EA,
CA0B,
CAEC,
CB88,
CC44,
D097,
D769,
DD82,
E2CD,
E4D6,
E405,
E149,
DCF8,
DB31,
DBCA,
DC64,
DCFD,
DCBA,
DB97,
D93F,
D599,
D53D,
D8CD,
DC0C,
DE7D,
E1C8,
E669,
E6B8,
E0F6,
DB93,
D79E,
D5A0,
D6D3,
D64A,
D1D0,
CF5C,
D1B8,
D214,
CD49,
C870,
C4B3,
C3CA,
C853,
CD71,
D0E8,
D394,
D4E0,
D637,
D92D,
DB0F,
D930,
D653,
D372,
D229,
D60B,
DB2E,
DEA9,
E08A,
DE5B,
DB13,
DA50,
DA82,
DAF3,
DB5F,
DA30,
D90B,
DAF2,
DEF1,
E59C,
ED7C,
F368,
F7B8,
F8D1,
F7D9,
F739,
F6E0,
F837,
FAAC,
FCBB,
FE6B,
FE2F,
FCAA,
FE6C,
02AC,
04BC,
04E8,
05D8,
0751,
05BE,
0149,
FC29,
F674,
F593,
FA0E,
FCA1,
FCAA,
FC83,
FC21,
FD02,
FFA2,
011D,
00B2,
0181,
0461,
06D7,
0899,
07F3,
0387,
FF4D,
FC40,
FB3F,
FDC7,
0032,
00EA,
0175,
021A,
0307,
050D,
059A,
0248,
FE2E,
FA64,
F801,
F986,
FB5D,
FAF4,
F909,
F451,
EF73,
ED6B,
ECB5,
ECB1,
ED87,
EFCB,
F277,
F3C2,
F4C5,
F71F,
F9D5,
FC15,
FD47,
F9D0,
F486,
F37F,
F4E0,
F689,
F8AF,
FB80,
FEBA,
0249,
059F,
0460,
001E,
FF24,
00A8,
03A8,
07CE,
08BC,
0708,
0853,
0C4A,
0FF7,
134E,
153B,
15A5,
1519,
1399,
117D,
0EDE,
0B7C,
072A,
05E5,
08A7,
0B8C,
0E3A,
0F04,
0CE9,
0B8D,
0BC8,
0D1D,
1028,
11B4,
100E,
0EF7,
0FB9,
1157,
1468,
15BA,
1282,
0FFF,
1115,
1334,
15BE,
18B2,
1C74,
1F1E,
1E8B,
1C98,
193F,
16F5,
19BE,
1D65,
1DF6,
1DD1,
1E45,
1F7B,
234F,
274F,
2707,
25AE,
27FF,
2B84,
2D56,
2E2A,
2D4D,
2C16,
2F3A,
3405,
3455,
31DE,
2DE2,
292D,
27A8,
2876,
2AED,
2E82,
2FCA,
2F54,
2FCA,
30B8,
2EF1,
2AE2,
26A8,
225D,
2003,
1F95,
1F05,
1E54,
1CA1,
19C3,
1A8F,
1F9D,
228F,
22C2,
1FC7,
18C1,
14FD,
1650,
16FD,
15FC,
153F,
14F6,
1570,
1711,
1876,
1922,
1995,
1A2C,
18D7,
1379,
0FBB,
10B8,
139C,
18EB,
1C26,
187D,
1542,
179A,
1A74,
1AE9,
1AE1,
1AC5,
1B87,
1F95,
233C,
2202,
1F3C,
1CFE,
1B81,
1CE2,
1EF1,
1EC3,
1D95,
1B61,
199A,
1CA6,
2198,
23D6,
2488,
237F,
21B4,
223D,
2407,
253B,
2614,
2631,
25E6,
27A7,
2A68,
2850,
22CA,
1F07,
1CDB,
1F83,
261C,
27E8,
2562,
2342,
217E,
218B,
237D,
2251,
1DBB,
1AC7,
19E1,
1914,
182D,
19A4,
1E28,
20BF,
208C,
1D71,
163F,
12A0,
15A1,
1616,
111B,
0C1F,
07F3,
06A9,
0A87,
0E1A,
0F18,
0FBB,
1086,
1104,
1144,
1042,
0C5B,
08EA,
0813,
0928,
0D9E,
11E5,
1290,
11F6,
105A,
0FBB,
1400,
1902,
1A4D,
1A5C,
1A72,
1B15,
1ED1,
2312,
238D,
2285,
2293,
22FD,
23B8,
242D,
2162,
1D98,
1EE2,
2316,
2793,
2BB9,
29C1,
2429,
23B9,
26AE,
284C,
2914,
2A4C,
2BBA,
2BFA,
2B42,
2A6E,
298B,
2B74,
2FF7,
3009,
2B97,
2A2C,
2C13,
2EE5,
32BF,
31EE,
2B57,
2657,
23E3,
22E3,
23B0,
245F,
246C,
254E,
2761,
29F1,
2D16,
2F57,
2FE8,
302D,
3043,
316A,
3535,
36DE,
32C8,
2FD5,
31C4,
3541,
3A4A,
3DB7,
3C0A,
3936,
3722,
357B,
34FC,
3480,
325B,
310A,
33EA,
37E5,
3AA6,
3C42,
3A8B,
3887,
3C1F,
4042,
3C96,
35EE,
3205,
2F6F,
2E2A,
2D9A,
2C50,
2AAA,
2947,
27B8,
2357,
1DDA,
1D71,
204C,
226D,
2404,
2304,
2040,
2134,
24D2,
2512,
2287,
1F77,
1C00,
1A45,
1A45,
1B96,
1E31,
1F79,
1F44,
1F1D,
1F02,
20DC,
2531,
265F,
2329,
2289,
2611,
26ED,
2391,
1F85,
1B07,
17F2,
172B,
17E8,
1AC4,
1C42,
1A2A,
19AC,
1D86,
20C5,
2133,
20F2,
201F,
2061,
23F6,
267D,
23B2,
223C,
27C1,
2E92,
3387,
3789,
3A1D,
3BCA,
3CFA,
3D2C,
3B17,
387F,
37C7,
377B,
3603,
3451,
3321,
32D2,
3612,
3A15,
387E,
347A,
330C,
32D4,
31D2,
30F0,
335C,
3797,
395C,
39B5,
3BBD,
3E90,
3F52,
3E50,
3A5C,
342E,
311A,
308D,
2E69,
2AEF,
289A,
2752,
24B7,
20CC,
1E38,
1D28,
1B26,
17E6,
194D,
2061,
2443,
2384,
2301,
234D,
22A5,
20B7,
1E68,
1BAC,
1A2F,
1AF4,
1ABC,
183F,
15EA,
141D,
143F,
17BF,
1BD9,
1F84,
235F,
27E5,
2B16,
2AFD,
2A67,
2AE6,
2B6C,
2BF1,
2B74,
27FF,
24B0,
2487,
2589,
26A0,
288A,
2D29,
314F,
2FDD,
2CB2,
2C90,
2C80,
2865,
229C,
1DA7,
1933,
157B,
12D2,
1378,
15BC,
1606,
152F,
141B,
12A5,
1080,
0DCE,
09C3,
052B,
041F,
05D6,
083C,
0B4B,
0F22,
1371,
1598,
15C1,
1532,
13FB,
12BB,
117E,
129A,
162A,
18C8,
1A30,
19ED,
17D1,
135D,
0C26,
0683,
0355,
0142,
006F,
FFA4,
FEBE,
FC04,
F633,
F186,
EF33,
EF10,
F1EF,
F595,
F99B,
FC19,
FB10,
F9F2,
FA04,
FB4B,
FF36,
01DA,
0021,
FC4C,
F60C,
EFA3,
EB2D,
EAE9,
E92B,
E75A,
E629,
E3E2,
DD98,
D73E,
D63D,
D821,
DDB0,
E3B1,
E3C0,
E1AB,
E292,
E481,
E71F,
E892,
E13E,
D612,
D284,
D2B5,
CF8B,
CB00,
C8B2,
C854,
CD13,
D4FB,
D7D8,
D704,
D77D,
D87E,
D5F6,
D088,
CA66,
C3DC,
C2E7,
C738,
CA11,
CB45,
D03E,
D917,
DA93,
D396,
CEBD,
CD04,
CB26,
C8B7,
CB4D,
D493,
DB9C,
DEAE,
DEC1,
DADB,
D77D,
D584,
D724,
DE79,
E5D4,
EBFD,
EE1A,
E853,
E48E,
E7B4,
ED25,
F507,
FAD8,
FA6D,
F88F,
F62D,
F6A6,
0026,
082D,
0489,
FF68,
000E,
027D,
0633,
088B,
03D8,
FE06,
FE7B,
002A,
FDDD,
F9BB,
F440,
EEC4,
EDAF,
ED7E,
E655,
DD00,
DB60,
DCF7,
D836,
D110,
D085,
D3BB,
D426,
D384,
D6A2,
DC59,
E1FC,
E7A8,
ED38,
F285,
F78F,
FC07,
FC6E,
F91F,
F513,
F05E,
E891,
DDFA,
D7E8,
D6CE,
D829,
DBE4,
E3B3,
F01D,
F657,
F48B,
EF09,
E57A,
DE32,
DA65,
DD8A,
EB1A,
F21F,
EC9B,
E628,
E054,
DF57,
E7C6,
ECF5,
E8B2,
E466,
E30D,
E3C8,
E8A5,
EB10,
E4EE,
E093,
E621,
EAD8,
E68B,
E244,
E4F5,
E81A,
E6BE,
E4BE,
E4EB,
E5A6,
E635,
E670,
E54C,
E426,
E582,
E737,
E5B0,
E377,
E4E8,
E758,
E5F1,
E34B,
E47C,
E71C,
E60A,
E364,
E43A,
E6B6,
E600,
E398,
E417,
E644,
E5E1,
E3D6,
E40E,
E5DA,
E5A1,
E3DD,
E440,
E666,
E5CE,
E2C0,
E1CF,
E2E3,
E72A,
EEC3,
ED07,
E0DF,
D760,
D136,
D789,
EDA6,
F97E,
F5DD,
F1E0,
EF8D,
E9BD,
DEE6,
D61B,
D14B,
CF82,
D1A6,
D4CC,
D7C8,
DCE3,
E5D8,
ED4B,
EFF4,
F2D5,
F8C5,
FC97,
FA76,
F7EC,
F8AB,
F824,
F2A0,
ECDD,
EABE,
E86D,
E271,
DC72,
DA13,
D842,
D3D4,
CF71,
CE3B,
CDEB,
CBC1,
C993,
C9EB,
CB32,
CB20,
CAE4,
CC42,
CE70,
D085,
D28A,
D388,
D452,
D7DF,
DCCD,
DF95,
E0F1,
DFF0,
DE04,
E602,
F41D,
F3D5,
E93A,
E706,
EB8F,
F3B9,
FEDA,
0112,
FB0F,
F701,
F50E,
F54C,
F7D2,
FE0C,
084A,
0B77,
060F,
0148,
FE12,
FADF,
F779,
F8CA,
00C3,
06CC,
08E1,
09C3,
09CE,
06CD,
FF13,
F8BD,
F63A,
F4EF,
F465,
F5E1,
FAD9,
FF6A,
019E,
0296,
0255,
0068,
FBD4,
F666,
F0DF,
EBF0,
E8B2,
E697,
E5BA,
E5F2,
E75B,
E9EF,
EF37,
F39F,
F07E,
EC3E,
F0A0,
F5C4,
EFEB,
E611,
DFA3,
DB66,
DCC1,
DF7C,
D7F6,
CCB5,
CB06,
CEA7,
D26D,
D66B,
D8A7,
D97A,
D73A,
D377,
D73E,
DFF3,
E3C5,
E3B5,
E125,
DC5F,
D6D8,
D0DD,
CFC0,
D30F,
D371,
D0E0,
CCC7,
C72D,
C126,
BAC3,
B88A,
BB2A,
BEB9,
C2FD,
C5EC,
C6FA,
C65C,
C397,
C1D8,
C1D6,
C3C4,
C839,
CDB2,
D468,
D8A1,
D80F,
D755,
D890,
D6CD,
CE20,
C854,
CBB4,
CF76,
CFB8,
CEFB,
CD07,
CC48,
D0C2,
D27C,
C896,
BDDF,
BAD4,
BA2B,
B9BD,
B9AA,
B90E,
B8DD,
B9DD,
BC63,
C361,
CA60,
C945,
C4E9,
C217,
C03B,
C0D7,
C2EF,
C5CE,
C8BF,
C809,
C614,
C93A,
CF75,
D651,
DD4F,
E134,
E294,
E0DF,
DCF5,
DB1A,
DAD4,
DB58,
DC7A,
DC77,
DB6D,
D808,
D2A2,
D173,
D475,
D6E7,
D898,
DD33,
E503,
E5D4,
DE4A,
D95B,
D84C,
D791,
D727,
D5A8,
D24A,
D1EB,
D6BA,
D639,
CC48,
C4E6,
C38A,
C471,
C7CC,
CB3F,
CDA6,
D013,
D2AA,
D590,
D9B2,
DB42,
D65A,
D1F6,
D269,
D471,
D7A9,
DAA2,
DBF7,
DBE9,
D91F,
D677,
D794,
D8F7,
D72D,
D474,
D1A4,
D000,
D287,
D787,
DF32,
E71C,
E9BD,
EA0D,
EB94,
ED4C,
EDA7,
EDF1,
F2C3,
F930,
F8A2,
F4C1,
F72C,
FD0C,
FF99,
002F,
02B8,
0626,
06CE,
0510,
FE3F,
F3BC,
F22C,
F82A,
F9DA,
F7BA,
F735,
F82E,
F93F,
FA6E,
FAB0,
F9E0,
FB5C,
FF70,
0483,
0AD5,
0B90,
04CB,
0008,
FEF8,
FF36,
00DE,
034B,
0689,
091A,
0A3C,
0B88,
0DE2,
0DE2,
0958,
04E9,
024B,
00D0,
0127,
0190,
01B6,
FF5E,
F6C4,
EF6D,
EFB3,
F092,
ED03,
EA1D,
EC6A,
EF05,
ECBB,
EB0F,
F0B9,
F769,
F8B2,
F788,
F429,
F0C9,
F278,
F590,
F427,
F222,
F73B,
FE74,
FE4F,
FAB8,
F8AB,
F7B7,
FA42,
FE91,
FF99,
FEAF,
FD82,
FC75,
FF9E,
0585,
0792,
06DC,
0889,
0BC3,
0B2C,
075D,
036D,
FF7E,
FD49,
FCD7,
FF88,
055B,
077E,
0572,
03E5,
0325,
023E,
010D,
02BD,
0857,
0ABD,
07F8,
0871,
0EA7,
1170,
0DBB,
0C77,
1078,
14D5,
1882,
1C59,
20CF,
2381,
22FF,
20A1,
1B84,
186E,
1BCA,
1E57,
1B15,
1851,
1A2F,
1CB1,
1DB8,
1E5C,
1E9A,
1F44,
21EF,
2482,
2486,
23D0,
234E,
23D4,
28C1,
2E1A,
2D40,
2A6C,
2AC6,
2C50,
2D3C,
2E2A,
305C,
32D7,
332C,
326D,
3332,
3451,
3213,
2DFD,
2CED,
2D74,
2A61,
2516,
2355,
2400,
20CC,
1AED,
1B90,
217F,
22F2,
2063,
1E17,
1C0D,
1AD8,
1A90,
1AE9,
1BD7,
1EC8,
2401,
2656,
24E3,
2434,
2504,
2364,
1E3E,
1B3C,
1BC7,
1D1E,
1F40,
1FAF,
1D08,
1AAF,
19A9,
18EF,
188A,
17AA,
156D,
1458,
168B,
174C,
131C,
0F56,
0F14,
0F97,
0FB8,
106A,
129B,
14A8,
149C,
14F8,
18C7,
1C84,
1C12,
1B0C,
1D89,
202B,
1E34,
1BA9,
1EA2,
22E1,
21F0,
1FB5,
2264,
26E6,
28EE,
29B0,
29CB,
2993,
2B0E,
2D05,
2B7C,
27F5,
2679,
261E,
2417,
212A,
20CB,
2232,
21F8,
207C,
1EC1,
1CD6,
1C3A,
1CC9,
1CAC,
1BE6,
1B68,
1B2C,
1A8B,
198B,
16EA,
125F,
11B4,
15E6,
1930,
1ACC,
1CCA,
1F82,
204B,
1E37,
1C98,
1C5F,
1B2F,
17F7,
16F5,
1A86,
1C37,
1906,
164C,
167D,
1514,
0F0D,
0A81,
0B87,
0C38,
08E2,
0603,
064B,
0786,
08FB,
0A73,
0B17,
0C4C,
1031,
13D9,
13CF,
12C7,
12FB,
136F,
1357,
1375,
151B,
175E,
1975,
1B34,
1B50,
1AE7,
1C3F,
1E58,
1FEE,
211C,
212B,
20A1,
2166,
22A6,
216D,
1EBF,
1DE9,
1E3D,
1D0C,
1B09,
1BAD,
1E7B,
21A0,
251A,
29DA,
2F8F,
30DC,
2DF5,
2E38,
31C2,
32FC,
31A8,
324F,
3563,
35DE,
3301,
324D,
34BA,
35BA,
346A,
342B,
35B7,
3739,
389F,
37FA,
341F,
3015,
2C93,
29C3,
27D8,
27BC,
2A86,
2DD9,
30FA,
3357,
33F5,
3447,
350E,
3580,
34F0,
348B,
3565,
365A,
36CA,
36B1,
350C,
3408,
36E7,
3A75,
3BCB,
3BDC,
3A3C,
37D4,
3557,
336C,
3457,
3680,
37CF,
38F2,
3B70,
3DB9,
3B0D,
35FA,
3442,
33CE,
2FB7,
299A,
24D5,
20FF,
1DD6,
1B70,
1B60,
1CE8,
1B76,
17D3,
15A2,
14BC,
15D6,
18C2,
1BC0,
1EB9,
2082,
2107,
2101,
2075,
1F07,
1CB1,
1AD4,
1994,
19F9,
1C51,
1FA4,
241B,
2696,
2604,
252D,
245F,
24A1,
26E5,
27AF,
2590,
22F8,
208B,
1D8E,
1985,
15FC,
134A,
1347,
185E,
1E49,
2365,
269D,
252B,
23AA,
25AA,
2801,
28A0,
293A,
2B24,
2D27,
2DF9,
2EDA,
30DD,
33FA,
39D0,
3FE4,
4310,
43C6,
3F88,
3966,
3670,
34F8,
33E6,
3345,
32DC,
32A6,
323C,
31FC,
33D8,
36AD,
36FB,
3588,
3273,
2E8A,
2E76,
3151,
352D,
39BF,
3C43,
3CE8,
3C49,
3A70,
3894,
36B8,
3213,
2ABF,
2663,
2543,
25BF,
2800,
269C,
20A3,
1C4E,
1A69,
19AF,
1A4A,
1B63,
1CB6,
1FA2,
251B,
27A7,
253D,
20E7,
1A45,
1632,
17BE,
18F3,
178E,
1623,
1576,
14BD,
1350,
1316,
1530,
19D9,
2394,
2C14,
2DDC,
2D49,
2BB8,
29FD,
29A6,
29BB,
2A2E,
2A25,
27F4,
251F,
2242,
20FF,
2698,
2E04,
3083,
3045,
2DA3,
2977,
2553,
2125,
1E19,
1B37,
14C1,
0D17,
0AAF,
0BD4,
0FE9,
1578,
14AA,
0FA1,
0D65,
0CF1,
0B66,
091C,
05BB,
01BC,
02F4,
08C6,
0F4B,
164B,
186A,
1585,
155E,
1852,
16F6,
10A1,
0E83,
119E,
1577,
19FC,
1A71,
154C,
0FE8,
0B1E,
056E,
FE29,
FA08,
FB19,
FC69,
FD18,
FAFD,
F385,
ED9F,
EC2F,
EC9C,
EE82,
F265,
F9FA,
FEB5,
FA5B,
F5F6,
F697,
F8C2,
FC90,
FD9D,
F450,
F95E,
F8D2,
F655,
EE20,
E567,
E248,
E0F3,
DEB9,
DC41,
D8BD,
D5AD,
D5B4,
D7D0,
DCFC,
E2CD,
E330,
E135,
E225,
E3E8,
E314,
E052,
DA64,
D2CE,
CE95,
CCA0,
CABF,
C961,
C9EE,
CC18,
D0B6,
D6F8,
D8F9,
D75B,
D605,
D4C7,
D099,
C9DC,
C59B,
C3F8,
C54B,
C9A8,
CE2D,
D299,
D5EC,
D802,
D648,
CFDD,
CB88,
CA75,
CBBE,
CFC7,
D561,
DCFE,
E0FF,
DEE3,
DBD2,
D851,
D7AB,
DC30,
E259,
EA42,
EF3D,
ED76,
EAE2,
E917,
EA51,
F2AF,
FA60,
FC48,
FBFA,
F91F,
F7D8,
FDD9,
0440,
05A2,
04DA,
0199,
FF17,
039F,
0870,
049A,
FE80,
FD0D,
FCE8,
FB92,
F926,
F365,
ECBC,
EAC6,
EA47,
E478,
DCA8,
D99F,
D901,
D618,
D265,
D128,
D1C2,
D3BB,
D6E5,
DA2C,
DDC9,
E40E,
EC30,
F19C,
F4B1,
F8AD,
FD19,
FC36,
F657,
F099,
EB28,
E37D,
D9AC,
D547,
D703,
DB6C,
E263,
EAAC,
F471,
F72A,
F080,
E828,
DE75,
DA7B,
DF4C,
E62A,
EF2D,
F154,
E6B3,
DF5A,
E145,
E52A,
EAC6,
EC83,
E4B9,
DFC1,
E586,
EA5B,
E7BF,
E4B1,
E460,
E50C,
E720,
E84F,
E549,
E2BE,
E5D5,
E8F0,
E616,
E2CA,
E508,
E803,
E64D,
E3B9,
E4C6,
E6B0,
E614,
E4BD,
E4DE,
E585,
E5A4,
E581,
E519,
E4A8,
E524,
E5FA,
E55E,
E419,
E4AB,
E630,
E596,
E3C3,
E440,
E638,
E5C0,
E395,
E3DD,
E606,
E61A,
E470,
E3B6,
E3DF,
E39B,
E2DB,
E6E6,
F00A,
ECA8,
DB25,
D2A1,
D542,
DEF4,
F106,
FA02,
F5D7,
F0A6,
EBFB,
E521,
DB54,
D3BA,
CFE2,
CF51,
D31F,
D773,
DAA5,
DFE8,
E963,
F0D4,
F25E,
F445,
FA37,
FDBB,
FA15,
F653,
F757,
F6F8,
F037,
E976,
E820,
E69E,
DFD5,
D915,
D7B7,
D70C,
D22A,
CD2F,
CD09,
CE02,
CB73,
C88C,
C9D4,
CC65,
CBCA,
CA96,
CD74,
D1B8,
D1EC,
D0C8,
D447,
D9E8,
DCA5,
DDAD,
DD12,
DC0E,
E2F7,
EE55,
EF5F,
E96B,
E6B2,
E6A8,
EEF3,
FD91,
002E,
F888,
F497,
F421,
F4CE,
F6AD,
FCF7,
07BB,
0AD0,
052E,
0054,
FCF8,
FA35,
F811,
FA38,
01F6,
07CD,
0A42,
0AC7,
0922,
0536,
FE4C,
F88F,
F56B,
F43D,
F591,
F848,
FC84,
005B,
02EF,
03E7,
0269,
FF77,
FB13,
F5E9,
EFDC,
EAD7,
E904,
E820,
E65A,
E66C,
EC63,
F25E,
F1CD,
F047,
F336,
F688,
F71B,
F4ED,
EB8C,
E16D,
E301,
E763,
E0CB,
D668,
D0B3,
CE32,
D1C4,
D834,
DA2E,
D9AA,
D78E,
D4F4,
D729,
DC6A,
E264,
E82F,
E64A,
DEE7,
D9B3,
D625,
D48E,
D4A6,
D5F6,
D816,
D425,
CAB5,
C3B8,
BF50,
BC6C,
BB1B,
BD9F,
C43F,
C719,
C530,
C3C4,
C35A,
C1D5,
BE91,
C001,
C830,
CF15,
D2F5,
D638,
D933,
D9ED,
D774,
D350,
CCCD,
C9DC,
CEDE,
D21F,
CE85,
CC52,
CFE2,
D339,
D46F,
D19C,
C59B,
BB71,
BCD1,
BEF7,
BA39,
B589,
B58F,
B7B4,
BB79,
C03A,
C69B,
CAE3,
C4E7,
BCF1,
BDBC,
C137,
C197,
C0FC,
C0CD,
C0A6,
BEC3,
BDB5,
C5BB,
D1BE,
D82B,
DB45,
DC81,
DC10,
D9B5,
D680,
D80B,
DC65,
DD0A,
DB0C,
D816,
D473,
D255,
D1B1,
D38F,
D7A6,
DD56,
E446,
E687,
E424,
E107,
DD47,
DB46,
DB62,
D967,
D4B9,
D48F,
DA83,
D868,
CAF6,
C2CE,
C358,
C418,
C3D2,
C4D9,
C7B5,
CABB,
CD6E,
D07A,
D4A0,
D58A,
CFC9,
CC24,
CF17,
D300,
D667,
D8FB,
D9BC,
D9D5,
D980,
D95A,
DAAA,
DAB1,
D63C,
D13C,
CDD4,
CCE4,
D1BD,
D894,
DEDF,
E418,
E57E,
E585,
E650,
E7BB,
EB4E,
EF4D,
F0E8,
F127,
EFA4,
EE08,
F145,
F6CE,
FA66,
FD11,
0143,
0525,
00B2,
F774,
F3A4,
F337,
F199,
EF7D,
EE9E,
EEC2,
EFCA,
F191,
F1C6,
F0CD,
F321,
F86B,
FE3A,
0461,
06B4,
050C,
021D,
FDF8,
FC74,
FE31,
FF5D,
FF86,
0160,
0575,
08C6,
0AD9,
0B79,
0A33,
088F,
06AB,
061E,
0817,
08D2,
0702,
0391,
FDD1,
F8ED,
F6B5,
F501,
F336,
F1A6,
F025,
EF8D,
F084,
F2EC,
F818,
FC44,
FBE6,
F988,
F549,
F14C,
F068,
F0B4,
F133,
F226,
F43C,
F5D2,
F345,
F01B,
F1B3,
F4C5,
F537,
F4CF,
F57C,
F690,
F6D5,
F739,
FA5F,
FF02,
02E5,
065F,
0A61,
0E0B,
0D1E,
0917,
05C0,
02F0,
020B,
02A4,
02D4,
02B1,
01D6,
0060,
FF63,
FED7,
FEE0,
FF76,
FFA9,
FF70,
FEFC,
FE4C,
FDA2,
FD13,
FC06,
FA35,
FC28,
0306,
0911,
0D49,
111B,
14B4,
1614,
1410,
134A,
15A0,
167E,
1417,
1206,
1174,
117C,
11FB,
13B2,
17AF,
1B2C,
1C31,
1D52,
1FDD,
22F3,
26A0,
2A38,
2D60,
2F82,
2F7A,
2E61,
2C61,
2A98,
2ACC,
2BC7,
2CCB,
2E01,
2FB6,
3140,
316E,
30E0,
300E,
2EF6,
2DFF,
2CA6,
2938,
24E6,
2215,
200D,
1D33,
1A86,
1C21,
2021,
20A0,
1F20,
200D,
2274,
22FB,
223E,
22AD,
2405,
25C5,
27D4,
28F5,
2933,
2928,
28D5,
2822,
2711,
26A1,
26E8,
263F,
2483,
2239,
1F52,
1D9C,
1D6D,
1EA8,
21AF,
236D,
22EF,
22C3,
2391,
236B,
2199,
1FE1,
1ED2,
1DAE,
1C49,
1AC1,
18D3,
17E2,
1928,
1A64,
1A59,
1A51,
1B31,
1B15,
17E6,
14F4,
152D,
155B,
12AB,
1008,
0FE4,
10AC,
116C,
12AF,
14DD,
17F8,
1D1F,
2270,
248F,
25A5,
28E9,
2C31,
2B9C,
2935,
27C0,
268E,
2508,
2364,
21EB,
209D,
1F95,
1ED8,
1EDD,
1F60,
1F79,
1F4D,
1FA6,
203A,
1ED8,
1BF5,
1A53,
19BB,
18F6,
1814,
168C,
146E,
14A2,
1734,
1869,
1804,
18E7,
1B52,
1BC8,
19C9,
17CF,
1621,
141D,
1195,
1095,
11E2,
12D1,
12D4,
1220,
1029,
0FD9,
12CA,
151D,
1519,
1611,
19DC,
1C8A,
1BBF,
1B2C,
1CD1,
1E34,
1E25,
1D61,
1BBE,
1A2B,
19EC,
1901,
1552,
1101,
0D39,
0A50,
09A3,
09EE,
0A3A,
0AC6,
0B9A,
0C9E,
0DC4,
0EEE,
0FCD,
108A,
11A7,
1271,
1042,
0D3B,
0E58,
119D,
138E,
1536,
1919,
1E36,
226F,
25E1,
278F,
27E5,
2845,
289A,
2903,
2975,
29B9,
29D0,
2864,
25B9,
2619,
2964,
2AB4,
29FF,
2B1F,
2E36,
3208,
3690,
3A76,
3D82,
3F4C,
3FBD,
3D81,
37C3,
3482,
3578,
3650,
365B,
35DF,
3485,
339E,
33D1,
3383,
320B,
304F,
2E46,
2D25,
2E30,
2EA5,
2CBF,
2AC0,
29B4,
28D0,
271C,
277A,
2DB3,
346B,
37A8,
3962,
398B,
3954,
3A6D,
3B76,
3AFE,
3A15,
39D2,
399A,
38D7,
37CD,
36B3,
357A,
33B9,
321F,
330D,
34AE,
3285,
2E9F,
2C12,
2AC9,
2DAD,
32EA,
3531,
357A,
35B7,
3569,
3191,
2B29,
26A0,
2385,
2015,
1C80,
188D,
1470,
143C,
17B2,
1A48,
1BE7,
1AA8,
164D,
1574,
18C1,
1B88,
1D5C,
1FB5,
22D9,
2335,
1FAD,
1D73,
1DB9,
1DDB,
1D51,
1DBB,
1F5D,
2359,
2B50,
30A5,
303A,
2E10,
2A7C,
2792,
26F8,
26C4,
26D1,
2565,
2032,
1B40,
1924,
181E,
179C,
182A,
1A37,
1DE8,
255E,
2BB9,
2A1A,
2691,
263C,
273A,
2991,
2C4C,
2DB9,
2EC2,
3053,
3219,
33AC,
357B,
3932,
3D6F,
4040,
412C,
3AC1,
30F2,
2F0E,
31B3,
321C,
3173,
31A8,
3269,
3310,
33B1,
3509,
36CF,
3737,
3673,
3366,
2E88,
306B,
3896,
3D9A,
3F45,
3E87,
3B39,
3763,
3332,
2E57,
28E6,
2308,
1C8E,
19B6,
1BC1,
1DCB,
1F61,
1D3C,
14F6,
10F5,
150E,
1940,
1B8C,
1E1A,
2172,
23FD,
2562,
23D5,
1CBF,
166F,
1423,
144B,
1863,
1B8B,
192C,
171C,
1995,
1C74,
1C30,
1D75,
2613,
2F2E,
32D8,
3308,
2D6E,
270C,
2782,
29C9,
28B8,
26C5,
2686,
267D,
234A,
201B,
251B,
2D38,
2FB6,
2E99,
2953,
21B5,
1D84,
1B21,
1758,
12CA,
0D7F,
0823,
068A,
07F3,
0C7F,
1320,
11CD,
0A08,
06B2,
0735,
06C9,
05A1,
03FF,
01EA,
0576,
0EEA,
15A4,
1906,
18CE,
145C,
11ED,
12A9,
1182,
0D5A,
0CD5,
11E8,
1570,
162D,
12A2,
089E,
0090,
FDD1,
FA66,
F3CC,
F10D,
F706,
FA12,
F395,
ECFA,
E9C4,
E8B1,
EA8E,
EE5F,
F507,
FA79,
FA85,
F95A,
F97B,
F78A,
F3E1,
F0D1,
F445,
F814,
F5BE,
F06C,
E7F0,
DF3E,
DB57,
D9F5,
DA97,
DB8F,
D768,
D246,
D3BA,
D8B8,
DF4F,
E5D9,
E484,
DF2F,
DF49,
E1D1,
DFFC,
DB37,
D3DB,
CB28,
C843,
C9B0,
C9D3,
C956,
CADD,
CE0C,
D38A,
DAC9,
DA93,
D35E,
D01F,
D0F9,
CCB7,
C31A,
C0C0,
C6C1,
CC0A,
CFE6,
D3DC,
D803,
D8EE,
D5B5,
D132,
CB3E,
C958,
CDB7,
D35E,
D9C4,
DF07,
E273,
E23A,
DBAC,
D7BE,
DAB1,
E03C,
E8C6,
EF7C,
F0F4,
EFFE,
EB90,
E9B0,
F088,
F87A,
FE05,
0084,
FB5C,
F6EC,
FC61,
0372,
064D,
06B6,
02A8,
FE85,
01AE,
0613,
047F,
0072,
FBF4,
F7D5,
F8A0,
FA28,
F2A1,
E806,
E6CF,
E939,
E322,
D961,
D69A,
D796,
D538,
D161,
D0C5,
D286,
D554,
D920,
DD34,
E19D,
E807,
EFE0,
F519,
F7D7,
FA54,
FC5C,
F9D3,
F2D3,
EB96,
E466,
DD60,
D6A2,
D514,
D974,
E09B,
EA9A,
F1FE,
F5C8,
F386,
E93E,
E066,
DA9B,
DBAC,
E790,
EF6B,
EE0E,
E9AA,
E17E,
DE18,
E5C6,
EBA3,
E9BF,
E67D,
E2C8,
E1BF,
E82A,
EC41,
E56B,
DFE3,
E58C,
EAED,
E6CA,
E240,
E4BB,
E7F1,
E6AD,
E4AC,
E4EC,
E5BD,
E606,
E606,
E552,
E49D,
E562,
E672,
E59A,
E440,
E4F1,
E64E,
E5AE,
E44C,
E4B8,
E5EC,
E595,
E47F,
E4A7,
E57A,
E55F,
E4BA,
E4B2,
E512,
E517,
E4DD,
E4BA,
E4AA,
E50F,
E5D2,
E4C2,
E216,
E253,
E55B,
E941,
EE18,
E965,
DA0A,
D30B,
D63D,
E100,
F4E9,
FCE3,
F3B8,
EC8D,
EAE0,
E4DD,
D7AE,
CF80,
D075,
D262,
D359,
D6A6,
DDB8,
E4EC,
EB03,
F051,
F477,
F7C4,
FA61,
FB75,
F9F3,
F7B8,
F5FF,
F364,
EE9D,
E9A7,
E63C,
E2C8,
DDE7,
D933,
D657,
D3FA,
D0D7,
CDF9,
CC9B,
CBE3,
CAF5,
CA48,
CA6F,
CB20,
CC33,
CD8E,
CEF3,
D072,
D1CE,
D374,
D7C5,
DCE7,
DC12,
D899,
DCD0,
E562,
EAD6,
EDCD,
E8EB,
DF5D,
E5F0,
F806,
FDD9,
F9E3,
F651,
F305,
F202,
F34D,
F92D,
0361,
0827,
0719,
0371,
FD27,
F903,
F7A2,
F93B,
FE41,
03BF,
0987,
0BF5,
09B8,
0600,
0108,
FBE8,
F6B7,
F447,
F645,
F95C,
FCE8,
008D,
0449,
0624,
048E,
0180,
FD59,
F85B,
F23E,
ED0D,
EAA9,
E937,
E77E,
E7A8,
ECFA,
F211,
F128,
F011,
F4D2,
F96F,
F812,
F3AB,
EBA2,
E432,
E726,
EB57,
E18F,
D41E,
D10F,
D2F0,
D647,
DA33,
DA71,
D8D3,
D6C7,
D54C,
DA7C,
E31D,
E77F,
E8B7,
E532,
DE7B,
DA91,
D8BC,
D92E,
DB3F,
DAFD,
D8A4,
D277,
C91D,
C2CA,
BF70,
BEC4,
C0BB,
C377,
C6D9,
C778,
C4FD,
C292,
C06C,
BFB8,
C0B1,
C4C1,
CCB8,
D292,
D4DB,
D6EC,
D999,
D837,
D044,
CB75,
CD95,
CF39,
CE23,
CDB8,
CEEE,
D152,
D675,
D703,
CC66,
C2DE,
C1A6,
C138,
BE61,
BB2B,
B765,
B582,
B8C5,
BDAD,
C322,
C6A2,
C2F3,
BDC3,
BC14,
BBF3,
BDD0,
BFB0,
BDAC,
BAC5,
B9F8,
BB31,
C12A,
C967,
D11D,
D7B4,
D908,
D783,
D6F7,
D6F0,
D8BD,
DB5A,
DC1F,
DB63,
D78F,
D1E4,
CF49,
CF14,
D051,
D2EF,
D86F,
DFF1,
E179,
DDDF,
DCD4,
DE0B,
DCD6,
D957,
D8BE,
DB1E,
DC0C,
DB62,
D6A1,
CD22,
C799,
C76D,
C6F8,
C58F,
C5C4,
C7FD,
CBA9,
D142,
D471,
D39E,
D139,
CCD2,
CB4E,
CF94,
D3BF,
D600,
D722,
D668,
D62B,
D83A,
D926,
D6DE,
D325,
CD7E,
C924,
C8EB,
CB48,
D137,
D788,
DB43,
DDCC,
DEBC,
DFBB,
E32F,
E73E,
EAC7,
ED55,
EC74,
EAF0,
ECE3,
F06E,
F453,
F892,
FDDE,
0261,
0035,
FAB6,
F7B9,
F5E6,
F3EB,
F21D,
F13C,
F109,
F15C,
F1F8,
F0B7,
EE79,
EF91,
F33A,
F7EA,
FD46,
FF59,
FE82,
FCA4,
F9DC,
F8A7,
F910,
F891,
F725,
F815,
FB8D,
FF9D,
0446,
05E7,
03AB,
02CC,
0406,
064C,
09F2,
0BEA,
0B58,
0937,
0546,
0118,
FD28,
F94C,
F5A7,
F211,
EE18,
EC53,
EE9E,
F22E,
F6C3,
F9C9,
F8C9,
F693,
F3C7,
F17D,
F0DE,
F1A3,
F513,
F80C,
F6F7,
F567,
F64F,
F7B7,
F879,
F8BE,
F7FA,
F6D6,
F5D8,
F524,
F507,
F5D6,
F91D,
FD9B,
022A,
0639,
077E,
06CA,
03BA,
FF9D,
FE9D,
FF5F,
FFD5,
000E,
FE8E,
FC18,
FC2E,
FDE1,
FD70,
FB83,
FA73,
FA1A,
FAE6,
FCA7,
FD40,
FCCF,
FC0E,
FB10,
FB92,
FD9E,
019B,
07A2,
0B37,
0BCA,
0C64,
0D41,
0D9C,
0D67,
0CBA,
0B90,
0A1D,
0855,
0728,
06C5,
0820,
0C58,
0E83,
0C0D,
0AD8,
0CF1,
10E1,
1746,
1D6A,
21EA,
254A,
2743,
27D6,
2641,
2480,
23EF,
23EE,
2481,
25BD,
2816,
2ABB,
2CDB,
2F1C,
3262,
3597,
382F,
38F5,
33E5,
2D52,
2B29,
2AD1,
2AAC,
2A9C,
2993,
280C,
2696,
2500,
22C4,
2041,
1E2D,
1C7F,
1B06,
1A2E,
1D1E,
224D,
23DA,
22FD,
2334,
2421,
2523,
2637,
26DA,
2716,
2721,
2700,
25A0,
231B,
246E,
29AA,
2BB1,
2A21,
27EB,
250E,
2450,
2657,
26CF,
250C,
2303,
20D2,
1F1F,
1E17,
1E6B,
20BB,
226A,
22A7,
2246,
213D,
1FCF,
1DF8,
1C2D,
1A4B,
1A4B,
1E96,
2138,
1DEC,
1A93,
1A09,
1AD1,
1D89,
1FE5,
1F8D,
1ECC,
1ED4,
1FA1,
2210,
2538,
298F,
2C57,
284F,
2221,
1EBD,
1BCE,
16DC,
11D2,
0F39,
0E7C,
10AF,
1465,
1710,
194A,
1BF4,
1E37,
1C60,
18A5,
1977,
1CD8,
1F0D,
2047,
1DF0,
1959,
18D9,
1B48,
1D04,
1E24,
1D36,
1A85,
178B,
146E,
149D,
17F2,
1A47,
1B80,
1B0F,
18C8,
17BA,
184A,
163F,
10D7,
0F0D,
1248,
13C5,
125B,
10A3,
0E8A,
0F2F,
1438,
1814,
1938,
18C1,
162D,
1373,
10C9,
10F3,
1704,
1B3A,
18EB,
16B8,
1781,
1946,
1C1E,
1E91,
1F6D,
1F3C,
1DE8,
1B50,
1613,
1193,
1241,
13BB,
1204,
0FAC,
0E79,
0DE9,
0EF1,
0F67,
0A47,
03E6,
01F7,
02F3,
080F,
0F26,
14BD,
18E0,
1840,
1541,
1520,
16A0,
1978,
1CAE,
1A0E,
144F,
1596,
1B9C,
1F7C,
221D,
26F3,
2D4A,
324C,
35F6,
3524,
305D,
2E4C,
2EE2,
305D,
32B4,
33C3,
3374,
2FDD,
287E,
26E6,
2CAF,
2F95,
2E23,
2CF7,
2C59,
2E04,
32E4,
37E6,
3C90,
3FF4,
41C1,
401F,
38DA,
33FE,
3550,
3783,
39BF,
39F8,
356F,
3235,
343C,
3650,
35EE,
34BF,
32ED,
30FE,
2F6A,
2E1F,
2DA0,
2CB1,
2968,
261B,
23FB,
24F7,
2FF3,
3BAD,
3B21,
3658,
3450,
3321,
3290,
3265,
3215,
3201,
336F,
354A,
3505,
33A9,
32C2,
321A,
31C5,
31BB,
3326,
34FD,
3073,
2837,
2896,
2F14,
33B8,
36C4,
35DA,
316F,
2CCA,
27F4,
22DB,
1DA3,
1B33,
1B9E,
19EE,
15EC,
1423,
14CE,
1898,
201E,
228D,
1E02,
1B54,
1BDA,
1D8A,
2092,
2369,
25CA,
266D,
2467,
2209,
1F9F,
1EF1,
21E0,
22D2,
1DDD,
1CA0,
259A,
2D1A,
2D0D,
2AE0,
2783,
2482,
23C4,
237B,
2337,
220A,
1E2B,
19E0,
167A,
147D,
15CB,
188B,
1AF6,
1E7D,
26A3,
2E73,
2D18,
28B4,
2848,
29BB,
2CF7,
30DC,
3278,
332C,
353D,
37E9,
3A24,
3C2A,
3F10,
41EC,
4196,
3EBB,
3805,
2F24,
2D99,
3150,
320F,
30B9,
3085,
312C,
3158,
311B,
31AC,
32F3,
3314,
321A,
2FEC,
2C69,
2ED0,
3809,
3B86,
379F,
34B7,
33C8,
30BD,
2ADB,
2572,
2124,
1D57,
19E0,
191E,
1CAC,
1E9D,
1CAD,
1A29,
1741,
166D,
19D6,
1D12,
1E06,
1F3D,
2258,
23A3,
2022,
1B92,
1717,
143D,
15CA,
183A,
193C,
19E0,
1A02,
1A86,
1C85,
1F88,
23CD,
28D9,
2F8E,
34DA,
31E4,
2C18,
2A71,
2A16,
2845,
2628,
2588,
2577,
23BC,
21B6,
230C,
263B,
29AD,
2C7E,
2891,
2061,
1B53,
182F,
13E7,
0F11,
0BA5,
0975,
07AC,
066A,
08BF,
0E15,
0EC9,
0B20,
0834,
061A,
0499,
03D3,
037E,
0392,
064B,
0C12,
1158,
15CE,
171D,
144C,
1188,
0F99,
0D98,
0B5F,
0AD3,
0D1A,
0E83,
0E30,
0B0F,
0375,
FC0A,
F694,
F248,
EF66,
EE65,
F0EB,
F22C,
EE6A,
EA65,
E853,
E7FC,
EADC,
EEE8,
F43B,
EF0B,
F358,
F7D6,
F980,
F90A,
F45C,
EF51,
EFDA,
F1C6,
F1B6,
EF40,
E509,
D8FE,
D5A1,
D65E,
D6F8,
D7A1,
D60F,
D3CD,
D3D3,
D5C0,
DD08,
E667,
E4D5,
DCBF,
DB78,
DE0E,
DBC8,
D612,
CEBD,
C67E,
C47C,
C7B8,
C9B1,
CAB0,
CD1A,
D0AF,
D52B,
DA6F,
D8ED,
D039,
CB6C,
CB80,
C8C2,
C24B,
C242,
CA88,
D174,
D5B1,
D814,
D832,
D666,
D248,
CE72,
CB14,
CC90,
D640,
DE6C,
E18F,
E2F2,
E2D0,
E0D6,
DB22,
D9EA,
E451,
EE5E,
F1E2,
F2BB,
F066,
EE48,
EED8,
F222,
FBE8,
03E0,
FFEF,
FA44,
FB47,
FEC4,
0492,
0935,
0543,
FF5E,
FFE5,
025B,
0327,
025E,
FC8A,
F559,
F571,
F7C1,
F1F1,
E8B1,
E4E0,
E3A5,
E00F,
DB57,
D6C8,
D2B8,
D243,
D444,
D350,
D0D9,
D4B4,
DD45,
E1CC,
E341,
E99F,
F3F2,
F8E4,
F8B7,
F995,
FB6D,
F7B0,
EE37,
E5F7,
DF80,
D9EF,
D547,
D655,
DE36,
E707,
F061,
F526,
F3A0,
EDAD,
E1EA,
DB01,
DCC1,
E260,
ED44,
F1DD,
E927,
E1BE,
E0B9,
E2BB,
E98B,
ECFB,
E62F,
E0E1,
E451,
E81C,
E830,
E705,
E448,
E2C7,
E6C4,
EA09,
E5A3,
E148,
E54B,
E9E0,
E66D,
E1F8,
E499,
E878,
E681,
E33C,
E47C,
E6F7,
E62D,
E458,
E4A9,
E5C6,
E5B0,
E517,
E4E9,
E4F5,
E531,
E57E,
E523,
E474,
E4C4,
E5A6,
E54F,
E432,
E468,
E58E,
E559,
E41C,
E475,
E620,
E4FD,
E15B,
E239,
E76D,
EAD2,
EC58,
E5EF,
D6AD,
D24E,
DB20,
E786,
F7CB,
FCB2,
F1B6,
E956,
E73E,
E138,
D456,
CD4A,
D09C,
D43C,
D56C,
D917,
E147,
E8F5,
EE28,
F292,
F670,
F94F,
FAF7,
FB17,
F8DA,
F610,
F417,
F140,
EBF4,
E6AA,
E3A3,
E090,
DB3D,
D635,
D43E,
D2D8,
CF59,
CC0B,
CBC9,
CC58,
CAD8,
C94E,
CAB0,
CD0D,
CD94,
CDAB,
CF28,
D17E,
D4EC,
D890,
D8F4,
D808,
DA8E,
DF30,
E5DD,
ECE3,
E83E,
DD17,
E2AF,
F35B,
F9F0,
F8F1,
F55C,
EFB2,
EEEB,
F288,
F88B,
009F,
055F,
06B3,
0358,
FB3F,
F751,
F850,
FAB3,
FE62,
039F,
0ABA,
0D28,
0942,
04E0,
00D3,
FC3A,
F6B0,
F4A1,
F81E,
FBF1,
FECE,
01F8,
060C,
07CB,
0536,
015D,
FD0E,
F81E,
F245,
ED53,
EA8B,
E967,
EA74,
ECA3,
EFDA,
F2BA,
F336,
F438,
FA0B,
FDA4,
F539,
EB8A,
EC92,
EF28,
EA8E,
E31E,
D9A8,
D1B4,
D4E2,
DBB6,
DB5C,
D851,
D667,
D58E,
D822,
DCE2,
E3DE,
EAED,
E8F9,
E1F3,
DEBF,
DDD1,
DE11,
DF23,
DFFD,
E033,
DABD,
D118,
CA44,
C5E2,
C3D8,
C403,
C619,
C9D2,
CA67,
C7DE,
C4E8,
C19E,
C039,
C0EE,
C45F,
CAD4,
D04B,
D436,
D6E5,
D848,
D686,
D075,
CD7A,
D007,
D0DD,
CDB8,
CD52,
D254,
D65B,
D7E5,
D55F,
CBA1,
C445,
C514,
C460,
BCDB,
B680,
B532,
B691,
BB74,
C060,
C304,
C352,
BE83,
BA18,
BC07,
BE9C,
BD48,
BA9D,
B6F0,
B432,
B5A1,
B9DA,
C224,
CB28,
CF19,
D0A0,
D147,
D190,
D39F,
D654,
D8A6,
DA20,
D7F9,
D3C0,
CFE1,
CC92,
CBE0,
CD60,
D291,
D9FA,
DD1F,
DD34,
DDAB,
DE2E,
DD26,
DAFF,
DB54,
DDAE,
DF9F,
E109,
DC79,
D227,
CC97,
CC2F,
C9A5,
C4A8,
C2DB,
C4BD,
C818,
CD04,
CF98,
CEEB,
CD27,
CA0D,
CA0A,
CEF6,
D28B,
D310,
D39D,
D4B2,
D64D,
D921,
D9D2,
D689,
D19D,
CA97,
C609,
C764,
CAAE,
CF42,
D334,
D449,
D519,
D6D2,
D94D,
DD9D,
E141,
E14E,
E086,
E08F,
E157,
E365,
E716,
EED8,
F716,
FB30,
FCCA,
FB6A,
F8AF,
F78F,
F6C1,
F444,
F193,
F294,
F4CE,
F21D,
ED62,
EC2D,
ED79,
F268,
F973,
FD8E,
FF70,
FEDD,
FC6E,
FB4C,
FB05,
F8E3,
F580,
F4D3,
F685,
F9AC,
FE17,
FFB2,
FE8C,
FE00,
FE1A,
0080,
056C,
0820,
0820,
06D2,
041A,
01A6,
FFE1,
FCE1,
F850,
F2DC,
EC05,
E937,
ECE0,
F08F,
F2C8,
F410,
F3F2,
F2F1,
F09E,
EF6A,
F0CD,
F32F,
F6D7,
F902,
F6ED,
F527,
F6C1,
F82A,
F733,
F5C6,
F4DC,
F3D1,
F218,
F079,
EF12,
EF56,
F42D,
FAFD,
02ED,
099A,
096D,
0677,
045E,
02C8,
0371,
04BA,
03AF,
01AF,
005D,
FF88,
0017,
012F,
000C,
FDD9,
FD9F,
FE6C,
FE51,
FD6C,
FA5B,
F5D2,
F16E,
ED95,
EF80,
F5FE,
F937,
F9C5,
FBDB,
FF3B,
02F0,
06E6,
0838,
06CF,
055B,
0402,
0295,
0110,
01BB,
0533,
05DB,
0289,
008C,
00A2,
0335,
0915,
0EE3,
13EF,
17A4,
195F,
19F6,
195B,
17FD,
157C,
14BB,
17D7,
1B43,
1DDB,
1F5C,
1E52,
1E5B,
222E,
2727,
2D40,
312D,
2E42,
2A5D,
29A7,
2A32,
2C16,
2E45,
2FE0,
3082,
2E78,
2B9D,
2A86,
2929,
23A5,
1D93,
1C8D,
1E50,
223E,
26DA,
2758,
264E,
2913,
2D79,
2FD5,
30BD,
3004,
2DE1,
29A0,
243A,
2234,
228D,
2283,
2245,
212A,
1F7D,
2013,
228D,
254A,
2825,
2789,
2399,
2075,
1E40,
1D6F,
1E29,
1F5B,
20F6,
22C1,
24B2,
2618,
26DB,
2631,
236F,
23DC,
2964,
2CED,
2CD3,
29F3,
233C,
1D84,
1A4F,
1A1B,
1ED2,
22B6,
22CC,
2339,
2578,
28AA,
2D96,
30F1,
2FA4,
2DC8,
2E0A,
2D88,
29FC,
25D9,
2266,
1FED,
1FBF,
20A3,
227F,
23C0,
2154,
1DD0,
1B9C,
1A20,
1A0D,
1A44,
18B0,
166F,
1481,
131C,
1415,
15F6,
15E5,
147A,
1102,
0C77,
0947,
074B,
081B,
0AD7,
0C3D,
0CF9,
0FE8,
1455,
177C,
198B,
1AB0,
1AF1,
1AB5,
19FA,
1854,
15DE,
11FE,
0CC9,
0BCE,
0F69,
139C,
184F,
1962,
15DE,
1438,
155D,
174E,
1A21,
1BFD,
1C57,
1BC1,
1A0C,
1848,
16C6,
155F,
13EF,
13DA,
1631,
1898,
1A68,
1AEB,
18E9,
16D9,
161E,
1538,
1391,
1134,
0D31,
0A16,
0A30,
0BF1,
0F64,
1346,
168C,
18E8,
18C2,
181E,
1990,
1B07,
1A5A,
185B,
149F,
1064,
0D80,
0BD4,
0CF9,
0F65,
1031,
1067,
1196,
1315,
138C,
1362,
1247,
1110,
13BC,
18E7,
1D31,
20BE,
21E1,
2138,
21E8,
2397,
2561,
2731,
26AB,
2424,
22E2,
22EE,
2598,
2AE1,
2FD3,
343A,
37D0,
3A77,
3B21,
398D,
3741,
343C,
331D,
34C7,
35C2,
3564,
3494,
3334,
326C,
3294,
3407,
377A,
3A65,
3B9F,
3CD0,
3E8D,
3FE9,
40B6,
4042,
3DD5,
39FD,
33E1,
2EDA,
2DD0,
2E74,
30BF,
328F,
3130,
2F1D,
2DE9,
2CF1,
2C3F,
2B59,
2924,
26F4,
269A,
26F9,
2707,
2730,
2766,
2861,
2C85,
3220,
378A,
3BFE,
3B88,
3829,
349F,
311A,
3007,
3073,
2FF6,
2F1B,
2F63,
306E,
3109,
315E,
3219,
3311,
337D,
3363,
3275,
30CE,
2EE5,
2CCB,
2D6A,
30BA,
3289,
32A2,
2FCA,
29B7,
2390,
1D98,
195C,
1759,
168C,
1710,
1794,
17A2,
18F6,
1C37,
1F04,
20E2,
20CB,
1D5B,
1B92,
1DCC,
2084,
2334,
241E,
215D,
1E25,
1B90,
1A05,
1A79,
1C01,
1E8E,
219E,
2513,
282E,
2A92,
2AEE,
2614,
2067,
1DFD,
1D09,
1DAB,
1E75,
1CC3,
1A86,
194F,
1963,
1CEA,
2224,
271C,
2BD7,
2FA7,
3260,
324B,
3093,
2EA4,
2D12,
2FD3,
3507,
37CD,
3911,
3A39,
3B30,
3CA8,
3E4E,
3EB9,
3DF7,
3B10,
365A,
3066,
299B,
2851,
2C42,
2FFA,
3359,
3436,
3249,
3220,
3420,
34A3,
3353,
319B,
2F77,
2EA6,
2F8F,
31E0,
3645,
3687,
3049,
295F,
22B7,
1D70,
1AA7,
183E,
1555,
1458,
16EC,
199D,
1B42,
1B4B,
17DB,
1566,
16B5,
19F6,
2031,
24F4,
23AC,
20D8,
1F1D,
1CB7,
1784,
1326,
13F1,
1704,
1B8B,
1FD3,
1FD7,
1F10,
21C5,
25F3,
2A88,
2F11,
32BF,
34EC,
326F,
2D4A,
2758,
21BE,
22A4,
26C9,
261D,
22EB,
217F,
213D,
22A7,
2511,
2684,
26C4,
212D,
1721,
0FDA,
0AFE,
08C8,
0905,
06CD,
025D,
0281,
0725,
0AB7,
0D02,
0BA9,
063E,
01D3,
FED7,
FF02,
0331,
05CC,
056F,
08D5,
122B,
170F,
1482,
104A,
0AC2,
0725,
0774,
07CC,
06F8,
06D0,
08BB,
07E2,
0100,
F8DB,
F052,
EA7F,
EB41,
ED11,
ECF5,
ECE0,
ED8B,
EE47,
EE39,
EBD5,
E78F,
E46C,
E8FF,
EFA2,
F414,
F6EC,
F663,
F3FE,
F035,
EC67,
EC69,
ED36,
EA2F,
E4F1,
DCE5,
D475,
D28B,
D42A,
D4D4,
D534,
D472,
D37B,
D66E,
DBB8,
DFEF,
E2F4,
E06F,
D9F6,
D7B3,
D859,
D413,
CC0D,
C6F4,
C494,
C557,
C918,
CC03,
CDF4,
D14A,
D604,
D784,
D567,
D164,
CB62,
C75E,
C625,
C5D3,
C620,
CA16,
D333,
D8D9,
D874,
D710,
D573,
D2B9,
CDEC,
CCF2,
D33C,
DA5E,
E0E9,
E516,
E4AF,
E2B2,
DF0A,
DDD1,
E303,
E9E9,
F1A5,
F6B3,
F3A5,
EFEB,
F087,
F394,
FAF6,
01BD,
01BF,
FF8D,
FD69,
FCB2,
02FC,
09AC,
065E,
001F,
FF76,
00B7,
0155,
00E4,
FB9C,
F494,
F30F,
F394,
EEDE,
E7A4,
E2F1,
DFAE,
DCAD,
D9EB,
D5BC,
D111,
D0EC,
D40A,
D460,
D30D,
D73B,
DFCD,
E54F,
E832,
EE1A,
F691,
FAB8,
FA77,
F968,
F7A3,
F232,
E8E5,
E0A4,
D9F0,
D68B,
D6FB,
DB9D,
E52D,
EDDF,
F4F3,
F599,
ECF5,
E429,
DC93,
DAF0,
E356,
EAFD,
EF07,
EDDD,
E2D6,
DC97,
E473,
EB37,
E9C0,
E6C6,
E38F,
E250,
E6F5,
EA6D,
E653,
E263,
E4D9,
E7D3,
E6F6,
E559,
E4BF,
E4C1,
E63F,
E783,
E562,
E2FE,
E54B,
E85C,
E5FC,
E264,
E48B,
E84B,
E653,
E27A,
E418,
E7C7,
E665,
E2D8,
E3E1,
E71C,
E647,
E349,
E3D5,
E672,
E60A,
E3B3,
E3DD,
E5C9,
E5B8,
E421,
E442,
E5CF,
E4D3,
E193,
E2C9,
E849,
EB06,
EAED,
E3BE,
D4A4,
D259,
DF8D,
EC9D,
F89F,
FAEA,
F013,
E758,
E3D7,
DDA6,
D28D,
CD05,
D0FF,
D560,
D7B1,
DC07,
E409,
EB76,
F0A1,
F4BC,
F7B5,
F9C7,
FB29,
FAEC,
F7D1,
F45B,
F277,
EFAF,
E9C7,
E40A,
E181,
DEF3,
D954,
D406,
D2B5,
D201,
CE40,
CA9D,
CB0C,
CC72,
CACA,
C8EB,
CB25,
CE79,
CDDD,
CC81,
D08B,
D660,
D6D7,
D52D,
D707,
DAF1,
E134,
E804,
E5FF,
DF4A,
E16F,
E95A,
F1ED,
FA62,
F790,
EC99,
EB67,
F206,
F773,
FBEA,
0127,
06D4,
0488,
FA85,
F652,
F87A,
FAE1,
FD4B,
0249,
0A47,
0D0C,
0917,
04F0,
0162,
FD1D,
F7BB,
F5C6,
F8F7,
FC9B,
FFC6,
030B,
06AE,
0808,
0587,
01D9,
FD90,
F8C1,
F34F,
EECC,
EC32,
EB63,
ED60,
EFBA,
F090,
F23B,
F721,
FB2E,
FAFB,
F8B7,
F40F,
EFE6,
F185,
F1FC,
E77C,
DBAF,
D961,
DAAF,
DC4C,
DD83,
DA1D,
D5D1,
D634,
D953,
DF7C,
E67E,
E8F7,
E884,
E4D8,
DFCD,
E003,
E306,
E452,
E437,
E11B,
DBA3,
D3D5,
CABF,
C721,
C7CB,
C887,
C966,
C9E2,
C9E8,
C6E9,
C146,
BF2D,
C0A9,
C31D,
C677,
CBE6,
D37F,
D785,
D73B,
D5F2,
D3C4,
D272,
D292,
D1E7,
CFB4,
D0EB,
D798,
DB50,
D9A1,
D5DC,
CFA6,
CB57,
CBEC,
C938,
BE59,
B6AF,
B7F9,
BB07,
BE1C,
C041,
BFE7,
BE58,
BAF7,
B902,
BCC0,
BF49,
BA1A,
B3FF,
B129,
B0A7,
B3E0,
B93C,
C0E9,
C7EE,
C89A,
C79D,
C9F4,
CD7B,
D152,
D4E1,
D6DF,
D723,
D2D5,
CCC4,
C9F5,
C97E,
CCFE,
D2AF,
D657,
D8C2,
DA6D,
DB59,
DB03,
D9EF,
DA27,
DB67,
DFFF,
E67C,
E2C1,
D703,
D26A,
D3B9,
CF46,
C5E2,
C1BE,
C2BF,
C628,
CBEF,
CDF7,
CBB7,
C919,
C625,
C72E,
CD59,
D0AB,
CFA7,
CFAE,
D173,
D49A,
D9EF,
DB89,
D72D,
D10D,
C91A,
C448,
C574,
C808,
CB6C,
CD69,
CBAB,
CB03,
CDEB,
D20E,
D775,
DBC9,
DCD0,
DCA0,
DB30,
DAEB,
DE50,
E446,
EF0B,
F855,
F7CD,
F4EB,
F61B,
F787,
F5CF,
F365,
F2F0,
F32A,
F42E,
F3F6,
EB1E,
E0DB,
E3E3,
ECBC,
F124,
F37D,
F4D8,
F563,
F60A,
F683,
F5D2,
F467,
F206,
EFB1,
F507,
FF44,
01CB,
FEB2,
FCA5,
FB78,
FD9B,
0299,
07D3,
0D19,
0DB9,
09C8,
08CF,
0AF8,
09C0,
04E1,
FE6E,
F659,
F0D4,
EE85,
EF49,
F3D4,
F5C8,
F398,
F0DA,
EDCE,
EB85,
EA31,
EC2C,
F3F3,
F6D4,
EEFC,
EA86,
EFEC,
F3B7,
F0F3,
EE82,
EF7C,
EF88,
EC1F,
E88B,
E5A5,
E58A,
EB9E,
F38A,
FBFA,
01FA,
FFAE,
FCAD,
0049,
0515,
0751,
0853,
07F1,
06F6,
06A7,
0635,
04AE,
026C,
FE8A,
FAF1,
FD20,
014D,
010A,
FE23,
F855,
F176,
EEF8,
EF87,
F333,
F8B4,
FA7B,
FA04,
FBD1,
FEFB,
00CB,
019A,
02A5,
03B6,
025A,
FF08,
FE9F,
00C6,
0257,
0350,
FF42,
F61C,
F2CF,
F61C,
F986,
FCB7,
004D,
043E,
071A,
088C,
0936,
08E8,
09F5,
0D1C,
10C3,
150B,
16ED,
144B,
1488,
1AF0,
214C,
260F,
28CA,
2817,
26AF,
2536,
2524,
28C2,
2B6C,
29A4,
27D0,
2931,
297E,
2511,
1FA0,
1B10,
1798,
165F,
1709,
1B32,
1F53,
1DB8,
1B47,
1DBD,
21E3,
24CD,
27B5,
2CFB,
31DE,
2F96,
2A84,
2A32,
2BE9,
2C4F,
2C0B,
2AF9,
2998,
29BE,
2ADC,
2C98,
2E6E,
2C56,
27BE,
26D8,
289D,
2910,
28A3,
2AB5,
2EAB,
2F04,
2C15,
28D8,
2562,
2275,
201F,
20DF,
24FC,
2491,
1EB6,
1AF7,
1A24,
19D1,
19F0,
1A35,
1A81,
1B3A,
1C52,
1F0B,
2426,
28C8,
2C08,
2F2F,
329C,
34F7,
359A,
3511,
32ED,
3141,
3165,
31D9,
3264,
3253,
3128,
2E6F,
287B,
22F1,
20B5,
2046,
225F,
2465,
2331,
2141,
2055,
1FB7,
1F60,
1EDF,
1D36,
1B3E,
1A08,
1914,
17DE,
16A6,
15D0,
1529,
1452,
1392,
13FB,
14C3,
13A2,
118E,
119A,
1255,
0DC4,
0634,
0344,
0391,
03DA,
045C,
061A,
08A6,
07AF,
03EE,
03DE,
0726,
09D0,
0BE9,
0FEA,
15C7,
19E4,
1C01,
1E27,
2074,
2134,
2020,
1F26,
1E94,
1D44,
1AF4,
1931,
1872,
173C,
1506,
13FB,
1547,
14A5,
0FED,
0C6E,
0C38,
0CDD,
0DD7,
0FCE,
13E0,
15E9,
1244,
0EE2,
0F7A,
0FDF,
0D19,
0B63,
0EB8,
122B,
11AE,
1097,
1144,
11F8,
110B,
101C,
10FC,
1281,
137D,
14D7,
1822,
1C19,
1F6A,
2203,
2283,
21FC,
2247,
22BE,
22EA,
2274,
1F45,
1A86,
165F,
12CE,
10D9,
1051,
1238,
15BC,
16EE,
1675,
1670,
16BE,
16F3,
1733,
18F3,
1C15,
1FB5,
23BF,
2845,
2D37,
2F45,
2E2F,
2E9A,
30E9,
32E8,
347F,
353B,
34CA,
35F8,
3983,
3C71,
3E30,
3F5E,
4024,
3E86,
3920,
350B,
344B,
33AB,
321C,
3205,
3532,
36EE,
343B,
31B6,
314A,
322E,
3517,
382D,
3A45,
3BD1,
3CA0,
3D0C,
3DBB,
3D1F,
38D4,
3392,
2F65,
2C06,
2A1C,
2963,
2AD4,
2C6E,
2A85,
276E,
256A,
2440,
2530,
271B,
2840,
28EE,
281F,
2721,
2A96,
303E,
3216,
322C,
36EA,
3E0F,
4098,
3FC5,
3DF2,
3B18,
3610,
2FA8,
2F02,
331C,
346A,
334A,
3307,
3384,
33A1,
335C,
3242,
3045,
2EB2,
2DAB,
2BE6,
293A,
26F2,
251B,
2544,
285A,
2768,
2056,
1915,
1271,
0E14,
0D33,
0DEC,
104B,
12B7,
145E,
1645,
18C7,
1B23,
1D04,
1E8C,
1FB9,
2023,
1E7E,
1ED5,
2618,
2BCB,
289C,
23BD,
210F,
1F9C,
2047,
221A,
2509,
27D8,
2890,
286A,
288A,
27EB,
2496,
2017,
1B5E,
1799,
196F,
1D4E,
1C70,
19D8,
1980,
1AFB,
209D,
287F,
2DDA,
3195,
34E0,
3759,
3695,
33AA,
3204,
318A,
3532,
3BEB,
3EE0,
3EA4,
3D64,
3B2F,
3B47,
3D7C,
3B6C,
351A,
2FDF,
2C07,
2863,
24D8,
26EF,
2FC5,
3517,
3559,
3404,
30D6,
2FEE,
32DB,
3396,
3053,
2DEA,
2D82,
2E16,
3019,
30ED,
2FC6,
2B12,
1FF8,
1708,
150D,
14C6,
14F8,
153E,
1463,
14E6,
19B3,
1D47,
1A63,
1706,
16F9,
18F5,
1EB3,
2416,
244A,
2230,
1E84,
1A96,
18BA,
17D4,
1687,
16AE,
1DAD,
2634,
2613,
22E1,
24B3,
28F0,
2E44,
339E,
350D,
33B1,
3007,
2AA9,
2410,
1D61,
1E4F,
241A,
23F9,
1FCD,
1D71,
1C6A,
1DAF,
20A2,
1F97,
1AE9,
1320,
0896,
01BF,
FEC5,
FEE5,
024A,
022B,
FDB2,
FEAD,
0670,
0A39,
0893,
04D1,
FE93,
FBF5,
FEE7,
02C6,
071D,
0ACC,
0CF3,
101C,
1618,
170C,
0E34,
0678,
042A,
0383,
04AF,
04FD,
0251,
FF7B,
FEBA,
FB13,
EEAA,
E41E,
E452,
E760,
EA56,
E6CE,
E80F,
E97A,
E9B3,
E909,
E69E,
E4B7,
E73A,
EBD4,
F2AE,
F885,
F5A6,
EF1B,
EAE1,
E7BA,
E6E1,
E6B4,
E3CF,
DF0C,
D6E5,
CDDB,
CCFD,
D106,
D3AA,
D581,
D4A9,
D263,
D688,
DED2,
E1C1,
E05D,
DC44,
D5DB,
D264,
D17E,
CD90,
C6FF,
C325,
C20A,
C5A9,
CE2D,
D216,
D057,
D24E,
D927,
D8FA,
CF90,
C904,
C747,
C64F,
C5AC,
C7DC,
CDE6,
D428,
DA3C,
DC7E,
D849,
D3F8,
D13F,
D015,
D0F5,
D4FC,
DEB0,
E67B,
E7C5,
E67B,
E22F,
DF70,
E23F,
E796,
F018,
F723,
F75D,
F549,
F1C7,
F08E,
F972,
0331,
03A9,
0101,
FE98,
FD36,
016E,
06BB,
067F,
03A2,
FF64,
FB53,
FE2F,
02B2,
FBE4,
F07B,
EF2A,
F245,
ED70,
E48D,
DFD4,
DD91,
DABB,
D7BB,
D43B,
D0BD,
D0E3,
D3F0,
D58C,
D643,
DAC6,
E287,
E8C7,
ED89,
F2D0,
F870,
FB55,
FB59,
F85D,
F24B,
EB3C,
E372,
DC3F,
D5BA,
D507,
DBC7,
E3B9,
EC3D,
F270,
F589,
F1EE,
E3F9,
DB01,
DCBD,
E1C8,
EA72,
EF3D,
EB37,
E5CF,
E028,
DF03,
E90B,
EF5A,
E687,
DF1B,
E41C,
E979,
E7F4,
E564,
E478,
E474,
E66E,
E7FF,
E5B7,
E34B,
E534,
E7A6,
E637,
E40B,
E4CF,
E650,
E606,
E527,
E4EF,
E506,
E581,
E603,
E543,
E41A,
E4E7,
E67D,
E59A,
E390,
E45D,
E6A3,
E5DC,
E34F,
E3EF,
E694,
E5FF,
E329,
E39A,
E688,
E658,
E38E,
E2A8,
E37D,
E523,
E77B,
E954,
EACB,
E389,
D263,
D156,
E3DF,
F1C4,
F894,
F844,
EEED,
E66E,
E0D1,
DA2C,
D16B,
CD80,
D158,
D601,
D9B2,
DED0,
E644,
ED31,
F272,
F660,
F877,
F9C0,
FAE1,
FA5A,
F693,
F296,
F0B1,
EDF4,
E7CC,
E1E7,
DF9E,
DD5E,
D7C2,
D27C,
D17D,
D12A,
CD9B,
CA25,
CADE,
CC9C,
CB6B,
C9E8,
CBAA,
CE6E,
CEA7,
CE85,
D290,
D7AF,
D5F9,
D248,
D983,
E54A,
E5D3,
E069,
DEAB,
DFBD,
E967,
F7D3,
F828,
EEDF,
EB2C,
EBC2,
F07F,
F8AC,
FF2D,
03F3,
038B,
FE5E,
F95A,
F4B8,
F57E,
FBF3,
01AA,
0637,
09BE,
0C2F,
09DB,
01B8,
FBE0,
F9CA,
F83D,
F6C6,
F8D3,
0008,
0549,
065E,
0714,
0881,
06D6,
FFC1,
F952,
F631,
F2BF,
ED06,
EA3A,
EE7F,
F257,
F0C4,
F106,
F90E,
FF71,
FCD0,
F84A,
F552,
F36A,
F564,
F4FD,
E84A,
DB51,
DBDD,
E029,
E0C1,
DF7D,
D9ED,
D46F,
D6F1,
DD0B,
E36D,
E92F,
EA0C,
E803,
E3DF,
DF6C,
E236,
E834,
E87F,
E532,
E05B,
DA28,
D22F,
C9B6,
C878,
CC53,
CD80,
CCBC,
CBFE,
CB0C,
C67F,
BF22,
BDEB,
C26A,
C645,
C964,
CF12,
D74A,
D907,
D379,
D0D3,
D219,
D17D,
CE4B,
CDBA,
D0A2,
D558,
DC8F,
DDC1,
D557,
D006,
D1E0,
D0A1,
C8FB,
C145,
BA59,
B816,
BE92,
C3CF,
C319,
C16C,
BFD7,
BEB9,
BF0E,
BF21,
BE60,
BB6A,
B27C,
ABC8,
AF57,
B5BB,
BB08,
BFF6,
C3E4,
C69A,
C60C,
C5D1,
CBF2,
D2DE,
D3B7,
D205,
D08A,
CE67,
C951,
C47F,
C801,
CF0D,
D1CB,
D2B7,
D538,
D7F9,
D724,
D4A7,
D5AF,
D8F8,
DE29,
E3EF,
E1D0,
DA26,
D600,
D42A,
CEE2,
C73B,
C33E,
C28F,
C617,
CD5C,
CE8F,
C9CA,
C78F,
C80E,
C8E7,
CA1C,
CB8D,
CD37,
CEA9,
CFA4,
D305,
D9E8,
DAE1,
D340,
CC91,
C892,
C60F,
C567,
C657,
C984,
CB2A,
C8E4,
C96F,
D08A,
D667,
D78B,
D7B5,
D7DD,
D73B,
D474,
D449,
DB69,
E382,
E952,
EDB7,
EFBF,
F0D9,
F223,
F2A9,
F0FA,
EF57,
F12E,
F2BC,
EED4,
E9AB,
E717,
E6BD,
EBB3,
F247,
F44D,
F495,
F6CC,
F8F6,
F6BD,
F28E,
F08C,
EFF2,
F0ED,
F326,
F721,
FBAE,
FA37,
F53C,
F5C6,
FA18,
FD83,
0066,
03D0,
0771,
0940,
0960,
09EF,
0ABD,
0647,
FCD8,
F770,
F659,
F648,
F735,
F813,
F8C6,
F7A3,
F42A,
F236,
F271,
F330,
F47E,
F472,
F225,
F122,
F28F,
F3AC,
F3E0,
F348,
F1A3,
EF3C,
EBFC,
E830,
E305,
E137,
E6D0,
ED14,
F0D0,
F442,
F82C,
FB2F,
FBBB,
FC3D,
FF11,
0116,
FF00,
FC86,
FD40,
FE18,
FBC4,
F960,
FA84,
FCDA,
FED4,
003B,
0000,
FE39,
F8BD,
F285,
F19E,
F360,
F4D5,
F68F,
F91B,
FC06,
FE7A,
006A,
0105,
0090,
FEC4,
FC38,
FBC8,
FCDA,
FE64,
0025,
FF55,
FC79,
F9A8,
F702,
F727,
F9E5,
FC62,
FE96,
01B3,
05B3,
0716,
058F,
060E,
091C,
0A13,
0850,
07E4,
0982,
0A73,
0A0D,
0C2A,
1232,
1680,
1768,
182F,
1977,
1AA2,
1B84,
1D0E,
1FFA,
227C,
23C7,
249E,
255D,
24CE,
219A,
1E65,
1CCA,
1BAD,
1AD8,
1A30,
1963,
191E,
19EA,
1BF8,
20B6,
25A8,
2833,
297E,
29CA,
2914,
26DB,
23F5,
2123,
1EBA,
1D9D,
1DE7,
21B5,
26D1,
28CD,
2937,
2A11,
2AA4,
2834,
24AF,
26BB,
2BEF,
2E41,
2ED0,
300D,
3170,
3078,
2DD0,
2CCD,
2D02,
2C5F,
2B07,
293D,
270F,
2513,
2353,
2277,
2289,
225D,
21E1,
225A,
23E5,
25AF,
27A3,
29CD,
2C3A,
2D78,
2D12,
2C9C,
2C65,
2BA1,
29EE,
2953,
2ACC,
2B9D,
2AC2,
29E2,
2958,
2945,
2A04,
2AE1,
2BBC,
2BF9,
2AA1,
29FC,
2C2E,
2D9E,
2B2E,
2906,
2ABF,
2C18,
294E,
2600,
255A,
2487,
20A1,
1BF3,
17FB,
1501,
1462,
1583,
192C,
1DA0,
206F,
21A9,
1F35,
1AAC,
15C6,
10F1,
0E82,
0D80,
0C5F,
0B6D,
0B49,
0B9D,
0B15,
0A28,
0ABB,
0C42,
0C69,
0BA5,
0C0D,
0D51,
0DCE,
0DA8,
0DF3,
0E9B,
0E9B,
0DFD,
0D5A,
0CB3,
0CEA,
0E0C,
0EF9,
0FB4,
0E0E,
0961,
08DE,
0E10,
11AF,
1261,
1437,
181E,
1A52,
19AD,
18B8,
17F6,
16DE,
155F,
138D,
1148,
0F41,
0DD1,
0CC0,
0C19,
0BCD,
0BEC,
0C35,
0C74,
0CD8,
0D28,
0E92,
132D,
173D,
172D,
15D5,
147A,
135C,
1319,
140E,
1836,
1CDE,
1ED8,
1F1F,
1D21,
19EE,
1686,
135C,
11CA,
11A0,
13FF,
17CB,
1B21,
1E2E,
2060,
2208,
24F7,
27E2,
246C,
1D39,
1B83,
1D63,
1D99,
1CB3,
1B00,
18BB,
178A,
1765,
193A,
1CD5,
2086,
2432,
25D7,
2568,
250E,
24E0,
25E9,
285E,
2AC6,
2CEF,
300A,
3482,
35BC,
3259,
305D,
3121,
31DE,
3235,
3299,
32F9,
3413,
3647,
393D,
3D6B,
403E,
4067,
3E7D,
3960,
3512,
3449,
3434,
33F0,
33AE,
3358,
32C6,
31B5,
3042,
2D3B,
2C60,
33C9,
3BF5,
3D8E,
3CBE,
3B72,
39B7,
38A9,
372C,
3303,
2E3C,
2B74,
2A38,
2BF2,
2F0E,
315B,
32AE,
3075,
2C41,
27E0,
241C,
2653,
2BF6,
2D7E,
2CCC,
2F1E,
3345,
3598,
36A6,
3857,
3A6B,
3D00,
3FC1,
3EBD,
3A50,
3489,
2DA4,
290F,
26EC,
2832,
2D12,
2E73,
2B91,
2A79,
2BC1,
2C8F,
2CB9,
2AE7,
2657,
23BF,
248F,
23D6,
1FF8,
1E9C,
220A,
23D0,
221A,
1D3C,
132E,
0C0D,
0C1F,
0E97,
1302,
1715,
18D8,
1A5E,
1C7D,
1E64,
1F7B,
20B5,
236B,
24D1,
20E4,
1DB3,
2255,
2743,
2550,
20F9,
1BCF,
17D8,
19F9,
1EAC,
2327,
2777,
2AE7,
2CF2,
2B01,
26F6,
2356,
1FC2,
1B3D,
1766,
1B04,
2254,
23AF,
21C5,
208A,
2033,
260F,
2FD9,
3451,
34EB,
3604,
3737,
3687,
3468,
336E,
3390,
376F,
3EB5,
40F3,
3E0F,
3B97,
39A8,
3926,
3A71,
373C,
2E84,
2863,
2607,
24F8,
24F3,
2948,
33E2,
390A,
34BE,
30F9,
2FDD,
2FC3,
3150,
3124,
2D18,
2A73,
2BEB,
2D0F,
2C66,
2A0F,
253C,
1EE3,
15DC,
0FB1,
1248,
15F2,
1598,
156D,
1841,
1B5C,
1D05,
1D5D,
1A40,
17E9,
1CF9,
23A7,
26B5,
2729,
228A,
1C34,
18FC,
174D,
160E,
161E,
1AAA,
2138,
257B,
282C,
2796,
25AB,
29F6,
3121,
31C9,
2E34,
2B21,
27F4,
21CC,
19FE,
18FE,
1D23,
1E3F,
1CEA,
1AAA,
1792,
1803,
1BA2,
1B19,
165B,
0FE7,
07CB,
0155,
FCD1,
FC52,
0092,
0245,
0005,
0099,
055A,
07F8,
0736,
044C,
FE56,
FB95,
FE88,
0256,
061D,
09B1,
0CA2,
0F3A,
1203,
1164,
09D1,
02CB,
000E,
FF10,
003A,
00AF,
FDC3,
F9E9,
F5F3,
F18D,
EB4B,
F034,
E9D4,
E2F9,
DECD,
DD8C,
E435,
EB99,
E9C6,
E573,
E590,
E722,
E7A2,
E8BF,
EF95,
F718,
F46E,
ECD2,
E738,
E2BB,
E1B0,
E227,
DEC0,
D902,
D214,
CB06,
CA5C,
CE36,
D25A,
D69D,
D647,
D2A2,
D654,
DF95,
E174,
DCCC,
D742,
D0E4,
CD37,
CC5D,
C91A,
C342,
C19A,
C494,
C9E9,
D1C9,
D578,
D35A,
D351,
D714,
D516,
CA51,
C3F8,
C598,
C843,
CACB,
CF0E,
D60B,
DB61,
DD73,
DC18,
D4FB,
D013,
D1CE,
D580,
DA1B,
DFED,
E86C,
ED49,
E746,
E145,
E280,
E693,
ED52,
F42F,
F8E7,
FAE5,
F59B,
F0B4,
F6A1,
FF3D,
03BB,
0582,
014F,
FC25,
FF57,
051C,
0659,
0502,
0022,
FA49,
FB8F,
FF54,
FAC1,
F21D,
EDF1,
EC19,
E971,
E62F,
DFFB,
D841,
D676,
D8BA,
D572,
CE86,
CF33,
D600,
D8A7,
D7F8,
DCBF,
E675,
ED2F,
F0D0,
F53B,
FA6F,
FBFE,
F993,
F4BE,
ED7B,
E5BF,
DDC9,
D821,
D546,
D7D4,
E16E,
EA8E,
F1F6,
F4B9,
F0C8,
E986,
DDB6,
D8A9,
E14E,
E9C2,
EDF7,
EDB6,
E503,
DEFB,
E2C6,
E77D,
EA0D,
EA0C,
E3CE,
DFAC,
E649,
EC12,
E6C2,
E122,
E466,
E896,
E717,
E490,
E492,
E558,
E634,
E6BD,
E54B,
E3A9,
E540,
E77E,
E5D9,
E324,
E496,
E760,
E615,
E33E,
E43E,
E6E0,
E60F,
E394,
E421,
E647,
E5DD,
E3F0,
E427,
E5BC,
E58F,
E427,
E443,
E583,
E581,
E474,
E37A,
E294,
E4B7,
E9BE,
EA95,
E71D,
DF66,
D2EB,
D4C2,
E7D9,
F502,
F99B,
F6F5,
EB43,
E21B,
DE52,
D8B8,
CF37,
CC12,
D388,
DA05,
DBBB,
E006,
EA02,
F1E7,
F40F,
F5EC,
F9C1,
FBD8,
F9FC,
F74A,
F537,
F279,
EE51,
E9C7,
E55A,
E114,
DD4A,
D9A2,
D5AB,
D22E,
D040,
CEC9,
CC84,
CAA6,
CAD9,
CBB2,
CB57,
CB02,
CC42,
CE4D,
D0B5,
D30B,
D336,
D301,
D6D4,
DC78,
E0B6,
E386,
DF6F,
D8E2,
E253,
F43E,
F662,
EE82,
EA5F,
E8F8,
ED20,
F596,
FC4C,
0150,
01A7,
FDDC,
F8F7,
F34C,
F3D0,
FA76,
0050,
0516,
08CC,
0B55,
0932,
01B1,
FC2E,
F9B1,
F831,
F794,
FA03,
0080,
0584,
07AC,
08AD,
08AD,
0653,
0094,
FACB,
F5FF,
F202,
EF05,
EDDF,
EFBD,
F200,
F319,
F5A1,
FC74,
0090,
FB6B,
F67A,
F91B,
FAE3,
F5C2,
EE21,
E420,
DCC4,
E17D,
E714,
E06F,
D7DA,
D6F2,
D977,
DE40,
E3ED,
E87C,
EB42,
E785,
E1D9,
E31E,
E755,
EA0F,
EB6C,
E8E8,
E3AA,
DBF5,
D340,
CF65,
CED1,
CF7F,
D0FA,
D012,
CD54,
C8DB,
C341,
C059,
BFE4,
C260,
C772,
CD2C,
D34E,
D5E5,
D4EF,
D3A7,
D22A,
D0A8,
CF3A,
CF38,
D0BA,
D527,
DD4E,
DEF3,
D761,
D3E0,
D7AE,
D5FE,
CB30,
C29A,
BECE,
BE47,
C267,
C503,
C360,
C191,
C074,
C042,
C22D,
C249,
BDDE,
B853,
B1D5,
AE38,
B1E5,
B73F,
BBA7,
BF61,
C125,
C2BC,
C553,
C8D1,
CECA,
D3F4,
D40E,
D1B0,
CD6F,
C8E9,
C6AC,
C659,
C9F9,
CEEC,
D0CD,
D170,
D2B5,
D3E8,
D2F3,
D1CE,
D72B,
DF26,
E04E,
DD68,
DB1E,
D8A4,
D408,
CE1D,
C83A,
C2ED,
C47C,
CB07,
CC31,
C929,
C766,
C6AA,
C697,
C733,
C783,
C792,
C8FC,
CBB8,
D076,
D758,
D92A,
D4FF,
D035,
CB20,
C7A6,
C675,
C5C5,
C584,
C4F4,
C389,
C463,
C8DF,
CCED,
CF92,
D0AD,
CF67,
CDF3,
CC8C,
CDD7,
D467,
DB48,
E084,
E4BE,
E766,
E96F,
EB3F,
ECB4,
EDC1,
EEA4,
F045,
F01C,
E9F5,
E3F4,
E45A,
E6E0,
E918,
EB9F,
EED1,
F1C7,
F348,
F368,
F07D,
ECB2,
EB53,
EB88,
EE5E,
F216,
F273,
F14F,
F116,
F1A7,
F477,
F8AC,
FC4D,
FFAF,
03CC,
0822,
0B78,
0D9C,
0BB6,
069D,
00E7,
FAD9,
F819,
F842,
F873,
F8A7,
F7AC,
F584,
F3AC,
F228,
F1E0,
F2F5,
F28B,
F045,
EF75,
F084,
F1EF,
F3A0,
F51E,
F66C,
F575,
F151,
ECCB,
E814,
E61E,
E8B5,
EBCF,
EE6A,
F0D6,
F2C3,
F4C6,
F723,
F952,
FB0D,
FC98,
FE2B,
FF13,
FECC,
FD7E,
FA4B,
F7BE,
F860,
FA01,
FC1D,
FD4A,
FB0F,
F789,
F3AC,
F025,
EE6E,
EDD8,
EE47,
EF9A,
F1EE,
F4EB,
F89C,
FC1F,
FD10,
FCA9,
FC06,
FB7A,
FD18,
FFAD,
00E4,
010A,
FF1D,
FBE6,
F964,
F797,
F7E1,
F9D2,
FC77,
FFA0,
01A8,
02C3,
041E,
0598,
06A3,
073E,
05C9,
026E,
0075,
0001,
01C2,
05DC,
0A23,
0E6C,
11CB,
13FA,
15D0,
1754,
18C8,
1A25,
1C9A,
20D0,
236E,
2377,
2216,
1F0C,
1C21,
1A01,
1876,
17F0,
16EE,
148B,
122A,
0FF4,
0F58,
1212,
153F,
174A,
196C,
1C5C,
1EE7,
201A,
2072,
1FA1,
1E8E,
1DD7,
1DE3,
2014,
22EB,
2553,
2700,
2689,
24F5,
2285,
2053,
213E,
2399,
25C0,
27A7,
2818,
27BF,
27A2,
279F,
2831,
28DB,
27BB,
2586,
23BF,
2249,
2184,
2143,
20A7,
1FDC,
1FA6,
1FEF,
1FBE,
1F4F,
216C,
25D6,
2A92,
2F81,
33F6,
37D7,
382F,
34BA,
3244,
312F,
30E0,
3188,
3150,
2FDB,
2E6A,
2D13,
2C86,
2D19,
2DD3,
2E94,
2F0B,
2F09,
2EA2,
2DC8,
2C66,
2A4C,
27F8,
256B,
2369,
227D,
2244,
2316,
2371,
21FD,
2043,
1EA3,
1E10,
1FF6,
2305,
2774,
2AF6,
2A40,
2825,
2694,
24EB,
2301,
2113,
1FA8,
1E2F,
1B9D,
18CA,
16FE,
1593,
13AC,
11AD,
1013,
0ECC,
0DE2,
0D5A,
0D17,
0D64,
1020,
1442,
1750,
1963,
18E9,
168D,
142B,
11DB,
11D3,
1389,
139D,
1249,
0FE0,
0C85,
0A1C,
08AC,
083B,
08CD,
0957,
09C5,
0A8A,
0BAD,
0C11,
0B85,
0AD6,
0A1D,
08E2,
06F0,
0608,
06C4,
0730,
06DF,
0632,
04CC,
051C,
082F,
0D2F,
14F3,
1B39,
1DB4,
1E8E,
1DB4,
1CC0,
1CE7,
1CCE,
1BCA,
1A8E,
1985,
182B,
15D8,
13AF,
12AC,
123F,
1241,
12CE,
1469,
1616,
166E,
1671,
16EA,
17C7,
1A06,
1C19,
1AC9,
1808,
1577,
13B9,
164F,
1AF2,
1DD0,
1F9C,
202B,
1FCD,
1EAE,
1D47,
1DC9,
1F9E,
21AF,
23F5,
2620,
2817,
28F7,
28E6,
2908,
2933,
2739,
235F,
2081,
1E9A,
1DBB,
1DF1,
1BA9,
16AD,
148C,
15C1,
1885,
1CE9,
2107,
2498,
26B3,
26C9,
27A2,
29D2,
2CB0,
3077,
3370,
3501,
35B8,
358A,
3468,
31F9,
2FA2,
2DA9,
2DB6,
31E6,
3584,
35B4,
35C8,
373E,
3903,
3B3C,
3C71,
3AFF,
3838,
33E4,
300A,
2F37,
2FB2,
30EF,
3269,
3322,
3396,
33C6,
3422,
354F,
3766,
3C6E,
41A3,
4142,
3E2C,
3BF3,
39B4,
3693,
32ED,
2EBA,
2AA2,
2949,
29D2,
2B6B,
2D91,
2D4B,
2B4F,
28E9,
265B,
2622,
27D8,
2A88,
2DFC,
2EEF,
2DAF,
2ED3,
3230,
34CE,
369E,
37E7,
3896,
3870,
377B,
33ED,
2D57,
28D4,
272C,
27BB,
2B02,
2D5D,
2E04,
2D07,
29A3,
27AD,
28C0,
28C2,
263E,
23E7,
22AD,
20F7,
1DF2,
1B77,
1AA2,
19B0,
1811,
1512,
0EB9,
09E1,
0A2A,
0D2F,
1379,
19F5,
1D98,
204A,
22CD,
24C4,
25DC,
2650,
2610,
2562,
2452,
2373,
245F,
2599,
24FE,
2346,
1F63,
1BAA,
1EA6,
24B9,
2870,
2AB3,
2B0E,
29DF,
2719,
2352,
2010,
1D66,
1C50,
1CB3,
1FE0,
2509,
273B,
274B,
2947,
2CE0,
32E0,
3AD2,
3E3D,
3D4C,
3BCA,
39D2,
37F0,
3640,
370C,
3AA3,
3D89,
3F81,
3E5A,
393E,
3571,
33FA,
323D,
300F,
2C7F,
2698,
239D,
258E,
2900,
2DB8,
31D1,
3497,
34A3,
2FBD,
2BFF,
2CEA,
2DC3,
2C9F,
2AF1,
28C8,
2726,
27D1,
2708,
212B,
1A04,
12E4,
0DAA,
0DD9,
107E,
14B8,
18D6,
1981,
1965,
1B9B,
1DAD,
1B8A,
18BC,
1AFC,
1EFA,
216F,
223A,
1D87,
1694,
1372,
12CF,
14D1,
18CA,
1DE6,
238C,
2767,
29C6,
2966,
274C,
29E6,
2F60,
2F55,
2AE2,
247E,
1C91,
1785,
152C,
154E,
17B8,
18FB,
18F7,
16B8,
1205,
10D9,
13E0,
1179,
0862,
0067,
FA3C,
F760,
F8B6,
FB59,
FF2C,
015E,
0078,
013E,
059B,
06FB,
0272,
FE4D,
FBEA,
FD09,
0480,
0ADF,
0C3D,
0CE3,
0E81,
0E23,
095C,
034A,
FC42,
F78C,
FA25,
FC56,
F70C,
FA32,
F76F,
F381,
EE0E,
E80F,
E24E,
DDCE,
DD15,
DEF4,
E53C,
EB9C,
E8DF,
E352,
E421,
E790,
EA0E,
EC5B,
F08B,
F42A,
EE53,
E3B5,
DF7E,
DEC5,
DD69,
DB8B,
D67B,
CF81,
CB05,
C8C4,
CBE8,
D31F,
D602,
D561,
D5FB,
D77F,
DAEB,
DFF0,
DD65,
D355,
CD5C,
CBFA,
C9AC,
C646,
C403,
C2EA,
C5EA,
CDF9,
D363,
D4A1,
D512,
D4FF,
D343,
CF70,
CAD8,
C501,
C3C2,
CA8D,
D0ED,
D3E6,
D766,
DD72,
DF72,
D82A,
D220,
D2A1,
D588,
DA6C,
E06F,
E80E,
ED18,
EA2E,
E613,
E47F,
E5B5,
ED9A,
F636,
FA07,
FB26,
F7F0,
F4AB,
F7F6,
FDA5,
037B,
07B1,
030F,
FC36,
FF02,
0513,
05B3,
0375,
FF1C,
FA05,
F9F7,
FBEB,
F7C7,
F058,
EBB3,
E8AA,
E5CC,
E2FC,
DD4A,
D5EF,
D41B,
D66E,
D445,
CEE6,
D032,
D745,
DB25,
DC21,
E16F,
EAE7,
F18B,
F504,
F830,
FB21,
FA7E,
F5DD,
EF2D,
E66E,
DEBE,
D8AF,
D629,
D7F6,
DE11,
E9E5,
F238,
F42E,
F166,
E818,
E000,
DB6B,
DCCA,
E93F,
F12A,
EB58,
E49A,
E128,
E0E7,
E783,
EC2C,
E76B,
E291,
E3A1,
E5E7,
E7C8,
E86A,
E4BB,
E1AC,
E5D8,
EA32,
E62B,
E140,
E495,
E946,
E6A8,
E273,
E43B,
E79A,
E66E,
E3D3,
E464,
E61C,
E5E3,
E4DA,
E4BB,
E50B,
E54B,
E578,
E512,
E464,
E4C4,
E5BD,
E554,
E409,
E452,
E5B3,
E585,
E422,
E436,
E585,
E4A2,
E1C5,
E3EF,
EAF7,
EB4E,
E4AB,
DCEF,
D404,
D799,
EA19,
F64C,
F9A3,
F5BE,
E8DD,
DF63,
DC7C,
D7A9,
CE85,
CC1E,
D507,
DC59,
DDAD,
E1C4,
EC49,
F43D,
F558,
F65F,
FA49,
FC40,
F969,
F5EF,
F3F8,
F14E,
EC96,
E79E,
E381,
DF94,
DB9D,
D7D0,
D43A,
D12C,
CF4C,
CDDD,
CBEE,
CA73,
CADD,
CBCF,
CB2D,
CAB1,
CD54,
D0CD,
D134,
D0CA,
D2CD,
D633,
DB73,
E0C1,
DE89,
D95D,
DDA3,
E710,
EE53,
F382,
EEB7,
E425,
E697,
F1F3,
F8A4,
FBE0,
FE6C,
FFFE,
FBDF,
F327,
F239,
F88A,
FDFF,
0277,
06CF,
0AE9,
09EE,
0362,
FE19,
FAB6,
F897,
F7E3,
F9E9,
FF49,
0400,
075A,
090F,
08B1,
067C,
021A,
FCFD,
F743,
F2C2,
F086,
EF79,
EF7D,
F106,
F4D2,
F8D8,
FC7F,
FE70,
FC8D,
FAD4,
FCCD,
FC9E,
F4DC,
EC50,
E727,
E41F,
E550,
E5D3,
DE73,
D74C,
D94E,
DE79,
E302,
E6F5,
E883,
E87F,
E5FC,
E373,
E72F,
ECC0,
ED5A,
EB07,
E661,
E02C,
D96F,
D313,
D1F3,
D3C9,
D37D,
D1CF,
CE8E,
CA33,
C5AA,
C167,
C111,
C3F1,
C850,
CDDA,
D1AE,
D3DD,
D435,
D2D6,
D147,
CFA5,
CFD5,
D1E9,
D579,
DA98,
DCB2,
DB0F,
DA7F,
DBC1,
D903,
D0F4,
CA27,
C5A9,
C39A,
C4EA,
C598,
C46C,
C3BB,
C40F,
C4AB,
C5E1,
C4DD,
BFA1,
B9CE,
B400,
B0BB,
B2B9,
B5B3,
B7D4,
B9F4,
BBD0,
BE4E,
C251,
C6FE,
CCC2,
D117,
D0BA,
CE53,
CA86,
C6FF,
C667,
C764,
C9EA,
CD0C,
CF9A,
D191,
D15F,
D106,
D491,
D99E,
DD59,
E02D,
E1EB,
E24F,
DFC3,
DB11,
D3AA,
CB68,
CA5A,
CD80,
CC70,
C8EE,
C746,
C6CF,
C5A6,
C41C,
C342,
C311,
C379,
C480,
C898,
CF54,
D1FF,
D09F,
CE6C,
CB73,
C920,
C7A8,
C5C2,
C361,
C14F,
BF8A,
C032,
C3F3,
C76A,
CA25,
CB13,
C978,
C782,
C534,
C5E6,
CBAE,
D11E,
D446,
D844,
DE96,
E331,
E358,
E4C9,
EB83,
EFE1,
ECEE,
E889,
E4D3,
E212,
E1C7,
E209,
E100,
E1D4,
E94A,
F061,
EFBE,
ECC4,
EA88,
E8FA,
E9E2,
EBB1,
ED54,
EE42,
EBB9,
E89E,
E9EC,
ED32,
EF8C,
F20C,
F65E,
FBC1,
023D,
08A5,
0AF7,
0A51,
06D6,
019B,
FF20,
FE67,
FD6C,
FC52,
FAC7,
F8E3,
F5FE,
F281,
F3BC,
F8D5,
F80E,
F20B,
F0FE,
F4BE,
F548,
F263,
F422,
FB0A,
FB97,
F496,
EDB0,
E75F,
E430,
E540,
E539,
E2E3,
E319,
E72D,
EB19,
EE0D,
F04B,
F143,
F367,
F81D,
FBBF,
FD00,
FC30,
F7CC,
F57A,
F8EC,
FDE1,
03EE,
07AB,
053C,
0172,
FED0,
FBBF,
F734,
F2EE,
F055,
EF1A,
F01B,
F1F0,
F362,
F4B2,
F5B8,
F664,
F58A,
F56A,
FC09,
0332,
FF4F,
F73D,
F474,
F375,
EEFD,
EA28,
ECE2,
F348,
F50F,
F499,
F594,
F7A1,
FCD5,
03A5,
055E,
0365,
002F,
FC37,
FC6D,
000C,
026B,
03E0,
070D,
0BB2,
0FBC,
1329,
14FE,
1536,
16E7,
1A29,
1FE6,
2894,
2AB3,
247C,
20AC,
20E6,
2003,
1D5B,
1A99,
1819,
143B,
0E0D,
0A41,
0A85,
0D17,
128D,
1743,
193A,
1BBB,
20E0,
228B,
1BE2,
15E5,
1584,
1620,
15E7,
16CA,
1AE6,
1E18,
1C78,
19CC,
17C4,
1728,
1AE7,
1F01,
1F6E,
1E1A,
1A81,
1769,
1A0B,
1EC2,
2222,
24E4,
26A2,
27CB,
293B,
2A68,
2AB1,
29CB,
24E2,
1E54,
1D44,
1EAC,
1980,
1166,
118E,
1719,
1B46,
1ECD,
2395,
28E6,
29C7,
2732,
2701,
28C2,
2A88,
2C53,
2C26,
2A1A,
29DF,
2B8E,
2D04,
2E26,
30A8,
34BA,
3762,
3836,
3875,
381F,
37D1,
37B8,
3758,
367F,
3691,
3880,
3770,
3140,
2AA7,
2462,
20C2,
21B1,
246C,
2908,
2C1A,
2AD6,
2947,
2920,
295D,
2AA5,
29EE,
235A,
1D04,
1C33,
1B32,
14BC,
0EEA,
0FAF,
1238,
12D4,
139E,
16C3,
19E7,
1979,
1823,
18F3,
1A9B,
1C62,
1E0F,
1E81,
1E78,
1F22,
2035,
220A,
2402,
249E,
2409,
2189,
1D99,
18A5,
1338,
1077,
0F92,
0D20,
09DF,
0A0A,
0CD6,
0D67,
0C33,
0D72,
10C3,
11DF,
10CE,
1019,
0FCB,
0B5F,
0293,
FD68,
FC93,
FE32,
029E,
041D,
015B,
0058,
0230,
0386,
039E,
0556,
09BE,
0D22,
0E49,
0F3B,
1071,
1108,
1087,
101F,
1036,
1100,
1317,
150C,
15EF,
1700,
18D6,
1B3A,
1E89,
21DF,
2500,
26D1,
25B4,
22E0,
1E07,
192F,
172E,
15E6,
131E,
10F9,
12C0,
15CC,
16B3,
1784,
1BC6,
2097,
2061,
1E47,
1F9F,
21FC,
209C,
1DB1,
1DA1,
1F35,
2181,
23FA,
231F,
203C,
1F26,
1F56,
20AB,
22CC,
23CB,
23C8,
21E5,
1E84,
1C96,
1C14,
1E33,
22CD,
2635,
2841,
29DC,
2AFF,
29A5,
2588,
21D8,
1EF9,
1BAB,
17BF,
1584,
15A8,
1586,
1489,
1460,
1546,
1801,
1D68,
225A,
25C3,
2890,
2AC3,
2C1F,
2BE1,
2D2D,
32AB,
36F2,
36A4,
35F6,
370C,
37A5,
362F,
34D7,
34ED,
363D,
39DF,
3DC5,
403B,
41B1,
4190,
40B3,
4026,
3EFE,
3BD6,
37C5,
3331,
2F2F,
2E50,
2F83,
3361,
37FB,
387F,
3712,
36C2,
36CA,
361D,
352F,
360C,
3772,
3488,
2EEB,
2ADE,
27E7,
256F,
23A0,
2385,
24E1,
272E,
2A3A,
2C99,
2E44,
2DFA,
2BDF,
2A74,
29CB,
2C37,
31EE,
358F,
36A0,
3721,
3708,
37CA,
39D5,
3A59,
38CC,
362B,
326A,
2E34,
2999,
257F,
220F,
20E6,
2341,
2644,
298B,
2AC9,
27EC,
24B5,
2266,
2105,
21B6,
218A,
1E1B,
1ABC,
1989,
188D,
16AF,
14E2,
13FB,
12B3,
0EE4,
0BD7,
0CFA,
10C6,
1845,
2074,
2555,
282F,
2848,
2719,
26EB,
26DE,
2604,
24E4,
2420,
23C2,
24D6,
2677,
2657,
2532,
2320,
2108,
241A,
2A34,
2D52,
2E17,
2B32,
259A,
21E3,
1FC2,
1EC2,
1EF1,
20C5,
241A,
28A0,
2E30,
3186,
3290,
34D0,
3857,
3CAE,
4200,
4279,
3D11,
3937,
37DE,
37CB,
3934,
3B67,
3E9D,
3F8C,
3D03,
38FC,
3331,
2F1E,
2EB5,
2D93,
29F2,
2723,
2618,
277E,
2D38,
325B,
3483,
3429,
2FAC,
2AA0,
26FB,
24A8,
2573,
25BF,
21CB,
1D87,
1C77,
1B66,
178E,
1265,
0B0B,
0516,
06F2,
0C4D,
126F,
1846,
19C9,
1974,
1A42,
1B43,
1B9E,
1BAA,
1BBC,
1BFE,
1E93,
2181,
1CC4,
142D,
123B,
14B9,
18C7,
1E22,
2334,
27CB,
29E8,
29E5,
2899,
2637,
26B2,
2981,
2778,
20EB,
1997,
11A2,
0E93,
10C5,
12E8,
14B1,
14AF,
1275,
0F53,
0B21,
08C9,
0971,
057C,
FA4E,
F324,
F2E0,
F55E,
FAEF,
FF3D,
0041,
00DC,
0180,
0231,
037E,
02BC,
FCF4,
F9F0,
FEE1,
054F,
0B7A,
0F0C,
0BFF,
07DC,
0618,
03ED,
FF06,
00CB,
F783,
EF00,
F114,
F4FE,
F3B1,
EFFA,
EA1E,
E39B,
DEB7,
DB63,
DB71,
DDD1,
E387,
E9BE,
E944,
E5C0,
E448,
E43F,
E892,
EEB4,
F031,
EE55,
E90C,
E174,
DB80,
D6E8,
D6B3,
D94C,
D3D1,
C8AF,
C619,
CA85,
CF3C,
D433,
D6DB,
D734,
D783,
D7AE,
D973,
DCFF,
D8A9,
CB55,
C4DB,
C738,
C72C,
C350,
C2A0,
C623,
CBB1,
D3C5,
D7E5,
D587,
D31B,
D234,
CF78,
C939,
C576,
C695,
CAA7,
D2BA,
D98F,
DC22,
DD2C,
DD3D,
DB4B,
D4BE,
D167,
D891,
E164,
E759,
EB9F,
ED4D,
ECD2,
E7E9,
E4A4,
EB9D,
F50A,
FB13,
FE68,
FB11,
F677,
F82C,
FC9E,
02C2,
082A,
0516,
FEF2,
FE9D,
00E9,
03CC,
05FE,
FFFA,
F656,
F660,
FB0B,
F6C3,
ED61,
E884,
E66E,
E35A,
DFB0,
DAA4,
D4CA,
D2CA,
D400,
D32D,
D0D3,
D27E,
D7EA,
DCEE,
E179,
E712,
EDA5,
F3B9,
F935,
FB33,
F927,
F5ED,
F1F1,
EA96,
DEDB,
D79A,
D721,
D90D,
DCEC,
E45E,
F17B,
F78E,
F09B,
E82E,
E06B,
DC59,
DF23,
E4A9,
EDFE,
F16E,
E53E,
DC2F,
E2BB,
E9C5,
E988,
E769,
E427,
E23E,
E5EC,
E95A,
E6B7,
E37E,
E475,
E64A,
E6B3,
E66B,
E4E4,
E390,
E5A5,
E820,
E5BA,
E24E,
E4A2,
E883,
E64D,
E21B,
E3FB,
E822,
E686,
E271,
E3AB,
E76D,
E674,
E2F7,
E39E,
E6AE,
E637,
E37B,
E3AE,
E5EF,
E5EE,
E430,
E403,
E525,
E493,
E274,
E497,
EAD5,
EA8F,
E386,
DBFE,
D3EB,
D900,
EDD3,
F971,
F865,
F27F,
E73D,
DE4B,
D9D8,
D515,
CEBA,
CDFA,
D624,
DD5F,
E053,
E51C,
EE33,
F52A,
F6E2,
F800,
FA51,
FB1C,
F8CD,
F59A,
F265,
EED1,
EAE3,
E694,
E190,
DCEB,
D9EF,
D71F,
D2F3,
CF49,
CE52,
CDEB,
CBAA,
C9A9,
CA8D,
CC30,
CBA2,
CB16,
CE46,
D22E,
D0B2,
CE5E,
D525,
DEB8,
DE01,
D8F5,
D947,
DD04,
E6A2,
F25D,
F012,
E5CE,
E40B,
E812,
F014,
FAAF,
FE95,
FD2D,
FA69,
F687,
F391,
F1BA,
F6B4,
01D4,
0785,
07AB,
07B8,
07CB,
0346,
F9C8,
F5F6,
F937,
FBA8,
FC60,
0054,
08C6,
0CA2,
097D,
06BB,
0612,
023C,
F904,
F2E5,
F355,
F330,
EFB8,
EF6B,
F5EF,
FB91,
FCEF,
FD33,
FCB1,
FCB3,
FF94,
FF27,
F51F,
EB33,
E7E3,
E6F7,
E8D9,
E87A,
DCEF,
D300,
D953,
E341,
E681,
E797,
E84A,
E818,
E53F,
E324,
EA2E,
F2EB,
F125,
EA8F,
E4D3,
DF1F,
D914,
D3EA,
D555,
D9B6,
D80A,
D2E7,
CE27,
C98C,
C4AE,
C060,
C22D,
C862,
CD4A,
D12B,
D35E,
D3FF,
D369,
D1C9,
CF87,
CCDB,
CF63,
D6F6,
DB8E,
DCE0,
DD52,
DCC6,
DCD4,
DE04,
D7BE,
C7DB,
C13E,
C804,
CB3D,
C7DE,
C513,
C39F,
C430,
C7F4,
C9B1,
C7C4,
C273,
B7B0,
B060,
B121,
B3DA,
B794,
BA27,
B8F8,
B8A9,
BB9C,
C06B,
C818,
CECD,
D19B,
D15F,
CBD3,
C640,
C5BE,
C706,
C8C8,
CB27,
CEA5,
D159,
CEFC,
CC3E,
CF87,
D545,
DB5E,
E0DA,
E21F,
E13C,
E193,
E0D4,
D768,
CB15,
C9EC,
CE7B,
CFD9,
CF63,
CBD0,
C6B8,
C7BA,
CC40,
C9F1,
C362,
C1F8,
C48A,
CA32,
D224,
D5B2,
D541,
D085,
C7EF,
C528,
C81F,
C6D7,
C127,
BD53,
BBA5,
BBF5,
BE67,
C25A,
C827,
C829,
C03E,
BB3D,
BB23,
BD58,
C22D,
C7B6,
CDA3,
D2AF,
D611,
D903,
DB60,
DF58,
E732,
EBBB,
E8AA,
E421,
DF88,
DCF5,
DF8B,
E1FC,
E02D,
E095,
E9F6,
F14C,
EC2D,
E5BE,
E5EE,
E821,
EB22,
EDBC,
EDB3,
EC34,
E86B,
E55D,
E94B,
EEEC,
EE3D,
ECC7,
F357,
FD00,
046C,
09DB,
0A5A,
0781,
01D1,
FB29,
FB0C,
FE64,
FE62,
FC5E,
F95A,
F5D0,
F514,
F648,
F6C8,
F6B6,
F49B,
F101,
F05D,
F23E,
F3AB,
F49C,
F6FD,
FAA0,
F5C9,
E840,
E235,
E4C6,
E579,
E398,
E3E3,
E6D4,
E9E4,
ECD1,
EF42,
F0E8,
F2D7,
F53B,
F813,
FC01,
FC28,
F582,
F210,
F5F7,
FAA7,
FEF6,
012B,
FF44,
FC85,
F9F2,
F7AA,
F67C,
F4A7,
F043,
ED13,
EE3A,
F0AD,
F367,
F57B,
F4ED,
F3E8,
F370,
F4BD,
FC11,
035B,
02A6,
FF0A,
FC9D,
F9E3,
F4E9,
F011,
F036,
F266,
F2A8,
F252,
F256,
F2F5,
F6D6,
FBCC,
FBBD,
F8B8,
F569,
F236,
F2DD,
F621,
F825,
F993,
FCED,
019C,
04CE,
06DD,
0892,
0A17,
0F25,
174D,
1D40,
20F7,
21E5,
1FF6,
1FEC,
221F,
2268,
2082,
1D56,
18C4,
15BC,
14C7,
15DE,
198D,
1C2C,
1CA6,
1DC4,
2046,
21ED,
2248,
2062,
1ABE,
16E2,
1793,
18AF,
18F6,
1979,
1ADA,
1B06,
17F4,
1552,
1538,
16A6,
1AA7,
1DEF,
1D26,
1B87,
1AE0,
1ABA,
1BC1,
1CA1,
1B67,
1A19,
1B43,
1CF3,
1D64,
1D00,
1B51,
18F6,
16DB,
1494,
10EA,
0D26,
0B93,
0BEF,
1048,
16B4,
1A70,
1CC5,
1FAC,
22C2,
2568,
27C0,
2AC8,
2DF6,
2D5C,
2A1F,
2A8A,
2DB6,
2EED,
2E8C,
2E38,
2DED,
2E7B,
2FDB,
306F,
302C,
3104,
3310,
3401,
339E,
32FB,
322B,
30C4,
2EBE,
2BFD,
2824,
273E,
2AAD,
2ED4,
334F,
369A,
37D9,
3817,
374C,
35F9,
345D,
3208,
2E7A,
2B75,
2A6C,
2853,
22D3,
1DD2,
1BC3,
1A34,
17C0,
1623,
16F4,
1858,
1907,
19B4,
1ADE,
1BC6,
1B8B,
1A98,
1851,
166C,
1845,
1B03,
1AD4,
19DD,
1AA8,
1C06,
1CAD,
1CF0,
1CC8,
1C67,
1C63,
1C6A,
1B45,
19BA,
1A3C,
1BFA,
1D93,
1EF2,
1EFA,
1DDD,
1B81,
1823,
1523,
1261,
0E89,
09E4,
0750,
0699,
04C1,
01E1,
0023,
FF95,
FF91,
0016,
01EA,
0519,
0910,
0DE3,
1060,
0FC3,
0EDA,
0E1F,
0B75,
05EA,
0309,
04C0,
06AC,
07E6,
0941,
0AE0,
0BFC,
0C20,
0BFC,
0B8A,
0BB5,
0D67,
0ED0,
0ED0,
0ECD,
0F72,
103C,
10D7,
11E9,
140A,
16D2,
1A49,
1E2F,
22C2,
26CF,
2858,
2945,
2BA9,
2E12,
2F85,
2FA1,
2C5F,
279C,
235F,
1F98,
1D23,
1BDE,
1D09,
1F30,
1E91,
1CD2,
1D91,
1F67,
1EA6,
1CA8,
1D33,
1F4F,
20EC,
222E,
228A,
2230,
2260,
22DD,
21EA,
1FCA,
1E2B,
1D09,
1CAA,
1D01,
1DE8,
1F56,
1E01,
19B6,
16AA,
152A,
15D3,
18F1,
1CD4,
2178,
2402,
239F,
2209,
1F3B,
1C52,
19AE,
16E4,
1398,
127B,
1515,
1813,
1A70,
1CFF,
1FBB,
231D,
276F,
2CCA,
3462,
39F2,
39A6,
3867,
3876,
3983,
3CF8,
4017,
4064,
3FA8,
3EC2,
3D50,
3A8D,
380E,
3808,
3928,
3AF4,
3CE0,
3E41,
3E79,
3AB1,
358F,
339D,
32DF,
30AB,
2E0E,
2C02,
2AE5,
2D6D,
320B,
35A9,
3874,
38E4,
37AC,
363D,
34C5,
360D,
3921,
398B,
37B2,
333A,
2C9B,
2777,
23CE,
22C3,
2444,
2520,
253F,
2727,
2AE5,
2CE7,
2CF0,
2AC6,
25EE,
25E6,
2C42,
3227,
36C2,
3993,
39F4,
394E,
3784,
36D9,
38BA,
380B,
3279,
2D02,
2940,
2593,
2150,
1EC9,
1F6F,
2216,
27E8,
2BA8,
28DF,
2494,
207D,
1D68,
1D7B,
1DCE,
1C45,
19FE,
16D7,
13F5,
1306,
12B2,
11EA,
1102,
0F70,
0E60,
0F58,
1278,
1AD6,
24BE,
2A65,
2CF0,
2999,
23E3,
248D,
27EF,
2714,
244B,
2419,
254B,
25BD,
25BE,
259F,
2553,
233B,
2042,
2396,
2B8E,
2FB5,
3086,
2CAA,
24C3,
2132,
21E6,
232D,
250D,
2921,
2F67,
353E,
3A7A,
3CFE,
3C2A,
3DB7,
42A6,
465D,
486E,
46A5,
3F84,
3A41,
38B0,
3917,
3C2C,
3DD3,
3C7D,
397C,
3496,
2E9E,
26EE,
227B,
25CE,
2785,
2143,
1D65,
22A0,
295A,
2ED5,
3205,
301A,
2BDF,
257F,
2012,
2048,
2197,
20B7,
1E8B,
19D8,
14F8,
13F2,
132B,
0CAB,
055F,
03B3,
05D4,
0E18,
1841,
1AEF,
19EE,
19AE,
1982,
1977,
198E,
19F5,
1A9E,
1C6B,
1E83,
1CBC,
1858,
1358,
0E8F,
138C,
1FE2,
25B8,
2635,
288B,
2C29,
2A4D,
235F,
2205,
263C,
254F,
1EE7,
170C,
0DB3,
09EA,
0CE3,
0FE0,
1254,
1221,
0E41,
0A30,
0647,
03AD,
0375,
0011,
F6C6,
F04C,
EF46,
F27D,
FC14,
0294,
005A,
FE90,
010F,
02C1,
0134,
FEFB,
FC16,
FB6C,
0049,
0674,
0C9A,
0F95,
0973,
0C58,
08CB,
03AC,
FE6B,
F934,
F3F3,
EF73,
ECB0,
EB7E,
EDC8,
EFB5,
E831,
DDFB,
DA9D,
DAAA,
DB01,
DC98,
E26D,
E99E,
E9DA,
E663,
E43B,
E32B,
E6F6,
ED48,
ED85,
E961,
E2E8,
DAC7,
D533,
D1D0,
D12F,
D2CE,
CEC6,
C61F,
C4E8,
CAA9,
D0AF,
D6DF,
D8CC,
D611,
D5CF,
D893,
D8B2,
D5CB,
CFC2,
C5E3,
C12C,
C3F2,
C5B8,
C4D5,
C677,
CBF5,
D1E2,
D83F,
D9F8,
D39A,
CE6C,
CE29,
CCAA,
C6A8,
C530,
CE71,
D79D,
DBE4,
DE68,
DF87,
DEA0,
D9CC,
D606,
D737,
DB90,
E51D,
EDF3,
EFAB,
EE95,
EBAB,
E94E,
EB6E,
F032,
F949,
019A,
FF01,
F90F,
F8A8,
FB0A,
012F,
07CA,
0649,
0126,
FEFB,
FE78,
0156,
0514,
001A,
F699,
F470,
F646,
F39C,
EE05,
E7D1,
E14D,
DED9,
DF5D,
DA83,
D1AC,
CFFA,
D472,
D4A2,
D102,
D342,
DB47,
E13B,
E4C7,
EA53,
F20A,
F781,
FA3A,
FA59,
F798,
F29D,
EB4F,
E32E,
DA16,
D569,
D722,
DC32,
E4FF,
ED4C,
F45A,
F4ED,
EA26,
E07C,
DC30,
DCF0,
E6A1,
EE00,
EC53,
E812,
E171,
DE58,
E692,
ED4D,
E7E5,
E1E9,
E350,
E628,
E7A3,
E7F1,
E4CC,
E211,
E596,
E98D,
E633,
E1C1,
E470,
E89F,
E68F,
E2DF,
E434,
E718,
E63F,
E412,
E46B,
E5CE,
E5B3,
E4E9,
E4C1,
E4F2,
E526,
E558,
E509,
E472,
E4B3,
E57E,
E531,
E425,
E46E,
E5BE,
E560,
E3A4,
E33A,
E403,
E65D,
EA31,
E8C1,
E1ED,
DB40,
D4B3,
DB5C,
F1E0,
FC5E,
F69A,
EE6F,
E4A3,
DC7D,
D764,
D306,
CECD,
CFAE,
D864,
DFE6,
E2F2,
E7B8,
F0DA,
F765,
F7D1,
F7F9,
FA7C,
FB20,
F759,
F31B,
F08F,
ED75,
E872,
E35D,
DF72,
DBC9,
D7F7,
D468,
D16C,
CF01,
CD7C,
CC65,
CB2B,
CA56,
CA9A,
CB7C,
CCD1,
CE3E,
CE8F,
CEF8,
D1E5,
D5E3,
D9A8,
DC86,
D902,
D429,
DE41,
EE8F,
EEFB,
E6C8,
E313,
E296,
EA07,
F667,
FBBE,
FBDC,
F9D1,
F5FB,
F273,
EF90,
F3D0,
FE1F,
0493,
074A,
082A,
072B,
02D4,
FB32,
F73C,
F78F,
F989,
FD23,
01DB,
07BF,
0B1F,
0B19,
0955,
05C5,
0110,
FB1A,
F649,
F385,
F1E6,
F152,
F2F4,
F80B,
FC5A,
FDF4,
FEDB,
FF45,
FFD9,
024A,
0066,
F31C,
E8D4,
ED6A,
F13A,
E948,
E02D,
DB15,
D9B6,
E05B,
E7D4,
E8FB,
E7E3,
E589,
E3C9,
E68C,
EB13,
F06F,
F427,
EF3F,
E6D5,
E0C8,
DC1F,
DA33,
D9ED,
DAB7,
DB56,
D6B6,
CF57,
C969,
C4BF,
C2FF,
C3C5,
C881,
CFB9,
D32B,
D3CE,
D3A9,
D2B7,
CFC6,
CB8A,
CCC8,
D2B9,
D763,
DACF,
DCC6,
DD25,
DEB6,
E1A2,
DC2E,
CD6E,
C74E,
CBF4,
CD62,
CA17,
C78E,
C617,
C73E,
CC2C,
CDDC,
CA6D,
C479,
BB48,
B535,
B515,
B64E,
B865,
B93B,
B6A6,
B63D,
BAF7,
C131,
C8AB,
CE4A,
CF6B,
CDEE,
C8C2,
C46F,
C516,
C722,
C932,
CB4F,
CD4E,
CE62,
CC0E,
CA8E,
CFC7,
D6C2,
DB1A,
DE86,
E2AE,
E545,
E13E,
DA50,
D3E8,
CEDB,
D139,
D619,
D2F7,
CC96,
CBD3,
CD68,
CAC8,
C610,
C261,
BFFA,
C35A,
CA8E,
D042,
D48B,
D3CF,
CF2F,
CCC0,
CBE9,
C9BF,
C688,
C21D,
BCC2,
BB75,
BE1B,
C177,
C56A,
C5B5,
C1ED,
BDDE,
B9A5,
B91A,
BD2F,
C0BF,
C309,
C5DC,
C96E,
CCC4,
CF68,
D3F8,
DC02,
E059,
DDEF,
DAF3,
D8E7,
D6FD,
D511,
D4D3,
D779,
DBD1,
E2E9,
E732,
E373,
DFC0,
E0B3,
E2D6,
E59D,
E79A,
E6AB,
E523,
E469,
E41D,
E460,
E529,
E5F5,
E867,
F04A,
F986,
FFEF,
03F9,
02ED,
FFAD,
FDFF,
FD22,
FDFF,
FF67,
FEAE,
FCED,
FB8C,
FA6E,
FAA6,
FB47,
F8A6,
F440,
F1C7,
F0D3,
F235,
F55D,
F971,
FDD4,
FCCC,
F758,
F2BD,
EED7,
EB4F,
E844,
E604,
E494,
E4BF,
E690,
E75A,
E6E1,
E8F6,
EE00,
F248,
F587,
F5E0,
F27A,
F070,
F0AE,
F2D6,
F79C,
FB1D,
FC26,
FC6E,
FC2F,
FAC9,
F7D1,
F462,
F075,
EE17,
EEEE,
F052,
F188,
F1FC,
F07F,
EF51,
EF9F,
F15A,
F5FC,
FA0F,
FAA6,
F98E,
F6C0,
F390,
F172,
EFC3,
EE4D,
ED52,
ECFD,
EDC2,
F16D,
F5ED,
F8D7,
FA70,
F922,
F688,
F4F5,
F3FD,
F3A9,
F429,
F70A,
FB14,
FD7A,
FECC,
FEA3,
FDC5,
FF31,
0242,
0687,
0B94,
0EA2,
1039,
12CC,
1605,
190D,
1BC5,
1BEB,
19B3,
1793,
159C,
1337,
1078,
0FDB,
1195,
141F,
1761,
1B16,
1F4A,
2115,
1FB8,
1E16,
1C62,
1C72,
1F48,
20FC,
207B,
1F83,
1E34,
1D3A,
1D03,
1CDE,
1C9C,
1C60,
1C11,
1C50,
1DD7,
1EDA,
1E06,
1D48,
1DCD,
1E42,
1DC1,
1D70,
1E64,
1F42,
1F3D,
1E27,
1B25,
16DA,
107A,
0AA5,
0942,
0A1B,
0C6D,
0F4D,
1085,
116B,
1407,
16E4,
173F,
16A0,
179C,
191B,
18D4,
17F6,
197D,
1C45,
1DE0,
1EDB,
1FF7,
2132,
2361,
2617,
26AE,
25D5,
26C8,
292E,
2CAC,
3101,
3361,
33E8,
3373,
320D,
30C8,
2FBD,
2DEF,
2B51,
2B19,
2DB3,
2F68,
2FC8,
30C2,
32A0,
338A,
330F,
32AF,
32CB,
31DD,
2F34,
2DB6,
2EBA,
2E63,
2B34,
278B,
2378,
21A8,
247E,
2740,
27B5,
2820,
298E,
2A1B,
27FF,
265B,
27C6,
2932,
2890,
2780,
26D4,
263B,
260E,
2537,
21E2,
1DDB,
1A7F,
17F0,
179E,
1823,
177D,
170C,
1941,
1C67,
1E7E,
1F82,
1D6B,
19CF,
1808,
16E2,
13E2,
1019,
0E16,
0D3C,
0C8A,
0C29,
0D26,
0EEE,
0E12,
0B75,
0C37,
0F79,
1016,
0E93,
0E2E,
0EC0,
10CE,
1431,
1411,
1057,
0D00,
0A3E,
07D5,
05CE,
05E6,
0896,
091C,
0689,
04CE,
046C,
0582,
089A,
0AF7,
0BD4,
0C20,
0BAE,
0BE9,
0DD7,
0E00,
0A43,
07A9,
0893,
09EF,
0ABD,
0BD1,
0D3C,
0F9F,
142E,
1834,
199D,
1A01,
1973,
193B,
1AE9,
1D65,
20EA,
2392,
21CC,
1FA3,
2232,
2561,
2443,
222D,
22A9,
2471,
278F,
2B02,
2C93,
2D2E,
2DE3,
2E56,
2E19,
2D29,
2B4C,
2860,
2215,
1A29,
15F2,
148D,
16AE,
1B2D,
1C22,
1A87,
18EF,
176B,
1922,
1D75,
1E37,
1BD4,
1BAC,
1D98,
1DB1,
1BF6,
1A70,
1932,
187D,
1864,
189F,
1941,
18D1,
16D0,
1740,
1B34,
1E13,
1F0B,
1E30,
1A6B,
1A76,
218F,
26D8,
2766,
26E2,
25DB,
2407,
211C,
1E67,
1C82,
1B82,
1BC0,
1D38,
2077,
2446,
2837,
2B7D,
2CA1,
2D9E,
2FBD,
32D8,
38BA,
3D4E,
3A7A,
3622,
3598,
3712,
3C07,
40DF,
3EE0,
3A66,
37FE,
36AC,
36CB,
380F,
3AFD,
3E7D,
3FE1,
4000,
4070,
4042,
3AE6,
32FB,
3153,
3377,
32DC,
30A5,
2E61,
2C68,
3023,
3810,
3ABF,
3909,
370A,
34BB,
33D4,
3446,
345C,
340F,
3180,
2C95,
27D8,
236D,
21D1,
238F,
25F0,
28CA,
2A9A,
2AAB,
2CA4,
31F0,
32EB,
2C83,
2964,
2CE8,
31C2,
37C5,
3ACB,
3801,
343A,
3091,
2DE9,
2DDC,
2D0A,
29A5,
24F8,
1E10,
195D,
1BA6,
1E95,
1D7E,
1D34,
2276,
26CA,
239F,
1E20,
18B7,
14B6,
1682,
1995,
18E4,
16B5,
13A3,
10D4,
1165,
1342,
135E,
1316,
13E8,
15B8,
1957,
1E61,
25F7,
2E46,
317F,
3112,
2CD8,
267D,
26C0,
2B32,
2AA1,
26CF,
26BC,
2970,
2B15,
2BE0,
2BD1,
2B04,
2AF5,
2B99,
2F12,
354C,
3622,
3135,
2B55,
2495,
23B1,
2A0A,
2E89,
2FD3,
333C,
39C6,
3E11,
3ECA,
3F10,
3F2E,
401B,
42DD,
42F3,
3E44,
38F4,
3378,
3140,
35C8,
390F,
3736,
33E4,
2FCB,
2AE3,
246A,
1FE0,
20F5,
22F6,
2309,
22F0,
22C7,
241C,
2AE7,
305D,
2BF0,
2496,
1F53,
1B27,
192F,
1869,
18B1,
1895,
13EA,
0E0A,
0C96,
0CA6,
0929,
04EF,
04A2,
0759,
0FDF,
1AD7,
1D7C,
1B24,
19B1,
18A1,
18D8,
19F0,
1A14,
1996,
19EF,
1AC9,
18B6,
1475,
1292,
12F6,
18EB,
23F7,
28C1,
2721,
25F3,
256B,
22EF,
1E52,
1BC8,
1C12,
18A1,
1052,
0975,
04BF,
04E3,
0BED,
0F93,
0CEC,
095F,
05A1,
01EC,
FEA7,
FBA3,
F944,
F5E5,
EF85,
EDB7,
F66A,
FEB8,
01AA,
025E,
0061,
FE9B,
000F,
00D0,
FD3B,
FBA9,
04A3,
FE27,
FD92,
FE42,
0452,
09F8,
085F,
0338,
FB2D,
F2A4,
EE57,
EBBE,
E83F,
E564,
E71D,
E99F,
E427,
DB79,
D68E,
D472,
D7DE,
DE7E,
E305,
E624,
E774,
E738,
E448,
DFF8,
E3AC,
EC69,
EB3A,
E274,
DAAF,
D3BE,
CF76,
CDB4,
CDAF,
CF4E,
CC57,
C4D7,
C556,
CE51,
D53D,
D989,
D9EF,
D596,
D45A,
D7C2,
D68B,
CED5,
C7B3,
C1ED,
C061,
C51F,
C8D6,
C914,
CBD6,
D3B5,
D914,
D90C,
D63A,
CFAF,
CAC6,
CAEB,
CBBB,
CAC7,
CD67,
D95D,
E309,
E17E,
DDF2,
DD00,
DBFD,
D89B,
D7F3,
E167,
EC31,
F0DF,
F250,
EF18,
EB3A,
EBF9,
EF7C,
F783,
FFEA,
00F3,
FE94,
FB02,
F833,
FEDF,
0896,
07C6,
01E4,
FEE9,
FD89,
FF77,
02AB,
FEF5,
F724,
F335,
F1A4,
EFA9,
ED40,
E6B8,
DD58,
DAA7,
DD41,
D95C,
D028,
CE71,
D3AD,
D545,
D345,
D60A,
DDCB,
E482,
E9C7,
EF41,
F4F1,
F90A,
FB58,
F9BD,
F357,
EC46,
E539,
DDFE,
D61B,
D430,
DB7D,
E408,
EC7B,
F225,
F35D,
EF3B,
E1D3,
D956,
DE71,
E59E,
EC12,
EE86,
E71A,
E080,
E1CE,
E515,
E932,
EB11,
E4B7,
DF55,
E518,
EB49,
E733,
E1DB,
E3EF,
E772,
E6E8,
E53D,
E494,
E47C,
E5BC,
E714,
E576,
E321,
E4BA,
E78E,
E603,
E2D9,
E420,
E74A,
E633,
E314,
E3DD,
E6B9,
E61C,
E379,
E3D5,
E61F,
E5DB,
E3CD,
E3FD,
E5E1,
E597,
E382,
E328,
E45B,
E6C7,
EA59,
E804,
DF97,
D9C6,
D6D7,
DF0A,
F47F,
FD2F,
F4CF,
EB2F,
E191,
D9F1,
D597,
D22D,
CF11,
D10E,
DAD8,
E2D4,
E557,
E9C1,
F33E,
F99A,
F894,
F7AE,
FA7B,
FB1C,
F601,
F0D6,
EEEF,
EC51,
E65F,
E097,
DD79,
DA9A,
D647,
D247,
D021,
CE9E,
CCE5,
CB78,
CAA8,
CA79,
CB6D,
CCBA,
CD08,
CD57,
CECA,
D126,
D5DE,
DA8F,
D7F6,
D37B,
D94E,
E3AB,
E99B,
EC41,
E5F7,
DC02,
E297,
F29B,
F901,
F919,
F886,
F700,
F2EF,
ED83,
F0A3,
FA95,
0170,
057D,
0721,
065F,
0286,
FBD3,
F7B6,
F67E,
F803,
FC6E,
0143,
064B,
09CC,
0B6D,
0A40,
05B3,
00C6,
FBF3,
F77F,
F38F,
F18C,
F230,
F486,
F8FB,
FC88,
FD96,
FF07,
024B,
03C0,
01B0,
FCE5,
F34A,
ED02,
F21C,
F406,
E6D2,
DB32,
DCCA,
E1C3,
E672,
E9E8,
E8AD,
E682,
E5AE,
E6B1,
ED23,
F3F8,
F571,
F381,
EC6E,
E405,
E086,
DF52,
DF57,
DFA3,
DDE4,
DA74,
D314,
CA49,
C5CF,
C457,
C5F9,
C9CF,
CE0D,
D245,
D34E,
D20B,
CFC6,
CCF5,
CCB5,
CEA1,
D311,
D975,
DCB3,
DD22,
E05D,
E5E2,
E1B5,
D42D,
CE82,
D146,
D180,
CEC5,
CC04,
C91D,
CA4B,
D0B1,
D296,
CE2E,
C7C1,
BF2B,
B934,
B786,
B72D,
B840,
B7A6,
B331,
B252,
B870,
BFA1,
C6D6,
CBBD,
CC27,
CA6A,
C606,
C2EB,
C446,
C6A7,
C91C,
CACC,
CA25,
C90F,
C7FB,
C8C1,
CEE4,
D619,
DAF2,
DEE2,
E341,
E51A,
DDC0,
D4B2,
D436,
D652,
D540,
D30F,
D0CA,
CEA2,
CE6F,
CE4C,
C828,
C039,
C007,
C459,
C9E5,
CFF8,
D246,
D1F4,
D07F,
CE26,
CD89,
CDCE,
C98B,
C230,
BEBF,
BE91,
C0FF,
C591,
C664,
C3B9,
BF7D,
B9D4,
B78E,
B8E7,
BAB0,
BCD2,
BF22,
C18A,
C474,
C7BE,
CDFC,
D839,
DDD8,
DC99,
DAC2,
D94D,
D6E4,
D2EC,
D1B5,
D538,
D9E0,
DFAB,
E22F,
DDCC,
DACD,
DD48,
DFAB,
DFE8,
DF6E,
DE4B,
DCE4,
DB7B,
D9DD,
D779,
D5F4,
D64E,
D98E,
E334,
EDA2,
F3F9,
F7BA,
F72A,
F5AA,
F7BA,
FA9D,
FC44,
FD01,
FBA1,
F9CF,
FB0E,
FD08,
FBFF,
F97B,
F6CB,
F41E,
F1F5,
F0E9,
F583,
FCCB,
FE69,
FC55,
F92D,
F514,
F1DA,
EF31,
EB89,
E75E,
E5DE,
E682,
E4E3,
E197,
E29E,
E785,
EC54,
F0F0,
F1AE,
EE6D,
EC15,
EAE2,
EC68,
F10D,
F5A4,
F9DB,
FD2A,
FF52,
FFF1,
FEDF,
FB83,
F516,
F09B,
EFB2,
F017,
F22A,
F1E7,
EC91,
E99D,
EC67,
F042,
F41C,
F7C9,
FB40,
FC88,
F92C,
F593,
F487,
F342,
F004,
ECE1,
EAA3,
EA9A,
F042,
F62D,
F704,
F624,
F547,
F3F3,
F1A0,
EF6C,
EF09,
EFBC,
F1FE,
F43C,
F29A,
EFB4,
EEE8,
EFB9,
F3BD,
F976,
FE0A,
01FF,
04EF,
0784,
0C92,
12F2,
186B,
1CC7,
1C73,
18C3,
1773,
1799,
137A,
0C65,
0B7C,
0FD4,
142B,
186C,
1A67,
1A13,
1749,
1213,
0F66,
0F9E,
113B,
146C,
14D7,
118C,
115D,
159A,
185F,
18AD,
1863,
176D,
17A1,
19F4,
1B27,
19FE,
1956,
1A04,
1B55,
1D3D,
202C,
24B9,
297B,
2E8D,
30C6,
2D18,
2761,
2095,
1A2B,
156C,
1303,
15FD,
184C,
1301,
0DE0,
103C,
1443,
15A9,
1651,
16E9,
1769,
1842,
18BE,
1718,
14FB,
14DE,
15D8,
176C,
198C,
1CF5,
202F,
1D8A,
188D,
1977,
1E06,
24F8,
2CE2,
2EA1,
2C36,
2AB1,
2976,
2705,
23C7,
2097,
1DB5,
1E49,
21DD,
24F8,
27A3,
2B59,
2FF2,
312F,
2EF1,
2F24,
3226,
3270,
2F6F,
2F0A,
323B,
3152,
2ABA,
2717,
27F7,
2B00,
30FB,
3225,
2B46,
24A5,
201D,
1CC8,
1AE3,
1B3E,
1F0D,
22D8,
2500,
2762,
2B0B,
2D36,
2BBE,
2987,
2764,
269F,
2A15,
2C2F,
2763,
21E8,
1F4D,
1FB8,
2735,
2F38,
309C,
2F95,
2EB8,
2CCD,
27D2,
225F,
2127,
20B1,
1B42,
14A4,
135E,
13DF,
1001,
0A79,
071A,
054F,
062C,
08AE,
098B,
09FB,
0F92,
17AF,
17BF,
1243,
0DBD,
09FF,
09B4,
0C3B,
0E15,
0F5E,
0EB3,
0C5A,
0CD8,
100B,
14E7,
1B53,
1D73,
1AD1,
1810,
1574,
1240,
0E8A,
0A34,
04CD,
053A,
0DED,
1287,
0FF7,
0CF9,
0A7F,
07F8,
051E,
0526,
0A71,
0DD0,
0BD9,
0A5F,
0B30,
0DE6,
1403,
18C0,
1894,
185F,
1B58,
1C9C,
17FF,
12E9,
10BA,
0FC4,
0FF7,
10E5,
11EE,
1417,
1980,
1F42,
2262,
23A4,
2191,
1E99,
1E0A,
1EF9,
229E,
26C0,
26DE,
24C9,
20C3,
1CAD,
1FA2,
25B4,
25DC,
2340,
24F4,
28AE,
28A1,
2632,
2497,
2358,
216C,
1EF8,
1C80,
19EA,
158A,
0FD9,
0A7D,
05BF,
093E,
147F,
1BAE,
1E7F,
1FFD,
2010,
1FF4,
1FD1,
1F2E,
1DF6,
1E24,
2038,
217D,
216A,
2192,
2229,
2347,
2548,
2623,
24F7,
23D3,
234F,
22AF,
21B9,
2120,
21A0,
20C6,
1BF5,
1A5C,
21E9,
28A7,
28F0,
26DE,
22AD,
1E76,
1C01,
1AE2,
1BAA,
1DE9,
221B,
26C7,
2A04,
2D6A,
3339,
38CC,
3A0B,
3A31,
3D8A,
4160,
42AD,
421D,
3DE1,
38B2,
38E3,
3BA5,
3DB7,
3F16,
3D30,
397B,
36F7,
3559,
3550,
3691,
39D0,
3E18,
3E55,
3B77,
3837,
348D,
2FAC,
2A12,
2981,
2D72,
2EE6,
2E06,
300B,
34DD,
38AB,
3B53,
39A3,
3308,
2EBB,
2DA1,
2C80,
2B30,
2972,
272C,
2416,
1F9C,
1E91,
22D6,
27AB,
2C58,
2F5E,
2F65,
2F57,
304C,
3044,
2E0A,
2C8F,
2D28,
2F75,
3507,
389D,
35F7,
31E6,
2E64,
2B02,
2825,
258A,
2380,
20D5,
1B13,
1637,
172A,
1A23,
1C94,
1EF2,
215A,
22B9,
2077,
1C56,
16BA,
11C6,
1403,
190F,
19BA,
1886,
17FD,
17E5,
1907,
1AF8,
1CC1,
1EA8,
211F,
2435,
29AF,
3094,
361B,
3A16,
3832,
31A9,
2C1D,
278A,
2704,
2A21,
2A75,
282C,
2830,
2A7E,
2B81,
2B19,
2AF3,
2B1B,
2C1D,
2E20,
2F6E,
2FEF,
2D80,
2710,
23BE,
252D,
29BB,
3250,
38DE,
3B08,
3D46,
4101,
425F,
3F36,
3CBB,
3D7B,
3D46,
3A60,
3630,
2FF5,
2BD2,
2DAD,
3060,
31E8,
3156,
2BDA,
2568,
203A,
1C8A,
1C0D,
1D3A,
1FC7,
2266,
228E,
22B7,
2711,
2B0B,
2796,
20DF,
19B4,
133D,
1282,
144B,
143A,
131A,
1001,
0BF6,
0901,
06F9,
0686,
0770,
0943,
0C3C,
1452,
1F22,
20BD,
1BB6,
18F7,
17DA,
180A,
195F,
199E,
18E8,
189E,
18BE,
172C,
13FE,
14EE,
1A30,
20A1,
283F,
2A1F,
24FF,
204F,
1CE1,
195F,
15DA,
128B,
0FC0,
0B29,
036F,
FF57,
0169,
04EF,
09E4,
0AC4,
038C,
FD0A,
FAC7,
F8A9,
F56B,
F27F,
F018,
EF70,
F1B2,
F677,
0018,
0707,
0324,
FDDA,
FD82,
FB78,
FD05,
FE2F,
FCC6,
FB3D,
FBE4,
FDED,
032A,
0733,
0146,
F78B,
F02D,
EA26,
E6C5,
E505,
E3B1,
E2DF,
E333,
E359,
DD1B,
D467,
D3BC,
D81B,
DD9D,
E3CC,
E6C5,
E74A,
E5F0,
E337,
E25B,
E2E8,
E553,
E8E7,
E32C,
D57E,
CE45,
CD30,
CC4B,
CBA4,
CABC,
C989,
C8A2,
C7DD,
CCE1,
D8EF,
DD4F,
D73E,
D3E8,
D56F,
D4ED,
D164,
CBD8,
C359,
BF60,
C332,
C764,
CA16,
CD64,
D1D7,
D5F3,
D9CE,
D9B2,
D17A,
CABA,
CAEB,
CC58,
CC6B,
CF18,
D8A6,
E15C,
E383,
E2B4,
DE98,
DAB2,
DAAB,
DD1F,
E330,
EA78,
F1BA,
F67F,
F14D,
EA5D,
ECEA,
F337,
F984,
FF36,
00E9,
0024,
FC3E,
F830,
FED7,
0964,
07BD,
FFF7,
FD55,
FD77,
FECB,
006D,
FC0F,
F3E1,
F030,
EF75,
ECBD,
E887,
E269,
DAE6,
D848,
D9EB,
D6AA,
CF0F,
CE4E,
D460,
D726,
D642,
DA17,
E331,
EA72,
EF1D,
F3C2,
F895,
FAB6,
F99B,
F522,
EC96,
E457,
DD55,
D842,
D55B,
D832,
E40A,
EE07,
F27B,
F281,
EC0D,
E460,
DC09,
D9DE,
E63C,
EFF5,
EBF1,
E5E1,
E1DA,
E089,
E63C,
EB23,
E7C5,
E37D,
E372,
E4CE,
E742,
E8D5,
E50B,
E130,
E52A,
EA25,
E676,
E114,
E407,
E911,
E6CD,
E257,
E3D4,
E767,
E672,
E3B1,
E41D,
E5F6,
E5D3,
E4B2,
E48B,
E4F1,
E52C,
E54A,
E4F1,
E44F,
E497,
E582,
E54E,
E43C,
E42D,
E4FA,
E49C,
E32C,
E567,
EB35,
E8F9,
DE5A,
D8A3,
D878,
E12F,
F457,
FC23,
F4E6,
EB40,
DFD3,
D7D8,
D572,
D307,
CF0F,
D0F1,
DC39,
E4E7,
E663,
EA2C,
F446,
FAD1,
F8C8,
F723,
FA33,
FAED,
F523,
EF72,
EDCB,
EB66,
E521,
DF1C,
DC56,
D9D2,
D56A,
D15C,
CF9F,
CE83,
CCAF,
CB23,
CAC0,
CB11,
CC2D,
CD66,
CCF3,
CCC6,
D0C9,
D5DB,
D70A,
D698,
D5C5,
D60C,
DF9E,
EBFB,
E975,
DFE3,
DEB4,
E2C5,
EC6D,
F8D3,
FA98,
F54E,
F24D,
F0D1,
EFDE,
EFE2,
F6F4,
035D,
07D1,
0547,
0339,
018A,
FCDA,
F56F,
F46B,
FA2D,
FECE,
01CC,
05F9,
0B97,
0CA6,
07FB,
0374,
FFE6,
FB71,
F5AB,
F231,
F221,
F3C6,
F756,
FAA8,
FCD7,
FF35,
024D,
042E,
044C,
0103,
F729,
F096,
F524,
F648,
E9A3,
DE83,
DE01,
E105,
E6B8,
EAFA,
E7D2,
E437,
E552,
E885,
EE35,
F3B5,
F618,
F568,
EDBD,
E4CF,
E2E5,
E38C,
E368,
E2CB,
E126,
DDFA,
D577,
CB69,
C7CE,
C7F6,
C96F,
CC2E,
D063,
D4ED,
D4CF,
D1C0,
CEE3,
CC6C,
CD9D,
D191,
D585,
D985,
DD94,
E164,
E38D,
E405,
DDA1,
D124,
CE2B,
D49A,
D357,
C9F4,
C790,
CD06,
D136,
D3A0,
D1BE,
CA97,
C3D1,
BE08,
BB1B,
BC4E,
BBAE,
B784,
B4BD,
B433,
B732,
BF97,
C6C5,
CA80,
CB82,
C87B,
C52F,
C2DD,
C263,
C5CD,
C883,
C7A6,
C5EF,
C393,
C2DE,
C681,
CBEC,
D269,
D940,
E0AF,
E54D,
E0F2,
DA43,
D6C3,
D4EA,
D66C,
D804,
D3BA,
CE90,
D0EC,
D431,
CC23,
C0EB,
BF73,
C2ED,
C794,
CCEA,
CFFA,
D17B,
D15C,
D02B,
D09E,
D16A,
CC84,
C44B,
C10C,
C172,
C3FF,
C80F,
C8AA,
C654,
C1AE,
BB26,
B7EB,
B7D2,
B89F,
BA55,
BB63,
BBBA,
BDE2,
C1E8,
C92C,
D42A,
D985,
D786,
D662,
D755,
D561,
CF06,
CDAA,
D45A,
DA1C,
DD49,
DD07,
D706,
D49D,
DA70,
DEC8,
DDD3,
DD08,
DE90,
DEE9,
DC48,
D89C,
D380,
D0C1,
D3A4,
D9F7,
E558,
EF6E,
F1A2,
F1C9,
F2FF,
F42D,
F58A,
F649,
F4EB,
F31A,
F28E,
F2A9,
F3EE,
F505,
F341,
F035,
EC8E,
E997,
EB22,
EF8B,
F78B,
FFFB,
FE15,
F70D,
F67A,
F88C,
F3B1,
EB4C,
E955,
EB3F,
E999,
E5CD,
E304,
E14D,
E587,
EE3F,
F0D7,
EE35,
EAB3,
E682,
E681,
EAAB,
EEFC,
F352,
F801,
FCF0,
FFB1,
FFFF,
FD34,
F6C7,
F32A,
F39C,
F4F6,
F76C,
F603,
EE8A,
E91F,
E7CF,
E8A6,
EBF5,
F08F,
F6C1,
FAD2,
FA6D,
F931,
F826,
F6CD,
F591,
F25A,
E9A2,
E52D,
EE4F,
F73F,
F6A6,
F4AD,
F5DD,
F656,
F2E4,
EED2,
EC3A,
EB49,
EEBC,
F268,
F0BB,
ED4E,
E9FE,
E847,
ED7C,
F527,
F909,
FB9C,
FEFD,
02DE,
0848,
0E15,
11F7,
143F,
13F0,
11C8,
0F4F,
0C61,
06ED,
00B7,
0341,
0BCA,
1091,
1298,
1453,
1584,
133F,
0E43,
0E94,
13AA,
1892,
1D38,
1C58,
15BB,
14C4,
1A3C,
1B0D,
162F,
142A,
15F3,
179A,
18E7,
184C,
14F7,
12E7,
131E,
138E,
13CD,
154A,
1871,
1D68,
257B,
2A17,
27AE,
2326,
1CE8,
1838,
17EA,
182A,
1790,
1697,
1498,
138C,
15A1,
17A4,
169A,
1650,
1B19,
1F2D,
1BEB,
17E0,
1984,
1C30,
1B72,
1A7E,
1D72,
210C,
2117,
1F7D,
1C36,
19CB,
2081,
2A62,
2CFC,
2B94,
2854,
23DA,
20CF,
1E8D,
1B7E,
1892,
19DB,
1DEF,
20FB,
2358,
2486,
24DF,
2729,
2ADE,
2D16,
2E00,
2D96,
2BF5,
2C95,
2F51,
2E02,
289B,
23BD,
1F97,
1E9C,
2151,
2301,
2318,
23B4,
2537,
23EC,
1E73,
1CF9,
21FE,
25DE,
26B4,
2851,
2BC7,
2E43,
2ED8,
2E3F,
2BE7,
2AE1,
2DB8,
2E5E,
2900,
2359,
1F50,
1E18,
22EF,
27B0,
2807,
275F,
26F0,
2693,
26B1,
26CB,
265A,
2601,
26F0,
276B,
2528,
216F,
1BD5,
16CB,
17B5,
1ABB,
1B1B,
1A8C,
1A59,
1A43,
1AD8,
1B3A,
187E,
1431,
114E,
0F3B,
0CE3,
0AEF,
0D1F,
11B3,
11F7,
0F66,
0E0D,
0DA2,
0F24,
121E,
1316,
1257,
126B,
131E,
10F8,
0C32,
08A4,
0668,
07D1,
0D2D,
0EFB,
0C71,
0BB6,
0D51,
1080,
159D,
18B0,
18BB,
184A,
179A,
170D,
16F0,
166C,
150D,
14EB,
176D,
1819,
14C8,
10D4,
0CBC,
0A81,
0C5E,
0E37,
0DC5,
0DA3,
0F31,
10DD,
1187,
12EA,
170D,
1ACA,
1B2E,
1AB3,
1AB2,
1B11,
1D32,
1E5B,
19D5,
1420,
1223,
11D6,
1274,
13CA,
153A,
171B,
1B09,
1EF6,
1D38,
192E,
191E,
1B1E,
1D75,
1FCE,
1F8A,
1DC4,
1CF3,
1CED,
1F73,
238A,
243D,
228E,
2306,
24FC,
250C,
238C,
21EC,
2030,
2036,
21E3,
1FEB,
1A47,
175F,
178B,
17CD,
17F8,
1A1B,
1E94,
2129,
2117,
20B7,
2019,
20DB,
2400,
23FB,
1E84,
1B89,
1DC1,
1FBC,
202F,
1FE4,
1E5B,
1DC2,
1F8B,
20EB,
204B,
206C,
231A,
2591,
2664,
264F,
24D7,
2399,
23D1,
2548,
29A2,
2CE0,
29AB,
258D,
25C4,
26AD,
2506,
230B,
2268,
2343,
27F6,
2DC9,
2FFB,
316E,
372C,
3DF4,
3FB1,
3F1A,
40A9,
42A6,
4134,
3E08,
3CEE,
3D0E,
3E20,
3F80,
3CA1,
3724,
3615,
3818,
37D7,
35F7,
34B6,
33F9,
34AF,
369E,
3674,
344A,
31F4,
2F82,
2D92,
2C3A,
2C39,
2DB2,
2F5C,
3108,
3375,
3706,
3656,
2F96,
2C2C,
2EB3,
2E9D,
298F,
25CB,
24F8,
248C,
2432,
238D,
21CD,
2240,
2758,
2BBA,
2C96,
2D9A,
30D5,
3288,
2F97,
2CDD,
2D8C,
2EED,
3024,
30C1,
2F8C,
2E3C,
2EF6,
2EED,
2A8A,
2530,
21CD,
1F70,
1E46,
1DDC,
1DAA,
1DEB,
1F17,
20C6,
2300,
24E3,
23DA,
2119,
1D4F,
1955,
18B3,
19D9,
18AA,
16B6,
19C1,
1F70,
1E46,
190C,
1AA6,
2105,
2499,
263E,
2A23,
2FAA,
336F,
357F,
34FE,
320D,
2EAD,
2B02,
286A,
2708,
2795,
2A43,
2BAC,
2B62,
2A9D,
293F,
29A3,
2C9A,
2DE1,
2C47,
2BED,
2E1D,
2E71,
2B26,
2980,
2B49,
2E51,
3260,
3784,
3EAD,
42F4,
4097,
3DCA,
3D9E,
3CA7,
390D,
3519,
31E6,
2F0D,
2CB4,
2AA7,
2882,
2765,
29F1,
2B71,
2560,
1DF2,
1ABE,
197D,
19AE,
1B1F,
1E39,
21A3,
22EF,
230D,
22B3,
2176,
1E09,
1949,
1383,
0DE5,
0D3D,
0F51,
0FF5,
0F98,
0C45,
0764,
063F,
07C8,
094D,
0B30,
101F,
173A,
1BE3,
1E53,
1E52,
1C18,
189A,
140D,
1480,
1A02,
1AB1,
161D,
14A6,
16F0,
1787,
15BD,
1847,
2086,
2560,
2543,
2233,
1B99,
15E8,
127A,
0F48,
0C44,
0887,
0346,
FF6B,
FE1F,
FED0,
029D,
04F9,
0383,
FF7B,
F740,
F0E3,
F186,
F266,
EF0F,
ED1D,
F120,
F61D,
F940,
F66B,
FCC0,
02C2,
02A5,
FFF9,
FB20,
F6EB,
F931,
FCF5,
FB7B,
F937,
FD67,
0235,
FD34,
F3B4,
EB0A,
E360,
E0CA,
E10A,
E028,
DEF6,
DED8,
DEE8,
DA2A,
D32B,
D315,
D7E7,
DE90,
E656,
E889,
E652,
E43F,
E237,
E18E,
E20D,
E260,
E275,
DBE0,
CECC,
C838,
C8C2,
C9B5,
CAF1,
CA85,
C7D8,
C8B8,
CE1C,
D405,
DA6C,
DBBB,
D593,
D145,
D157,
CF9F,
CA84,
C53C,
BFAB,
BF32,
C822,
CF5D,
CF99,
D119,
D840,
DC27,
D709,
D0E5,
CCC4,
CAB6,
CC7B,
D041,
D5E0,
DC1A,
E2D3,
E6FA,
E306,
DD95,
DBC6,
DC8E,
E234,
E9A7,
F0BA,
F615,
F4B0,
F0DD,
EEE7,
EF26,
F795,
023B,
032C,
FF8E,
FD30,
FBC5,
FEFE,
0454,
05E4,
04C8,
FF93,
F851,
FA46,
0176,
FCC1,
F017,
EC0C,
EE23,
EB2B,
E44D,
DE8E,
D9CF,
D707,
D62B,
D3DD,
D02D,
D016,
D3CC,
D77C,
DAE9,
DFC8,
E62D,
ED02,
F44E,
F89C,
F8F0,
F832,
F707,
F16C,
E555,
DC39,
D908,
D802,
D875,
DDF2,
EC47,
F574,
F234,
EBDC,
E3AD,
DDCE,
DDA4,
E14F,
EBE0,
F1CF,
E70B,
DD52,
E1DF,
E824,
E90C,
E800,
E485,
E1DC,
E548,
E919,
E6C7,
E369,
E439,
E61F,
E673,
E618,
E4DC,
E3B1,
E550,
E78E,
E5B6,
E2A0,
E458,
E7D5,
E63D,
E27E,
E3C5,
E771,
E662,
E2D3,
E38D,
E6C9,
E640,
E34C,
E38E,
E613,
E606,
E401,
E3AE,
E4CB,
E4D7,
E3E7,
E5CA,
EA6E,
E7B9,
DD63,
D88E,
D9E3,
E398,
F72C,
FD53,
F1CB,
E6BC,
DE22,
D767,
D359,
D12D,
D0CF,
D47A,
DDF3,
E5E2,
E961,
EDDF,
F599,
FA99,
F9B4,
F874,
F956,
F895,
F3F7,
EF0B,
EBC2,
E830,
E341,
DE61,
DA70,
D6F7,
D3F0,
D13D,
CEA5,
CC9F,
CBE8,
CBB6,
CB40,
CB19,
CBF5,
CD35,
CDC3,
CECF,
D38B,
D86C,
D4CD,
CFB1,
D841,
E588,
E74E,
E360,
DF27,
DBF1,
E494,
F338,
F805,
F68A,
F34E,
EEDE,
ED65,
EE79,
F406,
FCDE,
031A,
06E4,
056F,
FF66,
FAFB,
F83C,
F6A1,
F643,
FA3D,
02A1,
07C9,
0908,
0A05,
0B04,
07DC,
FF9D,
F9F3,
F86A,
F604,
F199,
F1C6,
F924,
FDA3,
FBB7,
FD01,
0592,
0946,
0294,
FC17,
F948,
F76A,
F748,
F3BF,
E749,
DE36,
E0FB,
E5EA,
E9AD,
EB09,
E549,
E125,
E6F2,
EE8F,
F337,
F609,
F63B,
F3C4,
EB9C,
E3C8,
E615,
EA99,
E8A9,
E42E,
DFFD,
DAEB,
D16A,
C7E4,
C8A4,
CE1B,
CFC6,
D037,
D3E9,
D83A,
D434,
CC31,
CC36,
D105,
D324,
D412,
D8F4,
E041,
E4D1,
E6E1,
E2B1,
D98E,
D643,
D7E9,
D63A,
D1AC,
CE3E,
CBE2,
CFE6,
DA80,
DA68,
CE30,
C66C,
C492,
C1D2,
BDAE,
BA9D,
B91F,
B620,
B040,
B140,
BCF1,
C553,
C67A,
C68B,
C674,
C4E1,
C092,
BF99,
C652,
CA50,
C5DE,
C1D4,
C1DC,
C328,
C4EA,
C8DC,
D174,
D9D2,
DF18,
E128,
DCC1,
D7E7,
D871,
D9C1,
D8C6,
D71A,
D54E,
D3B3,
D45F,
D38E,
C83D,
BC38,
BFE1,
C914,
CB73,
CBA6,
CE7D,
D200,
D398,
D3E3,
D376,
D1CE,
CACC,
C1AC,
C1E8,
C795,
C928,
C80B,
C5B7,
C243,
BD3D,
B758,
B660,
B955,
B91F,
B66F,
B5FE,
B7AE,
BD99,
C784,
CE52,
D1AF,
D33A,
D2E5,
D0FC,
CD6B,
CC58,
CE6B,
D27C,
D92A,
DA89,
D3C0,
D222,
D9AB,
DDCA,
DAD9,
D974,
DC45,
DD57,
DAB3,
D6B5,
D0F3,
CD84,
CEC5,
D354,
DCEC,
E4EA,
E640,
E712,
EA6B,
EDBD,
F001,
F183,
F1CC,
F1E6,
F2C1,
F3DF,
F5A1,
F6A1,
F4DB,
F17D,
EB89,
E69B,
E9B4,
EFC4,
F41B,
F72D,
F6BE,
F4B6,
F481,
F449,
EFFB,
EA09,
E7FA,
E768,
E1A8,
DA05,
DA19,
DEEF,
E2E5,
E62E,
E59A,
E26F,
E209,
E3CB,
E658,
E9B3,
EDE3,
F2B8,
F802,
FD84,
FF0C,
FCB5,
FA55,
F803,
F7A6,
F98A,
F865,
F3A4,
EFAA,
ECE2,
EB86,
EBCA,
EE5A,
F3E5,
F76E,
F774,
F760,
F7CE,
F7CE,
F774,
F50E,
EED7,
EB79,
EE8F,
F20A,
F40B,
F531,
F519,
F3F1,
F13D,
EE6C,
EC0C,
EB0D,
EDA6,
EF7A,
EC37,
E895,
E7DE,
E862,
EA05,
EBE0,
EC5C,
ED01,
EF2C,
F2BC,
F940,
0074,
04FE,
0860,
0C84,
0FB2,
0D76,
08DE,
06C8,
0616,
0691,
07FE,
0A7E,
0D66,
0E05,
0D42,
0CAE,
0C67,
0ED4,
12FC,
1483,
1414,
1383,
12D0,
13A8,
15BC,
153A,
126D,
11CC,
1344,
132E,
117E,
10E5,
118D,
117C,
107B,
11DD,
161D,
1B5A,
2198,
261D,
2845,
27B5,
2389,
2076,
2028,
1E48,
194B,
154A,
13CA,
124D,
0FF1,
0E81,
0F04,
0F8E,
0F41,
0ED8,
0E55,
0E42,
0F07,
1099,
137A,
1687,
18F1,
1AF5,
1C81,
1D50,
1BFE,
1B6F,
1FF4,
2578,
2805,
2974,
2ADB,
2BB5,
2B3A,
2A0E,
28F5,
27BC,
25F1,
242E,
2416,
24CD,
24A7,
2455,
259B,
27B0,
2868,
2888,
2B25,
2EF4,
2EEC,
2C30,
29F1,
27F6,
2622,
247E,
2384,
2310,
2156,
1E7C,
1BE0,
1992,
17F8,
171E,
1814,
1AFA,
1CEB,
1D92,
1F69,
22C3,
250F,
25DD,
266F,
26FA,
262E,
2390,
20FD,
1EBB,
1DD1,
1EE7,
2113,
2490,
2761,
284D,
29B2,
2CCF,
2F24,
2F42,
2F43,
3058,
30C0,
2F44,
2D72,
2C6A,
2A9B,
2659,
2206,
1F8F,
1DD3,
1C93,
1B8B,
1A5A,
191A,
175C,
1610,
16EC,
18A3,
1A05,
1B30,
1BCE,
1BF0,
1B02,
19CE,
1A0E,
1B24,
1CE3,
1EC6,
1F1C,
1E55,
1C76,
19E4,
183D,
171A,
1579,
1380,
119A,
0FAA,
0C1D,
0779,
05BF,
0681,
06CF,
06C8,
0754,
086B,
09C5,
0B5C,
0E10,
11F1,
1462,
1517,
161E,
17A6,
18A5,
190D,
17FE,
150B,
1288,
10E0,
10A2,
1254,
14BC,
17D6,
1A4A,
1B45,
1C7F,
1EA7,
2089,
21EC,
2200,
1FDD,
1CE9,
1973,
1613,
1329,
114B,
11CD,
124A,
10DB,
0F00,
0D4B,
0BCE,
0A75,
0A48,
0D90,
1190,
1391,
147D,
13ED,
12D0,
1251,
124F,
13C8,
156E,
1489,
126E,
1030,
0E4D,
0F6B,
1205,
128D,
1255,
1468,
17E5,
1B6E,
1EF1,
2196,
2371,
23B6,
22DC,
2362,
2508,
2817,
2C34,
2D43,
2B90,
2A33,
292B,
28AD,
28BE,
2889,
280A,
25C0,
216D,
1DF9,
1BC5,
196A,
16C2,
14FE,
1470,
13D5,
12D5,
12FB,
149A,
183A,
1EAC,
24A4,
2944,
2B86,
2A36,
2703,
2143,
1DF8,
213E,
240F,
22DC,
20FB,
1F29,
1E41,
1FBC,
2195,
227D,
234E,
2479,
2581,
25BC,
2625,
284F,
2A39,
291F,
273E,
2683,
26AD,
290B,
2BEA,
2CD3,
2C4C,
286C,
23F6,
2515,
2959,
2EA8,
349A,
3923,
3CC0,
4016,
42E2,
43D0,
4379,
4441,
457A,
43F2,
4075,
3E89,
3DC0,
3B1D,
371F,
36EE,
39FF,
3A01,
3722,
3286,
2C39,
2BDF,
31F3,
3590,
3614,
3471,
3060,
2C1B,
27C5,
2620,
281F,
2A9F,
2D46,
2F3C,
3003,
3046,
300E,
2F4F,
2E3D,
2B0E,
23F7,
1ECD,
1E74,
1FEC,
2375,
2563,
21F2,
2024,
249A,
2A76,
2FE5,
350D,
3A07,
3CAB,
3929,
34BF,
33F4,
340D,
33C3,
3365,
32F5,
3266,
327C,
3123,
28AF,
1EEF,
1D5A,
1F0B,
1EE9,
1DFF,
1B31,
1831,
19A0,
1D89,
2221,
2679,
257F,
2113,
1C29,
1719,
14A4,
1461,
176E,
1CCD,
1ECD,
1E2F,
1C67,
19D9,
1D87,
26A3,
2A6A,
292C,
2BB3,
31EC,
3645,
388A,
3797,
332B,
2D7D,
2694,
232F,
244F,
279D,
2D92,
2F13,
296B,
2715,
2B23,
2D78,
2BBD,
2AFD,
2CBA,
2E82,
3017,
2F9B,
2AB3,
282D,
2BB4,
3211,
3C51,
4408,
43DA,
414B,
3E08,
3AC0,
3912,
3703,
32CA,
2E61,
2BA4,
28B7,
2286,
1E01,
239D,
2A78,
27C7,
2161,
1A16,
13D8,
151C,
1999,
1C25,
1E11,
2081,
226D,
2095,
1CDA,
1C1E,
1BF7,
13D5,
07FA,
051F,
0806,
0ADA,
0D8D,
0B44,
059A,
03E1,
0555,
07DD,
0B7F,
1017,
1571,
1B9D,
2254,
2325,
1E19,
18F0,
13D9,
1401,
1A48,
1C10,
1809,
15D2,
165B,
1695,
15F8,
185E,
1F34,
2401,
2599,
21A9,
153A,
0C9A,
0D15,
0C3D,
0694,
0169,
FE74,
FBF4,
F8FD,
F8EB,
FFCE,
040F,
FEDB,
F7A1,
F0BB,
EBE7,
EC97,
EF43,
F26F,
EC05,
EDBF,
F030,
F19E,
F3E5,
FB43,
0240,
01AB,
FDDF,
F9A6,
F5D6,
F666,
F8AC,
F9D2,
FA52,
FA7B,
F9A3,
F5D0,
EFCB,
E67D,
DC54,
DACA,
DE2E,
DE16,
DC15,
DB36,
DAD7,
D7DD,
D37E,
D4E7,
DAC2,
E13E,
E7F5,
E883,
E393,
E098,
DF66,
DEFF,
DF56,
DD81,
D968,
D23E,
C7AA,
C373,
C70C,
C9B5,
CA84,
CAB2,
C9B2,
CC8D,
D52E,
DA7E,
DA16,
D734,
D15E,
CD06,
CC78,
CA42,
C39D,
BFDD,
C269,
C774,
CF3A,
D544,
D5D1,
D605,
D924,
D960,
D0A7,
C960,
CBBA,
D0B4,
D50D,
DA19,
E153,
E715,
E641,
E2F9,
DECC,
DC47,
E19F,
E9D5,
F0BF,
F632,
F6DA,
F50E,
F1D8,
EF7B,
F69F,
0141,
0402,
0279,
FF07,
FB04,
FDD5,
0422,
058F,
03B2,
FEEF,
F877,
F8B7,
FD3F,
F9B8,
F04A,
EAEB,
E8B9,
E63D,
E393,
DDE5,
D589,
D2E4,
D603,
D4CD,
CEE8,
CF4C,
D6DC,
DC01,
DDB5,
E2AB,
EBDD,
F2ED,
F6D1,
F900,
F97D,
F707,
F0F9,
E91D,
DF19,
D824,
D66B,
D89C,
DFD7,
E84A,
F1EE,
F5B2,
ED28,
E3C5,
DD82,
DBEB,
E447,
EBFC,
EC3F,
E96C,
E25C,
DDE5,
E572,
ECC2,
E821,
E210,
E327,
E5F1,
E743,
E78D,
E4E5,
E242,
E52D,
E8FE,
E640,
E1F2,
E41E,
E82F,
E688,
E2E7,
E3F4,
E6D7,
E630,
E3F5,
E435,
E5AD,
E59D,
E4B5,
E491,
E4E2,
E50D,
E51C,
E4DC,
E463,
E4A8,
E57D,
E4FC,
E363,
E399,
E56A,
E73A,
E906,
E5A2,
DCE6,
D957,
DB7E,
E5A0,
F931,
FDE0,
EEFF,
E2C8,
DC2A,
D6A7,
D241,
D095,
D22F,
D713,
E051,
E801,
EB97,
EFF7,
F730,
FB86,
F9C1,
F7DD,
F8B6,
F7BF,
F22C,
ECA4,
E9ED,
E6CA,
E126,
DBD0,
D8D5,
D63B,
D2A7,
CF75,
CDC0,
CCB3,
CBC8,
CB45,
CB77,
CBF5,
CBEC,
CC78,
D02B,
D435,
D358,
D166,
D3D9,
D8AE,
E0C6,
E873,
E1E1,
D660,
DC92,
EB72,
F2F7,
F5E6,
F3CF,
EE80,
EC07,
EBDE,
F01F,
F7A3,
FEED,
0599,
05AC,
004C,
FBF5,
F899,
F651,
F542,
F8A5,
0050,
05E4,
090F,
0ADA,
0B34,
085D,
01FB,
FC89,
F8AA,
F598,
F356,
F3D3,
F7FB,
FB54,
FC8A,
FF93,
0640,
0889,
02B2,
FD88,
FBF2,
FA67,
F8E2,
F3B2,
E5F6,
DDF4,
E64A,
ED9E,
EA48,
E5FF,
E42E,
E4E3,
EACF,
F17D,
F6A2,
F8EB,
F423,
EDD7,
EA6D,
E8C0,
EAC9,
ECDF,
EA49,
E531,
DD6E,
D516,
CF50,
CBDD,
CD6A,
D15B,
D409,
D5D3,
D54E,
D350,
CFF6,
CC89,
CE3B,
D302,
D66F,
D974,
E05C,
E8D5,
E739,
DEA5,
DB24,
DB2D,
D996,
D6E0,
D2D1,
CDCF,
D128,
DBEC,
DD6F,
D5D0,
CF99,
CAFF,
C78F,
C58A,
C1E7,
BC5B,
B71C,
B21C,
B2BA,
BAA4,
C155,
C569,
C6C0,
C441,
C213,
C113,
C1A9,
C501,
C66B,
C3AA,
C0A8,
BE12,
BD9C,
C0D6,
C628,
CE18,
D577,
DA8B,
DCB0,
D8EB,
D5B2,
D8C1,
DB64,
D817,
D520,
D8E5,
DBD9,
D62B,
CE13,
C6CE,
C20A,
C602,
CC68,
CD83,
CD64,
D045,
D3D3,
D5E5,
D644,
D1A2,
CAEC,
C720,
C565,
C7FE,
CC6D,
CB9E,
C7A9,
C348,
BE9E,
BB7B,
B97A,
B7ED,
B6CC,
B3F3,
B058,
B332,
BB42,
C28B,
C90C,
CD51,
CF5C,
CEA6,
CB58,
C9B6,
C9E9,
CCA0,
D228,
D346,
CEF3,
CEAC,
D3DA,
D6F4,
D6CE,
D79A,
DA18,
DB81,
DB8B,
D816,
CF30,
C986,
CA1C,
CDBD,
D526,
DB37,
DD0F,
DF1A,
E2FD,
E6A4,
E965,
EB4E,
EBA7,
EC7E,
EFAB,
F2D2,
F50E,
F57D,
F202,
ED70,
E8C8,
E643,
EABE,
F0AF,
F302,
F427,
F57C,
F61B,
F49A,
F230,
F08E,
EE9E,
EA5E,
E539,
E05C,
DCB5,
DF3B,
E465,
E4CB,
E2B0,
E08A,
DE6B,
DDCE,
DE55,
DF0B,
E058,
E550,
ECA9,
F14E,
F3BA,
F355,
F0B0,
F1C7,
F5DD,
F697,
F43E,
F06E,
EB4C,
E7D5,
E636,
E75D,
EB7B,
EF68,
F2D4,
F652,
F9E2,
FBD7,
FBE2,
F997,
F445,
F137,
F1F9,
F38B,
F5BE,
F767,
F824,
F704,
F2CB,
EF73,
EEAD,
EED6,
F039,
F051,
ED05,
E9B5,
E7E4,
E6DD,
E722,
E6F1,
E400,
E257,
E5AE,
EA7C,
EEB1,
F348,
F909,
FEBA,
03A6,
06A9,
0427,
001A,
FEDD,
FF2F,
01D5,
055B,
07A7,
0901,
07ED,
0620,
0796,
0A7D,
0BF3,
0CAB,
0D44,
0DAD,
0DAC,
0D79,
0DE2,
0EBE,
0FEA,
1154,
12EC,
1486,
1528,
14DF,
1264,
0E29,
0B0B,
0925,
0BAB,
1271,
18EC,
1EED,
21AB,
20BC,
2127,
2375,
22AE,
1E13,
1AD6,
19D3,
183E,
15B9,
1344,
10EB,
0F90,
0FAE,
0FF2,
101B,
0FE4,
0EBA,
0F0F,
1254,
15F4,
199F,
1AE9,
1713,
1371,
12B7,
1330,
14C4,
1769,
1BF6,
1FB8,
1FE0,
1F25,
1F27,
1F0C,
1E46,
1D8D,
1DC6,
1E36,
1DEE,
1DEF,
1FEE,
2267,
22E7,
2359,
26DD,
2BDA,
31D8,
372B,
35E6,
3174,
2FEA,
2FA2,
2E5B,
2CDF,
2DAC,
2FA9,
3008,
2F24,
2CE7,
297D,
241C,
1D8A,
1B4A,
1C77,
1BE2,
19FC,
195F,
19ED,
1CBB,
2199,
2357,
21D0,
1FAE,
1D04,
1ABF,
18FA,
196E,
1C9E,
1E08,
1CD8,
1BF3,
1BAC,
1C1B,
1D3E,
20ED,
2891,
2D70,
2CD5,
2C5B,
2DD4,
2D61,
292D,
24BB,
20E3,
1F15,
2197,
2360,
2158,
1EDF,
1D1F,
1C20,
1C76,
1DC0,
2098,
2301,
2293,
21D8,
237E,
244F,
1F95,
1AC9,
1C9D,
20BB,
2477,
2736,
25FE,
22C9,
1F1F,
1B59,
193D,
17C8,
1520,
1233,
1053,
0F7C,
113E,
1482,
16DD,
1882,
18F1,
183E,
1411,
0E0C,
0FFD,
178D,
1A26,
18F7,
18E2,
198A,
192A,
17E3,
1606,
13A3,
12B1,
1336,
1390,
13BC,
1126,
0B6F,
07A4,
0646,
08CD,
1039,
1540,
1629,
1882,
1DA6,
1FFF,
1DC4,
1B50,
1961,
18C7,
1A74,
1C86,
1F19,
1EBC,
1815,
133F,
14AE,
174A,
1993,
1BE4,
1E6B,
1F88,
1D59,
19FA,
15DD,
12B2,
13EB,
1419,
0C3C,
0461,
04DF,
0811,
0A96,
0C7E,
0C0F,
0A60,
0774,
04B4,
0556,
078F,
08C5,
0A93,
117E,
1A2C,
1DC9,
1E3C,
1BBB,
17E2,
1944,
1D8F,
1F9E,
2019,
1E48,
1AE4,
1902,
1857,
18FD,
1AC4,
1B42,
1AD7,
1FFE,
29D3,
2B82,
2570,
21CF,
20D4,
1FF6,
1F36,
2212,
28F5,
2DB5,
2FBB,
2D62,
2571,
21E3,
2528,
26D9,
2595,
2267,
1C94,
184A,
1706,
16D9,
1805,
179E,
133F,
11D2,
176A,
1CBC,
1E58,
2097,
25D9,
2A4B,
2BF8,
2B58,
2715,
21E1,
1C63,
19D8,
2038,
2794,
2955,
28B1,
2560,
2259,
24F4,
2843,
2599,
2259,
266A,
2C35,
2BE3,
297D,
2A18,
2B93,
2AB1,
292D,
2A66,
2D28,
30E7,
3496,
3305,
2E5D,
2A2D,
271B,
2C96,
37DE,
3FA5,
44AF,
4650,
4512,
45B7,
47B4,
45F7,
40FC,
3E16,
3D2B,
3B31,
382A,
3635,
3572,
3349,
2F64,
2EC0,
3252,
30FA,
28C9,
2536,
2879,
2CB1,
31B8,
328D,
2C8C,
2826,
27C0,
2811,
2865,
2B02,
31CA,
36CF,
3727,
35F7,
33BB,
30BB,
2D03,
2951,
2604,
239F,
228E,
2396,
2970,
2E18,
2A8F,
26D3,
2990,
2EB3,
358E,
3B6C,
3B89,
38E9,
34B0,
3033,
2E55,
2DE1,
2F00,
3060,
2EEC,
2C3B,
2B39,
29E2,
2185,
16C9,
159A,
1996,
1AB6,
1A77,
19C7,
1914,
1C2A,
218A,
23A0,
231A,
1FF0,
1ABC,
16EE,
1487,
155D,
1923,
1D5C,
21EC,
2391,
2248,
2210,
2304,
2754,
2F7B,
3369,
31DD,
32E8,
37DF,
38D2,
3438,
2E6E,
27A1,
233B,
227B,
24C8,
2B6E,
2F61,
2D85,
2B08,
28B7,
2865,
2C56,
2EEF,
2CB7,
2BA6,
2F89,
322B,
2F18,
2CBD,
2EDB,
3373,
3C0D,
4363,
4454,
41E8,
3BBD,
34FB,
31CF,
2F46,
2AE0,
2665,
23CB,
21D2,
1ED7,
1C5F,
1DCE,
2046,
1F8C,
1CB4,
1589,
0DBB,
0FDF,
1700,
1AEB,
1D19,
1E6F,
1EAF,
1C84,
18A4,
157F,
1294,
0C62,
0462,
0373,
07F2,
0B42,
0D8B,
0B1D,
04AF,
045B,
09CB,
0E8F,
1289,
175C,
1CE9,
2045,
2131,
1E49,
16F4,
127E,
1201,
13D6,
189B,
19B5,
14D6,
126D,
149D,
16E4,
1847,
1AA8,
1F5B,
1FB3,
17D2,
0EE9,
067E,
00F0,
018E,
014A,
FBA5,
F6E3,
F61E,
F6FD,
F959,
FB83,
FC0B,
FA5B,
F286,
F883,
EEE7,
E5F2,
E865,
EDF5,
EFE2,
F15B,
F405,
F7B6,
FECE,
04FC,
00CC,
F8C4,
F514,
F3B4,
F552,
F82F,
F831,
F69F,
F590,
F3DC,
ECBB,
E2A2,
DAC0,
D50A,
D707,
DDF6,
DDA5,
D86F,
D6D9,
D7E4,
D604,
D239,
D75C,
E402,
E935,
E75A,
E3CE,
DE9D,
DC3C,
DCF8,
DC62,
DA54,
D500,
CBE0,
C52A,
C19F,
C307,
CAFF,
CE33,
C92E,
C8DE,
D0E8,
D768,
DA5B,
D994,
D335,
CD9F,
CB6E,
C93D,
C60C,
C37D,
C17D,
C396,
CE81,
D788,
D73C,
D622,
D938,
DA40,
D380,
CCE7,
CC26,
CEB9,
D600,
DE06,
E2C2,
E5C8,
E74B,
E6D0,
E0E1,
DBA3,
E24E,
ECF6,
F315,
F6CF,
F79A,
F678,
F335,
F05C,
F7AB,
0309,
0542,
0262,
FED0,
FB29,
FE3D,
04F5,
0538,
011B,
FC6E,
F763,
F745,
FA8D,
F65F,
EC4E,
E719,
E604,
E349,
DF1F,
D9B6,
D31C,
D14C,
D4A8,
D462,
CFB5,
D16B,
DAEB,
E149,
E2D6,
E7E5,
F21F,
F887,
F90C,
F840,
F6E3,
F22A,
E89E,
DFAB,
D885,
D58F,
D908,
DF93,
E9C1,
F165,
F310,
EFA8,
E35A,
DA7E,
DE55,
E4CE,
EB15,
EE04,
E715,
E051,
E1F8,
E5A0,
E8B9,
EA04,
E4A6,
DFA9,
E4EF,
EB3F,
E710,
E102,
E3A4,
E859,
E6FA,
E3D3,
E41B,
E59F,
E5F2,
E5B6,
E4EF,
E40F,
E4EF,
E680,
E58D,
E370,
E43E,
E693,
E5DB,
E35D,
E3DE,
E64A,
E5E3,
E381,
E3C8,
E618,
E5B0,
E30A,
E321,
E5AB,
E781,
E8A5,
E539,
DD20,
D9E4,
DC03,
E5ED,
F913,
FD84,
EEAC,
E23B,
DAFD,
D590,
D254,
D149,
D285,
D769,
E17F,
E97F,
EC55,
F037,
F7C5,
FC24,
F99A,
F729,
F83E,
F75F,
F140,
EB56,
E8F4,
E616,
E01B,
DA85,
D7F2,
D5BF,
D211,
CEC3,
CD64,
CCB8,
CBFB,
CB7B,
CB30,
CB63,
CCA9,
CE93,
D14F,
D3B2,
D1D9,
CFFB,
D784,
E1B2,
E2D4,
DFB1,
DBB1,
D8F0,
E41E,
F52B,
F6A5,
EF76,
EC6A,
EBBD,
EC12,
EDCB,
F55B,
008C,
0479,
02AD,
FF7A,
FB0A,
F73E,
F44A,
F557,
FA23,
FFC4,
0606,
09D8,
0AF7,
09F1,
06B6,
0203,
FBD9,
F762,
F531,
F4B8,
F635,
F88A,
FB88,
FF51,
043B,
06D8,
05D4,
032C,
FE8D,
FB9F,
FD5D,
FA02,
EAB3,
E115,
E77C,
ED58,
EB47,
E7F7,
E44A,
E387,
EA35,
F1B5,
F6B3,
F8EB,
F55B,
F054,
EC65,
EA2B,
ED53,
F076,
ED84,
E7DC,
E07D,
D8B8,
D255,
CE08,
CFBD,
D3E5,
D5EE,
D6B5,
D536,
D275,
CF3F,
CC7F,
CDFF,
D21D,
D65A,
DAEB,
E158,
E7E4,
E541,
DCD4,
DB48,
DE0E,
DADA,
D3A5,
D160,
D318,
D7D7,
DEEF,
DD56,
D3C3,
CEA5,
CDEE,
CB59,
C6E6,
C13A,
BA4E,
B5DD,
B440,
B79C,
C0F9,
C640,
C570,
C404,
C257,
C1F0,
C39B,
C558,
C71A,
C64F,
C115,
BD44,
BCCF,
BEC1,
C3C4,
CA80,
D3BF,
D9DE,
D815,
D5F7,
D76D,
D8AD,
D7D8,
D735,
D89A,
D9B3,
D98C,
D69A,
CBE0,
C252,
C4A4,
C9BE,
C9FC,
C9CC,
CCE9,
D0E9,
D443,
D637,
D382,
CEB8,
CA1B,
C691,
C92E,
CE1A,
CE6C,
CC28,
C837,
C364,
C0C1,
BF45,
BCE1,
B9F3,
B547,
B028,
B149,
B70B,
BD60,
C418,
C8B5,
CB57,
CA8B,
C6DA,
C57A,
C649,
C97E,
CF05,
CFDB,
CBBF,
CC08,
D15B,
D3CF,
D294,
D474,
DA75,
DCF8,
DAC8,
D5BD,
CD1E,
C846,
C984,
CC7E,
D106,
D4BF,
D650,
D8BD,
DD36,
E123,
E38A,
E568,
E68A,
E8B9,
EDC3,
F1F8,
F39D,
F287,
EC3D,
E69A,
E5FA,
E7AB,
EC09,
F05D,
F18A,
F21F,
F434,
F5C4,
F46B,
F247,
F22B,
F119,
E936,
E06D,
DF9D,
E225,
E44B,
E5F8,
E484,
E19D,
DFB3,
DE35,
DBD9,
D9EC,
DD26,
E373,
E941,
EE6D,
EF5A,
ED86,
EE27,
F05D,
F2E8,
F570,
F3D8,
EEF0,
EA93,
E6CD,
E591,
E6C2,
E83E,
E9FC,
EC8F,
EFDC,
F338,
F6AA,
F51A,
EDAC,
EA38,
EC26,
EDFC,
EF35,
F0C4,
F2E4,
F2C3,
EF27,
ECF6,
ED71,
EFA0,
F471,
F659,
F249,
EECD,
EE5A,
EDBF,
EC1A,
E9E4,
E69E,
E43F,
E421,
E52D,
E704,
EA80,
F117,
F820,
FE7D,
0267,
FFF5,
FC0F,
FA36,
F9ED,
FD19,
013F,
0441,
0600,
03D1,
0124,
0409,
0854,
07EF,
0618,
074D,
09B5,
0B53,
0C56,
0B54,
0999,
0B1C,
0E50,
100A,
10D6,
11D7,
1277,
0E3E,
070E,
04D5,
0695,
0BDB,
13E3,
17FC,
18AE,
1993,
1A91,
1C06,
1DED,
1E66,
1D60,
1CD9,
1CF4,
1ADB,
1632,
1339,
1283,
1207,
11A5,
1170,
117F,
106E,
0D52,
0DC6,
1438,
18D8,
198B,
1732,
1023,
0BA3,
0D88,
0FB5,
0FBE,
119A,
17DA,
1D97,
203A,
219F,
21E6,
2188,
20A9,
1FD9,
1FA6,
1FF7,
219D,
2280,
1F71,
1C1D,
1BB0,
1D7E,
2419,
2ADC,
2A85,
278D,
2594,
243A,
2492,
2631,
29F2,
2E47,
2FE1,
2FB1,
2DCB,
2AC2,
2793,
248F,
2372,
23CB,
2687,
2A62,
27AD,
20EC,
218B,
2754,
29B8,
296C,
2700,
22C8,
212A,
21E9,
21D3,
20F4,
2089,
2094,
1F88,
1D51,
1BF0,
1B8C,
1C84,
1F0B,
21C0,
2466,
27BF,
2C4D,
2CA5,
26D1,
20F6,
1C09,
19E9,
1C70,
1E30,
1D4E,
1C06,
1A8B,
199D,
1990,
1B3B,
2079,
23B9,
20BC,
1D6E,
1D10,
1C71,
194D,
173F,
1967,
1D27,
2285,
25FC,
2177,
1BDF,
1BC1,
1D8E,
1FFA,
2235,
221B,
210C,
2049,
1F6F,
1E3F,
1CE1,
1B97,
1A39,
181F,
15EC,
153A,
1569,
15BA,
1623,
15AD,
14F5,
171C,
1ABD,
1A15,
16A4,
1527,
152B,
16BE,
1993,
1C8D,
1F76,
1E4A,
1982,
1631,
1460,
15F0,
1AF2,
1CC8,
1AFD,
1B13,
1D7F,
1D6F,
1A3E,
17E5,
16D3,
16F4,
18D7,
17B2,
11C9,
0D73,
0C12,
0D72,
12C5,
173C,
1922,
19E4,
194A,
1855,
174B,
16AE,
1740,
1749,
1579,
140B,
14AA,
14E9,
1309,
10CF,
0EBD,
0DDC,
106B,
1335,
1329,
1279,
12B1,
12DB,
11C9,
10F4,
1358,
15AE,
126A,
0D5A,
0A7D,
0966,
0CC9,
11CB,
1285,
1169,
123A,
13AC,
133A,
11E0,
112E,
1140,
14F8,
1AB5,
1C29,
1AA6,
1901,
174E,
1813,
1AC1,
1C44,
1CC8,
1C12,
1A52,
19D0,
1A8C,
1D4A,
2208,
245E,
23F8,
2560,
2903,
298D,
263E,
240B,
2395,
23FB,
256C,
269D,
273D,
27A6,
2802,
26A5,
2240,
205B,
23E2,
2542,
2134,
1CD2,
1945,
1786,
1975,
1AEE,
1948,
1823,
1980,
1B84,
1D92,
1F93,
20CF,
22F0,
28AE,
2DA6,
2D48,
2AD8,
27A9,
246F,
2270,
21CA,
2498,
27F6,
2724,
2531,
25DF,
279A,
294B,
2AB0,
29CB,
283C,
2A62,
2DE4,
2CC1,
2991,
2AF2,
2EB3,
2F41,
2E0B,
2F34,
31C0,
3268,
31B1,
2FC2,
2D22,
2F78,
35E5,
3A4F,
3CE7,
3E70,
3EE1,
409E,
43A8,
4332,
3EF6,
3C61,
3BEC,
3A5F,
3772,
3520,
33A3,
3313,
33A9,
3425,
3456,
33A5,
31A4,
2FB0,
2DCB,
2E53,
336A,
3575,
3059,
2C97,
2E08,
2EBD,
2BB4,
2A37,
2D93,
3142,
336F,
343B,
3279,
3021,
2EA9,
2C9B,
2832,
2458,
2417,
254C,
272E,
2917,
2921,
298B,
2E0A,
3354,
3566,
35E4,
35A7,
34B5,
3350,
3163,
2E18,
2A8B,
2A1D,
2AFB,
2935,
2612,
2428,
2294,
1DA1,
171D,
1686,
19CA,
1911,
15E6,
1735,
1BD7,
1EDA,
207B,
2106,
2082,
1F74,
1DF2,
1B69,
17F2,
182A,
1C56,
2014,
2320,
2543,
2638,
27E6,
2A9A,
2D27,
2F5D,
31DE,
34EE,
3691,
3640,
33D1,
2E6C,
2A05,
2832,
26B2,
24AA,
250D,
2A4A,
2E2D,
2D24,
2C33,
2DC6,
2EBC,
2CF9,
2BDB,
2E21,
3006,
2E66,
2CD7,
2DCC,
3011,
3411,
383C,
3B26,
3CC7,
3C4E,
39D8,
33C2,
2CB9,
28A4,
25BF,
22C7,
200D,
1D91,
1B97,
1B3B,
1BB3,
1C19,
1C18,
1931,
14EE,
12DC,
1261,
13CF,
169F,
1A45,
1E05,
1C8E,
173F,
13A9,
113A,
0C8D,
064F,
03A7,
043C,
0575,
0748,
0893,
0950,
093A,
0841,
0A8D,
1085,
163E,
1B73,
1E51,
1E4D,
1CA6,
1950,
1581,
113B,
0FB5,
128C,
1484,
142E,
138E,
12B5,
1306,
159E,
17FF,
19BF,
18CB,
1302,
0BCD,
03DC,
FD4B,
FA73,
F8E8,
F840,
F765,
F49D,
F2E5,
F6B7,
EFA9,
F4B2,
F946,
F7B9,
F3A7,
EE48,
E936,
E749,
E807,
EE5C,
F5F0,
F6C6,
F5EF,
FC67,
03FA,
007D,
F80A,
F353,
F0D9,
F265,
F5EC,
F5EA,
F398,
F0A1,
ECB0,
E555,
DBF3,
D550,
D12D,
D37B,
DA95,
DB48,
D6D9,
D4A8,
D470,
D502,
D663,
DBB8,
E4CB,
E7E7,
E494,
DF95,
D8E4,
D68B,
D9BF,
D8B2,
D1E7,
CB14,
C497,
C157,
C273,
C611,
CCDF,
D00B,
CBF9,
CC73,
D6E0,
DCC5,
D827,
D22E,
CCE5,
C8DB,
C79E,
C675,
C35E,
C2F1,
C8FB,
D04E,
D72F,
DBA1,
D9C6,
D6B3,
D623,
D4EA,
CEEA,
CB1F,
D300,
DD8C,
E305,
E664,
E869,
E8A7,
E477,
E007,
E29E,
E8D5,
F1D4,
FAB7,
FA9C,
F653,
F476,
F44B,
F8A7,
FF5A,
03F7,
069A,
01DF,
F945,
FBE7,
0544,
0585,
FF74,
FAB7,
F6DE,
F5CD,
F6DE,
F2F4,
EAC8,
E530,
E201,
DF32,
DCD7,
D826,
D0F7,
CF58,
D422,
D54D,
D18B,
D3EB,
DE51,
E5B6,
E806,
ECCC,
F5D0,
FAD9,
F9A2,
F672,
F1DB,
EB26,
E16E,
D9B6,
D5BA,
D6BB,
DFA4,
E8F7,
F05E,
F356,
EDCA,
E623,
DD58,
D9B8,
E487,
EE5F,
EBA4,
E64C,
E255,
E092,
E5A1,
EA99,
E79C,
E34B,
E369,
E4FA,
E6E5,
E823,
E509,
E181,
E4D7,
E9A2,
E674,
E10D,
E3AB,
E8F5,
E6DF,
E1F1,
E364,
E79B,
E69C,
E314,
E39D,
E653,
E60C,
E401,
E403,
E558,
E56A,
E499,
E479,
E4E0,
E4C0,
E434,
E440,
E4C9,
E675,
E940,
E59F,
DB4D,
D8C8,
DEFD,
E990,
F91F,
FB87,
ECF0,
E070,
D87C,
D37C,
D25B,
D29C,
D398,
D8B2,
E414,
EC7C,
EDF1,
F0F0,
F90E,
FD6C,
F949,
F5C3,
F769,
F6D1,
EF86,
E8D1,
E738,
E4FA,
DE39,
D816,
D672,
D51D,
D0DB,
CD0F,
CCBD,
CD1C,
CBC4,
CA83,
CACA,
CC02,
CEA7,
D13D,
D07E,
CF68,
D264,
D74C,
DDE4,
E375,
DD6A,
D44B,
DBC2,
EA8E,
F175,
F37F,
EF57,
E7FD,
E7C9,
EC43,
F1DB,
F85D,
FF0C,
051E,
02BE,
FA14,
F61B,
F5FB,
F5D2,
F5F0,
FB30,
04F5,
09B9,
0962,
0912,
08E2,
04D2,
FC97,
F785,
F682,
F5F4,
F598,
F750,
FB8A,
FFFC,
0477,
06B1,
059A,
03BC,
0162,
FF59,
FED7,
F9CD,
EB71,
E3BA,
EC12,
F1AB,
EB92,
E5CD,
E469,
E681,
EECD,
F666,
F8CC,
F85D,
F3F4,
EF78,
EE46,
EEC4,
F266,
F476,
EE87,
E5FA,
DE11,
D706,
D275,
D065,
D3D2,
D88B,
D7E6,
D505,
D233,
CF76,
CD59,
CC6F,
CF66,
D4C9,
DBB5,
E2D7,
E4EE,
E3B4,
E17A,
DE76,
DCFD,
DC51,
D760,
D042,
D52F,
E278,
E30A,
D995,
D4CC,
D3C3,
D197,
CE72,
C8B7,
C097,
BA2E,
B5A6,
B718,
BF0C,
C3DF,
C496,
C3BF,
C112,
C099,
C348,
C59A,
C73F,
C646,
C182,
BD32,
B9F0,
BA9F,
C16C,
C937,
D136,
D64B,
D58E,
D4D1,
D68F,
D7DD,
D74A,
D7BC,
DBDB,
DE7F,
DC5B,
D736,
CCD1,
C4F6,
C8DC,
CDB4,
C9EE,
C6BC,
CD30,
D4EF,
D6D8,
D5BA,
D0C3,
CAEB,
C82C,
C7B6,
CC60,
D1C8,
CF41,
C980,
C677,
C45A,
C1CC,
BED3,
B9F4,
B461,
B00D,
AD73,
B161,
B978,
BFF1,
C520,
C705,
C659,
C41C,
C0FB,
C4A6,
CD82,
CF38,
CAF6,
CA74,
CD4F,
CEAF,
CEAD,
D0CB,
D4FD,
D952,
DDDC,
DA2D,
CCD7,
C546,
C5A3,
C6F2,
C8D5,
CAB6,
CC20,
CEE4,
D39E,
D7E9,
DB54,
DCDC,
DAF7,
DC94,
E57B,
ED23,
F0C9,
F11C,
EC3A,
E77D,
E53E,
E568,
E9F2,
EE97,
F0A0,
F230,
F444,
F59C,
F4EA,
F3EB,
F51C,
F405,
E917,
DEC6,
E222,
E8A5,
E8EB,
E70A,
E4FD,
E24E,
DE33,
D9D9,
D650,
D4B7,
DA95,
E375,
E753,
E875,
E73B,
E54D,
E9B1,
F127,
F442,
F447,
F0B6,
EACC,
E7F1,
E73D,
E600,
E4AB,
E4F0,
E69E,
EB42,
F232,
F490,
F2B1,
EEFC,
E99B,
E7A3,
E94B,
EBAA,
EEA5,
F11D,
F306,
F0C4,
E92B,
E7B9,
EF1B,
F1BC,
ECAC,
E934,
E91F,
E8B9,
E786,
E54B,
E177,
DDFC,
DB5B,
DA1D,
DAB2,
DD78,
E330,
EAB5,
F533,
FBEC,
F8A2,
F494,
F419,
F5FD,
FC39,
0289,
05C4,
073E,
0605,
04C2,
06F3,
0922,
078E,
0561,
05DC,
0705,
0743,
0716,
0652,
058B,
05EB,
06EE,
082B,
09C0,
0D44,
1077,
0B38,
0236,
FF8B,
00DD,
04A7,
0A36,
0E7B,
11EA,
155A,
1892,
1ABF,
1BFF,
1C1D,
1B4B,
1B9A,
1CC7,
1B0F,
16D0,
1607,
188C,
1887,
15E9,
120F,
0CF1,
0AF9,
0CA8,
1037,
15F4,
16D4,
1115,
0C5C,
09CD,
089C,
090C,
0B5C,
101C,
1496,
180A,
1A50,
1AD0,
1ADB,
1AEE,
1A17,
1751,
1614,
18F0,
1BBA,
1C8D,
1C58,
1A3B,
1953,
1CBC,
20E0,
23F0,
2601,
25D0,
253D,
25F0,
2700,
27A5,
291A,
2E26,
334F,
33E5,
324E,
2FD9,
2CD8,
2A74,
282C,
255E,
2253,
1E88,
1B3B,
1D13,
216E,
230B,
22EB,
20CE,
1D8B,
1BEC,
1B9B,
1D48,
2068,
231A,
2557,
24FF,
22B0,
2261,
23D3,
2641,
2996,
2CEC,
3026,
331D,
35BD,
34D6,
302C,
2B77,
26EE,
24A2,
252E,
24E3,
232E,
21F6,
21A6,
1FA5,
1AFB,
17B2,
170E,
1626,
1442,
1281,
1114,
1008,
0F2C,
1050,
154C,
197B,
1A5A,
1A7F,
1A84,
1A97,
1B34,
1B92,
1B10,
1A61,
19B8,
199C,
1AFC,
1CE5,
1F37,
20C8,
1FB5,
1D21,
189E,
1452,
13F3,
1543,
167D,
17FB,
19FF,
1BFA,
1CA8,
1C93,
1BB1,
1AC9,
1CC3,
2005,
2148,
2155,
215A,
20EB,
1D89,
1884,
16B8,
173B,
17C0,
187E,
1B0D,
1ED6,
1F34,
1CB9,
1B6A,
1B2A,
1B2C,
1B7B,
1C0F,
1CEA,
1E08,
1F60,
21BB,
2536,
270F,
26DE,
25E0,
2429,
2142,
1CD1,
1A20,
1A60,
1945,
157C,
12C3,
1246,
11A9,
1046,
0EFB,
0E2D,
0C6F,
08AF,
0524,
0277,
0190,
03D0,
0738,
0B28,
0F4C,
13A5,
168C,
156A,
13EE,
151A,
16BB,
1776,
1837,
1A08,
1BA2,
1B82,
1A76,
1889,
1673,
155C,
150C,
168B,
1855,
1766,
150A,
1282,
0FA4,
0BB2,
07B9,
0752,
08EE,
08A3,
07C1,
0A7A,
0F5C,
1220,
1378,
1549,
1732,
1632,
1323,
1427,
188A,
1B90,
1D61,
1F44,
2124,
21E0,
2178,
20B7,
1FA6,
1F3E,
1FB0,
1F36,
1D92,
1CD8,
1D3B,
2000,
25E7,
2A79,
2CAD,
2DC8,
2DBD,
2C7B,
29B5,
26ED,
2483,
2337,
23CF,
24F5,
2697,
2753,
2635,
23C0,
1F26,
1B57,
1AA0,
1AA9,
1A96,
1A85,
1A5E,
19C3,
1750,
161A,
1A62,
1F6A,
204B,
20E9,
2547,
2A73,
2DE9,
3030,
30BD,
2FE7,
2D3A,
29B0,
2684,
2407,
23FC,
259A,
2960,
2D9F,
2C58,
2827,
2698,
267D,
262D,
25DF,
25B8,
25B6,
2574,
2539,
2790,
2BD9,
2E33,
2EFC,
3121,
3465,
35CF,
3580,
362E,
37EB,
3995,
3B1F,
3F5F,
469B,
4CA5,
5135,
5043,
4867,
423F,
3F5E,
3CD1,
3A81,
381C,
355B,
3399,
3381,
331D,
31B3,
30AE,
3092,
3096,
30A0,
3025,
2E40,
2D9B,
308C,
32D2,
31F2,
2F89,
2AC6,
2753,
28D6,
2C53,
31A7,
35BF,
340B,
30AC,
2ECE,
2C8E,
2787,
22D4,
2320,
2517,
24B8,
24AE,
29A6,
3011,
3280,
32F4,
32A5,
3218,
3476,
377F,
3555,
3013,
29ED,
23C3,
23B6,
2762,
27AC,
25A5,
2307,
1FBA,
1A8D,
142B,
1099,
0F96,
1138,
1539,
192F,
1CFF,
1DE1,
1BBD,
1D23,
2270,
22B7,
1D3A,
196C,
17DD,
1A30,
2156,
2739,
2AC6,
2D66,
2F0B,
2F61,
2DB9,
2EEB,
3576,
3993,
388B,
35DC,
31AC,
2DDF,
2BF7,
28D4,
21F5,
1D9F,
1FD3,
2481,
2BC5,
30E2,
2E8F,
2B51,
2ADD,
2B72,
2D49,
2F2A,
2FC5,
2FE1,
2F61,
2F65,
3217,
3574,
373B,
38FB,
3EA6,
42BC,
3916,
2ABE,
24D1,
2298,
2050,
1E64,
1C30,
1A0C,
18CA,
1826,
182B,
1878,
17C9,
1644,
1221,
0CB2,
0C52,
0FCB,
1617,
1E1E,
1CF9,
1445,
0F91,
0E47,
0ACA,
056E,
01B3,
FFAA,
0097,
0492,
086F,
0C0D,
0BCD,
06B1,
0723,
0EFC,
161C,
1B9E,
1E49,
1D07,
1B64,
1A5B,
1677,
0D74,
0A0C,
11AF,
1723,
1585,
1333,
1145,
10F3,
1428,
16D3,
174E,
1512,
0E31,
05A6,
FBBA,
F409,
F351,
F3DF,
F10E,
F280,
F2B2,
F2F4,
F1AE,
F086,
F2A2,
F4DD,
F41F,
F18D,
EC52,
E724,
E79B,
EAF5,
EFDD,
F549,
F86A,
FA38,
FC7C,
FDFC,
FACD,
F503,
F0C7,
EDC1,
EED4,
F21E,
F140,
ED5C,
E864,
E26E,
DB9C,
D472,
D122,
D127,
D3ED,
D8FE,
D949,
D518,
D39B,
D4D2,
D7B0,
DC24,
E0CC,
E597,
E4EE,
DDB5,
D833,
D568,
D3C9,
D3CB,
D0A2,
C890,
C2AE,
C076,
C1BD,
C7E2,
CCBE,
CDDC,
CF26,
D17D,
D447,
D873,
D8AD,
D045,
C8B1,
C6D4,
C62A,
C527,
C559,
C76A,
CBBB,
D4DA,
DC5E,
DB80,
D87E,
D726,
D58E,
D1A0,
CF10,
D32F,
DA27,
E25A,
E9A8,
EAAB,
E8D3,
E66E,
E453,
E536,
E88F,
F167,
FB9B,
FC88,
F8BD,
F641,
F4F3,
F94C,
00AF,
0471,
0583,
01E4,
FB76,
FC78,
0262,
0310,
FFB9,
FA5E,
F36A,
F212,
F574,
F13F,
E61C,
E080,
E070,
DDC9,
D867,
D41D,
D117,
D095,
D307,
D4E3,
D580,
D97E,
E201,
E944,
EE0D,
F2D3,
F837,
FA72,
F828,
F301,
EA75,
E219,
DAF6,
D6D4,
D722,
DC0C,
E8B7,
F245,
F1FB,
EDB7,
E511,
DE0F,
DDB9,
E115,
EAB7,
F0EA,
E71A,
DD36,
E1ED,
E8D6,
E8AA,
E67B,
E44F,
E2DE,
E547,
E827,
E668,
E38F,
E433,
E5F3,
E631,
E5BE,
E4BF,
E3C1,
E51D,
E737,
E5A0,
E28B,
E411,
E7BC,
E64A,
E228,
E358,
E79C,
E69E,
E242,
E2F2,
E727,
E6BA,
E2C0,
E2AF,
E5E2,
E623,
E3AD,
E4E6,
E9BF,
E654,
DA38,
D81C,
E141,
EC49,
F93A,
F9F1,
EB05,
DE8B,
D6F6,
D291,
D240,
D35B,
D537,
DAC8,
E5F3,
EE2B,
EFB7,
F273,
F99F,
FD45,
F91D,
F564,
F62A,
F4F9,
EDFB,
E779,
E54F,
E2BD,
DCA6,
D717,
D508,
D364,
CFE3,
CCDE,
CC72,
CC91,
CB3E,
CA4B,
CBC2,
CDF4,
CF69,
D062,
CF47,
CF0C,
D741,
E0C7,
DE08,
D72F,
D7AB,
DC6B,
E758,
F3A9,
F181,
E824,
E5CB,
E7AD,
EC32,
F2BC,
FA1F,
0169,
0205,
FDAE,
F8F9,
F42A,
F349,
F5DA,
FA01,
FF86,
0547,
0B03,
0BEC,
0808,
045B,
0122,
FC6B,
F61F,
F431,
F78D,
F9B3,
F9A8,
FD5C,
0660,
09E9,
04ED,
0277,
056F,
0520,
FF32,
F795,
EDD8,
E941,
EF05,
F1C9,
EB36,
E5A3,
E454,
E748,
F236,
FA6E,
F83A,
F468,
F2A8,
F17E,
F0F4,
F194,
F601,
F7A6,
EDC4,
E223,
DD0D,
D9FB,
D634,
D425,
D8C9,
DDD6,
D964,
D24D,
D090,
D0A6,
CE1C,
CC46,
D31E,
DD5A,
E1E6,
E349,
E325,
E1C4,
E0E2,
DFCE,
DAE5,
D45D,
D513,
DA7D,
DEF8,
E260,
DE19,
D43A,
D341,
D8E4,
D414,
C69E,
BEB7,
BC06,
BB15,
BBE3,
BFE6,
C71E,
C78B,
C02D,
BEC2,
C4C3,
C7BC,
C67C,
C4D3,
C323,
BF5F,
B870,
B704,
BE1E,
C55A,
CB26,
CF96,
D1DA,
D366,
D460,
D55E,
D68C,
D8CB,
DDA2,
E034,
DD85,
D826,
CED1,
C86F,
CC36,
CFB6,
CA96,
C780,
D05F,
D93C,
D82A,
D423,
D033,
CCD1,
CC04,
CCD6,
D075,
D39D,
CFFF,
CA7C,
C98C,
C993,
C631,
C0F9,
B9A4,
B222,
AF2A,
AF6A,
B38D,
B9DF,
BE34,
C102,
C01F,
BD29,
BDF3,
C11F,
C3B2,
C5CE,
C5B1,
C408,
C55A,
C906,
CA61,
C9E4,
CEF8,
D8D3,
D992,
D177,
CB32,
C710,
C5AD,
C76B,
C868,
C83C,
CA14,
CE65,
D217,
D4BE,
D694,
D736,
D9A6,
DED3,
E4B6,
EBB3,
EE18,
E898,
E3E2,
E2BB,
E2BB,
E3E1,
E5E6,
E8FD,
EBF3,
EDF7,
F031,
F3AE,
F5F1,
F54E,
F272,
EBAA,
E611,
E710,
E93C,
E93F,
E87E,
E73F,
E539,
E197,
DD78,
D906,
D658,
DB2A,
E1CC,
E1C4,
DFE7,
E1FD,
E5BB,
E988,
ED27,
EFB3,
F0E0,
EDC2,
E892,
E718,
E782,
E56C,
E278,
E45F,
E957,
ECD7,
EF1D,
EE63,
EB54,
E8A7,
E669,
E722,
EA63,
ECA0,
EDE2,
ED5D,
EB20,
EA24,
EA7C,
EB91,
ED74,
ED00,
E9AF,
E8CF,
EB51,
EA1C,
E3B6,
DF17,
DDB3,
DACD,
D4F8,
D2F1,
D6FF,
DC67,
E292,
E7E7,
EB90,
ED0B,
EAC1,
EA05,
EDFC,
F1BD,
F32F,
F449,
F585,
F6ED,
F8D0,
FAB6,
FC62,
FDD7,
FEC6,
FFE4,
0234,
0433,
03D2,
0382,
05ED,
0949,
0CA0,
0FB6,
1246,
1339,
0E5C,
081D,
07D0,
0A00,
0ABA,
0B6A,
0E78,
125C,
13B5,
13C6,
14A2,
15CD,
1695,
1719,
1775,
17A2,
1751,
16A8,
16B6,
1723,
155D,
11E7,
0F09,
0CC9,
0CD4,
0EF0,
10C4,
123B,
10F1,
0CD3,
09E4,
0869,
0741,
0668,
077F,
0ADE,
0E19,
10D8,
1375,
15FA,
170B,
15F6,
15D2,
17C2,
184F,
163B,
143A,
12D8,
12C4,
14D4,
1795,
1AD8,
1DB4,
1F88,
207D,
1FE6,
1FCE,
21A7,
247A,
28B1,
2C6A,
2DE8,
2E31,
2D3E,
2B9F,
29B0,
27BA,
2646,
2521,
242A,
23C5,
252A,
26EE,
272C,
267E,
2480,
221D,
2107,
20D9,
2222,
240D,
24A3,
2481,
247D,
245C,
2326,
2178,
212E,
21FD,
2472,
27F2,
297A,
297C,
2940,
28BE,
2801,
271D,
26D2,
2713,
2772,
27EE,
27A1,
2682,
26EB,
28FA,
2AA6,
2BD4,
2ADF,
275E,
2386,
1F7A,
1CE2,
1C4A,
1C90,
1DC5,
1E9E,
1EB7,
1E20,
1C8C,
1B0C,
1A0C,
18CD,
16D0,
15E7,
176A,
188A,
1810,
1676,
131F,
0FB1,
0D18,
0B02,
095A,
08F1,
0B19,
0E13,
1116,
1360,
1320,
1249,
1285,
12FC,
12F6,
1345,
1560,
1802,
19DD,
1B0B,
1A7C,
195A,
1986,
1A85,
1CE9,
1FA9,
1FA7,
1E58,
1E7A,
1F6C,
2071,
21A9,
2417,
2703,
26C1,
2468,
23C4,
2468,
25C0,
27B1,
299C,
2B6A,
2CBB,
2D78,
2BC0,
27B4,
235E,
1ED9,
1CAF,
1D22,
1D1F,
1C62,
1CC9,
1EA2,
1E44,
1AEA,
17F0,
15C0,
14B9,
1542,
1651,
17F0,
1878,
170B,
15A9,
1533,
12DC,
0C96,
0852,
0927,
0B18,
0D27,
0F3C,
1135,
11FB,
0FE9,
0DFB,
0E49,
0F19,
1004,
104D,
0E6B,
0C7E,
0C4A,
0D2D,
0FC6,
12AA,
13FC,
14EB,
170B,
188F,
15A7,
11C7,
125C,
14AA,
15CA,
1665,
16C2,
16A6,
14F0,
1278,
111C,
1069,
0F46,
0E64,
11F2,
17D7,
1804,
143D,
10E2,
0DC6,
0B68,
09D8,
09B4,
0AE8,
0D6F,
1123,
151F,
1941,
1BC2,
1C97,
1BDE,
198C,
1989,
1C31,
2097,
270C,
294B,
25D6,
23AF,
241D,
2313,
1F85,
1E5A,
2140,
23BB,
24A4,
258A,
268D,
2837,
2B00,
2E0B,
31B5,
32B6,
2E09,
2962,
27BB,
2654,
23FE,
2252,
2260,
238A,
26C8,
28C1,
2574,
20B3,
1C66,
192D,
193F,
1AAB,
1C66,
1DD8,
1D4D,
1BD3,
196B,
1799,
1AA3,
1F24,
1ECF,
1D69,
227A,
29E6,
2CB3,
2C96,
29B0,
250E,
2145,
1E59,
1DDF,
1F71,
23A3,
2999,
2E02,
30FF,
2FEB,
2BC3,
2AF1,
2CF0,
3033,
348E,
355F,
32D7,
335C,
36FC,
392B,
39C1,
3A45,
3AB5,
3C49,
3F55,
408C,
3F33,
3FA5,
42C3,
45F7,
48CB,
4CB0,
52E1,
52CC,
4841,
3E65,
3835,
34AC,
3553,
355E,
3235,
304C,
321A,
3365,
31EA,
300F,
2E8A,
2D91,
2DC2,
2E66,
2F4F,
301E,
3061,
3047,
3039,
2EBC,
27E9,
21E8,
2512,
2B96,
3246,
3746,
340C,
2DB2,
2A59,
27E2,
23F5,
206F,
21BA,
2571,
27B4,
299A,
2D48,
3177,
327D,
3179,
2FD0,
2DD9,
2FF6,
3415,
2E93,
2288,
1D77,
1DD0,
1F49,
21B8,
2195,
1F13,
1AE1,
1533,
11F8,
1158,
11CD,
1348,
17A5,
1F2B,
22C2,
2160,
1FE4,
1EAD,
1E3D,
1F34,
1D6D,
1722,
1612,
1D89,
2559,
2C38,
302D,
2F26,
2E1A,
2E8E,
2FA0,
3175,
3439,
3968,
3ABA,
325E,
2ACD,
2ADA,
2A6E,
23E1,
1F37,
22C6,
28E5,
2FED,
3562,
34D2,
3208,
2E72,
2BF7,
2F83,
33F0,
32DF,
304B,
2FF1,
308D,
31E7,
33AB,
35B1,
376C,
3857,
3768,
2F28,
2358,
1B07,
1561,
15E0,
19BE,
16F5,
10A4,
10FD,
155D,
149E,
106B,
0F79,
10C7,
0D88,
06F5,
098D,
13EE,
18AE,
17FD,
13EE,
0C88,
06EA,
036C,
00FD,
FFBA,
FF51,
FF93,
0350,
0B76,
0F0B,
0BCE,
0A4C,
0BD2,
101D,
1855,
1E0D,
1F28,
1D7B,
182D,
1344,
1062,
0DC9,
0A62,
0ABC,
1384,
1897,
10E2,
0AE2,
0F70,
13FA,
12BE,
0FA5,
0B84,
05AD,
FB0D,
FE46,
F635,
EE1F,
EC39,
ECF4,
F05D,
F360,
EFCD,
EB70,
EF65,
F4D9,
F286,
ECF2,
E756,
E2FD,
E674,
EDD4,
F3F2,
F910,
FAE4,
FA95,
FB5D,
FBE1,
F697,
EE03,
EA45,
E9EC,
ECC6,
F174,
EDBA,
E395,
DD45,
D9FB,
D3C8,
CB73,
CBC4,
D40C,
D87D,
D8F7,
D71D,
D2C2,
D2FD,
D872,
DD93,
E1FD,
E3F1,
E2FC,
DDFD,
D3B2,
CEAA,
D238,
D25D,
CC1B,
C590,
BF11,
BD55,
C39B,
C9E3,
CDCB,
D031,
CFDD,
D0D8,
D65E,
D8E2,
D355,
CC5B,
C5BE,
C1F8,
C559,
C92F,
C7BC,
C889,
D3BF,
DE4F,
DDC8,
DA1C,
D7E8,
D5CB,
D307,
D178,
D429,
D99F,
E366,
ED0A,
ED54,
E9AD,
E764,
E607,
E6FF,
EA2E,
F31E,
FDC7,
FE9A,
FA1A,
F722,
F586,
FA96,
0365,
0623,
04A3,
00D1,
FB7E,
FC91,
0233,
0213,
FD43,
F77B,
F0DE,
EF65,
F2A9,
EDDB,
E117,
DB91,
DDE8,
DBD3,
D48F,
D091,
D09D,
D1D6,
D435,
D6E2,
D974,
DEDF,
E84D,
EF95,
F2EC,
F60B,
FA25,
F9E0,
F297,
EA40,
E231,
DB6C,
D671,
D640,
DE76,
E7DB,
F096,
F44F,
ECC6,
E3E2,
DDFD,
DC46,
E47C,
EC63,
EB67,
E797,
E217,
DEC1,
E5DF,
ED1F,
E775,
DFF0,
E30D,
E87D,
E773,
E48B,
E41D,
E4AA,
E5BB,
E6BB,
E567,
E363,
E48C,
E6E3,
E5EC,
E388,
E423,
E631,
E5D1,
E420,
E436,
E55A,
E562,
E4B0,
E47E,
E4A6,
E4E8,
E53B,
E4BA,
E38C,
E403,
E5EE,
E711,
E76E,
E3F7,
DC8F,
DAEC,
DF9F,
E9E5,
FAC4,
FC18,
E933,
DBA9,
D769,
D430,
D159,
D1E0,
D6BE,
DD7D,
E62F,
ED56,
F127,
F4CD,
F978,
FBB4,
F96B,
F6AB,
F548,
F2B7,
ED7B,
E82E,
E446,
E069,
DBE7,
D7A7,
D432,
D159,
CF50,
CDB2,
CC10,
CAEB,
CAC7,
CB53,
CCBD,
CE42,
CE60,
CE7E,
D010,
D2FC,
DA1C,
E0BB,
DA1F,
D0A8,
D95B,
E91E,
EED2,
EEF1,
EA5E,
E3CE,
E4CE,
EA89,
F1AE,
F998,
FEB1,
013B,
FE04,
F6CE,
F35B,
F2FD,
F51C,
F978,
FF63,
066E,
0A3D,
0ADF,
0904,
04C6,
0004,
FAF2,
F795,
F637,
F6BF,
F94F,
FD10,
0208,
05D8,
080B,
0825,
0574,
03F7,
057D,
010F,
F224,
EA22,
F08B,
F3D7,
EDBC,
E7F9,
E48F,
E5AC,
EF70,
F795,
F88A,
F72D,
F3C1,
F142,
F2AA,
F513,
F871,
F925,
F218,
E8FE,
E0D7,
DA5C,
D871,
D8BA,
DABB,
DC71,
DA11,
D616,
D1C2,
CE05,
CD26,
CE94,
D3D9,
DAD8,
E0A7,
E50B,
E484,
E17B,
E184,
E243,
DBFF,
D316,
D6DB,
E1A5,
E37C,
DF96,
DC93,
D9E5,
D91C,
D95E,
D2BF,
C6D8,
BF08,
BAF4,
BBB3,
C0E2,
C3CC,
C45D,
C330,
C026,
C099,
C4FA,
C722,
C691,
C38B,
BDA5,
B95C,
B74F,
B987,
C162,
C85A,
CD08,
D014,
D0CD,
D1CD,
D3E0,
D641,
D8E0,
DC2C,
E193,
E1FB,
D76C,
CEB2,
CEFF,
CF5B,
CB2A,
C8AD,
CBEF,
D0EA,
D72C,
DAD4,
D5E5,
CFF3,
CE98,
CF40,
D280,
D592,
D491,
D224,
D01E,
CE17,
CD07,
CAE7,
C2A6,
B898,
B23D,
AEB1,
B038,
B4A7,
B93D,
BD74,
BD28,
BAA6,
BAD3,
BC93,
BF58,
C28B,
C26C,
C056,
C128,
C3F6,
C53D,
C5B1,
CBA6,
D57E,
D68D,
D015,
CA50,
C541,
C304,
C3B0,
C365,
C20F,
C3C1,
C8BF,
CC94,
CEE8,
CFEE,
CF41,
D1F3,
D92E,
E062,
E74D,
E9B7,
E570,
E234,
E1EF,
E295,
E43E,
E64B,
E88C,
EB1D,
EDF8,
F175,
F686,
F95A,
F752,
F352,
ED2B,
E8BD,
EA33,
EBEE,
EA84,
E87F,
E766,
E4F6,
DDBA,
D6FA,
D62C,
D7BA,
DA4E,
DCD5,
DC29,
DBA7,
E043,
E6A7,
EC1D,
F058,
F09F,
EECE,
ED26,
EB2D,
E838,
E4FE,
E298,
E16C,
E575,
EC10,
EDF0,
ECB4,
E9AF,
E58E,
E41A,
E4B4,
E716,
EABD,
EBCF,
EAD6,
EA88,
EAC6,
EC66,
EF38,
EF32,
EC64,
EB4F,
EC07,
EAFF,
E807,
E4B9,
E137,
DC73,
D635,
D1A5,
CF28,
D0DA,
D806,
DDBF,
E06D,
E1A8,
E0E2,
E189,
E525,
E84A,
E9F6,
EB13,
EB55,
ECA2,
F08B,
F3A7,
F3EB,
F449,
F629,
F85D,
FAD0,
FC94,
FC53,
FC06,
FCA6,
FED6,
04F6,
0B24,
0E03,
0E64,
0A3D,
0527,
035D,
02FF,
032A,
043F,
071A,
0ADA,
0E6C,
11F6,
1557,
188C,
1BC5,
1E87,
1EC3,
1DBD,
1E69,
1FE8,
2181,
22AE,
1FA0,
19E0,
1617,
13C0,
1397,
14ED,
12F6,
0E69,
0AAD,
07A8,
053E,
037F,
020A,
00EF,
01DE,
04D6,
08CB,
0DB8,
1057,
102B,
1089,
11BA,
1339,
1543,
14CE,
10D8,
0DC3,
0C60,
0CC1,
0F8E,
1299,
156C,
1798,
18A8,
191A,
188B,
1958,
1D1D,
217B,
2601,
2972,
2A46,
2AEF,
2D2B,
2E6C,
2CE4,
29EC,
24E8,
210A,
2267,
2515,
26B8,
2793,
264C,
24C2,
253E,
265E,
277F,
27FE,
2587,
223C,
215B,
216A,
20E5,
202E,
1ED8,
1DCA,
202E,
2454,
2743,
294D,
2940,
2800,
2878,
2A09,
2B9A,
2D2C,
2E8B,
2FA2,
2F8A,
2E77,
2D6A,
2C5D,
2CCA,
2E6B,
2C8E,
275A,
21AE,
1BA6,
18F8,
1A07,
19FD,
186F,
187E,
1A6B,
1DD9,
231B,
2613,
25B8,
2447,
218C,
2140,
2534,
2798,
26C2,
2448,
1FB2,
1BCE,
1A2E,
1807,
1432,
1025,
0BFE,
0923,
0924,
0974,
088A,
0805,
08C9,
0A38,
0C86,
0E7F,
0EC1,
0E47,
0D78,
0C25,
0970,
0745,
0853,
0B32,
1058,
1554,
14C3,
12A5,
1450,
179C,
1B53,
1EC4,
1EBD,
1D3F,
1DC3,
1F98,
23B3,
28B4,
2973,
27D2,
287D,
2A99,
2E0C,
3207,
30E8,
2C08,
2816,
2507,
25D2,
29E0,
2C38,
2CFD,
2D54,
2D2F,
2CDF,
2C69,
2A84,
271A,
244C,
2256,
1F5B,
1B28,
1713,
1331,
10F1,
10FF,
0FFA,
0CBA,
0C94,
1193,
1524,
1566,
1451,
113B,
10DF,
162D,
1BB0,
2020,
2184,
1CE7,
182B,
1677,
14D6,
127E,
0EE7,
0805,
02A3,
034F,
05FB,
0966,
0BE3,
09E6,
075A,
07A7,
095E,
0D16,
1098,
0FD3,
0DCA,
0D8C,
0E4B,
1073,
134D,
15DA,
1836,
1ADB,
1CB1,
191D,
132A,
124C,
13FC,
1362,
11A1,
102D,
0F2A,
1161,
1595,
162B,
1421,
1225,
1044,
11E3,
1645,
1688,
1322,
0E85,
08E3,
0891,
0DB2,
119F,
1410,
1604,
1751,
1A10,
1E9C,
221C,
2442,
2432,
211E,
20E3,
2545,
2945,
2C2F,
2C8D,
28E0,
260D,
25F5,
254B,
2286,
21FF,
2692,
2A53,
2A31,
2A09,
2B24,
2D89,
32FF,
368A,
33AC,
2F2E,
2B39,
27A4,
25A0,
234B,
1E32,
1950,
1793,
1797,
1A36,
1C5C,
1814,
123F,
1058,
1078,
1276,
155C,
1753,
18BA,
1876,
181D,
1CA4,
2367,
273C,
294D,
2A0A,
2A07,
2CFA,
3133,
2F63,
29A8,
2753,
2764,
2663,
24E8,
26E7,
2BC3,
3086,
3513,
356E,
31D4,
3105,
331C,
358A,
3853,
3928,
37AF,
37E7,
3A48,
3CEB,
3FD9,
4082,
3DD6,
3DE7,
427F,
45AA,
45E9,
465C,
47A8,
48D8,
499E,
4B2F,
4EF5,
4F38,
484C,
4062,
392E,
3406,
338B,
32C5,
2E0C,
2ACD,
2D54,
3012,
2F0F,
2DD0,
2E9B,
2F92,
2F7B,
2EE3,
2D86,
2C65,
2D6E,
2E9C,
2D67,
2B2D,
281F,
25B2,
27EE,
2BE8,
2E1C,
2EE5,
2BFB,
277C,
25FA,
25CE,
238B,
20DF,
22C3,
275D,
2A86,
2CEC,
3093,
3491,
33D3,
2FAA,
2DF0,
2DE4,
2CE9,
2B13,
25A2,
1D27,
1981,
1A76,
19EC,
17D6,
169B,
164B,
148C,
1124,
0F93,
103A,
1296,
16DC,
1AEF,
1E80,
208D,
206F,
20A1,
21E4,
21DA,
1F84,
1E27,
1EA7,
218B,
284A,
2E1C,
30B7,
32BA,
34F9,
3626,
3506,
3483,
3749,
38B4,
351B,
30AC,
2DC1,
2AF0,
2759,
2467,
232A,
240E,
29C2,
3005,
31EA,
31E9,
30D3,
2F37,
2E03,
2D6B,
2F20,
3173,
3165,
306E,
309B,
3133,
31A3,
31D3,
3202,
3159,
2BB8,
2313,
1B83,
14EE,
11A8,
10E1,
1038,
0FCE,
0FCA,
100A,
0FDD,
0F4E,
0EEE,
0EAF,
0CD7,
098F,
09F5,
0DF6,
10DC,
1274,
10CF,
0B8A,
067D,
01FA,
FEDD,
FD70,
FDC8,
0016,
039A,
086E,
0C38,
0E21,
0F4A,
0F49,
117F,
17FC,
1CD6,
1DE3,
1C8F,
1812,
1308,
0E14,
0AEC,
0B67,
0D38,
1012,
11EF,
1044,
0E24,
0DAD,
0BF8,
05A9,
069B,
0A89,
0C4B,
02FB,
F6FB,
EF96,
EA79,
E7E4,
E7BF,
EC8B,
F210,
F039,
EC22,
ED64,
F045,
EFFC,
EDC1,
E7D9,
E182,
E5F6,
F018,
F61B,
F987,
FABB,
FA05,
F8C7,
F6B9,
F141,
E99B,
E635,
E621,
E859,
EC21,
E77B,
DB87,
D473,
D208,
CE8A,
CA0B,
CBE9,
D46B,
D867,
D701,
D4CA,
D1A7,
D366,
DB85,
E0C5,
E19E,
DFDE,
DB1F,
D523,
CDA3,
CA28,
CE02,
CDAA,
C3FA,
BD88,
BEC8,
C323,
CB29,
D14F,
D1AD,
D1C2,
D3F3,
D59F,
D635,
D3D0,
CA4F,
C26E,
C3AD,
C722,
C8FA,
CBA5,
D0EC,
D6F8,
DDB2,
E1C9,
DBB3,
D3BB,
D386,
D5E7,
D5F9,
D749,
E139,
ED08,
EF4D,
ED03,
EA02,
E70F,
E82E,
EC12,
F384,
FC46,
FEED,
FDA1,
F9CF,
F506,
F9A3,
03FE,
06BF,
040E,
0041,
FB9D,
FBF6,
0030,
FFC7,
FB50,
F588,
EE8B,
EC5E,
EF05,
EA87,
DE67,
D8BF,
DAB0,
D926,
D30F,
CFD3,
D050,
D28D,
D6B0,
DAAE,
DDBE,
E397,
EDE0,
F4FB,
F637,
F6F7,
F913,
F680,
EB9D,
E17E,
DB6D,
D7F5,
D768,
DB57,
E78C,
F16F,
F237,
EE70,
E44A,
DC41,
DE88,
E3D3,
EA55,
EE08,
E6BD,
DF10,
E219,
E75B,
E87E,
E7C5,
E435,
E101,
E514,
EA4E,
E6A6,
E0D5,
E380,
E8BB,
E6F8,
E2BA,
E39A,
E68B,
E639,
E468,
E444,
E4FC,
E54D,
E55D,
E4E5,
E421,
E48D,
E5B7,
E54D,
E3C7,
E41A,
E5D6,
E560,
E319,
E381,
E64D,
E765,
E6D6,
E325,
DC42,
DB77,
E15C,
EB7E,
FA9F,
FAB7,
E75A,
D9B4,
D5BF,
D349,
D1D4,
D331,
D7EB,
DED2,
E86B,
EFB2,
F225,
F4F2,
FA3A,
FC7B,
F893,
F4CD,
F448,
F22B,
EB8B,
E55C,
E2B8,
DFD6,
DA44,
D53B,
D319,
D17D,
CEC9,
CC72,
CB91,
CB61,
CB79,
CC03,
CD64,
CEB5,
CDAB,
CD60,
D423,
DBD8,
DA74,
D628,
D5A4,
D83A,
E431,
F21A,
EE3F,
E2A5,
E188,
E61A,
EBA4,
F229,
F94F,
FFF4,
FF06,
F8FD,
F49C,
F19F,
F248,
F608,
FB7B,
0237,
074E,
0AAE,
0A15,
05C4,
014B,
FCD8,
F8F5,
F5CC,
F555,
F7CD,
FB75,
003E,
044C,
0750,
0870,
0722,
0651,
071C,
0268,
F4E2,
EE00,
F3C7,
F5BA,
EE51,
E830,
E5BA,
E814,
F2EF,
FAA9,
F8AF,
F5AA,
F449,
F41A,
F65A,
F8E8,
FBB5,
FB1B,
F1BB,
E76C,
E176,
DDA1,
DC6A,
DC9A,
DE2F,
DED1,
DA20,
D425,
D04E,
CE14,
CE65,
D110,
D87B,
E0D9,
E2DA,
E21D,
E371,
E497,
E070,
DA39,
D84B,
D93B,
DEBC,
E608,
E397,
DBB0,
DC62,
E1AE,
DDAE,
D34A,
CA18,
C20D,
BF7F,
C193,
C3EF,
C681,
C5C7,
C207,
C20B,
C5AD,
C839,
C991,
C730,
C0C9,
BB20,
B68A,
B65B,
BB8A,
C110,
C668,
CA40,
CBD4,
CD6C,
CF52,
D202,
D5CE,
DA71,
E0FE,
E1DC,
D7FA,
D04F,
D0B3,
D01F,
CA67,
C768,
CBBE,
D162,
D6F1,
D960,
D3AD,
CE3F,
CF09,
D154,
D39E,
D526,
D3F8,
D24B,
D24B,
D210,
D074,
CCAA,
C2B4,
B7F8,
B38A,
B290,
B4C2,
B88C,
BB74,
BD7F,
BBFA,
B985,
BC94,
C1C2,
C210,
C01C,
C0CE,
C2B5,
C1E9,
C027,
C426,
CBBF,
D20B,
D6D2,
D370,
CA03,
C63D,
C6DC,
C461,
BF93,
BEAE,
C15A,
C416,
C6DE,
C7BD,
C69F,
C7F3,
CBEA,
D2E0,
DD47,
E1F6,
DF44,
DCEC,
DBCE,
DB10,
DADD,
DB74,
DD07,
DF43,
E1FB,
E6C7,
EF22,
F4A8,
F495,
F261,
EDCB,
EB18,
ED9C,
EF6A,
ED7B,
EBD9,
ED5C,
EC30,
E297,
DA2B,
DA27,
DBEE,
DC78,
DC6D,
DA57,
D951,
DD4F,
E2E6,
E837,
EC7B,
ED08,
EC04,
EBBE,
EAB4,
E5D6,
E035,
DE65,
DF23,
E41B,
EA59,
EAC6,
E841,
E63A,
E483,
E45A,
E55B,
E81F,
EB99,
EA14,
E5C3,
E7E0,
EE0B,
EE90,
EB20,
EB0F,
ED7C,
EF03,
EFAB,
EE2B,
EA97,
E687,
E213,
DA83,
CFEA,
CB95,
CE31,
D27C,
D85C,
DBA7,
DB6D,
DBF7,
DDB2,
E0C5,
E5CF,
E812,
E5BD,
E595,
E9E7,
EC10,
E99A,
E88F,
EB1B,
EDCA,
EFAC,
F18B,
F3C9,
F4B6,
F232,
F1FC,
F88E,
FFAE,
0504,
0759,
02DE,
FE27,
FEE4,
FF60,
FA63,
F609,
F881,
FCC3,
FEEE,
0108,
0498,
088C,
0C0B,
0F16,
10FA,
1258,
13B7,
1574,
1A57,
1F35,
1B5A,
13C4,
118C,
1258,
14EA,
1861,
18FF,
17C0,
1693,
151D,
1172,
0C76,
0A30,
0A0E,
09D8,
09D5,
0DE4,
152E,
15C0,
1055,
118D,
190D,
1BF4,
1A13,
1663,
10DE,
0D3D,
0C0A,
0AA1,
08C6,
0862,
09CE,
0BE0,
0E99,
109F,
113F,
13B3,
1925,
1E81,
2342,
264B,
263F,
2788,
2D1B,
2EA0,
26A1,
1FE7,
1FCF,
20BE,
20DF,
21B2,
2483,
2628,
2334,
20C4,
233D,
2627,
2678,
25FE,
2555,
24A5,
2513,
246A,
1DE8,
175B,
1939,
1E1B,
2110,
235E,
24FE,
263C,
2786,
28D5,
2AC0,
2C88,
2B46,
28E6,
2B2B,
2F71,
2E19,
29E0,
2B04,
2F2D,
2F93,
2D5F,
2ADD,
280A,
264E,
255E,
2252,
1DA4,
1B59,
1B46,
1BA1,
1C66,
1F01,
2372,
23FD,
2026,
20AB,
2674,
28E7,
26F5,
2517,
23C5,
212E,
1CFF,
1860,
134B,
0FBC,
0E63,
0F20,
12DE,
14EB,
12CF,
1233,
1569,
18F3,
1C13,
1DCD,
1C8E,
1BB3,
1DEA,
1DF5,
1739,
10E5,
101A,
0FCB,
0C9A,
0A28,
0BC7,
0E00,
0DD7,
0D93,
0F60,
111A,
0FD7,
0E3C,
0F76,
11B6,
13B3,
1543,
1496,
1391,
1605,
19F6,
1CC8,
1F0C,
20E6,
226A,
23D4,
2517,
2641,
272D,
2664,
24C7,
2737,
2C04,
2AAA,
2522,
2543,
299C,
2B1E,
2A43,
2915,
2784,
2547,
2273,
1F22,
1B64,
18F8,
1809,
17A8,
17C6,
19B8,
1DD2,
204B,
2053,
218A,
24C0,
25DE,
23AB,
224E,
2309,
2228,
1E7B,
1A24,
156B,
10E5,
0C84,
0AC8,
0E1F,
1102,
1059,
1094,
1451,
1780,
17AF,
1715,
1631,
15E7,
1841,
1978,
1533,
1069,
0F8E,
0F3C,
0C9B,
09DB,
0931,
090C,
076F,
0638,
08D6,
0C6B,
0CA6,
0BAD,
0BF1,
0CA6,
0CE5,
0D23,
0E5A,
1026,
11FD,
13F2,
1664,
18F9,
1A9D,
1B74,
1B78,
1AAD,
1858,
14E7,
1186,
0E73,
0FE6,
150C,
15E0,
12E9,
12F4,
15CD,
162D,
140A,
1397,
14FD,
15C7,
15D8,
14E4,
12C9,
106C,
0DC1,
0D8C,
1099,
14C9,
1A0B,
1EAF,
21F5,
2598,
2A4C,
2D31,
2CF5,
2BF3,
2AAA,
293D,
27D2,
26E6,
275F,
26A3,
227E,
1ED2,
1E1A,
1DC7,
1C27,
1C01,
2075,
2517,
2649,
269C,
274E,
281C,
29DC,
2AAB,
2756,
22AB,
1F1A,
1C45,
1AC4,
1A62,
1BE0,
1E0A,
1EAD,
1E8C,
1E55,
1DAB,
1A87,
16D3,
1818,
1C46,
2012,
23B1,
2625,
27CE,
2959,
2AE6,
2E5F,
330C,
351F,
3518,
351D,
3507,
3410,
3255,
2F1E,
2AA1,
28FB,
2A49,
2C5A,
2F11,
33A8,
3A4A,
3D87,
3C8C,
3AD1,
3874,
37AE,
3939,
3B0E,
3D15,
3DBD,
3C0F,
3BE8,
3EBA,
414A,
42BB,
43D9,
4490,
4597,
4785,
48E6,
48CD,
48CD,
4A07,
4A50,
4896,
4496,
3CB0,
33E8,
2B3D,
2541,
269D,
29CC,
2AC7,
2B52,
2BD0,
2C45,
2CE9,
2D63,
2CEF,
2C5A,
2CE5,
2DB7,
2DB2,
2D5E,
2D6B,
2D6A,
2C7D,
2B05,
28C5,
26A7,
2863,
2C15,
2E4F,
2F0B,
2A02,
219E,
1DF2,
1DBA,
1F4F,
227E,
2628,
2A25,
2D9A,
3069,
312E,
3007,
2D98,
29F7,
26DB,
2458,
2104,
1CEA,
1833,
12BB,
1223,
177B,
1A36,
1922,
16C5,
12D7,
1163,
139F,
172B,
1BF5,
20CE,
2592,
2803,
26A7,
246F,
21C2,
2057,
21BA,
2326,
2300,
24BC,
2AE9,
31B4,
3845,
3BAB,
3742,
3257,
3212,
32D1,
339A,
3388,
30FE,
2CF4,
2695,
20CA,
1FD7,
2103,
225E,
24C5,
2A14,
2FED,
3322,
3400,
2F02,
2863,
2981,
2DFA,
2F8E,
2FA2,
2E76,
2CB0,
2D27,
2EB5,
2F25,
2E76,
2B0A,
2560,
1D50,
13B1,
0C2D,
06C7,
082D,
0F1B,
10A0,
0D6C,
0C49,
0CFD,
0DEC,
0F17,
0DEE,
0A43,
093F,
0B42,
0E3B,
1233,
132C,
1072,
0A23,
FF2A,
F9E5,
FD89,
006F,
005E,
02B0,
0917,
0E8C,
119F,
1296,
0FEF,
0FBC,
15B8,
1B16,
1D93,
1C81,
14E1,
0D74,
0A12,
0849,
07AC,
08AD,
0CE9,
0FC0,
0B01,
0DD0,
0BE4,
0930,
06AD,
046E,
0385,
0190,
F99C,
F027,
E9A8,
E584,
E5BE,
E860,
EB6D,
EE51,
EDAA,
EB9F,
EC7B,
EE45,
EC5A,
E8B7,
E675,
E5B4,
EA99,
F2DF,
F772,
F942,
F89D,
F5DD,
F25E,
EE3C,
E926,
E386,
E25F,
E50B,
E4A9,
E164,
DB44,
D26E,
CCF7,
CB40,
CB69,
CD76,
D139,
D6E8,
D865,
D43C,
D30C,
D657,
DA8F,
DFE2,
E16C,
DD46,
D78C,
D070,
CB59,
CA51,
C93D,
C70C,
C41C,
BF16,
BE5F,
C731,
CF70,
D21B,
D349,
D3AB,
D3D1,
D513,
D44B,
CD89,
C6C5,
C442,
C47C,
C8DE,
CE6C,
D216,
D5E1,
DCCF,
E240,
DE3E,
D786,
D52F,
D51D,
D742,
DB5A,
E2C1,
EAFF,
EF49,
F0B2,
ECA9,
E6BB,
E8D6,
EF73,
F604,
FC49,
FEDF,
FEB2,
FB38,
F615,
FA51,
04B7,
06FA,
030F,
FF1A,
FB0C,
FB4B,
FF26,
FDC3,
F781,
F1D8,
ECCC,
EA43,
EA7B,
E5C2,
DB51,
D636,
D7DA,
D6B3,
D165,
CF55,
D1BA,
D55E,
DA0C,
DEFD,
E3B3,
EA09,
F347,
F8F2,
F825,
F62C,
F4D4,
EFA4,
E304,
D925,
D731,
D8C3,
DDB9,
E4DD,
EFAA,
F583,
ECFA,
E2DC,
DDF3,
DD21,
E4EF,
EC73,
EAA5,
E646,
E24B,
E034,
E5D7,
EBC7,
E733,
E0BA,
E31E,
E7D1,
E74A,
E4FE,
E41B,
E3FE,
E58A,
E76C,
E58D,
E260,
E420,
E7EE,
E65A,
E23B,
E36E,
E773,
E685,
E2B2,
E345,
E6AB,
E64C,
E349,
E371,
E604,
E5C8,
E338,
E36C,
E61A,
E73A,
E6DB,
E327,
DC05,
DBA5,
E2BE,
ECB4,
F9FC,
F93D,
E679,
D8F9,
D461,
D23E,
D298,
D4DC,
D8DB,
DF90,
EA30,
F1BB,
F2E3,
F4DE,
FAAF,
FD07,
F7E4,
F34E,
F356,
F18A,
EA16,
E35C,
E162,
DF0E,
D905,
D3AC,
D259,
D172,
CE4F,
CB8D,
CB49,
CBE1,
CC76,
CD04,
CCC0,
CCE1,
CF26,
D283,
D769,
DB4F,
D673,
D0A3,
D95F,
E704,
EB98,
EB2B,
E55F,
DE27,
E2C9,
ED92,
F43F,
F887,
FBE7,
FDC0,
F8CF,
EFEA,
EEFC,
F3C9,
F7EE,
FBDC,
0201,
097F,
0AF0,
0708,
0351,
FFCD,
FB83,
F6A8,
F50A,
F6D8,
F9E8,
FE24,
023F,
060A,
0846,
088C,
0881,
08A9,
041C,
F8BD,
F2A6,
F5E2,
F5F6,
EF45,
E9AF,
E678,
E895,
F417,
FB7D,
F7BF,
F428,
F4B6,
F64C,
F8CC,
FB36,
FDCF,
FCA5,
F259,
E804,
E3DC,
E1D2,
E119,
E102,
E14D,
E047,
DA59,
D3CE,
D069,
CF51,
D1D7,
D66E,
DC9B,
E293,
E43D,
E3D9,
E3E0,
E310,
DD4C,
D6CA,
DAAC,
E2FE,
E453,
E229,
E19D,
E1A7,
E290,
E307,
DA02,
CB56,
C539,
C538,
C57E,
C63D,
C619,
C53F,
C45A,
C379,
C664,
CC98,
CC73,
C61B,
BFB7,
B97F,
B6B3,
B7BA,
BB6C,
C200,
C639,
C721,
C89D,
CB17,
CE2D,
D1E2,
D71C,
DF06,
E0EE,
D8CD,
D2B3,
D2B8,
D0EB,
CA1A,
C6B2,
CAD2,
D034,
D5F6,
D7DA,
D095,
CB01,
CE03,
D1DD,
D32B,
D3DD,
D42D,
D482,
D5D8,
D650,
D49E,
D00E,
C4A6,
B938,
B59F,
B5A6,
B847,
BBB4,
BC8E,
BC59,
BB46,
BA95,
BE53,
C30A,
C1DA,
BE4E,
BDCF,
BE98,
BCDB,
BB43,
C456,
D256,
D4E8,
D06F,
CD4D,
CAA4,
C883,
C6C0,
C2D5,
BDB5,
BEC8,
C4AE,
C59A,
C279,
C17F,
C290,
C7F5,
D176,
D892,
DD08,
DD0D,
D83B,
D612,
D76F,
D7E4,
D708,
D78E,
D9CD,
DDE2,
E431,
EA4C,
F022,
F0F1,
E9A1,
E5D2,
E9F8,
ED08,
EC1B,
EC2D,
EFE9,
EF8E,
E5AD,
DD50,
DC3B,
DC37,
DB82,
D9C1,
D496,
D1DC,
D72F,
DE2D,
E364,
E7CF,
EB24,
ED29,
ED38,
EB6A,
E617,
E080,
DE7D,
DEFF,
E42E,
EA1D,
EA0A,
E799,
E607,
E504,
E5DB,
E79E,
E975,
EABF,
E763,
E255,
E45E,
E9E3,
E957,
E5C2,
E7FB,
ED90,
EF6A,
EEA4,
EED8,
EF35,
E9E1,
E020,
D7AB,
D09F,
CFFB,
D53B,
D84C,
D92B,
D940,
D874,
D9CB,
DD89,
DF9A,
DF98,
DFFA,
E0F2,
E25B,
E464,
E578,
E50A,
E5E7,
E8FF,
EAC5,
EA2D,
E927,
E7D1,
E76A,
E82D,
ECA4,
F80D,
0001,
FE8B,
FC4E,
FCC5,
FC1E,
F82C,
F4AA,
F404,
F3F5,
F33C,
F37A,
F629,
F9DF,
FE41,
0267,
04B3,
06D4,
0A85,
0E95,
12FB,
15D3,
124D,
0CE9,
0B05,
0B22,
0E2F,
1257,
1457,
150D,
14D5,
138E,
0FF0,
0B3B,
088B,
0727,
05E4,
053C,
07F2,
0CB0,
0DB8,
0C81,
0FD9,
1634,
184E,
16F9,
14CB,
11E2,
0FE6,
0EE1,
0FF0,
12FD,
14A6,
14D1,
146D,
1379,
1301,
131B,
14FB,
18FF,
1C3F,
1E22,
216C,
26E1,
2A25,
2A25,
2830,
23C6,
209F,
204C,
1FEC,
1EC5,
1DAE,
1CD0,
1BF9,
1AA0,
1B68,
20D5,
25C9,
2765,
2834,
2965,
28C6,
23C6,
1E6B,
1B41,
19AB,
1AAC,
1CCC,
1F4A,
21AB,
2296,
2372,
262C,
28E3,
2907,
283D,
2812,
280F,
2790,
277D,
2A98,
2EC6,
3068,
3069,
2EC4,
2C11,
29EE,
27EF,
24B8,
2119,
2008,
20B2,
210D,
2150,
223C,
2380,
2258,
1F6E,
1F6C,
21DA,
2410,
2609,
26F8,
26D6,
259B,
2348,
213D,
1F96,
1E0A,
1C9B,
1BA9,
1B68,
190B,
13C8,
1109,
1200,
13D4,
1642,
193A,
1CEA,
1ED9,
1DE5,
1BD8,
18D4,
1588,
124B,
0EE2,
0ADD,
0894,
09D7,
0C15,
0E5B,
112F,
151E,
1841,
18B7,
188D,
18DD,
1913,
18DD,
18BE,
1933,
1A13,
1BCC,
1D73,
1DFD,
1D90,
1B12,
1837,
17B0,
181F,
1810,
1853,
1AF8,
1E1F,
1D7A,
1B2A,
1A82,
1ACD,
1C17,
1DED,
1F34,
1FEA,
1F08,
1D08,
1ABD,
186E,
188A,
1A78,
1BB6,
1C76,
1DB8,
1F52,
1F86,
1E83,
1E2F,
1E8D,
1FD8,
2215,
2478,
26ED,
2942,
2B6B,
2C16,
2B0E,
283F,
2361,
1F34,
1C53,
19AE,
1704,
169D,
1996,
1C38,
1D5D,
1EEF,
21B4,
22EE,
2144,
1E7A,
1A84,
174E,
163E,
15C7,
15B8,
1533,
1351,
10F0,
0DC9,
0BD3,
0D70,
100D,
1262,
1455,
1527,
1554,
14EB,
1429,
131A,
1243,
12E5,
13DC,
1402,
135A,
10B5,
0D38,
0A6F,
0826,
067D,
05AE,
0733,
09FE,
0BAF,
0CEA,
0F3B,
11DB,
11C8,
100A,
0F14,
0ED0,
10BC,
1447,
16EE,
18D6,
1A03,
1A7C,
1AB6,
1AA7,
19A0,
17B4,
148E,
1046,
0EAD,
0FFD,
1321,
1830,
1B6B,
1C43,
1BE7,
1A3B,
1875,
16C8,
158E,
1507,
1480,
13E2,
12E3,
113C,
0FF3,
0F33,
0FEE,
12D4,
1737,
1DCB,
22DD,
23F3,
240A,
23EC,
23C9,
2436,
244D,
2329,
2263,
2374,
24DD,
260A,
264E,
23F5,
2116,
1F01,
1E66,
21EF,
26C3,
2A2A,
2C95,
2D03,
2C74,
2C52,
2BE7,
2A24,
2779,
239D,
1F75,
1CEC,
1BDA,
1E32,
2256,
2407,
2427,
2359,
21DF,
20A8,
1FCA,
1FC1,
20AA,
24FA,
2BDD,
30F1,
3460,
34E4,
32CE,
333B,
3608,
3837,
39C0,
3934,
3674,
33D4,
317E,
304A,
3086,
304B,
2F27,
30F3,
36B2,
3C41,
4122,
4335,
4132,
3E4E,
3ADB,
38E5,
3997,
3BB7,
3FE1,
4230,
3FE0,
3E4A,
4003,
4212,
43B1,
4473,
4324,
4246,
43ED,
45C5,
46C0,
46BA,
44D1,
4205,
3F65,
3B49,
327A,
2943,
23E1,
2177,
245E,
295E,
2D29,
2F7D,
2C6C,
27C9,
286B,
2AFE,
2AF7,
29E0,
295D,
292C,
29C0,
2A96,
29F0,
286C,
2764,
26A4,
254C,
23E1,
26BE,
2C53,
2C43,
27D3,
2276,
1C94,
1CD7,
229E,
27E5,
2C99,
2F5D,
3006,
30A3,
3147,
2E82,
27F1,
22E7,
200A,
1D1A,
19F9,
174D,
1531,
13AB,
128F,
147B,
1B4C,
1D4F,
163A,
11AB,
1329,
1744,
1E96,
24D4,
27D3,
2910,
284B,
261D,
21C6,
1F1C,
2197,
24B4,
25BE,
278B,
2C29,
3199,
37F7,
3BC9,
3726,
30B9,
2DD9,
2CE5,
2FC2,
324D,
2DAD,
26E1,
229A,
1FCC,
1ED5,
1FAE,
23FC,
29A4,
2C7D,
2E05,
3100,
336E,
2D7A,
2405,
2529,
2C1D,
2E8C,
2E29,
2BEE,
2876,
286F,
2A94,
296A,
258A,
1F9A,
17F0,
0F84,
06C6,
03AF,
05FE,
0A5E,
10AB,
1164,
0C05,
09F9,
0BEF,
0D0B,
0D14,
0B5A,
073B,
0753,
0D82,
10CF,
0F73,
0B72,
043D,
FDA3,
F83C,
F84B,
01A0,
087A,
0772,
08CC,
11A9,
1757,
13C4,
10AC,
12AB,
15EE,
1ADE,
1CAB,
160B,
0DDB,
073D,
03AA,
08B1,
035E,
0496,
06B8,
09AB,
0B88,
09D9,
063C,
0168,
FC9A,
FC1C,
FB8F,
F32B,
E83B,
E128,
DD4B,
E15E,
E8F9,
EB94,
EB9E,
EB90,
EB24,
EAB6,
EA2D,
E96A,
E884,
E66E,
E449,
EBE8,
F9C3,
FC43,
F605,
F27B,
F0C3,
EC7A,
E61D,
E193,
DEBD,
DF11,
E26C,
E060,
D88A,
D0B2,
C901,
C669,
C9DE,
CDBF,
D174,
D501,
D860,
D832,
D287,
D25B,
DBAE,
E157,
DFBA,
DB0B,
D2AA,
CBBF,
C8AA,
C71C,
C771,
C697,
C1BA,
BF33,
C2AD,
C8D0,
D28E,
D906,
D484,
D001,
D41D,
D6EE,
CFFB,
C7E8,
C452,
C3BF,
C822,
CE46,
D303,
D783,
DCE3,
E10C,
DFD1,
DC06,
D6C6,
D298,
D734,
DFB6,
E559,
E9DE,
EFA7,
F487,
EF4F,
E5E9,
E8BB,
F273,
F926,
FDE6,
FFCE,
FF64,
FC09,
F70E,
FB30,
05D1,
078F,
0223,
FD6A,
F942,
F9D5,
FEBF,
FC57,
F2AB,
ECB7,
EAD6,
E874,
E589,
E037,
D7F0,
D3D4,
D556,
D4BD,
D087,
CFCE,
D431,
D95E,
DEBB,
E45D,
EA08,
F039,
F7DC,
FB45,
F724,
F1D6,
EDB6,
E71D,
DAA0,
D316,
D83F,
E01A,
E76B,
ED98,
F1CA,
F0F5,
E3AF,
D8C3,
DEE2,
E7DE,
EAE4,
EAE0,
E578,
E032,
E2EF,
E772,
E80A,
E6F8,
E41B,
E195,
E52A,
E9E5,
E674,
E0BA,
E36B,
E8F5,
E70A,
E231,
E346,
E6FA,
E678,
E3DE,
E3DF,
E54B,
E588,
E508,
E497,
E432,
E4A2,
E5A4,
E53A,
E3B6,
E3D5,
E551,
E560,
E419,
E519,
E85B,
E511,
DAE3,
DA22,
E3F2,
EE36,
F8B9,
F75B,
E6EF,
D9E6,
D2DF,
D052,
D385,
D6F6,
D906,
DF02,
EB80,
F3CD,
F338,
F431,
FB06,
FDD5,
F76F,
F202,
F2B3,
F15A,
E93A,
E203,
E080,
DE94,
D835,
D29B,
D1B1,
D12E,
CDC6,
CAD8,
CB4C,
CC8D,
CCB8,
CCA0,
CBD8,
CC15,
D139,
D6FA,
D72B,
D56B,
D3B0,
D407,
E01B,
EE91,
EB74,
E12A,
DEFE,
E176,
E90C,
F33C,
F8ED,
FB73,
FA9A,
F740,
F259,
ED19,
EFD0,
F837,
FDE7,
019B,
0657,
0B63,
097F,
01AD,
FD18,
FB97,
F87D,
F3FC,
F4F4,
FB9E,
0050,
0285,
0534,
087A,
0A3E,
0A55,
06D9,
FED7,
F8DE,
F665,
F501,
F532,
F154,
E595,
E302,
F20B,
FC13,
F84E,
F49F,
F4E3,
F653,
F913,
FC3D,
008D,
00BB,
F733,
ED01,
E6E2,
E32F,
E374,
E46E,
E41A,
E24C,
DD12,
D716,
D1B5,
CE80,
D186,
D6FE,
DC1E,
E0D6,
E3DF,
E573,
E4C6,
E283,
DDA4,
D915,
DD62,
E50C,
E62D,
E454,
E4A6,
E5B4,
E727,
E775,
DC37,
CADF,
C656,
CA05,
C9DB,
C771,
C615,
C577,
C4B1,
C3ED,
C75D,
CE11,
CC1C,
C24A,
BB86,
B7EE,
B722,
B943,
BD37,
C303,
C5CF,
C4DA,
C59F,
C8A8,
CD87,
D49E,
DA6A,
DE6A,
DDCD,
D691,
D160,
D128,
CEE0,
C76A,
C614,
D145,
D8BA,
D52F,
D0FB,
CEDD,
CEBB,
D299,
D594,
D436,
D315,
D4F1,
D702,
D8C0,
D7C7,
D021,
C686,
BCC8,
B59A,
B6DA,
BA70,
BB40,
BB2B,
B9F8,
B8F6,
BAAF,
BD42,
BECB,
BF7A,
BDE0,
BB7D,
BA00,
BA11,
C023,
C90A,
CF94,
D3E6,
D153,
CAEC,
C9F6,
CBA9,
C70A,
BF15,
BFBD,
C5FA,
C55B,
BFF7,
BCFF,
BC2D,
BFF2,
C7B0,
CED8,
D549,
D70D,
D435,
D3DD,
D645,
D6D1,
D55B,
D50C,
D619,
DA09,
E163,
E846,
EE68,
EFF8,
EB23,
E882,
EA42,
EC00,
ED17,
EE2D,
EFD7,
EDCE,
E4FD,
DE42,
DDCC,
DD34,
DA54,
D6E1,
D22F,
D074,
D5CB,
DBD8,
DF19,
E24B,
E743,
EA9E,
E90F,
E567,
DFCC,
DB5E,
DCC9,
E066,
E4CF,
E849,
E66E,
E335,
E2D7,
E3CF,
E63C,
E8DD,
E8E5,
E7DB,
E764,
E762,
E916,
EB56,
EABC,
E914,
EB1A,
EF02,
F178,
F2CA,
F358,
F287,
EA6E,
DD99,
D763,
D634,
D598,
D5A3,
D47F,
D267,
D259,
D422,
D573,
D64E,
D73A,
D82D,
D9FA,
DCBB,
DDFC,
DD60,
DEEA,
E337,
E6D2,
E965,
E9CB,
E744,
E592,
E547,
E85C,
F093,
F714,
F9BE,
FA69,
F8AC,
F652,
F3F3,
F175,
EED7,
ECCD,
EBC2,
EBCE,
ED47,
F00A,
F4E9,
F91D,
F99F,
FAAF,
FFBE,
05BC,
0BBE,
1005,
0EEE,
0C55,
0B49,
0AEC,
0B9A,
0CD7,
0E63,
0FF1,
1139,
11A8,
0F07,
0B24,
087C,
0699,
05F5,
0604,
055F,
04A0,
04BD,
05BB,
095E,
0E6B,
110D,
11D8,
1042,
0D09,
0BAD,
0BC8,
0D01,
0F1D,
0FF7,
0FBA,
0E9C,
0CC5,
0D09,
0F66,
1103,
11D8,
1501,
1AA0,
2098,
26DA,
29F7,
2930,
2854,
27CB,
27C4,
2890,
28FD,
28BF,
28BA,
2943,
290C,
276D,
269B,
278D,
288D,
2967,
28D4,
25BF,
219F,
1C6B,
17EA,
156A,
1423,
1471,
1518,
14E7,
1586,
185C,
1C2D,
20D4,
2536,
27F5,
2995,
2951,
2906,
2BBF,
2EE9,
2F8F,
2F59,
2FF2,
3075,
2FF6,
2E90,
2B3F,
272F,
2470,
22B3,
2329,
249B,
237C,
2128,
20E3,
21B0,
2086,
1E7A,
1FE3,
239C,
261A,
27A4,
28A5,
2905,
276E,
2430,
2261,
21D9,
209A,
1EAE,
1CA5,
1A88,
1856,
160B,
1640,
1956,
1B36,
1B60,
1B16,
1A4D,
19B7,
1994,
189C,
166F,
141C,
11A9,
107C,
118D,
11B0,
0F62,
0E47,
0FDF,
1228,
1513,
16A1,
14F3,
1334,
130D,
12AB,
10D4,
0FB0,
1116,
12E4,
13BA,
14A8,
1656,
1837,
19A2,
1BAE,
2039,
2513,
27EE,
29CB,
2B46,
2BBA,
292E,
25E3,
2626,
2731,
24A4,
207F,
1D14,
19FC,
1741,
14DA,
1300,
1169,
0E33,
0A93,
0BD7,
1000,
0F63,
0BFD,
0D50,
121A,
16C8,
1B65,
1EF9,
2189,
228D,
2228,
22D8,
2491,
2524,
248A,
249D,
257C,
24BB,
2216,
20E8,
21A4,
2256,
22C8,
23C2,
257F,
2653,
25CE,
2488,
224B,
20D9,
210D,
20C3,
1F65,
1D09,
18D7,
168D,
18A0,
1AEA,
1BFB,
1C1B,
1A3F,
196C,
1CB6,
1E94,
1A7A,
158A,
1288,
108E,
104A,
106E,
0FF4,
0EF8,
0C49,
0A47,
0CB7,
1076,
126D,
13E8,
1654,
181D,
158E,
11A3,
1175,
12A3,
11E3,
1064,
1020,
101D,
0DE7,
0A79,
074A,
0479,
0321,
0321,
062F,
0B24,
0AFC,
0783,
0A94,
1285,
16CC,
180F,
18DF,
1940,
1B7E,
1F78,
22BA,
2535,
2412,
1F04,
1CC7,
1E0B,
1CD0,
1877,
13AA,
0E7E,
0B02,
09C9,
0A67,
0D4A,
0F9E,
10B0,
1056,
0DC7,
0C1F,
0C82,
0DC3,
1032,
1180,
0FE0,
0F33,
11A7,
1411,
148D,
1658,
1BBD,
2244,
2A22,
2F19,
2B2B,
2664,
2707,
28CF,
29EB,
2A43,
2843,
2605,
25D1,
26BA,
299C,
2BF2,
27D5,
2281,
2401,
2858,
2BC9,
2EA8,
2FDC,
2FCF,
2E3E,
2BE2,
2B0B,
2AC8,
28F7,
2620,
2238,
1DE9,
1BDC,
1BC5,
2028,
2779,
272E,
2139,
2131,
25EF,
26D9,
24A0,
2716,
2DE7,
3482,
3AC5,
3D44,
3BB4,
3A3B,
38FC,
3AE4,
40D8,
416D,
3AD3,
3508,
310C,
2F25,
3029,
30D8,
303B,
310C,
3405,
3884,
3F67,
4358,
412E,
3ED9,
3E65,
3E0D,
3D05,
3E21,
449A,
4945,
46BA,
43A7,
435F,
4487,
4887,
4B18,
46D8,
4226,
42E8,
442E,
41FC,
3EB4,
3BE4,
38C9,
34D7,
300F,
2939,
2216,
1C73,
1952,
1E94,
2712,
2997,
291E,
278A,
2590,
26DA,
29C1,
2AD0,
2AB3,
2962,
2773,
2854,
2AE3,
29E3,
268C,
26D8,
29C4,
28B4,
2492,
268D,
2DAC,
2C5D,
2341,
1F17,
2004,
2321,
2877,
2CE0,
300B,
310B,
2F7B,
2DD8,
2C98,
28B7,
2149,
1C0C,
1A98,
1846,
13F6,
10B2,
0F20,
0F62,
122F,
1536,
1820,
186F,
12EF,
111D,
1939,
2137,
247F,
26BE,
292C,
29E8,
26B5,
239D,
2392,
24DE,
279D,
2A87,
2BC5,
2D9A,
339F,
3903,
37BE,
33D4,
2F99,
2BBD,
2B5D,
2BEF,
2A45,
2769,
22BF,
1E16,
1DF4,
2068,
2383,
273C,
2B7A,
2F94,
3145,
310F,
2E5E,
2A2B,
2843,
2811,
2AB1,
2F02,
2CE8,
2602,
2491,
2749,
254A,
1F28,
19D7,
154A,
0DE6,
03D4,
003C,
038E,
06ED,
09FB,
0B96,
0B4B,
0A7E,
0917,
0926,
0B64,
0B5B,
0778,
06B2,
0B60,
0DBF,
0B85,
07CE,
027F,
FDDB,
FA53,
FAB3,
020F,
08B5,
0A6B,
0CC8,
12BE,
16DF,
14C6,
12D6,
14F1,
1765,
18EA,
1770,
0CBC,
1900,
1217,
0978,
0178,
FC1B,
FF55,
04DA,
05E7,
055B,
0526,
03C0,
FD33,
F56B,
F440,
F4C7,
EDC4,
E3E7,
DD74,
DA0F,
DEE8,
E812,
EBBB,
EC08,
EA86,
E7D3,
E7A5,
E901,
E7CE,
E51E,
E52B,
E783,
EE4A,
F84B,
F9D2,
F3D1,
EDC5,
E7B9,
E389,
E15F,
DDF9,
D925,
D95A,
DF6E,
DC70,
CE2C,
C641,
C72F,
C95D,
CC3B,
D089,
D6BD,
D972,
D670,
D470,
D4F7,
D78B,
DDC0,
DFA6,
D90F,
D0FC,
C884,
C362,
C5C0,
C770,
C3C1,
C0CE,
C127,
C450,
CC8E,
D43C,
D71C,
D72C,
D301,
CF01,
D12A,
D225,
C7E9,
BE94,
C56E,
D064,
D3B9,
D588,
DC0B,
E288,
E1CD,
DDCE,
D963,
D5C6,
D80E,
DDD2,
E591,
EDE1,
F1DD,
F2D9,
F071,
EC54,
EC32,
EF16,
F780,
02E3,
037A,
FC89,
FA27,
FB28,
FE18,
028D,
0477,
0400,
FF07,
F5EC,
F5C2,
FE78,
FC22,
EDF6,
E733,
E936,
E76B,
E0C6,
DAD9,
D603,
D343,
D341,
D2E4,
D151,
D26A,
D75F,
DD50,
E3DF,
EA27,
EFA3,
F4A6,
F9D1,
FA98,
F385,
EB84,
E538,
DEC4,
D656,
D38C,
DE4B,
E9C3,
EF29,
F0BE,
EC5D,
E5EE,
DE1B,
DA49,
E51D,
EFEC,
EA98,
E235,
E17F,
E374,
E6C9,
E986,
E624,
E19A,
E3AC,
E79C,
E6E0,
E47A,
E410,
E490,
E590,
E696,
E540,
E2FF,
E446,
E731,
E605,
E2B3,
E391,
E6E2,
E639,
E304,
E35D,
E636,
E60F,
E39D,
E363,
E505,
E574,
E4C7,
E556,
E723,
E41A,
DC07,
DBAC,
E3E8,
EDD5,
F9A9,
F7B5,
E41B,
D69F,
D32A,
D20B,
D307,
D632,
DB9E,
E2C7,
EC31,
F30F,
F501,
F6D4,
FA52,
FB43,
F74D,
F31D,
F0D8,
EDAD,
E81C,
E2A6,
DEAF,
DB05,
D737,
D3B9,
D0C3,
CE73,
CD2A,
CC67,
CBC9,
CB92,
CC15,
CCDB,
CCD9,
CDD5,
D41C,
D9F2,
D430,
CD2E,
D5EB,
E378,
E813,
E7EC,
E223,
DB30,
DFEC,
EA72,
F274,
F8A0,
FA10,
F824,
F414,
EF02,
EE3A,
F0C5,
F700,
FFBC,
04ED,
072B,
07E8,
0715,
0281,
FADC,
F74E,
F7AA,
F7A2,
F73C,
FB34,
03A2,
0776,
05D4,
078A,
0DB3,
0BF4,
FFF5,
F95F,
FB2F,
FA5A,
F508,
EF2B,
E869,
E7EE,
F1BE,
F8B9,
F8A0,
F6D6,
F321,
F325,
FB75,
019D,
00DC,
FD79,
F7B9,
F0E8,
E8BF,
E3C4,
E7D8,
EB46,
E6CA,
E0F6,
DD58,
D982,
D26D,
CE03,
D4E9,
DDE9,
DFD0,
E066,
E590,
E9DC,
E446,
DC67,
DC7B,
DFCA,
E2C6,
E581,
E5EB,
E584,
E897,
EC03,
E7B3,
DEDE,
D4D1,
CAF1,
CAEA,
D084,
CDBF,
C635,
C4FC,
C80D,
CA31,
CBA5,
CCE7,
CD9B,
C6D0,
B9E8,
B603,
BA75,
BCB6,
BCCC,
BF45,
C431,
C50D,
C138,
C41E,
CF22,
D697,
D915,
D9C2,
D897,
D5B2,
D0DF,
CC93,
C928,
C95F,
CF35,
D3C7,
D52F,
D3E2,
CDF9,
CBBC,
D279,
D6CA,
D276,
D06B,
D6F6,
DC90,
DCB2,
DA0F,
D46C,
CCD5,
C218,
BA3C,
BD2D,
C111,
BD7D,
B957,
B9DE,
BB84,
BBBB,
BBF5,
BE16,
BF92,
BB53,
B605,
B593,
B82F,
BF4D,
C7D2,
CBAF,
CCC0,
CB60,
C87E,
C69A,
C504,
C1EB,
BE90,
C0B0,
C57B,
C174,
B885,
B87F,
BEC1,
C4CA,
CAC6,
CF86,
D303,
D395,
D1A4,
D212,
D4AC,
D370,
CE9D,
D025,
D846,
DF72,
E552,
E85C,
E81B,
E720,
E579,
E631,
EA2C,
ED94,
F000,
EF7D,
EACA,
E683,
E3C2,
E1C1,
E127,
DE2E,
D623,
D163,
D42F,
D7A4,
D924,
DC47,
E3BC,
E8EC,
E74A,
E3A6,
DEF0,
DB62,
DBA1,
DDB4,
E23D,
E579,
E20F,
DE21,
DF3A,
E199,
E30A,
E3EF,
E35E,
E2A5,
E3CB,
E561,
E5A0,
E576,
E57B,
E61C,
E94B,
EDC0,
F2A3,
F6CD,
F61E,
F1F2,
E97A,
DF21,
DC48,
DDE8,
DCA7,
D9E7,
D8B6,
D891,
D7FF,
D73B,
D792,
D8C2,
D944,
D932,
D8EB,
D87C,
D80D,
D7A4,
DA86,
E0BD,
E303,
E0E8,
DD75,
D891,
D860,
DE1D,
E39B,
E82F,
EBAB,
EDA6,
EEC8,
EF10,
EE76,
ECCB,
EB3F,
EA30,
E983,
E925,
EA60,
EEA4,
F15D,
EF6C,
EF46,
F481,
FAD8,
016C,
0657,
074E,
067B,
03BF,
01C2,
038B,
0674,
0967,
0C25,
0E57,
0F21,
0C46,
0845,
0538,
0313,
03CC,
04DF,
0190,
FD82,
FDDB,
00B6,
063F,
0C66,
0DC1,
0C6A,
0A65,
07E7,
0614,
04FF,
06C8,
0A0D,
097A,
06A4,
06A6,
0878,
0872,
0747,
076A,
08C2,
0C89,
1260,
17F7,
1D32,
1EE5,
1D2E,
1D33,
1F12,
21BB,
253F,
2709,
26C9,
2630,
255F,
2459,
22F3,
24C1,
2B09,
300D,
32E0,
31B3,
2A8A,
257F,
257E,
2563,
23F4,
22A7,
21DF,
20D1,
1E90,
1E90,
23F4,
2832,
275D,
2558,
2313,
2172,
21BF,
230B,
2585,
27F6,
2907,
29CA,
2B59,
2C1A,
29E5,
2663,
21F2,
1E40,
1F22,
219B,
2290,
22D5,
2207,
20FD,
2165,
2298,
23A5,
2545,
2B3F,
3258,
30B6,
2A46,
26B7,
24EE,
252A,
26D4,
28BC,
2A63,
2645,
1E17,
1A3B,
19DD,
1AF2,
1D50,
1E3C,
1DCF,
1D18,
1C15,
1C65,
1E0E,
1DAE,
1B1A,
1795,
1312,
109A,
10C0,
10DC,
10A8,
10AF,
10DA,
124F,
15E1,
161E,
10A7,
0D34,
0E68,
0EE5,
0CAA,
0CE6,
1277,
16E9,
177A,
169E,
1429,
1244,
1210,
1454,
1BEC,
21FA,
20CA,
1DB2,
1A27,
188C,
1D48,
238C,
28B5,
2BCB,
292E,
2479,
2050,
1CD3,
1C11,
1C3D,
1B4F,
19F3,
17C4,
1608,
18CE,
1CEB,
1B82,
1822,
1A01,
1E0F,
1E09,
1C04,
1C6F,
1DFC,
1D91,
1BE0,
1A6C,
18FC,
1681,
135C,
11A7,
1121,
0F9B,
0D7E,
0F9C,
1570,
1AB8,
1F58,
1F26,
1A12,
1784,
17D3,
1B55,
2276,
2651,
25F2,
243C,
2121,
1F62,
1F8B,
229D,
29FD,
2CEF,
282B,
246E,
241B,
234D,
20DC,
1FC0,
2179,
232A,
23D5,
2418,
2413,
22F5,
1FAE,
1C78,
1AD4,
1928,
163D,
1421,
14C5,
1639,
17B9,
18A3,
173F,
15C7,
16F1,
183E,
1771,
1510,
0F3B,
0967,
09D3,
0C7F,
0D1A,
0CC1,
0B5E,
0952,
05DF,
0313,
086B,
11AE,
16AC,
18F1,
1860,
15DD,
1416,
12DA,
138F,
1576,
1535,
1353,
1112,
0E80,
0B9A,
089E,
0810,
09BD,
0C9F,
1095,
127C,
123A,
1277,
134C,
1363,
12B3,
1155,
0F10,
103E,
160D,
18EA,
1742,
1559,
13B3,
11F3,
101D,
0ECD,
0E90,
0CFC,
0884,
0623,
0803,
0BC4,
11D8,
165D,
16C3,
1577,
121F,
101B,
1273,
15D6,
1943,
1BC6,
1B6A,
1AC9,
1B97,
1D5C,
207C,
24AE,
2AC2,
309F,
33D9,
34DA,
3175,
2D15,
2D50,
2EC6,
2D55,
2B0C,
2A79,
2AA0,
2A9F,
2A77,
294A,
27CB,
273C,
27B0,
2B76,
3108,
347B,
3622,
3404,
2F37,
2BEA,
29B0,
2824,
272C,
24E5,
21AD,
1FE4,
1F7F,
227C,
2898,
2BDF,
2C36,
2AD8,
27B7,
275D,
2A4E,
2DCF,
31A9,
36CE,
3D9D,
40CF,
3EF2,
3D3C,
3C6A,
3CF1,
3FB9,
40A0,
3E23,
3AF9,
375A,
3501,
3509,
3637,
388E,
3B6A,
3E81,
41F2,
4669,
48E4,
468C,
42EF,
3F19,
3C87,
3D9A,
3FEF,
42FF,
450B,
4314,
4012,
3DD6,
3CCD,
3FD6,
4318,
4125,
3D8C,
3BD0,
3A83,
38DA,
369A,
3274,
2D52,
285C,
236E,
1D6E,
1816,
1953,
1EAD,
250A,
2BB4,
2DED,
2D05,
2ABC,
2799,
281B,
2B22,
2BA5,
2A44,
2946,
288D,
2855,
2890,
27D1,
262D,
2586,
25DC,
2656,
26ED,
26F1,
2666,
2358,
1D32,
1BE8,
20EF,
2738,
2EBE,
3180,
2D28,
28E2,
2639,
2255,
1C59,
1783,
1521,
130E,
10AB,
0F0F,
0E92,
0F5E,
1205,
1543,
1912,
1B25,
1857,
16B7,
1AA9,
2079,
2800,
2D7D,
2BBF,
2801,
253F,
2337,
22D0,
23FF,
282F,
2D3F,
30BD,
338B,
364F,
382E,
37A9,
3511,
2DEC,
25FA,
26CD,
2B10,
2922,
2450,
2038,
1D10,
1E18,
2208,
278F,
2DDC,
30B0,
30D8,
2F85,
2CDF,
28C8,
23D2,
234B,
265F,
286F,
297A,
264D,
1F25,
1BEB,
1CA9,
1A06,
13D5,
0C45,
0350,
FE37,
FDC5,
FFE9,
04C7,
09A5,
0E4C,
0E6E,
07C9,
052C,
0A1F,
0C88,
0961,
075A,
0866,
09BF,
0B65,
0A58,
0404,
FDC8,
F916,
F87D,
0000,
082C,
0D50,
110D,
12F5,
13F5,
1455,
14E6,
180C,
148A,
1284,
107D,
10D1,
10F7,
0EA3,
0A20,
FFEF,
F67D,
F9C1,
012C,
02F0,
0232,
0068,
FD56,
F7C7,
F14A,
EDC4,
EB7D,
E6F7,
E17D,
DBDC,
D766,
DD1F,
E8C8,
EC79,
EADB,
E95F,
E7C5,
E742,
E7A1,
E717,
E5FE,
E754,
EAC2,
F086,
F836,
F71F,
ED45,
E5B2,
E0D7,
DD1C,
DAB2,
D8A0,
D6BF,
D618,
D73C,
D2D0,
C660,
C0E0,
C62A,
CC06,
D0FD,
D4E9,
D72D,
D78D,
D4F9,
D403,
D6FC,
D9C4,
DBE4,
D95A,
CD2D,
C350,
C2DF,
C40E,
C444,
C42D,
C28B,
C2BF,
C860,
CF57,
D663,
DA9F,
D5FF,
D016,
D09A,
D165,
CBC8,
C5C5,
C599,
C904,
D1BB,
DB75,
DE3F,
DE4F,
E10D,
E35F,
DDA1,
D5A1,
D7C4,
DF4F,
E6C4,
EE12,
F284,
F499,
F271,
EDE8,
EDA5,
F09C,
F85D,
0304,
043D,
FE56,
FB52,
FAA2,
FDA3,
03BD,
04D9,
0142,
FC67,
F650,
F582,
FA69,
F7A9,
EC16,
E552,
E4CF,
E2B2,
DE48,
D902,
D275,
CFF6,
D37D,
D4FA,
D1D4,
D34B,
DCCF,
E4F9,
E8AE,
ED58,
F533,
FA02,
F8D6,
F4BB,
ED95,
E586,
DCDE,
D713,
D728,
DB9D,
E756,
F121,
F10B,
ECB9,
E3BE,
DC78,
DF54,
E518,
EA5D,
ED12,
E595,
DD88,
E291,
EA49,
E887,
E400,
E339,
E404,
E5F7,
E7E2,
E591,
E1FD,
E3FF,
E81A,
E681,
E271,
E376,
E6F4,
E654,
E37D,
E3B4,
E5B9,
E5B2,
E458,
E42C,
E4D5,
E50C,
E4EC,
E481,
E3DA,
E457,
E5D5,
E65A,
E5F2,
E2D2,
DCE5,
DD2E,
E44A,
EDA4,
F9A7,
F741,
E259,
D4A2,
D272,
D24E,
D3A7,
D72A,
DCF2,
E455,
EDCE,
F46B,
F59B,
F6E7,
FA81,
FB41,
F649,
F17E,
EFCA,
ECE9,
E66E,
E06D,
DD69,
DA7D,
D5F5,
D1F0,
CFF1,
CE88,
CCCA,
CB99,
CBF1,
CC80,
CB6A,
CB17,
CF30,
D3CF,
D42E,
D328,
D1AB,
D231,
DE16,
EB78,
E6C3,
DBC7,
DB65,
E07B,
E939,
F35D,
F7AB,
F82A,
F5B8,
F16B,
EE1A,
EC25,
F0DA,
F9F8,
0045,
046B,
070F,
080C,
04AB,
FDD2,
F95F,
F728,
F60F,
F628,
F972,
FFC7,
0407,
05E6,
08CC,
0CF2,
0BCC,
0465,
FF03,
FCB3,
FA8F,
F8C2,
F399,
E8EF,
E732,
F3EE,
FB7A,
F7EF,
F4E5,
F485,
F6D0,
FDAD,
02BC,
0378,
00B3,
F8A1,
F0D2,
EBF2,
E97D,
EB8D,
ECB6,
E914,
E3C0,
DCEB,
D6BD,
D2F9,
D226,
D751,
DDC0,
E13A,
E3A3,
E608,
E6A5,
E0D3,
DAA1,
DD73,
E320,
E4ED,
E599,
E7B7,
EA3D,
EDD3,
EFBF,
E53F,
D5B8,
D1C1,
D398,
D1D2,
CE6B,
CB0C,
C814,
C91A,
CCBD,
CFD9,
D219,
CDE0,
C4D2,
BE3A,
B9D4,
B960,
BC71,
BE9D,
BFF8,
C042,
BF89,
C1AE,
C6C0,
CE06,
D79C,
DB90,
D8B3,
D675,
D5C3,
D1DA,
C96D,
C757,
CEC7,
D3F8,
D48E,
D2D9,
CDD7,
CC2A,
D142,
D3FA,
D03E,
CF50,
D58B,
DB5D,
DEA5,
DE04,
D678,
CD87,
C4E6,
BEE2,
BF6A,
C076,
BDDD,
BB5E,
BB1A,
BBBE,
BD31,
BE87,
BEDC,
BDC8,
B8B0,
B3B6,
B3CF,
B743,
C057,
CA13,
CB41,
C94D,
CB3C,
CD53,
C889,
C180,
C18F,
C486,
C383,
C038,
B9F0,
B30B,
B5D4,
BE8D,
C43D,
C809,
CABF,
CC6A,
CDAA,
CE67,
CCF0,
C9E0,
C80D,
C78F,
CD33,
D853,
DECC,
E09B,
E1BC,
E239,
E2B9,
E344,
E71C,
EEE4,
F28C,
F0DF,
EE29,
EA87,
E895,
E9B0,
E60D,
DAB5,
D3C9,
D52A,
D6B1,
D630,
D894,
E056,
E69B,
E902,
E78A,
DF6C,
D949,
DA49,
DD06,
E091,
E2C0,
E08A,
DE8B,
DFE6,
E218,
E492,
E616,
E41B,
E219,
E402,
E5D5,
E2D3,
DF62,
E039,
E2B4,
E486,
E769,
F00F,
F8F5,
F85B,
F296,
E985,
DFA7,
DD94,
DEE0,
DAB2,
D49E,
D4C3,
D812,
D761,
D495,
D3B2,
D40B,
D4FF,
D656,
D572,
D325,
D43C,
D807,
DD35,
E34D,
E1C9,
D978,
D4CB,
D3D4,
D715,
DEAB,
E462,
E7B8,
EBF7,
F166,
F284,
EE38,
EBDC,
ECDE,
EA81,
E2F9,
DF89,
E2E8,
E54F,
E50B,
E425,
E1EA,
E45A,
EFAA,
F829,
F8B2,
F82C,
F873,
F821,
F662,
F601,
F8F1,
FDB7,
051D,
0B8E,
0E36,
0E40,
0A16,
0607,
074B,
0802,
01C5,
FB1F,
F9EC,
FBCA,
0201,
08A1,
0946,
0799,
06DD,
05C1,
0189,
FD69,
0181,
0855,
0773,
0323,
01C2,
01A4,
00B9,
FF74,
FCCD,
FA34,
FF08,
089B,
0EE2,
12DE,
15E6,
17FD,
19CE,
1B53,
1C41,
1CAC,
1CD4,
1CC0,
1CEF,
1D73,
1C42,
1953,
1D26,
285C,
2ECC,
2F54,
2E26,
2B39,
289A,
26DF,
2382,
1DB8,
1AAD,
1C02,
1D1A,
1C93,
1F43,
27D0,
2C93,
294F,
2557,
222F,
2130,
245C,
280E,
2AB0,
2DF9,
3335,
3746,
37FD,
36E8,
3399,
3070,
2FCD,
2FC9,
2FCE,
2F37,
2C77,
2979,
28A3,
276C,
2182,
1C02,
1EE8,
2446,
2588,
251F,
23EC,
22A3,
23E0,
25D2,
24ED,
22BF,
2225,
21CB,
1D4E,
1739,
1725,
1AB1,
1C9A,
1DC1,
1FCC,
226F,
264F,
2ABC,
2B58,
28AD,
2393,
1C6F,
16BC,
1286,
0FDC,
0EC8,
106C,
14B5,
17DF,
19B5,
17E6,
11DD,
0EBE,
0FA6,
0E9D,
0A8F,
0A20,
0EFB,
124E,
12B7,
1200,
0FCF,
0F1F,
1156,
134E,
13F0,
1586,
1960,
1BC6,
1A53,
19D5,
1CEE,
200B,
21BD,
22AD,
228C,
2236,
2243,
225E,
22C7,
2267,
1F89,
1C76,
1B78,
1AA2,
182C,
1575,
1379,
122F,
1276,
1333,
11E5,
1151,
17CB,
2059,
230B,
22C8,
222D,
209D,
1C57,
16E1,
133A,
114D,
13E0,
1959,
1DAB,
213D,
2479,
2707,
2631,
22CC,
2091,
1F30,
1D95,
1BD3,
1A16,
1862,
1613,
133C,
1294,
1429,
142B,
1262,
1286,
14ED,
16B3,
178D,
1876,
1962,
1B8C,
1F94,
213C,
1EFA,
1F07,
2372,
2654,
25E6,
2555,
255E,
2533,
248A,
247C,
25C7,
2716,
282F,
27E6,
24C3,
214B,
1E8B,
1CD6,
1D2B,
1E80,
210C,
22E6,
21EF,
1F77,
1BB5,
16E0,
0FF9,
0A05,
09D3,
0BE4,
0D25,
0EF7,
1349,
1827,
1ACB,
1BEA,
1ABE,
187E,
180E,
17EB,
146A,
0F93,
0DF0,
0E26,
0E36,
0E66,
0F35,
1055,
1049,
0F84,
101E,
1196,
11F5,
115B,
0F50,
0C0A,
0889,
04EF,
038A,
0444,
04BC,
04EA,
0378,
0045,
FF4F,
00FF,
02EA,
04CD,
08DB,
0FB4,
13CC,
13D9,
1363,
12C5,
127C,
12E2,
137A,
141A,
15DA,
19B2,
1C06,
1B3E,
18EB,
14C4,
10BE,
0DBD,
0C0C,
0CA9,
0DD1,
0E60,
0FFE,
1446,
18C0,
1BF7,
1E12,
1E55,
1D52,
1A47,
17AD,
18CC,
1B73,
1EBE,
21F6,
22D9,
23B7,
2830,
2DE8,
3275,
3650,
39C0,
3BFC,
3A29,
3618,
3221,
2E83,
2DE4,
2EF6,
2EFA,
2E66,
2D49,
2BE0,
2B5E,
2B78,
2ACF,
29CC,
2ADA,
2D7F,
30A7,
3405,
3341,
2EC7,
2A7C,
2679,
2412,
2364,
2444,
26C1,
2881,
293A,
2B63,
2F42,
32FD,
368A,
372E,
33C9,
326F,
3481,
37F8,
3D0E,
4175,
447E,
45DF,
450D,
42A9,
3E26,
3AC4,
3A92,
3A40,
389F,
362A,
31CF,
2F89,
32C9,
376A,
3BD1,
3FD5,
429B,
44BF,
46CA,
475D,
441E,
3FF1,
3CE1,
3B37,
3D29,
407C,
43B1,
45FA,
4467,
413B,
3E91,
3CB1,
3EC8,
41D8,
3FCD,
3B3C,
3754,
33A3,
30E5,
2E5A,
28C3,
21B3,
1D57,
1AFC,
1976,
1924,
1D5E,
24D0,
2A7A,
2E6E,
2CE7,
26DA,
2401,
2408,
2564,
2806,
281A,
2592,
24A3,
2578,
25EA,
25E3,
2543,
23E7,
2348,
23B3,
23A0,
22D4,
2189,
1F9B,
1E18,
1CDF,
1FA4,
2926,
2E9B,
2BDD,
264E,
1DEA,
16FA,
1456,
11E2,
0DC7,
0B59,
0CDA,
0EDD,
0F68,
10B6,
1434,
185F,
1D07,
206F,
1F8C,
1E86,
20CC,
24EF,
2CB1,
3317,
3038,
2A6A,
26CC,
24A8,
25DA,
28E0,
2CC3,
30F2,
3438,
3677,
3651,
3497,
32A5,
2FDC,
28AE,
2016,
2044,
253B,
24D5,
2155,
1DCF,
1AC2,
1E7B,
26FE,
2C4E,
2EFD,
2F83,
2E01,
2AB1,
25E3,
228F,
20B4,
21D0,
25CC,
268F,
23D1,
1EA6,
16CE,
12F3,
1456,
109A,
05EB,
FE4A,
FB36,
FB93,
001A,
0563,
0B19,
0DC6,
0B7E,
084D,
0480,
0384,
086D,
0AB4,
0588,
023C,
05E9,
0830,
04CA,
0000,
F9E0,
F725,
FD4F,
05AE,
0D8F,
13B7,
152F,
1362,
1327,
123E,
11D3,
116A,
0F6E,
0D54,
0CA2,
0B8B,
063B,
FF82,
F8B6,
F3FC,
F97B,
0269,
021C,
FD6C,
F962,
F52A,
EF7E,
E970,
E643,
E4AB,
DF72,
D8E5,
D8C6,
DD5F,
E4BC,
EDB7,
EDE5,
E774,
E566,
E6DB,
E6F7,
E623,
E664,
E7AE,
EBA0,
F219,
F452,
F20F,
EB3E,
DF89,
D911,
D968,
D827,
D450,
D2BD,
D4A2,
D288,
CA41,
C438,
C20B,
C4DA,
CF2C,
D66E,
D685,
D5F2,
D62E,
D609,
D514,
D584,
DA37,
DA6A,
CEE7,
C432,
C127,
C0E3,
C35A,
C582,
C38C,
C2D3,
C842,
CF41,
D628,
DA96,
D700,
D16E,
CFD0,
CEDB,
CBAA,
C887,
C771,
C916,
D2FB,
DED5,
E12C,
DF87,
E156,
E368,
DE66,
D737,
D9DD,
E20C,
EA34,
F201,
F4F6,
F476,
F21E,
EEC4,
EFC6,
F41E,
FBBF,
0561,
04F4,
FC74,
F9E7,
FC6F,
0002,
0479,
0396,
FD54,
F8A0,
F5A0,
F4F5,
F707,
F2C2,
E69C,
E05B,
E252,
E07D,
D8B9,
D32C,
D12B,
D118,
D351,
D52D,
D53B,
D90C,
E397,
EC22,
EEF8,
F243,
F901,
FB5A,
F44B,
EBAE,
E438,
DD7F,
D735,
D591,
DE51,
E88A,
EFDE,
F2B9,
EABE,
E174,
DE1C,
DE87,
E636,
ED81,
E977,
E2DC,
E1AF,
E2E4,
E6DD,
EA85,
E5F5,
DFAD,
E357,
E9F2,
E774,
E1C3,
E302,
E716,
E6A7,
E42A,
E3F4,
E4EE,
E563,
E587,
E4E4,
E3D6,
E464,
E5FC,
E577,
E37C,
E3D5,
E5F9,
E597,
E322,
E36F,
E63A,
E6EE,
E59D,
E28E,
DDC1,
DDEA,
E37B,
EC5E,
F947,
F798,
E321,
D52F,
D1D6,
D17F,
D438,
D83B,
DCF0,
E3E6,
EE58,
F55C,
F5AB,
F66F,
FA80,
FB77,
F5ED,
F0BB,
EF49,
EC93,
E5CF,
DF99,
DCCB,
DA11,
D579,
D163,
CF7A,
CE3B,
CCDF,
CBE3,
CBA5,
CBBD,
CB7C,
CC2E,
D0B8,
D506,
D264,
CEFF,
D2C9,
D9A6,
E28E,
E9B1,
E1C3,
D5E7,
DB77,
E889,
F025,
F4C8,
F68F,
F5E4,
F18A,
EBA1,
EBB5,
EFEA,
F68B,
FEB3,
03EE,
06AA,
06A3,
042D,
FF90,
F95B,
F648,
F616,
F768,
FA2D,
FE54,
03AD,
07CA,
0A71,
0B88,
0B03,
06FF,
FEE8,
FB5F,
FE48,
FA9A,
ED2F,
E7E1,
EF05,
F57B,
F94E,
F976,
F364,
F261,
FB83,
02D9,
04C9,
039F,
FE7B,
F7F8,
F022,
EB62,
EE4F,
F079,
ED3B,
E838,
E1C4,
DB62,
D5AC,
D2D8,
D6E8,
DC9C,
E04F,
E344,
E5D7,
E68B,
E144,
DBC9,
DDFA,
E28C,
E499,
E614,
E864,
EB04,
EF90,
F259,
E759,
D773,
D49E,
D793,
D4C1,
CF72,
CB6C,
C8A8,
CA71,
CEFF,
D225,
D3C6,
CE9C,
C4C9,
BED1,
BBF6,
BC3D,
BF2B,
C041,
BFD4,
BF20,
BE49,
C1A8,
C916,
D093,
D7F3,
DAA1,
D814,
D56B,
D325,
CEDB,
C7E2,
C81C,
D271,
D66D,
D014,
CC69,
CE1E,
D00F,
D1B0,
D25A,
D0DB,
D2C5,
DBC1,
E18D,
DFCD,
DAC3,
D1FC,
CA04,
C5B7,
C32D,
C321,
C250,
BD5B,
B9A0,
BB93,
BE28,
BE61,
BD6A,
BAE3,
B77F,
B230,
AF4A,
B6AE,
C06F,
C474,
C673,
C8B0,
CA14,
C8F6,
C69F,
C436,
C222,
C385,
C538,
BE0B,
B3D9,
B36D,
B866,
BCF3,
C182,
C503,
C7A9,
C9AC,
CAFB,
CADE,
C9B1,
C763,
C4A7,
C82C,
D0A6,
D6B1,
DA98,
DC64,
DC3B,
DDB3,
E0C8,
E4F6,
EA33,
ED5D,
EE38,
ECBD,
E898,
E6FD,
E90E,
E647,
DCBE,
D6C6,
D689,
D6EB,
D71F,
D9C5,
E00E,
E52D,
E7D6,
E76E,
E20A,
DE59,
DF87,
E169,
E338,
E3FC,
E242,
E0C5,
E0F3,
E1D8,
E3D6,
E4E3,
E281,
E05B,
E1BC,
E2DF,
E00D,
DD67,
DE9C,
E16C,
E4CB,
E90C,
EFD2,
F58A,
F3DB,
EEF3,
EA11,
E56F,
E3EF,
E32F,
DE42,
D82C,
D6B2,
D748,
D55D,
D29A,
D257,
D364,
D2F8,
D1D6,
D173,
D1AB,
D2FB,
D511,
D726,
D903,
D6A9,
D137,
D0C3,
D4A2,
D8E6,
DD8C,
E17A,
E497,
E781,
EA32,
EA98,
E883,
E729,
E6F0,
E4BC,
DFF7,
DEBC,
E284,
E3D6,
E0E6,
E13E,
E6D9,
EC71,
F13C,
F437,
F43E,
F464,
F59A,
F723,
F905,
FB3C,
FDF3,
00A3,
0356,
04D9,
03F7,
0252,
0075,
FEC4,
FE3F,
FCFA,
F82F,
F4DB,
F8C5,
FDAA,
FE26,
FDFA,
0036,
026F,
01AE,
00A6,
033D,
066B,
0669,
04D2,
0209,
FF20,
FF6B,
00BD,
FE59,
FAFB,
FCBA,
012C,
047E,
074A,
09B0,
0BC4,
0DD7,
0FD4,
11D0,
13A0,
133D,
1168,
133C,
17E2,
19A0,
190F,
1C72,
2340,
270D,
27E2,
27C7,
26B6,
25CC,
252C,
233F,
1FD2,
1E19,
1EA6,
1E02,
1B65,
1C19,
21BA,
243B,
2141,
201C,
229C,
25AF,
290F,
2BB3,
2CCD,
2E13,
3020,
324F,
34D1,
3600,
3438,
32D6,
342E,
34B0,
31E4,
2EE7,
2D63,
2CA0,
2D28,
2D43,
2A64,
2831,
2AFD,
2E69,
2E03,
2D3B,
2FFB,
32D6,
3149,
2E5F,
2DC4,
2D45,
2975,
2494,
21AA,
2000,
2049,
2152,
1F86,
1C9D,
1C8D,
1DEC,
1E3E,
1DB2,
1A98,
15FC,
13E2,
138B,
133C,
130B,
121B,
10B3,
11CF,
14F5,
14FA,
123F,
1316,
174B,
181C,
156C,
139A,
12D4,
11B2,
1027,
0F47,
0F3E,
0F29,
0EF8,
0E68,
0D28,
0E0B,
1230,
151C,
1564,
16C3,
1A76,
1D83,
1F0E,
1F90,
1E76,
1E57,
20F8,
2321,
2398,
2284,
1EAA,
1B92,
1C54,
1C73,
1864,
14AD,
14AE,
157C,
154B,
157B,
172E,
1978,
1C30,
1E48,
1D7F,
1BE3,
1BBE,
1BE4,
1B10,
1A39,
1B59,
1CC6,
1B05,
183C,
17FD,
1919,
1AF0,
1CFD,
1CF0,
1BC8,
1BF4,
1CBC,
1C6C,
1B65,
19D2,
180F,
1996,
1D4D,
1C5F,
1802,
172F,
1950,
1BD7,
1EB7,
2056,
20AA,
2129,
21D5,
206A,
1CC3,
1A8C,
1A29,
18A1,
1596,
13D2,
13CC,
13D2,
13A0,
1456,
164A,
181E,
1989,
1A67,
1A36,
1B87,
1FB2,
23DF,
2785,
291C,
26B6,
24FE,
26D8,
2774,
23A0,
207F,
2165,
22AB,
22BF,
21C6,
1E1E,
1BAA,
1F23,
2339,
2374,
22BE,
2303,
22FE,
2111,
1F0B,
1F99,
20BC,
2052,
1F03,
1CA4,
19B3,
16C4,
1406,
123E,
1137,
1139,
11DD,
12A7,
1334,
10F3,
0D3B,
0CEE,
0E5F,
0B4D,
055D,
017A,
FF47,
001A,
0357,
03A0,
019A,
0442,
0AE4,
0BC8,
073D,
05B7,
0749,
08B0,
09DE,
09C0,
082D,
05AE,
022C,
0027,
001F,
0114,
0329,
04AA,
050F,
05B3,
06A4,
0943,
0E89,
1343,
165E,
18F6,
1B5C,
1C24,
1A2B,
17AF,
1506,
1479,
1955,
1C29,
16CC,
1256,
1583,
1853,
14C6,
1113,
116E,
1364,
169C,
19E5,
1B0E,
1C61,
20F9,
25F3,
283E,
28D9,
270F,
2461,
22AE,
2234,
258E,
2AA2,
2E46,
3106,
3234,
3284,
337C,
34E3,
3801,
3B85,
3961,
33D2,
3259,
334C,
2FAE,
2953,
2A8F,
3177,
33C8,
325A,
3057,
2DD0,
2EEF,
3382,
34A7,
3241,
32FD,
3723,
3737,
329A,
2DA8,
289D,
254E,
243C,
24DF,
2790,
295E,
2942,
2B50,
30F1,
3585,
37BC,
393F,
3A55,
39FC,
36B6,
370B,
3FBE,
4697,
468D,
44E2,
42E8,
4065,
3D71,
3A59,
36A6,
352C,
3A76,
3EC9,
39D0,
3544,
3A37,
4151,
45B3,
48C9,
4A3F,
4A69,
492B,
46E8,
439F,
4013,
3D26,
3B8E,
3F56,
44B7,
444D,
40FA,
3DD4,
3AAA,
3843,
368B,
371D,
3889,
3527,
2EC0,
2983,
252A,
23F8,
24D7,
1F48,
154A,
1403,
19ED,
1CE2,
1D62,
2306,
2D31,
3096,
2D1D,
27B6,
206D,
1DFE,
2145,
2369,
23E3,
22A0,
1F13,
1DB5,
1FA9,
203B,
1E4A,
1D70,
1E8D,
1FC1,
20E7,
2098,
1D8A,
1BFC,
1DBF,
20A2,
249B,
2829,
2B81,
293A,
1A57,
0E0E,
0EFF,
1119,
0DD7,
0B3D,
0CBF,
0FAB,
131A,
167D,
184F,
1A87,
200B,
250D,
2415,
21FA,
23A6,
274A,
2E38,
349C,
3223,
2BE0,
266D,
2282,
2606,
2D02,
3054,
3210,
35CB,
398C,
36B3,
3003,
2C84,
2AA5,
24F0,
1D75,
1E98,
25A1,
2583,
2045,
1DDF,
1DF5,
2401,
2F1A,
3282,
2E99,
2B36,
287A,
2437,
1E7E,
1C14,
1D7B,
1ECE,
1FF4,
1D75,
1662,
0FC5,
0A45,
06FB,
073B,
038C,
F8C1,
F431,
FAE3,
01E2,
06CD,
0A80,
0CCA,
0BFF,
05D4,
0175,
0353,
058C,
0662,
05F6,
032D,
0132,
0406,
0492,
FAD6,
F4FE,
041A,
F672,
FE68,
081C,
0FB5,
1502,
1541,
1323,
10EE,
0E74,
0CCF,
0B2B,
08B4,
0593,
0187,
FCDC,
F681,
F0EB,
F54D,
FDE4,
FEC2,
FAF7,
F48E,
EC8B,
E7F8,
E580,
E1B2,
DD5A,
DA6F,
D8E4,
DA27,
DDCA,
E548,
EF75,
EE91,
E41C,
E12A,
E539,
E686,
E51D,
E5E0,
E8D0,
ECAE,
F18A,
F0B9,
E92D,
E08E,
D70A,
D228,
D3CC,
D402,
D128,
CF25,
CEF9,
CC22,
C42B,
C0C0,
C5CC,
CCDD,
D59B,
DA5C,
D669,
D302,
D449,
D5AA,
D5CD,
D509,
D38D,
CF12,
C2D3,
B9F4,
BF8B,
C687,
C544,
C396,
C661,
CB47,
D33C,
DA0C,
D93C,
D557,
D0EF,
CCCB,
CBE0,
CC19,
C9B4,
C86B,
D115,
DD38,
E24D,
E3A4,
E349,
E196,
DF37,
DCEC,
DD10,
DF8E,
E92C,
F664,
F8D5,
F428,
F22F,
F20A,
F2D4,
F4B1,
FBD3,
06C9,
0681,
FC9B,
F98A,
FCC6,
005A,
043F,
0280,
FAC2,
F5E5,
F482,
F383,
F30E,
EE26,
E361,
DD70,
DEC8,
DCFE,
D5B7,
D0E6,
D049,
D177,
D49D,
D7B3,
D968,
DE5C,
E9AC,
F249,
F3A5,
F4B3,
F909,
F8A6,
ED4E,
E1FC,
DC42,
D917,
D801,
DB24,
E7C8,
F28C,
F0C5,
EAA9,
E225,
DBD7,
E095,
E7C4,
EA5E,
EA40,
E488,
DEC7,
E357,
EA31,
E81C,
E340,
E304,
E4A6,
E637,
E764,
E52D,
E1DF,
E40B,
E87A,
E689,
E190,
E307,
E7E5,
E6D3,
E245,
E2E3,
E6D3,
E67B,
E31F,
E332,
E5E3,
E5D2,
E376,
E383,
E5B3,
E67F,
E5F4,
E2EB,
DD4F,
DDB9,
E4C3,
ED84,
F846,
F5D3,
E27E,
D4ED,
D0AF,
D09F,
D570,
DA62,
DDEC,
E46C,
EFFB,
F745,
F60E,
F5DD,
FA82,
FBA1,
F4E4,
EEEF,
EE18,
EBCB,
E457,
DDB3,
DB8C,
D95F,
D45B,
CFFA,
CEB3,
CE1C,
CCC4,
CB95,
CAC1,
CAC5,
CCC7,
CF5A,
D16F,
D2A3,
CFDA,
CE36,
D846,
E44D,
E39F,
DE09,
D9D0,
D82A,
E33A,
F2BF,
F5F3,
F2F5,
F1A4,
F090,
ECC5,
E8A7,
EE5A,
F9D6,
0015,
02D0,
0545,
06D4,
0338,
FBD7,
F7B8,
F665,
F668,
F7CD,
FB65,
00EF,
05B3,
0988,
0BBE,
0C42,
094F,
0295,
FF3E,
0069,
FC59,
F14B,
EC0A,
EEEB,
F3A8,
FA67,
FB65,
F297,
F0DA,
FC5F,
04C5,
0566,
0390,
FF92,
FA13,
F265,
EE20,
F21B,
F46D,
EFE5,
E9A1,
E297,
DC1C,
D707,
D4FB,
D943,
DEE8,
E2EF,
E5C3,
E663,
E544,
E0C6,
DD06,
E04A,
E51A,
E583,
E5BA,
EBED,
F28A,
F1DF,
ECEF,
E2E3,
D802,
D82A,
DC30,
D5F3,
CC08,
CAD5,
CE4E,
D193,
D47C,
D403,
D0D7,
C937,
BF26,
BC9E,
BF61,
BFF5,
BF1D,
BDD6,
BC5C,
BCFB,
BF93,
C659,
D0C3,
D669,
D736,
D6E2,
D584,
D18B,
CAC7,
CA18,
D0C9,
D464,
D3AA,
D1D1,
CEA0,
CE50,
D28B,
D37A,
CE3C,
CEFC,
DA7B,
E27C,
E2C6,
DFA9,
D898,
D184,
CBF7,
C829,
C7BE,
C634,
C02A,
BBEE,
BDBD,
C026,
C0E0,
BFFE,
BBE7,
B702,
B199,
AF21,
B5AE,
BDCE,
C11D,
C311,
C5B5,
C749,
C4D0,
C188,
C1F7,
C343,
C2F2,
C0D5,
B866,
AF21,
B110,
B7FB,
BA9F,
BBD4,
BFAE,
C477,
C6DA,
C77B,
C563,
C1CC,
C02B,
C070,
C6D0,
D13D,
D5A8,
D5A1,
D645,
D769,
DA4F,
DEC2,
E401,
E9DB,
EB9D,
E953,
EA06,
EDE0,
ED5C,
E811,
E243,
DC2C,
D7BA,
D55C,
D585,
D88C,
DD9D,
E566,
E790,
E0BE,
DC76,
DDD3,
DFAC,
E166,
E231,
E12B,
E04D,
E030,
E0DA,
E309,
E43A,
E25F,
E178,
E488,
E695,
E41F,
E10C,
DEBC,
DE48,
E1E6,
E7BA,
F0C6,
F809,
F67B,
F221,
EF4B,
EC85,
E9A0,
E67E,
E285,
DE9D,
DC8A,
DB0C,
D812,
D511,
D559,
D67C,
D2CE,
CD66,
CBF8,
CD13,
D0E9,
D5FD,
D70A,
D554,
D13D,
CBE7,
CB88,
CEBA,
D0E7,
D297,
D64C,
DB77,
DF11,
E135,
E1B0,
E09C,
DF0B,
DD0C,
DD3E,
DFC0,
DF01,
DAAB,
D810,
D78B,
DA5A,
E120,
E6AA,
EA20,
ECA0,
EE0D,
EE78,
ED6E,
EEE1,
F488,
F9B5,
FD37,
FFE2,
016B,
02E4,
04FF,
05C6,
0448,
00F7,
FA81,
F61E,
F7E3,
FAE8,
FD7F,
FF3D,
FEB8,
FD9D,
FCAF,
FC08,
FC4C,
FCA7,
FC30,
FBE9,
FD7D,
FE9E,
FC07,
F7FD,
F387,
F003,
F144,
F4B1,
F794,
FA64,
FCD4,
FF03,
0083,
0210,
0652,
0BBA,
0F00,
10C3,
103A,
0E70,
0EFE,
1146,
1598,
1B33,
1DD7,
1E40,
1F64,
20F2,
222B,
22FF,
20D1,
1C00,
18A0,
16BE,
1750,
1A66,
1C15,
1C17,
1C5C,
1CFC,
1D2E,
1CDE,
1CBA,
1CB1,
1F2D,
2512,
2A5D,
2E4C,
30E0,
31AC,
3176,
2FFC,
2FA9,
31D3,
33D6,
3525,
34B6,
3108,
2D9E,
2BEE,
2BE8,
2EE5,
31AF,
322A,
31F5,
3104,
3112,
34B5,
3843,
38CB,
37F4,
35B5,
337D,
33BA,
340F,
31C6,
2EBE,
2C5F,
2AB3,
2B1B,
2C33,
2BE0,
2B0E,
2B13,
2B00,
28DA,
2582,
21D8,
1E06,
1AB1,
17F4,
1732,
17B2,
183C,
187B,
1534,
0F85,
0AEF,
0759,
06D2,
08BD,
09A6,
09A6,
070A,
022C,
010E,
0391,
063B,
0901,
09A3,
07DF,
08D4,
0D06,
1111,
14BC,
1767,
18A8,
1B21,
1F88,
22A8,
23BD,
2457,
24B5,
2440,
22B9,
20D7,
1EC0,
1CAB,
1ABA,
18FA,
175F,
16A2,
179E,
184B,
174B,
164D,
15D4,
1681,
19B3,
1D30,
2015,
20E5,
1C0D,
16B5,
1537,
15F1,
1A66,
1EC2,
1D40,
1A13,
18D0,
189F,
1A9C,
1CF2,
1BFE,
19F2,
19DD,
1A96,
1AF3,
1B2A,
1B2F,
1B16,
1AFF,
1AEC,
1AEE,
1B03,
1B64,
1BE2,
1B75,
1A79,
1A87,
1B51,
1BCF,
1C0F,
1BAC,
1AC5,
1A87,
1AE1,
1C89,
1F62,
1EBC,
1A94,
16F1,
13ED,
162B,
1E7A,
22FE,
2284,
2050,
1C20,
1ADC,
1E0D,
1F88,
1E0A,
1B7F,
17CC,
1494,
1271,
10F6,
1040,
102A,
10B8,
1200,
1427,
16FE,
1ABB,
1E5B,
2133,
23D3,
2657,
28D2,
2B88,
2DDC,
2F66,
300E,
2EF2,
2DE4,
2F22,
3090,
30E3,
2F96,
296C,
2346,
24E7,
28AF,
2935,
274B,
1F89,
1659,
1427,
1567,
1772,
1977,
1757,
12E2,
0E81,
0A4A,
0811,
072B,
062A,
053F,
04A9,
045C,
048D,
0512,
0533,
04F3,
03D3,
01F2,
FFF7,
FDEF,
FD05,
FD32,
FD06,
FC86,
FC7E,
FCDF,
00BC,
08A2,
0B29,
06D2,
04CD,
063C,
08F7,
0D85,
0D64,
061F,
0087,
FE75,
FF94,
0564,
09B6,
0A31,
0984,
074F,
0774,
0CA2,
12B3,
18AF,
1D53,
1F1A,
1F86,
1E9B,
1D82,
1D29,
1D2C,
1DC7,
1E66,
1EA6,
1E70,
1D2E,
1BCA,
1BB0,
1AE4,
1565,
1062,
13CE,
19D4,
1C36,
1D52,
1DE2,
1EFB,
24E1,
2C1C,
2E2A,
2D61,
2ACF,
27EE,
2ABB,
30BD,
35ED,
3A55,
3ACB,
38DA,
39F3,
3D05,
4082,
43FC,
4351,
3F3D,
39EF,
33B5,
300C,
2ED1,
2ECE,
2FF0,
3144,
32BA,
314B,
2CB0,
2C36,
30A4,
31E3,
2EEA,
2DEC,
2FC4,
30C7,
30AA,
2D6A,
259D,
20A8,
2099,
2305,
2887,
2C9D,
2D06,
2E5B,
3225,
36AA,
3C35,
3FA0,
3E3C,
3C88,
3C08,
3DA6,
43F9,
49D3,
4C09,
4BBC,
4766,
42A3,
40A3,
3F4C,
3D67,
3C30,
3DB3,
3F02,
3B33,
37B8,
3C53,
438E,
4892,
4BF2,
4B7D,
4934,
4824,
4709,
4398,
3F54,
3CAD,
3B80,
3EC0,
43DE,
437D,
3F93,
3A22,
33D9,
317B,
31B4,
30CA,
2EE7,
29C5,
2236,
1D73,
1B0E,
1955,
184B,
1531,
1048,
1104,
176A,
1D03,
2175,
2666,
2BF0,
2BAD,
2473,
1F24,
1CD1,
1D75,
2210,
23FE,
216B,
1F35,
1E19,
1E55,
20CA,
21B1,
1F37,
1DA4,
1EB4,
1F78,
1EF8,
1DDB,
1B8F,
1ADE,
1E26,
220F,
2620,
26E3,
1FBF,
16A8,
0DBF,
07AB,
09EC,
0D98,
0C78,
0BBA,
1033,
15CD,
18B0,
1B30,
1FB2,
2441,
263F,
271B,
277A,
285C,
2DFA,
34A2,
3566,
32B7,
2CE0,
2658,
2823,
2E83,
3306,
3651,
3777,
36CF,
34D8,
31A7,
2CBF,
26B1,
21D9,
1E36,
1DE7,
2064,
2221,
2336,
21C9,
1E0E,
2203,
2D89,
31F2,
2E8F,
2A09,
248A,
1F75,
1B0C,
18C9,
1928,
19D1,
1ABC,
1823,
1069,
0978,
0481,
0102,
FFC7,
FCCC,
F579,
F2B8,
F8EF,
0067,
0787,
0B9C,
0960,
05EB,
02A0,
00B1,
021C,
03F6,
04D4,
04BE,
02BE,
FF9D,
F974,
008D,
0116,
0123,
FE83,
FC4D,
FDB6,
024A,
0EAF,
1A94,
1713,
0E72,
0D27,
0DB6,
0A08,
04F8,
02FE,
01D3,
FCCE,
F638,
F1B1,
EF09,
F1D4,
F780,
F93F,
F7D5,
EFB3,
E369,
DF5B,
E108,
DE21,
D842,
D6D9,
D92C,
DCA5,
E11F,
E774,
EF41,
ED61,
E1E6,
DE9B,
E449,
E6F1,
E5E1,
E6B4,
E9CA,
EC65,
EE98,
EA37,
DCFC,
D367,
D02E,
CEF3,
CFDF,
CFF6,
CE19,
CBA4,
C887,
C5A0,
C28D,
C3F1,
CDF4,
D699,
D96A,
D919,
D415,
D08E,
D3D4,
D65B,
D3B5,
CEFD,
C82A,
C1AE,
BD3B,
BC3D,
C3F0,
CBB0,
C86F,
C531,
CF48,
DAEF,
DB2B,
D704,
D2E1,
CEC5,
CCA7,
CBC0,
CB29,
CBF1,
D190,
D9A3,
E1AF,
E87F,
E6C5,
E098,
DF2F,
E074,
E057,
E06A,
E957,
F760,
FACC,
F6AE,
F3CE,
F1E2,
F37D,
F81B,
FE46,
0589,
055C,
FE4D,
FAFA,
FB66,
FE90,
04A5,
0275,
F6C4,
F14E,
F3E8,
F336,
EDF4,
E7C1,
E08B,
DBD5,
DB05,
D8B9,
D357,
D013,
D054,
D293,
D729,
DBC0,
DEE6,
E488,
EFBE,
F798,
F6BF,
F4CF,
F5B2,
F274,
E484,
D899,
D776,
DA19,
DE9C,
E4F1,
EF14,
F50F,
EAA9,
DE78,
DDA6,
E10C,
E738,
EC6D,
E857,
E21B,
E202,
E43F,
E6EA,
E8F6,
E57C,
E0B2,
E3A3,
E927,
E71A,
E210,
E311,
E6CA,
E685,
E43D,
E3E6,
E4A9,
E541,
E5B5,
E4F0,
E368,
E41A,
E659,
E5BB,
E2ED,
E33A,
E61F,
E618,
E366,
E3EF,
E7B0,
E526,
DBF6,
DC11,
E69D,
EFAE,
F6BB,
F32A,
E251,
D58E,
CF79,
CF45,
D6BC,
DCD7,
DED4,
E4A1,
F16D,
F919,
F666,
F53B,
FA5A,
FBA4,
F407,
ED75,
ECE1,
EACB,
E30A,
DC36,
DA5F,
D87E,
D36A,
CF0E,
CE49,
CE1B,
CC7E,
CB0F,
CA91,
CB3B,
CEB8,
D1EA,
CFE3,
CD94,
D09D,
D61A,
DE5E,
E515,
DE14,
D419,
D91B,
E473,
EDC0,
F506,
F3FF,
EEAD,
EBFC,
EAE4,
EB6D,
EDD5,
F64A,
01D1,
0552,
035A,
0281,
01DF,
FCA3,
F468,
F34C,
F7FE,
FA8A,
FB6C,
004F,
08A5,
0C62,
0B80,
0993,
06A4,
03E4,
0196,
FCF7,
F5AC,
F098,
EE37,
F0FD,
FABD,
FCA0,
F1CB,
EF98,
FC5B,
0577,
066F,
04D5,
00C4,
FB9C,
F536,
F1E4,
F54D,
F6E0,
F296,
EC54,
E417,
DCFD,
D928,
D822,
DB72,
E013,
E504,
E820,
E5A4,
E207,
E001,
DF51,
E185,
E4A8,
E6A5,
E941,
F073,
F66B,
F120,
E7C0,
E1A7,
DD3D,
DC7F,
DC6A,
D494,
CB2B,
CE67,
D72B,
D91F,
D72B,
D318,
CD59,
C686,
BFAC,
BFB0,
C3F1,
C1D7,
BBC7,
BA15,
BBD9,
BFC4,
C596,
CCDC,
D513,
D824,
D65C,
D305,
CE47,
CBFC,
CC53,
CF1D,
D4A0,
D47B,
CD57,
CBC8,
D1EA,
D304,
CC6E,
CC93,
D6F8,
DF5D,
E3AE,
E380,
DCF5,
D6AC,
D28E,
CF46,
CD5E,
CA7C,
C4E9,
C127,
C1BA,
C343,
C576,
C519,
BE60,
B766,
B2EB,
B159,
B573,
BAE9,
BF1E,
C2AD,
C54A,
C676,
C42B,
C1CB,
C41E,
C69B,
C47D,
BFCA,
B6FE,
AEDB,
B18F,
B820,
B8FC,
B8A3,
BE33,
C555,
C5E1,
C2EA,
BF23,
BB56,
BB8D,
BE9E,
C4C0,
CC5E,
CD66,
CA7A,
CC3A,
D139,
D6B6,
DC94,
E0D0,
E39D,
E61A,
E82A,
EA9B,
ED38,
EA31,
E1C1,
DC2C,
D9D1,
D6B8,
D2A5,
D5BA,
E13C,
E66B,
E31F,
DFD1,
DD1B,
DCAA,
DF9C,
E11C,
DFEC,
DEF9,
DEBE,
DF34,
E0CF,
E1B3,
E0D1,
E0F4,
E3BF,
E550,
E3E2,
E0B5,
DA8F,
D705,
DA4B,
E084,
EA20,
F1F1,
F290,
F184,
F1EB,
F1B6,
EFA9,
ECB0,
E8E4,
E532,
E355,
E198,
DD69,
D9AC,
DBAB,
DE59,
D95E,
D272,
D12C,
D2C1,
D67E,
DA98,
D9D3,
D632,
D0AF,
CAA5,
C953,
CAEE,
CBEF,
CD2E,
D1F1,
D8C0,
DC8E,
DE15,
DDDE,
DC46,
DC2E,
DD2F,
DDFB,
DE81,
D9BF,
D06E,
CF0C,
D56A,
D9E4,
DC3C,
DFB2,
E45A,
E58F,
E2BA,
E14F,
E1D9,
E4E2,
EB15,
EFDF,
F231,
F4C9,
F7FC,
FBD6,
0124,
0262,
FCAE,
F785,
F507,
F491,
F74B,
F9DD,
FAD4,
FB2E,
FA9F,
FAA3,
FC9C,
FE2A,
FD4E,
FD69,
0200,
0560,
02DF,
FDC3,
F5A2,
EEF1,
F047,
F382,
F34E,
F2E0,
F4F7,
F7A8,
F8AB,
F9B1,
FD4F,
01AD,
04F9,
06DC,
0405,
FF48,
FCF5,
FCCA,
027C,
0B13,
0F13,
10B2,
140F,
1825,
1B64,
1DB0,
1CAF,
1949,
15E4,
12BC,
1410,
18E0,
198D,
16D9,
18B3,
1E77,
1E0F,
17C9,
14A9,
14DE,
17B8,
1D68,
20CB,
2152,
217F,
2159,
22E2,
26B2,
2A39,
2D0F,
2FB0,
326E,
318C,
2AF5,
2676,
2692,
283B,
2BB2,
2DB4,
2C2D,
2ACE,
2A68,
2CBB,
34D4,
3B12,
3A6C,
3882,
37A2,
3662,
347C,
3188,
2BA2,
276F,
2AB6,
2F15,
2EF0,
2E82,
317F,
352A,
380B,
38FE,
33DA,
2C93,
2751,
23A6,
240A,
260A,
2599,
243C,
240E,
23E7,
2074,
1BC3,
1B3E,
1CDF,
1D26,
1C44,
17D1,
1123,
0BC6,
07D7,
0AF2,
12EA,
1272,
0B89,
092C,
0A7F,
0A4D,
08E0,
086A,
08E1,
0AA9,
0DC4,
0F24,
0E92,
0F1D,
10E7,
1523,
1C6B,
1F60,
1C5C,
1AAB,
1B8F,
1BBF,
1AD1,
18DA,
155E,
131E,
1302,
14AD,
18BE,
1CFE,
20B9,
23CD,
264F,
25C8,
1F54,
192E,
1674,
15DB,
1919,
1ADD,
159C,
110E,
1315,
16D4,
1A23,
1D24,
1F44,
2062,
1FB7,
1DEC,
1ACC,
179D,
160B,
160F,
1A41,
1EF6,
1CD1,
187B,
18CB,
1AFF,
1C37,
1CE0,
1C71,
1B58,
1A1A,
18FC,
19FD,
1C12,
1B43,
18EC,
1A77,
1E54,
1D9E,
19CD,
1A07,
1D3A,
1E35,
1D51,
1A68,
15CB,
1444,
15C2,
1968,
1F26,
21D6,
210E,
20D0,
2164,
2014,
1C78,
19FE,
1937,
1896,
1829,
161D,
1166,
0FB4,
12D3,
17D1,
1F04,
23A4,
2331,
21BB,
2014,
1E55,
1CE5,
1B1E,
183A,
16EF,
19AC,
1C4E,
1BFC,
1C82,
20C0,
251E,
275D,
2898,
289B,
2851,
2895,
293A,
2B3A,
2C61,
28A4,
242E,
247E,
25FA,
24AA,
2297,
224E,
2236,
1FC1,
1C12,
17CD,
1397,
119B,
113E,
13B8,
1722,
13E9,
0D15,
0AC4,
0B36,
0B18,
0AAA,
09BD,
084F,
0593,
01E6,
FF36,
FD81,
FDB5,
FFAD,
0350,
086A,
0A6E,
0936,
0835,
078A,
05DA,
0321,
FFC8,
FBAE,
FA6C,
FCD6,
FFB3,
02A1,
05BC,
08E9,
0BF6,
0EEE,
1067,
0F8B,
0E97,
0E1A,
0E21,
0F74,
0EBE,
0937,
05E2,
08B9,
0CF1,
1155,
1515,
16FE,
17E1,
1731,
172B,
1A46,
1DC5,
1FDA,
2183,
23A5,
2470,
206B,
1C0A,
1CAF,
1EE0,
1FFE,
20B5,
2101,
20D0,
1F64,
1DBB,
1DB9,
1E88,
1E8A,
1F10,
2482,
2C11,
2F40,
300E,
31FC,
342B,
34D9,
345D,
31EF,
2E6D,
2DF1,
2FE3,
345E,
3AB0,
3D10,
3C1C,
3C2E,
3D0B,
3D7B,
3D79,
3BF9,
38FE,
348C,
2EAF,
2A06,
26D0,
26CA,
2A75,
2E36,
31BB,
32FF,
311E,
2FB8,
2F69,
301C,
3262,
3343,
3177,
3037,
30D1,
2FC0,
2AF2,
27C5,
288D,
2B8B,
3185,
36DD,
3916,
3ABF,
3C9E,
3EB8,
41F8,
43EC,
4182,
3F43,
410B,
4404,
474F,
49E5,
4A21,
4865,
42FD,
3CF8,
3A5B,
395C,
3930,
39E9,
3C2A,
3EB1,
3E32,
3D1D,
40B9,
462B,
4968,
4AAA,
46D4,
4016,
3BAB,
3899,
358A,
32F1,
32E6,
34B3,
3783,
3AA9,
37D6,
306B,
2B99,
28EA,
27AC,
27B4,
2552,
20AC,
1C0E,
178E,
1551,
1590,
1559,
1475,
1534,
17C0,
1C74,
23BD,
28AE,
2A35,
29E6,
27B4,
2377,
1C51,
1904,
1C93,
2022,
224A,
2209,
1D4C,
1A65,
1CC9,
1EC1,
1DE4,
1CCF,
1C42,
1C2D,
1D28,
1DA6,
1BE1,
1AFC,
1DFA,
215F,
23B0,
2366,
1C81,
13CC,
0C12,
06EF,
09B9,
0F42,
125A,
151C,
18C9,
1CE8,
21B0,
262E,
27BF,
2822,
2A92,
2D62,
2C9C,
2A9E,
2E25,
33D7,
3311,
2E76,
296E,
24BC,
27BD,
2FCE,
344B,
35FD,
34AB,
30BD,
2C9A,
2843,
22FD,
1D1E,
1A7F,
1AFF,
1CBA,
1F9E,
20BA,
1FDA,
1FE8,
20EC,
24FB,
2CDA,
2D2F,
239E,
1BD3,
177B,
1499,
137A,
130F,
135E,
12A2,
1060,
0B47,
0161,
FAAB,
FB4A,
FB6D,
F7CF,
F5A7,
F6C6,
FB04,
04E5,
0C7E,
0C05,
08DE,
03D6,
FFD0,
0086,
01EC,
0147,
030E,
02FC,
029C,
00F3,
FF14,
FE3D,
FDD2,
FCFB,
FD62,
02D5,
0A6B,
12F2,
1957,
1309,
07F4,
0650,
081B,
0428,
FDE2,
FB7E,
FAA9,
F54A,
EE12,
ED1A,
F018,
F3C3,
F755,
F363,
E9FB,
E24F,
DC1C,
D9F8,
DB49,
D9B4,
D5D5,
D764,
DDEB,
E430,
EA02,
EBD1,
E95E,
E53A,
DF4B,
DF7A,
E746,
EA42,
E647,
E635,
EC6C,
EBB7,
E08D,
D647,
CEC2,
CB1A,
CD5B,
CEC9,
CD34,
CB21,
C8C8,
C665,
C362,
C3E8,
CB98,
D39F,
D9B2,
DBF2,
D5E5,
D085,
D28C,
D4B7,
D330,
CF83,
C84D,
C14B,
BD94,
BD1B,
C381,
CABC,
CABC,
CA0B,
D064,
D804,
DB32,
DB15,
D41B,
CB85,
CBA3,
CF2D,
CDE9,
CC2D,
D3A5,
DF28,
E540,
E7DB,
E698,
E2E1,
E070,
DF39,
E186,
E699,
EEAF,
F875,
FAFA,
F7DD,
F468,
F0DC,
F455,
FDD4,
0312,
0445,
0245,
FD23,
FB20,
FC7E,
FF07,
02F2,
FF22,
F1C6,
ECA9,
F310,
F26A,
E72C,
DF2F,
DD0C,
DABA,
D75C,
D422,
D0D5,
CFEE,
D2C5,
D6B5,
DB1E,
E071,
E6E7,
EDBA,
F575,
F9D0,
F720,
F26B,
EDE5,
E74E,
DB0E,
D2F1,
D8F1,
E22B,
E924,
EE2D,
EF57,
ECBD,
E17C,
D81B,
E122,
ED32,
EB1F,
E4ED,
E29E,
E22E,
E519,
E8A0,
E6D3,
E341,
E378,
E544,
E623,
E666,
E4D8,
E2AA,
E456,
E7C4,
E629,
E1EB,
E32E,
E7A6,
E6AE,
E23A,
E2CB,
E6E0,
E695,
E2F2,
E2DA,
E5B8,
E608,
E404,
E443,
E6C2,
E4A9,
DDBD,
DD70,
E47E,
ED1D,
F78A,
F517,
E235,
D4C8,
D034,
D044,
D5E8,
DBA3,
DFDC,
E652,
F0A3,
F76A,
F762,
F746,
F972,
F945,
F47B,
EF6A,
EBE4,
E806,
E316,
DE27,
D99C,
D5C2,
D349,
D116,
CE29,
CBFD,
CC28,
CC9F,
CB1A,
CA8A,
CF40,
D386,
CECC,
CA4E,
D2F4,
DE41,
E051,
DE55,
D924,
D4E6,
DDB8,
EB4F,
F1AB,
F3BE,
F056,
EA58,
E8C2,
EA04,
ED9E,
F324,
FB87,
04D7,
05B8,
00E2,
FE63,
FD29,
F881,
F1DB,
F315,
FAA3,
FE4D,
FEBE,
0407,
0D79,
0E85,
0745,
0471,
0671,
0394,
FB5C,
F484,
EF70,
EF94,
F64E,
F91E,
F5EC,
F41C,
F462,
F9B1,
06EA,
0C36,
0352,
FC01,
FAB0,
F931,
F5F6,
F498,
F801,
F6A4,
E994,
DE87,
DCAE,
DC78,
DACC,
DBC7,
E3D4,
E9FD,
E640,
E15C,
E0B5,
E11B,
E11F,
E217,
E58F,
EA4D,
F10D,
F635,
F35D,
ED0D,
E5FE,
DF93,
DFB8,
E0E0,
D77B,
CC2B,
D00B,
D9E6,
DB73,
D8B3,
D4AF,
CF76,
C8E4,
C243,
C26A,
C64F,
C34A,
BC58,
BA53,
BC0C,
C093,
C765,
CE87,
D593,
D7E7,
D602,
D234,
CCC1,
CBFB,
CFD7,
D1FA,
D241,
D0C5,
CD4F,
CCCA,
D004,
CFA8,
CA2B,
CD05,
DB81,
E430,
E388,
E056,
DAB2,
D61A,
D420,
D197,
CDB9,
C9A3,
C510,
C2F2,
C5AB,
C7BA,
C729,
C384,
B9D7,
B261,
B2A6,
B564,
B943,
BDBD,
C27F,
C5FF,
C5B5,
C4C7,
C585,
C6D5,
C9D6,
CA83,
C111,
B649,
B451,
B59D,
B66A,
B7AE,
B9A1,
BC47,
C169,
C5F5,
C125,
B8E6,
B796,
BA19,
BE90,
C421,
C77A,
C952,
C87F,
C6B1,
CC65,
D6AE,
DB76,
DC95,
DFE2,
E47E,
E83D,
EB02,
E9BD,
E4E5,
DF00,
D852,
D31C,
CF85,
D1DE,
DA42,
DF97,
E154,
DF47,
D8BD,
D836,
DFC0,
E21B,
DCC0,
DAF1,
DF03,
E155,
E03D,
DFEB,
E15B,
E277,
E2B5,
E30E,
E46A,
E21E,
D815,
D20C,
D64C,
DD4A,
E5E9,
ECC7,
EE65,
EEC9,
EF8C,
EFF3,
F023,
EF4A,
EC0C,
E894,
E721,
E554,
E022,
DBB4,
DE83,
E100,
D7DB,
CD9D,
D02D,
D6ED,
D9D9,
DAD5,
D92E,
D5CF,
D0CB,
CBBE,
CB7E,
CDC4,
CE70,
CF2D,
D51D,
DD7A,
E0E2,
E111,
E040,
DEA0,
DEA2,
DF8C,
DE8A,
DBFA,
D603,
CDBF,
CE1C,
D5C5,
D8CE,
D7AF,
DA10,
DFBC,
DF4A,
D88A,
D8AC,
E08D,
E637,
E8EA,
EBE4,
EF39,
F337,
F824,
FB78,
FCCA,
FAD2,
F42C,
F0BE,
F364,
F563,
F50D,
F47B,
F3E8,
F36C,
F2F5,
F3A5,
F6AD,
F917,
F8B7,
F9F7,
0118,
04C1,
FCD6,
F4B2,
F3AA,
F3C2,
F1D2,
F0B6,
F303,
F5DE,
F6C1,
F761,
F8C3,
FABF,
FE72,
01B2,
00C6,
FE28,
FB15,
F925,
FDCA,
0505,
08E9,
0B77,
0EA9,
11E7,
14A8,
16CC,
17A9,
1749,
1383,
0E2A,
0F19,
13BA,
12FA,
0ED8,
0E45,
1028,
1059,
0F51,
0DF8,
0C80,
0E93,
13DB,
17AC,
1A06,
1CFF,
2095,
2284,
22A1,
245D,
2803,
2BF4,
304C,
30C7,
2C33,
2871,
2676,
257B,
25E8,
259B,
23D0,
2282,
21D8,
2419,
2B7F,
30BB,
3058,
2F4D,
2EE2,
2EDD,
300F,
2FFC,
2C11,
29C3,
2D91,
3161,
312F,
30CD,
32D3,
3475,
3365,
3184,
3002,
2E3D,
2B94,
28D2,
2694,
2532,
2659,
282F,
287D,
27AB,
2440,
2052,
2053,
221A,
23AE,
2484,
20CE,
1AD6,
171C,
14EA,
15C4,
1813,
1468,
0D7E,
0D88,
121F,
12F0,
113A,
1179,
1328,
13DB,
13D1,
1548,
1811,
1A35,
1BB1,
1DA3,
2000,
2089,
1F19,
1CC7,
199F,
1638,
1297,
10DA,
11AF,
1137,
0E8D,
0D18,
0D76,
0F69,
1375,
16EA,
1942,
1866,
11A0,
0F1C,
169C,
1C92,
1C05,
1B10,
1B8C,
1C7A,
1DFA,
1FA1,
2191,
226A,
204F,
1E38,
1EBE,
1F0C,
1CC4,
1A0D,
1863,
1715,
15C3,
14F6,
15AF,
16ED,
1760,
1802,
1AA0,
1D82,
1DD6,
1D00,
1C5B,
1BA2,
1A18,
18D3,
1C82,
21C0,
1E6E,
16F1,
156E,
1780,
1A21,
1D0E,
1D1A,
1B21,
1900,
16FE,
19AA,
1FDD,
21EF,
2088,
1F9E,
1F0D,
1E85,
1E0B,
1C77,
19CE,
1798,
15EA,
154D,
15EE,
15DF,
14CC,
152F,
178C,
1906,
18ED,
1A39,
1DE7,
1F5B,
1CB9,
1C99,
21A1,
24B2,
2336,
2149,
1F94,
1F79,
2289,
25E3,
290D,
297F,
23C1,
1EA8,
1EA3,
1F83,
2038,
1F32,
1910,
133F,
126E,
136A,
1517,
16FE,
17CE,
18E1,
1C36,
1FA9,
202C,
1FF6,
2201,
2432,
231A,
2101,
21EA,
2369,
20B2,
1C3A,
1A40,
1979,
1870,
173D,
1528,
12A4,
10D3,
0FA8,
109A,
12D0,
1259,
0FDE,
0BFE,
073A,
0820,
0D93,
0D96,
08CF,
0485,
00BF,
00C6,
04B0,
05A0,
0334,
02B3,
0482,
0590,
057F,
071D,
0B07,
0CD3,
0B73,
0A8B,
0AD4,
0A7C,
090D,
080A,
07B6,
08DD,
0C68,
0F6D,
10B7,
11BA,
12F3,
132B,
113A,
1004,
11FA,
1257,
0CEB,
08AB,
0A7F,
0E2C,
12C5,
162F,
142D,
12FE,
1983,
2142,
24F0,
2714,
2891,
2967,
299E,
299E,
2A8E,
2B44,
29B1,
26FC,
23D0,
20E6,
211E,
22A9,
21B4,
1FED,
213E,
23F4,
2349,
2119,
22F8,
2747,
2931,
29C8,
2D6F,
3303,
3597,
35BA,
33A7,
2FD8,
3100,
3680,
3785,
345F,
348B,
380A,
3BEA,
401E,
40FF,
3E0A,
3B34,
38D5,
3656,
33B9,
31D9,
311E,
2EF1,
2A2D,
2968,
2F42,
3326,
3258,
3230,
345F,
34F6,
3201,
2FFB,
310B,
31E4,
3149,
3004,
2D8A,
2C47,
2E95,
30D9,
3004,
30E4,
382F,
3FF8,
445F,
467C,
4477,
421F,
4461,
46DC,
44CA,
41CB,
41BA,
4247,
4102,
3F50,
3FA8,
3FA4,
3911,
30DE,
30B7,
346B,
3649,
37A3,
39E1,
3C7D,
3E6E,
3FE3,
4135,
422B,
4258,
418F,
3C97,
34D1,
31AE,
3225,
3205,
3184,
3121,
30BC,
3124,
3233,
2D9A,
2361,
1EB0,
201D,
1F5E,
1BF5,
1902,
16C1,
13C4,
0F94,
0FBE,
15EF,
1A0B,
1A07,
1C21,
21FC,
2709,
2A79,
2ABC,
2617,
212D,
1D4A,
1AC7,
1A70,
1BF0,
2084,
2353,
209B,
1DAE,
1CEC,
1D75,
2097,
2261,
1E29,
1A84,
1DBC,
210A,
1E37,
1AF9,
1CD0,
1F36,
1E49,
1B8E,
16BA,
10EA,
0A0B,
0514,
0A06,
131D,
1901,
1D73,
2021,
2218,
26AC,
2BF8,
2D78,
2CDD,
2D58,
2E39,
2E55,
2E04,
2F09,
30A0,
2EE2,
2ACC,
26AC,
22E5,
2787,
32B8,
34B7,
2E92,
29F8,
26C3,
21DF,
1B7A,
178D,
1651,
16A5,
1889,
1B82,
1FA3,
212A,
1F11,
1F88,
23E1,
2699,
2703,
2273,
1676,
0E6A,
0E47,
0EF0,
0F3C,
0E9B,
0C59,
086B,
01D9,
FBA1,
F6B0,
F481,
F7CF,
FA4A,
F676,
F5CF,
00B8,
0AE7,
0B6B,
0915,
05DB,
0727,
019B,
FC17,
FCA3,
FF3B,
015C,
02CB,
00E0,
FE35,
FDA7,
FE23,
FEA3,
000D,
049A,
0AB1,
11BE,
1759,
119B,
0665,
015E,
FF85,
FD7C,
FB61,
F723,
F1C4,
EE2D,
EC03,
EB19,
EB4D,
EE7F,
F370,
EE2B,
E0C8,
D98A,
D7C9,
D738,
D7F2,
D815,
D798,
DAB9,
E193,
E777,
EC32,
EB88,
E479,
E029,
DFD4,
E1E6,
E708,
E956,
E70F,
E573,
E632,
E1D4,
D4CE,
CAFF,
C864,
C8BC,
CCC7,
CE7E,
C9F4,
C612,
C59E,
C635,
C6E0,
CA9A,
D5D5,
DDF2,
D9FA,
D422,
D1BB,
D09C,
D1FF,
D221,
CC19,
C4D6,
BF34,
BC5F,
C154,
C881,
CBDF,
CE24,
D0C8,
D3C6,
D996,
DE54,
D800,
CDD0,
CBAE,
CD71,
CEAF,
D098,
D572,
DC18,
E438,
EC15,
EA10,
E22B,
E037,
E240,
E47F,
E76E,
EF7B,
FAE2,
FD41,
F848,
F4D5,
F2CA,
F649,
FEDE,
03CD,
04FF,
0245,
FB70,
F9A9,
FDC6,
FFC2,
FF18,
FA49,
F02D,
EB80,
EF0C,
ED7A,
E38E,
DBEE,
D8E1,
D6D4,
D5AB,
D3BC,
CF71,
CF32,
D6AF,
DD6A,
DF6A,
E3A9,
EE55,
F6AD,
F7D2,
F67C,
F420,
EF0B,
E473,
DAE3,
D6E5,
D785,
E055,
EA2A,
EF8B,
F0C0,
E87C,
DF32,
DE4D,
E12C,
E7EE,
EDC8,
E7A7,
DEF9,
E19A,
E7C6,
E809,
E5EA,
E401,
E290,
E4D4,
E859,
E643,
E1CF,
E34F,
E7AD,
E6AD,
E2CE,
E343,
E649,
E61E,
E3E5,
E3C8,
E527,
E557,
E4A3,
E448,
E43A,
E497,
E555,
E5A0,
E583,
E34A,
DEE8,
DF0D,
E421,
EC16,
F78D,
F540,
E144,
D38C,
CFDA,
D0A9,
D6BD,
DCB5,
E0EB,
E761,
F1D8,
F86C,
F791,
F6F1,
F965,
F92E,
F36D,
EDD4,
EB0E,
E79C,
E1BD,
DC41,
D8C7,
D5BB,
D26A,
CF9F,
CDFC,
CCD1,
CB87,
CAFB,
CC60,
CE2A,
CF03,
CF62,
CDF9,
CE47,
D870,
E2CF,
DDB4,
D4B9,
D5C1,
DBD2,
E732,
F316,
F296,
EC5F,
E986,
E871,
E8EF,
EB50,
F370,
FE48,
02B5,
02C7,
014C,
FE59,
F9DC,
F4A0,
F356,
F54A,
F893,
FD0C,
0245,
07EC,
0AB8,
0ABB,
0903,
0596,
02E9,
013C,
FB06,
EFAC,
ED9A,
F6E5,
FA40,
F53B,
F297,
F357,
F8E8,
0554,
0ADE,
050A,
FF31,
FB61,
F918,
F948,
F9AD,
FA51,
F725,
EC90,
E2FB,
DDD5,
DB82,
DCF2,
E021,
E521,
E877,
E672,
E360,
E0F5,
DFC1,
E170,
E450,
E74C,
EB76,
F423,
FA47,
F27E,
E7DC,
E6D2,
E7AF,
E2ED,
DC6B,
D648,
D225,
D792,
DFD8,
DEF7,
D981,
D32B,
CC7E,
C906,
C777,
C687,
C5BC,
C09F,
B9B2,
B9D1,
BEEC,
C590,
CD4B,
D2E5,
D674,
D516,
CFC4,
CD13,
CCB7,
CF2A,
D428,
D3FE,
CEC1,
CDD6,
D197,
D047,
C92C,
C9F3,
D421,
DD29,
E446,
E570,
DEBA,
DA34,
DA16,
D83E,
D37F,
CE95,
C9AC,
C70F,
C847,
C9A7,
CAC7,
C80E,
BDBE,
B594,
B42F,
B55E,
B8ED,
BD23,
C139,
C41F,
C3F0,
C3B0,
C568,
C7B0,
CB69,
CC17,
C242,
B7EC,
B704,
B87B,
B6EB,
B603,
BA1B,
BF7E,
C2EF,
C417,
BE29,
B68E,
B649,
B999,
BE27,
C2FF,
C3E0,
C2F4,
C34A,
C4CD,
CA5D,
D200,
D556,
D66B,
DBA2,
E30E,
E759,
E900,
E6E8,
E1BE,
DB62,
D456,
D16A,
D23B,
D6CD,
DEA6,
DF21,
D863,
D684,
D9CF,
DB94,
DB93,
DB54,
DAC9,
DB3F,
DD11,
DD4A,
DB2E,
DB00,
DDC5,
E010,
E18C,
DFDB,
D945,
D3D1,
D0C2,
D2A5,
DCB5,
E559,
E86E,
EAE6,
EE20,
F057,
F0A9,
F022,
EF07,
ED5E,
EB0C,
E8B4,
E6C9,
E55C,
E5B0,
E450,
DBD9,
D3D8,
D403,
D6FC,
DA7A,
DD10,
DACF,
D6A8,
D2D3,
CF30,
CC1D,
CA27,
CB27,
CE11,
D2B3,
D7DE,
DA5A,
DB52,
DB88,
DB85,
DEDB,
E33E,
E0C6,
DA3B,
D5C2,
D2D4,
D2B5,
D4CD,
D796,
DACB,
DB78,
DA1B,
D88D,
D6F5,
D8A7,
DD62,
E038,
E139,
E53F,
EC4A,
F243,
F6F9,
F76F,
F30A,
EF73,
ED3F,
ECF3,
EF26,
F0B2,
F105,
F0FC,
F090,
F035,
EFF7,
F08F,
F23C,
F5AF,
FC4F,
FFF9,
FD59,
F972,
F560,
F1F1,
F031,
EF38,
EF2D,
EEF3,
ED53,
EC58,
ED69,
EFCE,
F484,
F857,
F773,
F561,
F415,
F3BC,
F5EC,
F91E,
FBDE,
FF0B,
03D3,
0945,
0F29,
1426,
1478,
1280,
10C9,
0F54,
0FCF,
114B,
129F,
13B8,
1419,
138D,
0FAA,
09F2,
06B9,
0571,
068A,
0984,
0CC9,
1034,
1161,
10DB,
1247,
155B,
19A6,
1EF2,
21A9,
21D0,
2154,
2039,
1FCE,
203D,
1F7B,
1D5B,
1BB5,
1AA4,
1BFD,
206A,
243D,
26BE,
2979,
2CB3,
2F0C,
3025,
301C,
2EA8,
2CBB,
2A66,
28CC,
287C,
29AE,
2D67,
3091,
31A6,
3159,
2F3F,
2C18,
2762,
2411,
2526,
279A,
2A84,
2CAC,
2BFB,
2A49,
2847,
26B9,
276F,
2897,
2876,
27AE,
2611,
2456,
2435,
241A,
2122,
1D1C,
1A8A,
1893,
1635,
13F6,
1329,
131A,
120C,
10B1,
105E,
10FC,
139F,
17A0,
1AAB,
1D20,
207F,
245C,
26AB,
279F,
2895,
2952,
26F5,
21D4,
1C73,
16FD,
1422,
13FE,
1642,
1AFF,
1D6D,
1D07,
1B2A,
17A4,
158F,
15A2,
14FC,
1300,
12A9,
14E8,
1632,
157E,
1522,
15DB,
158E,
133A,
1151,
1098,
110F,
138C,
1574,
1524,
14CC,
155B,
15F7,
1608,
16E9,
1A37,
1D48,
1DE5,
1E02,
1EAA,
1F7B,
2088,
21A3,
230E,
23AD,
2132,
1DEB,
1C39,
1B9B,
1D9F,
1FBC,
1CC3,
17D5,
14E9,
12D5,
0FF5,
0DBA,
1081,
1616,
1AD1,
1F18,
22B1,
2580,
270B,
2740,
242A,
1ECB,
1AF4,
1854,
1689,
1596,
1693,
1919,
18AC,
15A2,
13BA,
12F3,
1325,
1453,
16B2,
1A4E,
1BA2,
1A3D,
1A15,
1B86,
1E57,
22FD,
245A,
20DC,
1F5C,
2185,
22EA,
2283,
22CA,
24AE,
24F4,
2215,
1F5C,
1DAC,
1D3E,
1F04,
209E,
20E1,
20D3,
20D3,
200C,
1D75,
1B24,
1AD4,
1A81,
185F,
1710,
195D,
1C54,
1E16,
1ECF,
1E11,
1B2F,
12E0,
09F0,
063C,
05EE,
0AC7,
113F,
129B,
12AD,
173D,
1D4C,
2062,
21FA,
241A,
25D8,
2483,
2175,
1FCA,
1ED8,
1E1B,
1D56,
1AA6,
16AB,
1369,
10C1,
0E8A,
0CD9,
0D4F,
0F80,
0F20,
0C7F,
0B74,
0BEB,
0B86,
0A3E,
0AEC,
0DBF,
0DC2,
0A6A,
0984,
0BB5,
0E41,
1155,
0F07,
0518,
FF47,
0061,
0306,
06CC,
0AE8,
0F5E,
10F4,
0D7F,
0A02,
07FC,
06D6,
06E9,
07DE,
09AE,
0CA5,
116F,
1651,
1A64,
1DBE,
2065,
20FC,
1CF0,
1879,
1727,
1661,
1410,
12D4,
1696,
1AD5,
19C8,
182B,
1B13,
2028,
27B0,
2E8C,
2CB6,
27FD,
2967,
2D0B,
2EA4,
2ED2,
2C9F,
28AE,
2260,
1B84,
1AFA,
1E66,
21A2,
24AD,
24F8,
2347,
2126,
1EE8,
1F3B,
21D1,
270B,
2E70,
33A3,
36C6,
3AED,
3FE6,
3FA0,
3A18,
3847,
3AB5,
3A0D,
35BD,
34C3,
37D4,
3D04,
44E2,
4612,
3DC0,
377F,
359D,
3431,
3306,
316C,
2EFE,
2C39,
2875,
2880,
2FBA,
3651,
3960,
3A3B,
37E1,
34EF,
3249,
30EC,
32B6,
3474,
348F,
32A9,
2BEF,
267B,
28AB,
2C7D,
2CF7,
2F09,
396B,
441B,
45EA,
4441,
41D7,
3FB9,
4267,
45B1,
4243,
3D02,
3D63,
4027,
428A,
4410,
4154,
3BE2,
33DA,
2B7A,
2C5C,
32D5,
36E0,
3994,
3BC8,
3D72,
3EAA,
3F78,
4127,
432D,
41A1,
3D00,
3511,
2A79,
285D,
2E45,
2F85,
2BEF,
2B4D,
2DDB,
2BB9,
2442,
1D59,
1748,
15E3,
1A9B,
1BA2,
16E6,
12C2,
0FEB,
0F9A,
12C9,
1714,
1C60,
2053,
212E,
2431,
2CA4,
3132,
2CFD,
26CF,
2014,
1A73,
1761,
1737,
1C48,
215E,
236D,
22D6,
1C74,
17A4,
1CD7,
2267,
1FAE,
1BC2,
1C23,
1D93,
1E2B,
1E60,
1DC1,
1D1B,
1EB8,
1FA6,
19B6,
111E,
09FC,
0512,
07E2,
0F32,
17C3,
2066,
2223,
2086,
24D4,
2BE8,
2DCB,
2C85,
2CB1,
2D9F,
2DD1,
2D88,
2DFA,
2ED5,
2DC2,
2B20,
2670,
2036,
236E,
2F53,
3317,
2E96,
28C3,
21C0,
1C18,
183C,
1579,
13DB,
1517,
19C2,
1D8E,
1FC6,
20B8,
1FE9,
201C,
2262,
2329,
21E8,
1C10,
0E77,
05C0,
0859,
0B01,
0A43,
0862,
0574,
010D,
F9FD,
F41D,
F211,
F256,
F607,
F992,
F97D,
FA50,
01C0,
FB12,
0018,
0596,
09C1,
0B0F,
02EC,
F9D1,
FAB1,
FEDA,
0082,
0124,
FFF7,
FE2E,
FD3E,
FD39,
FF62,
02F3,
0752,
0C03,
10C8,
1423,
0DB3,
01BE,
FB49,
F84A,
F6CE,
F654,
F1C2,
EA9E,
E81A,
E927,
E981,
E957,
EAAF,
ED10,
E6DB,
D8DC,
D256,
D376,
D53C,
D7A0,
D93A,
D9A7,
DDF0,
E6E8,
EB75,
EA35,
E69B,
E04E,
DDA2,
E09E,
E3F0,
E71B,
E7A8,
E408,
DFF2,
DCC5,
D676,
C9B0,
C280,
C841,
CD6B,
CC6F,
CA1C,
C6B8,
C4C8,
C683,
CA3F,
D082,
D6B3,
DBAC,
DCF3,
D489,
CC54,
CEF2,
D268,
CE1D,
C794,
C10C,
BC76,
BF2F,
C514,
CB2D,
D0D1,
D24F,
D2AB,
D80C,
DDCD,
DA24,
D24B,
CD62,
CAC5,
CDFE,
D497,
D865,
DB37,
E3AB,
EE5E,
ED09,
E408,
E141,
E2F6,
E636,
EAFA,
F23E,
FB2E,
FD9F,
FA61,
F6CC,
F305,
F6B2,
01B6,
063B,
03B5,
FFFD,
FB16,
F9DE,
FD42,
FE3F,
FC0F,
F6AC,
ED05,
E869,
EC0C,
EA32,
DE85,
D69B,
D675,
D60B,
D353,
D165,
D091,
D2EF,
DADE,
E23B,
E597,
EA47,
F425,
FAB0,
F7D4,
F25F,
ED14,
E66D,
DBFA,
D4C6,
D8AF,
E081,
EA1B,
F154,
EE5D,
E7CF,
E0C6,
DC11,
E272,
EB08,
EA4D,
E62E,
E2B4,
E075,
E4F7,
EB0C,
E73D,
E019,
E275,
E89A,
E777,
E30A,
E32F,
E5A4,
E5FC,
E524,
E47D,
E3FC,
E49D,
E5F6,
E55D,
E368,
E3CE,
E603,
E5AA,
E331,
E368,
E609,
E681,
E4E1,
E28B,
DF89,
DFFE,
E426,
EB9B,
F722,
F4DB,
E0D6,
D319,
CF5F,
D090,
D7A3,
DE15,
E1DF,
E81C,
F2DF,
F969,
F7D8,
F6B0,
F925,
F8D4,
F296,
ECA5,
E9F2,
E694,
E09C,
DB17,
D7C5,
D4F0,
D1DE,
CF3C,
CD70,
CC39,
CB80,
CB93,
CD68,
CF0D,
CD7F,
CC60,
CFFC,
D554,
DBAA,
DFE2,
D7FB,
CF29,
D931,
E938,
EF13,
EFD0,
EC9A,
E79B,
E61A,
E71C,
EC1B,
F392,
FB7E,
02D5,
0358,
FF4E,
FBCE,
F883,
F522,
F239,
F41B,
F9BC,
FEBC,
032F,
0797,
0BA7,
0B7C,
0759,
051A,
04CD,
FF14,
F3C1,
F004,
F4EE,
F76E,
F6B8,
F4B7,
F0C4,
F4BC,
03C1,
0ACE,
0544,
FFFC,
FCE3,
FB0A,
FB1C,
FB74,
FC58,
F946,
EEF7,
E58F,
DFD5,
DD25,
DEF0,
E238,
E68D,
E90D,
E690,
E366,
E14E,
E067,
E1A6,
E47C,
E97C,
EF3E,
F621,
F9D6,
F227,
E900,
E9EC,
EB9F,
E346,
D95A,
D735,
D8E6,
DE6D,
E3F0,
DFF5,
D7F6,
D2AE,
CEAF,
CC62,
CAD0,
C72E,
C28B,
BD25,
B86A,
BBAF,
C40E,
CAEE,
D0AB,
D3B3,
D45C,
D139,
CB78,
CC76,
D2B2,
D3F9,
D116,
D003,
D08C,
CF0F,
CBC1,
CA82,
CB5C,
D2A4,
E0FB,
E68B,
E14A,
DE4B,
DEFD,
DDB6,
D9DB,
D527,
CF76,
CC2B,
CC85,
CDDD,
D083,
CEDF,
C5A5,
BD74,
B8D5,
B6FF,
B931,
BC5C,
BFA5,
C230,
C2B7,
C35C,
C52A,
C79A,
CC26,
CD13,
C330,
B933,
B786,
B785,
B4EA,
B3BE,
B8B7,
BEB1,
C165,
C177,
BB6C,
B4D5,
B631,
BA78,
BD81,
BFBF,
BF25,
BDC4,
BF1C,
C223,
C6E5,
CC83,
CFFA,
D2E4,
DAC3,
E49F,
E88A,
E842,
E594,
E0D8,
D9E4,
D1F5,
D1CE,
D77A,
DAC5,
DC24,
DA78,
D637,
D67D,
DAD7,
DB33,
D7B0,
D70C,
D96E,
D9AE,
D784,
D70F,
D898,
DB5C,
DFA1,
E05F,
DC81,
D6D8,
CEF5,
CC76,
D23D,
D87B,
DDC1,
E271,
E607,
E963,
ECF2,
EEE4,
EDF9,
ECDC,
ECC5,
EBEB,
E90A,
E722,
E923,
E8D2,
E082,
D8D1,
D755,
D8A6,
DD57,
E18A,
E0F9,
DE79,
DB01,
D6BB,
D152,
CC98,
CB6D,
CC56,
CF5B,
D308,
D487,
D56B,
D768,
DA0D,
DECC,
E315,
DF35,
D77E,
D33B,
D100,
D094,
D19E,
D41D,
D743,
D71A,
D4D2,
D333,
D234,
D397,
D6E0,
D8AE,
D99A,
DF7F,
E967,
EFB5,
F29A,
F2A6,
EFF4,
EE8B,
EE95,
EFCC,
F24F,
F37D,
F30F,
F23D,
F11F,
EF7D,
ED0B,
EE5A,
F4F5,
FA74,
FDC1,
FDC5,
F900,
F4DC,
F328,
F0E7,
ED40,
E9D6,
E732,
E4DB,
E230,
E275,
E8DB,
EF12,
F1FE,
F2EA,
F0A9,
EE51,
EE25,
EE91,
EECC,
EFF2,
F31C,
F7B0,
FE97,
0523,
07E5,
08CD,
0825,
0738,
0867,
0A77,
0CAC,
0F0B,
1265,
14D7,
10C2,
09F9,
066A,
04E5,
0643,
0953,
0B6B,
0CE0,
0CB2,
0BAE,
0C52,
0E48,
12E5,
1921,
1B89,
1B10,
1B3A,
1BC6,
1CF6,
1E93,
1D76,
19E7,
160C,
1207,
10EC,
12E3,
1514,
1752,
1BAC,
225D,
26CF,
2859,
2842,
2667,
23E5,
20D6,
1E81,
1D10,
1EFF,
2604,
2BA9,
2E01,
2E86,
2CA7,
2ABC,
2956,
2A08,
2EDE,
3313,
3495,
33D4,
2F3D,
2ADA,
293E,
28E3,
2A5E,
2B21,
283E,
2513,
2429,
23D3,
239E,
22C3,
1F76,
1B9F,
1946,
1735,
13D2,
10DD,
11A5,
13A0,
132E,
11F8,
11B2,
1201,
1301,
1488,
15F0,
17C8,
1C33,
221E,
2831,
2DCE,
2FB3,
2E7F,
28F1,
2070,
1A9C,
172C,
18A3,
1E0C,
21D6,
2421,
229E,
1DB5,
1D06,
2068,
224D,
229A,
2272,
21CE,
2064,
1E2C,
1C03,
19FB,
18ED,
193F,
182C,
14DB,
13C3,
162C,
1875,
1A00,
1A86,
1986,
17FA,
15F8,
1418,
12BB,
114A,
0F4A,
0E78,
101C,
1256,
14A4,
1687,
17B2,
170C,
120F,
0DC7,
0DE4,
1137,
1A8C,
2317,
232A,
2030,
1CB8,
1913,
161A,
14CB,
1895,
1E2C,
21F1,
24AC,
257A,
258E,
279C,
29E9,
2979,
2741,
2352,
1E85,
1B87,
1980,
1701,
1448,
10DF,
0D55,
0C5E,
0D53,
0E0A,
0ED8,
123D,
1789,
19BC,
195D,
1BB8,
2052,
21B4,
2006,
1B95,
147A,
12ED,
177B,
1D05,
2352,
27F8,
2A98,
28C5,
215F,
1C9D,
1C08,
1E5F,
248D,
28A4,
28EC,
26E8,
21C6,
1E41,
1EAE,
1E5D,
1B67,
1976,
1A1B,
1B8D,
1DAF,
1F33,
1EE5,
1E50,
1E87,
1D62,
1826,
13E6,
1591,
1765,
14A8,
1188,
10DD,
117A,
13DD,
1663,
16D4,
1655,
152B,
13F9,
13E4,
14B8,
17F2,
1B46,
1A48,
1669,
0E38,
04DE,
01DA,
0376,
0BF2,
17FA,
1CFB,
1DD9,
2063,
236F,
23A8,
220A,
225B,
23EE,
246C,
2401,
225D,
1FA9,
1E36,
1DD1,
1A43,
13CA,
105D,
1017,
0FC4,
0F50,
0ED5,
0E49,
0CFD,
0AC3,
0953,
0904,
0841,
06BE,
0585,
04D4,
03CB,
01BD,
0338,
0ABB,
1070,
11E5,
1049,
09B4,
066C,
0B67,
111A,
150F,
1824,
1A5E,
19F3,
13E9,
0E50,
0D2D,
0E3F,
11D0,
1654,
1ACB,
1F01,
229B,
24F0,
247F,
2276,
1EFE,
1B38,
18D9,
1763,
171A,
179A,
1868,
19B3,
1C1C,
1EE0,
1FB0,
2055,
2666,
2E4C,
2EEF,
2BA4,
2A46,
2A0B,
2C45,
2FA6,
2E5C,
29CC,
24DC,
1FD3,
1D5D,
1D43,
213E,
2885,
2C18,
2C50,
2B57,
294B,
290A,
2AAE,
2EC5,
3567,
3A87,
3DB9,
4023,
41D1,
40D1,
3C7C,
3A34,
3B23,
3C71,
3DDB,
3F49,
4087,
4264,
45DE,
44E2,
3BDA,
3419,
3117,
2F24,
2DEB,
2C6B,
298C,
277B,
2729,
28D4,
2E27,
3320,
352A,
3515,
316D,
2D7F,
2BE1,
2BCC,
2E8E,
3166,
3137,
2FB6,
2CA3,
2A4C,
2CE2,
31A8,
3661,
3BB5,
439A,
4AED,
4A5C,
4614,
435C,
415B,
411F,
4197,
3F72,
3C46,
3CC5,
3F07,
3E06,
3AC9,
358C,
2F41,
2CD9,
2D9E,
31B7,
3854,
3B7A,
3BA7,
3B78,
3ADC,
3A6B,
3A18,
3914,
3766,
325F,
29D9,
253B,
252B,
26E1,
2A7D,
2B74,
28C7,
25C2,
22DD,
1DC4,
154B,
1120,
140C,
1689,
16F9,
15D0,
11CF,
102E,
1370,
17F6,
1D2F,
21F0,
251E,
2827,
2C25,
2E1A,
2BB6,
2703,
1F44,
18D4,
17F1,
197B,
1D37,
20FB,
228D,
221B,
1CF3,
180C,
1A8E,
1EA6,
1E73,
1CBD,
1AE8,
195A,
1A26,
1B7B,
1A06,
179A,
17A4,
17F1,
1286,
0AE0,
0742,
0701,
0DC6,
18D4,
210E,
272A,
2912,
280F,
2A21,
2E1D,
2F18,
2DD3,
2D64,
2D95,
2DCA,
2E00,
2D64,
2C05,
294F,
255F,
2361,
2369,
2722,
2F14,
2E96,
23BD,
1B16,
161E,
12E3,
11B9,
121A,
141F,
1756,
1C20,
1EBF,
1D85,
1C6E,
1CA6,
1CAE,
1CE3,
19AB,
0FEC,
06F3,
01C3,
FFF4,
046F,
0725,
024A,
FC41,
F7DB,
F3E8,
EFD8,
EE5E,
F411,
EDDF,
F3D1,
FA82,
FC7B,
FDE6,
03FD,
09A2,
0900,
04E6,
FCAF,
F4F3,
F901,
00E0,
0160,
FEE8,
FDD1,
FD4B,
FD3E,
FDF4,
017D,
068A,
0B38,
0F02,
0F3B,
0C42,
02A8,
F51C,
F191,
F4EA,
F2D8,
ECEB,
E897,
E595,
E521,
E6E3,
E85D,
E965,
E6DD,
E0D1,
D8E3,
CF0E,
CE19,
D74B,
DBA0,
D943,
DB7E,
E3DE,
E9AE,
EBB7,
E9FF,
E34D,
DEBF,
DE25,
E00D,
E598,
E7E9,
E3DB,
DF1F,
DB6E,
D58D,
CAF4,
C37C,
C3A9,
C65F,
CB81,
CDDD,
C75A,
C260,
C620,
CBB1,
CFEC,
D453,
DAB9,
DDEF,
D5BD,
CC9D,
CD72,
CFF1,
CD6B,
C8DE,
C1BE,
BBF8,
BFA7,
C72A,
CCFF,
D1F1,
D447,
D586,
D939,
DCCC,
D982,
D2E3,
CDF4,
CAEB,
CF48,
D804,
DCA2,
DF23,
E654,
EF92,
ED5D,
E373,
E11A,
E499,
E999,
F000,
F6BD,
FD7C,
FE03,
F8D3,
F5EF,
F56A,
FA61,
0522,
07B0,
00C8,
FC07,
FA48,
FA9A,
FDA5,
FCB3,
F630,
EFC6,
EA16,
E6D1,
E7AC,
E42F,
D86F,
D18C,
D4F6,
D67E,
D148,
CF30,
D47F,
DB09,
E109,
E71C,
ED33,
F2CC,
F86B,
FA22,
F325,
EA44,
E30C,
DCD2,
D73F,
D632,
E1C9,
EE3B,
F036,
ED76,
E5E1,
DE63,
DF58,
E39E,
E8B1,
EC62,
E664,
DE4C,
E207,
E98F,
E860,
E3C6,
E310,
E431,
E5C0,
E749,
E573,
E216,
E3AE,
E7DE,
E697,
E21F,
E2EE,
E71F,
E6A3,
E2DB,
E301,
E627,
E61E,
E370,
E356,
E58A,
E63B,
E572,
E340,
DFA0,
DFB1,
E3BC,
EAF5,
F609,
F488,
E2E6,
D559,
CE95,
CEB9,
D80B,
DF64,
E180,
E700,
F2FC,
FA2C,
F7D5,
F630,
F8FF,
F8EB,
F274,
EC53,
E9A1,
E651,
E064,
DAE3,
D772,
D494,
D1C6,
CF4C,
CD12,
CBA2,
CBC8,
CC90,
CD8B,
CE39,
CCB0,
CC47,
D26D,
D981,
DB65,
DA95,
D504,
D104,
DE46,
EFC6,
F0BF,
EAC7,
E7C5,
E619,
E61F,
E820,
EF9E,
F9B1,
FF76,
0213,
007C,
FBFC,
F808,
F49E,
F2F6,
F308,
F6CB,
FD65,
02CA,
070E,
098E,
0A4D,
0960,
06D9,
02DF,
FDA1,
F7D1,
F17A,
F1CA,
F9B3,
F9CC,
EFF5,
EF9F,
FBCF,
049E,
080E,
06FB,
FFEB,
FBBF,
FD12,
FE65,
FF29,
FD53,
F78F,
EFC1,
E50C,
DE31,
DF65,
E22F,
E4F7,
E715,
E792,
E66A,
E213,
DEDF,
E019,
E2E6,
E633,
EAF9,
F3FD,
FA2E,
F433,
EC79,
ECE7,
ED96,
E6BD,
DE92,
DA45,
D91B,
DF9E,
E6EA,
E2C4,
DA60,
D5E1,
D2D7,
D02C,
CD99,
C9B6,
C51C,
BEDC,
B913,
BC2F,
C495,
CB4F,
D0D4,
D344,
D339,
D08A,
CC3D,
CDD1,
D393,
D463,
D156,
D0AB,
D1E8,
CF4B,
C969,
C8D5,
CD6F,
D5AC,
E187,
E538,
DF90,
DDBE,
E111,
E00D,
D97A,
D3E9,
D016,
CEA8,
D075,
D19C,
D1A1,
CD80,
C2C7,
BB02,
B984,
B9E4,
BBC0,
BE22,
C0AD,
C263,
C1C5,
C317,
CA09,
CEDF,
CCCD,
C819,
C0E2,
BAB5,
B966,
B925,
B723,
B738,
BF36,
C5F3,
C08A,
B8A6,
B5EE,
B592,
B810,
BB3B,
BB8F,
BAE6,
BA12,
B9F5,
BDA0,
C2D2,
C577,
C7CB,
CE7D,
D72A,
DEC0,
E4DF,
E5EE,
E34E,
DD7F,
D60A,
D3AF,
D4F3,
D846,
DCD7,
DB33,
D534,
D5B4,
DB26,
DB9D,
D800,
D7B9,
DA67,
DAA5,
D894,
D772,
D745,
DA00,
DFE8,
E1EB,
DF56,
D9D7,
D0FA,
CCEB,
CF83,
D36F,
D851,
DCD9,
E066,
E415,
E83E,
EAF4,
EB50,
EB38,
EB2E,
EA96,
E8EB,
E88C,
EC0B,
EBBE,
E16E,
D8F3,
D946,
DB96,
DE0F,
DFB4,
DEBE,
DC97,
D9A0,
D5C1,
CFF2,
CB08,
CA84,
CBF2,
CE83,
D125,
D125,
D13D,
D562,
DAE4,
E006,
E37E,
DFEE,
D985,
D66D,
D4FC,
D479,
D4E4,
D76F,
DA6F,
D784,
D1BB,
D165,
D414,
D32A,
D081,
D1A7,
D5BB,
DD2E,
E6DF,
EAAD,
E9B4,
E963,
E98C,
EA5E,
EBD5,
ED3E,
EE91,
EF62,
EFB0,
EEB8,
EC6C,
EB98,
EC6E,
F0B0,
F92A,
FD09,
FA6A,
F835,
F771,
F5EA,
F330,
F178,
F1D6,
EFC8,
E8F7,
E4DD,
E669,
E9AC,
EEB5,
F15A,
EE36,
EB7E,
EC57,
EC94,
E9C1,
E788,
E7B8,
EA13,
F032,
F6AF,
FB2B,
FE30,
FE5F,
FE55,
00E5,
03D7,
050E,
068D,
0BD6,
109E,
0E38,
0941,
062F,
03FD,
02F4,
02D9,
0438,
05F6,
04FD,
02E1,
014A,
00E9,
0747,
10F1,
13F3,
1318,
1432,
1659,
18C8,
1B41,
1B9A,
1A52,
1903,
17B9,
17B0,
18C5,
1872,
16F7,
19BD,
2087,
2421,
2456,
2443,
23FF,
2225,
1E91,
1C55,
1BD2,
1D73,
21C1,
2486,
24C0,
253E,
26A9,
262A,
2249,
21BD,
279A,
2BC5,
2B95,
29C9,
2602,
23A2,
24D9,
26C8,
2900,
29EB,
277A,
257B,
26AB,
27A6,
262A,
24AA,
2510,
2535,
2387,
20CC,
1C89,
1865,
16C8,
15B1,
12DC,
104A,
10FA,
125C,
103E,
0DF4,
1119,
1667,
1996,
1C06,
1F3E,
227D,
24AE,
25C0,
2396,
1FC1,
1E4A,
1E82,
2158,
25A0,
25B4,
22F2,
21A2,
2157,
21D0,
22E3,
22EC,
220D,
2161,
20DC,
1E9D,
1AC6,
1A4D,
1D4F,
1E25,
1C7C,
1C81,
1E92,
1EF5,
1D1E,
1CA8,
1E20,
1FA8,
2137,
20BB,
1D2E,
1AB2,
1A75,
1A2F,
1983,
1857,
161E,
154B,
1772,
1908,
1884,
1766,
1596,
14D2,
16F9,
18A8,
17B3,
1628,
14FB,
132F,
0F2E,
0C69,
0EF6,
1276,
136B,
13EB,
1503,
1683,
18F8,
1B7C,
1C9E,
1D7C,
2011,
2275,
2102,
1E10,
1C7D,
1BCD,
1D3A,
1F51,
1E28,
1B7C,
1A6A,
1A46,
1AD9,
1BBC,
1AAB,
187C,
1817,
18DE,
18C2,
1817,
1830,
18D9,
17F7,
15F4,
16F8,
1AAE,
1E1F,
2142,
221B,
2097,
2198,
256A,
2724,
265D,
2588,
24D5,
237D,
2174,
1EF6,
1BC8,
1B24,
1E60,
202E,
1F16,
1DCE,
1CA2,
1C64,
1DEC,
1EAA,
1D78,
1BED,
1A62,
18D6,
1740,
1653,
16F1,
1748,
15F9,
14C8,
1484,
155D,
18F3,
1B8B,
18BB,
1568,
15A6,
16E1,
181E,
18B6,
1689,
13EF,
1423,
14CB,
128D,
0FF5,
1120,
138F,
13D7,
1336,
1289,
120F,
1368,
1593,
167C,
1693,
15E3,
14B5,
13AB,
12F5,
142A,
16CA,
199C,
1C8A,
1DFB,
1E4D,
215D,
2677,
2790,
250F,
2198,
1D41,
1C24,
1E60,
1C82,
1620,
12CA,
1328,
1256,
0FD2,
0EF9,
105C,
1111,
10A3,
0F9B,
0DC1,
0CE2,
0DB0,
0E4E,
0E3E,
0E22,
0E0B,
0DF3,
0DCF,
0DF8,
0EA5,
0FB8,
1190,
1285,
10F9,
0FDE,
1100,
12EC,
15F2,
1776,
138A,
106B,
14A4,
18C8,
15CC,
11C8,
1187,
12B6,
1471,
16D1,
1A2D,
1D9C,
1FDA,
2102,
1FC8,
1DB3,
1D76,
1DEB,
1D87,
1CF7,
1D3E,
1E2F,
2011,
22A4,
2596,
28C6,
2BF0,
2EE5,
30D9,
31D4,
303A,
2CDB,
2D8C,
311C,
2E9D,
2759,
2606,
29E5,
2AD7,
2918,
285C,
28A7,
2A91,
2E32,
30D0,
3229,
3390,
351F,
3629,
3670,
3892,
3D5D,
4095,
4149,
40AA,
3E85,
3C33,
39F0,
38D2,
39C3,
3A58,
3979,
3965,
3BC5,
3BB1,
356B,
3063,
3166,
3157,
2B66,
2667,
26D2,
28AF,
2A82,
2C38,
2CC0,
2DC6,
31A3,
3529,
34C5,
3307,
3198,
3017,
2E25,
2CDA,
2ED8,
31DE,
32A8,
32CF,
3402,
35E0,
387A,
3BC1,
4125,
46B4,
45EC,
41B2,
408F,
40BC,
3D52,
3829,
3862,
3BFA,
3BE4,
393A,
36D9,
34A9,
338A,
335B,
31DD,
2F5F,
312A,
36ED,
3A57,
3B48,
3B72,
3ACE,
38D1,
3563,
32CE,
317D,
2E3B,
2866,
2466,
231D,
227D,
2252,
232B,
25C3,
2487,
1C9D,
1677,
14FE,
13DD,
11D9,
117C,
1463,
16C7,
169A,
1691,
175B,
1A13,
2136,
2731,
27A3,
26E5,
277B,
26DD,
22A0,
1D98,
197B,
168A,
1621,
1784,
1BDC,
2008,
1EDA,
1BDD,
1A4A,
1945,
18A9,
18AB,
1ADD,
1D49,
1AC2,
1674,
16E2,
1950,
18F1,
170E,
151C,
1310,
109E,
0E68,
0EEF,
11ED,
1AA0,
2715,
2CCC,
2D28,
2D56,
2D27,
2D61,
2DF3,
2DCE,
2CFB,
2BAE,
29E6,
2951,
2A0A,
2875,
2431,
21FE,
225F,
234D,
24B5,
254F,
250A,
202A,
1490,
0D88,
0E6A,
109F,
133A,
160F,
18C7,
1AF6,
1C5F,
1C00,
1864,
1583,
160A,
1469,
0CC0,
04B6,
FE2C,
FA89,
FD26,
001E,
FF64,
FC60,
F3CB,
F964,
F332,
ED33,
ED80,
F058,
F3BA,
F7E9,
FD28,
0225,
045E,
0529,
0641,
05CB,
FD3A,
F314,
F5E2,
FE2E,
0032,
FF23,
FD06,
FA9E,
FBEC,
FF86,
02C8,
05E3,
09E0,
0DAD,
0B12,
0392,
FA4B,
EFEA,
EC5B,
EE69,
ED41,
E969,
E592,
E1C0,
E240,
E6FC,
E7F6,
E4D9,
DFE8,
D929,
D31B,
CDDB,
CF91,
DA2C,
DFBA,
DD17,
DED8,
E814,
EC89,
E8FD,
E3F9,
DDD6,
DB53,
DF95,
E32D,
E40D,
E250,
DC93,
D5EE,
CF5A,
C904,
C285,
BFE6,
C64C,
CC24,
CADB,
C830,
C586,
C568,
CCDE,
D519,
D8E8,
DA33,
D858,
D475,
CDF3,
C848,
CB03,
CE6A,
C5D1,
BB69,
BDD1,
C5AA,
CC71,
D29D,
D596,
D6E4,
D96E,
DBBF,
DA22,
D62C,
D0AF,
CB5E,
CF61,
D935,
DF00,
E25D,
E819,
EEC8,
EDD3,
E73B,
E41D,
E411,
E9E5,
F4C4,
FB0D,
FCE8,
FCA1,
FA4C,
F823,
F630,
FAC6,
06D4,
08E1,
FE7C,
F8CB,
F9F6,
FB1E,
FC02,
F963,
F1B3,
EB43,
E789,
E4A0,
E2F1,
DEA3,
D4F2,
CF8E,
D380,
D5F5,
D1B1,
D0F3,
D945,
E1FF,
E766,
EC95,
F30A,
F79D,
F850,
F52E,
EB47,
E0FE,
DB06,
D840,
DA39,
DFA7,
EB54,
F49D,
ED47,
E204,
DEFD,
DFBE,
E4E9,
EAA0,
E8F6,
E49B,
E284,
E1F5,
E5A9,
EA54,
E692,
DFBA,
E291,
E998,
E7C1,
E197,
E26E,
E70F,
E6D9,
E3C3,
E37B,
E509,
E578,
E51E,
E495,
E3EA,
E44B,
E58C,
E54A,
E3A3,
E434,
E6FC,
E533,
DE9C,
DE45,
E4E6,
EC58,
F4A6,
F296,
E377,
D697,
CDB0,
CD64,
D915,
E177,
E22A,
E6F1,
F3D0,
FB52,
F805,
F5AC,
F896,
F887,
F1B1,
EB42,
E880,
E533,
DF5F,
D9F4,
D682,
D3B6,
D13C,
CEFE,
CC7A,
CB04,
CC85,
CE27,
CD00,
CBDE,
CCC2,
CF64,
D656,
DC65,
D848,
D264,
D46C,
DAAB,
E6F9,
F2D2,
EDBE,
E29F,
E22E,
E68E,
E960,
ECA0,
F5E5,
0112,
0213,
FD14,
FA03,
F7C4,
F450,
F0BC,
F27F,
F832,
FDC4,
0332,
0742,
09EC,
0A8E,
093E,
0662,
0224,
FBF9,
F411,
F2B1,
F848,
F868,
F228,
F120,
F648,
FE1A,
0926,
0B22,
0066,
FB24,
FF58,
01F0,
0111,
FEE8,
FBB6,
F4FA,
E83C,
E026,
E1DE,
E4B4,
E66B,
E7A8,
E824,
E6F8,
E256,
DEEE,
DFAC,
E26B,
E729,
ED02,
F4D7,
F98D,
F3FD,
ED7A,
EECE,
EF62,
E614,
DC45,
DB4F,
DE1E,
E41C,
E8E8,
E26A,
D8BF,
D681,
D67B,
D34D,
CEA4,
C8BC,
C289,
BD40,
BA13,
C015,
CACB,
D054,
D2A7,
D2A0,
D0E7,
CFD5,
CF52,
D16F,
D523,
D47F,
D0AA,
CF23,
CF61,
CB80,
C494,
C9EA,
DA44,
E19C,
DFFA,
DFE2,
E16A,
E1EA,
E175,
DD5C,
D4FF,
D166,
D411,
D662,
D7EA,
D53A,
CCB8,
C482,
BD6E,
BA2D,
BCD0,
BF2D,
BF7A,
BFEC,
C090,
C305,
C8FC,
CDD5,
CFE9,
CE04,
C4B8,
BCBA,
BC02,
BB72,
B637,
B45A,
BE93,
C6EA,
C0AB,
B863,
B644,
B665,
B8AE,
BADB,
B942,
B6D3,
B5BD,
B5F7,
B960,
BDDA,
BF9C,
C1AA,
C9C8,
D438,
DCCA,
E336,
E36E,
DF9B,
D8D8,
D137,
D13B,
D591,
D7B9,
D87F,
D646,
D26D,
D4AF,
DAC9,
D9D5,
D401,
D528,
DB8F,
DB0B,
D4EF,
D56E,
DBCD,
E0F9,
E4D6,
E393,
DD0B,
D5F5,
CE7E,
CCEA,
D262,
D5CD,
D5EB,
D922,
E096,
E603,
E818,
E9E7,
EBFD,
EC1E,
E90C,
E877,
ED52,
EE7F,
E807,
E0E5,
DA39,
D7C4,
DE06,
E2F1,
E104,
DEB2,
DF3B,
DD7E,
D4EB,
CCD9,
CA44,
C9B5,
CA71,
CBC2,
CC83,
CDC3,
D02E,
D404,
DC11,
E2B7,
DEAD,
D796,
D565,
D4BC,
D30C,
D1D7,
D48A,
D7DF,
D494,
CF06,
CF6F,
D20E,
CF0D,
CA09,
CA64,
CE6F,
D6AD,
E128,
E597,
E60A,
E7A5,
E9C9,
EB7F,
ECDA,
EDEC,
EEA4,
EE2B,
ECAA,
E9E6,
E629,
E557,
E766,
ED05,
F632,
F9E3,
F754,
F695,
F854,
F791,
F3A7,
F0B5,
EF88,
EC1F,
E512,
E3AD,
EB3E,
F043,
EFA1,
EEBA,
EE84,
EDC0,
EC39,
E9D2,
E5C8,
E376,
E4A5,
E82C,
EF2F,
F517,
F67B,
F737,
F8EC,
FA8D,
FB85,
FD05,
007A,
040F,
06FB,
0800,
03C0,
FED9,
FE5F,
FEEF,
FDE1,
FC7E,
FBEE,
FB1F,
F705,
F357,
F7D8,
FF89,
031C,
0561,
0A0A,
0F9C,
1467,
1841,
1978,
18A2,
154C,
1098,
0F26,
0FCD,
0E8D,
0C89,
0F9A,
165E,
1B41,
1E8E,
207E,
2117,
1FFC,
1D69,
1B5B,
19E8,
1B81,
2035,
23BA,
25CB,
2727,
27C0,
274F,
2593,
265D,
2ABB,
2C38,
2957,
26BF,
2525,
2440,
2456,
24C5,
25A5,
2572,
2300,
21F8,
248D,
257E,
21CB,
1EEA,
1FB8,
2053,
1ED7,
1D54,
1CF5,
1C24,
19C6,
16D0,
1384,
1011,
0C5D,
094F,
07BC,
07F8,
0B83,
10E6,
17B4,
1EC1,
249E,
28A9,
27C5,
249B,
2221,
2001,
1F37,
1F20,
1F1D,
1EF8,
1CE1,
1A4D,
1BFD,
1FBC,
1FC1,
1DC5,
1E0A,
1F87,
1F11,
1D67,
1D28,
1DF0,
1E47,
1E61,
1FCB,
2245,
23F5,
24E4,
25C4,
268A,
261C,
2478,
2339,
227D,
217F,
2034,
1FAF,
201D,
2078,
20AF,
1FF7,
1E08,
1BC2,
1928,
1762,
16A1,
18BD,
1F6F,
2427,
2447,
2362,
2238,
1FDE,
1B9E,
179A,
1500,
12AD,
100F,
0E8F,
0F70,
112C,
1316,
157D,
18EB,
1BD0,
1C60,
1C39,
1CB8,
1C67,
1937,
1557,
12F3,
1112,
0F11,
0D7D,
0D3F,
0DD9,
0F39,
10EA,
11DB,
127B,
1377,
145C,
1347,
11BB,
13EA,
185B,
1D2C,
2216,
2546,
26FF,
2663,
2429,
2378,
23F2,
2526,
26F0,
28AE,
2A3F,
296D,
2671,
249E,
23E9,
214F,
1CD7,
1A23,
196F,
1912,
18FB,
1A16,
1C86,
1F0C,
2182,
237C,
24D1,
2555,
24EE,
233F,
1FE1,
1CAA,
1A3A,
17A2,
148E,
1220,
10A8,
10D9,
139A,
173B,
1BA8,
1EC7,
1EE2,
1D3A,
195E,
1539,
11AF,
0FFC,
12F3,
161E,
15BE,
1455,
12E6,
115D,
0FBE,
0E9D,
0F2C,
106D,
1176,
12A9,
1497,
1699,
17A1,
1810,
17E3,
176B,
1766,
1786,
172F,
16AF,
1689,
16B6,
17EB,
199A,
19DE,
1923,
17F4,
166F,
1539,
144B,
13BE,
138C,
13D9,
1494,
1395,
113B,
1268,
16F9,
1DEB,
2714,
2D9C,
3128,
3063,
2ADF,
25C5,
21A8,
1E47,
1BE4,
1A06,
18B1,
17D9,
17A0,
16BE,
14B0,
12DE,
1194,
10F6,
116B,
117B,
1066,
0F7C,
0F41,
0F06,
0E99,
0DEC,
0CB8,
0BA0,
0B0D,
0AA9,
0A20,
0A5C,
0C76,
0F2B,
122D,
1453,
137E,
11D7,
106A,
1058,
1531,
1AE6,
1CF0,
1CB7,
18C9,
141C,
13BF,
15C0,
195F,
1E0C,
231F,
27C8,
2931,
2849,
24E6,
2027,
1D1F,
1B7E,
1C3D,
1ED8,
222A,
2624,
2AAE,
2F84,
3366,
365D,
381A,
38AF,
38C0,
3848,
3689,
33A0,
3061,
2CDA,
2C19,
2E62,
2DD4,
29F6,
267E,
237D,
2577,
2DCF,
340D,
36BA,
37A4,
366C,
3550,
34B1,
3604,
3A74,
3E97,
41A5,
42CC,
4116,
3DC0,
384B,
342B,
338A,
348B,
3783,
3A29,
3B07,
3A7B,
37D3,
342F,
3001,
2B5D,
255D,
2163,
249F,
2946,
2A14,
2A1C,
2AED,
2CC7,
3271,
37C1,
3587,
3045,
2BD0,
285F,
28E9,
2BC1,
2FD4,
3422,
348E,
333C,
3408,
3649,
3AA9,
4059,
45F4,
4AEB,
4B72,
487F,
4332,
3C3D,
37BE,
3566,
36B3,
3AF0,
3A33,
351D,
33FA,
3681,
34B9,
2EB6,
2C53,
2DD2,
32E3,
3BD8,
400E,
3E45,
3B21,
36BD,
3364,
31E3,
2F2D,
2AAC,
256A,
1F02,
1BC8,
1DC0,
2092,
23CE,
243C,
1F79,
19A0,
135F,
0E8A,
0C99,
0CAF,
0F5F,
130E,
17CE,
1A15,
1463,
1112,
19EA,
2398,
2628,
269F,
272C,
26C0,
24BE,
212C,
1A42,
135D,
10AA,
112B,
17CF,
1FD6,
216A,
1FC5,
1C2F,
1805,
173E,
185B,
1AE0,
1D8D,
1AEA,
15D3,
15A5,
1813,
1859,
173B,
14A6,
1133,
0FD4,
1026,
0F77,
0EB6,
18C4,
2B42,
337A,
3286,
3099,
2DB4,
2C84,
2D2C,
2D3A,
2CA8,
2B29,
2895,
27DD,
2999,
27D7,
2163,
1DBF,
1E4B,
1FD9,
2260,
23A2,
2351,
1D93,
0EE3,
0671,
0AD3,
0FCB,
120F,
1469,
1758,
19A7,
1B1C,
1A23,
1447,
0F63,
1074,
0F4D,
053A,
FB40,
F730,
F5CF,
F81D,
F1B3,
F58E,
F942,
F7DB,
F44B,
EFC4,
EBD6,
EC1A,
EEC5,
F43D,
FA8B,
FEB2,
019D,
0435,
059D,
038B,
FF6F,
FA7B,
F5DA,
F72C,
FBC4,
FF2C,
0188,
FF4D,
FAA4,
FCDC,
0363,
06AE,
0790,
08C3,
098E,
03CC,
F8B7,
EFEF,
E951,
E73B,
E963,
E842,
E3C7,
E0F4,
DFCE,
E0E0,
E466,
E3BE,
DDF8,
D7D8,
D188,
CF0F,
D198,
D662,
DDAC,
E25D,
E244,
E3D1,
E977,
EA78,
E2A8,
DC77,
DB5D,
DCAC,
E1AE,
E3AB,
DE17,
D73A,
D132,
CB07,
C3D3,
BF77,
C213,
C65E,
CA23,
CC1B,
C813,
C4F3,
C9D7,
D0E3,
D736,
DB79,
D952,
D46C,
CEE8,
C9E5,
C93F,
C9C4,
C6A4,
C2A9,
C01B,
C00C,
C9C3,
D6D7,
D8C4,
D59F,
D87A,
DD62,
DB75,
D5C2,
D155,
CE54,
D161,
D8C8,
DFFB,
E6F1,
EB6D,
EDAF,
ED06,
EA08,
E749,
E50F,
EB3D,
F915,
FF39,
FD98,
FBE4,
FA4F,
F93A,
F8B3,
FCEF,
0715,
07F9,
FC88,
F683,
F914,
FA90,
F9F9,
F5D5,
EC60,
E5CC,
E52C,
E31C,
DD59,
D7A7,
D27C,
D00E,
D2A9,
D508,
D3F9,
D5EF,
DF80,
E8E5,
EDF6,
F1FD,
F6C0,
F898,
F3E0,
EC35,
E191,
D8C5,
D7DA,
DB1A,
E300,
EB5F,
EFA4,
EFBF,
E4EF,
D995,
DF49,
E9BD,
EA3B,
E6E5,
E40D,
E1D7,
E3EB,
E786,
E706,
E4A9,
E3B6,
E3A0,
E54E,
E7A9,
E5AD,
E178,
E345,
E888,
E706,
E12E,
E236,
E80E,
E768,
E1CA,
E1F9,
E6F9,
E717,
E2C1,
E2D7,
E74A,
E618,
DEED,
DE2D,
E49B,
EC05,
F481,
F26F,
E305,
D638,
CDEB,
CDDA,
D91C,
E1AE,
E3AA,
E8B0,
F3D6,
FA9B,
F8CC,
F6E8,
F7B0,
F685,
F172,
EBF0,
E734,
E2B4,
DEAC,
DA87,
D588,
D197,
D09F,
CFB2,
CC21,
C9CE,
CCED,
CFC0,
CBDE,
C8BC,
CE83,
D5C6,
D827,
D80A,
D365,
CFE8,
D8FE,
E5AF,
EBEE,
EDE3,
E6F9,
DDDE,
E11F,
E9FB,
EF38,
F35A,
FB40,
0376,
0004,
F644,
F3A0,
F50E,
F34E,
F071,
F5BE,
007D,
0562,
05E6,
0841,
0BA0,
0A67,
0539,
FF6A,
F92A,
F644,
F6C6,
F67F,
F56B,
F3D1,
F164,
F777,
07D9,
0CA6,
01FA,
FC96,
FFAA,
0254,
03D9,
030B,
FF3F,
F845,
ECB8,
E495,
E301,
E409,
E80B,
EA6F,
E882,
E5E3,
E35B,
E133,
DF44,
E065,
E830,
F025,
F4E7,
F702,
F45F,
F0F6,
F090,
EEB5,
E5DC,
DDCC,
DEEF,
E328,
E82B,
EADB,
E267,
D7FE,
D8AD,
DBA7,
D5EE,
CD22,
C693,
C15C,
BD42,
BBA0,
C399,
CF72,
D1B6,
CF03,
CE65,
CEB7,
CF63,
D06C,
D28C,
D50E,
D444,
D114,
CD25,
C8F2,
C82F,
CA8B,
D31A,
E0B1,
E416,
DE13,
DF86,
E82F,
E759,
DC9F,
D751,
D84B,
DA08,
DC7E,
DBD9,
D75F,
D01C,
C568,
BF45,
C005,
C103,
C13E,
C12E,
C038,
C187,
C6AE,
CBD0,
D077,
D0D0,
C936,
C1FC,
BECF,
BBF0,
B780,
B677,
BE17,
C3E6,
C05F,
BAF1,
B5FD,
B351,
B7A0,
BB96,
B7B7,
B332,
B405,
B605,
B5D8,
B5D7,
B7D2,
BBAA,
C301,
CC1C,
D6C5,
DFF5,
DF65,
DA33,
D5E8,
D278,
D3CC,
D74E,
D7F6,
D714,
D53B,
D322,
D4D0,
D87B,
D7AC,
D456,
D5FC,
DAB0,
D894,
D1FC,
D559,
E03C,
E445,
E25C,
DD67,
D5B4,
D003,
CC83,
CC7F,
D020,
D305,
D4D6,
D94B,
E0D4,
E594,
E6A4,
E7BE,
E938,
EB0F,
ED75,
EFD1,
F2A3,
EFEB,
E419,
DD29,
E087,
E3B1,
E3D9,
E412,
E56F,
E46A,
DE9B,
D817,
D1F1,
CDB3,
CDDA,
CDFC,
CAF2,
C8AF,
C97B,
CC76,
D372,
D964,
D8C6,
D5F8,
D2E4,
D036,
CFEC,
D0A9,
D226,
D342,
D173,
CEAB,
CD6A,
CC33,
C80C,
C38A,
C2AF,
C4DC,
CD6C,
D88C,
DC9E,
DD17,
DFBA,
E325,
E4E6,
E5C8,
E8B1,
EC83,
ECFC,
EAFF,
E777,
E313,
E373,
E7C7,
ED6D,
F41C,
F752,
F745,
F8A6,
FB54,
FBE4,
FA47,
F745,
F2E5,
EE82,
EA24,
E9C3,
EE6B,
EFE0,
EC86,
EAD4,
EC1C,
EB04,
E615,
E1C7,
DED1,
DE9C,
E287,
E70D,
EB79,
EE90,
EF08,
EF2E,
EF86,
F0CF,
F3AE,
F849,
006B,
0667,
0569,
02EF,
0179,
003D,
FF9E,
FEFD,
FE35,
FC6E,
F74C,
F29A,
F2EE,
F51C,
F6DA,
F8F7,
FBBB,
FF43,
04E0,
0AA3,
0D24,
0DA7,
0C63,
0A0B,
081F,
0644,
0348,
0076,
021B,
0684,
0ACE,
0F1D,
1336,
16CA,
172B,
1555,
144F,
1416,
1702,
1C71,
2148,
2576,
260A,
235B,
21A3,
20EF,
223E,
25A4,
279C,
27ED,
283F,
289D,
296E,
2AE3,
2B0D,
2970,
28F6,
2A51,
2B05,
2A95,
29CC,
28A5,
27C2,
2783,
26EB,
25A1,
2440,
2321,
2113,
1D62,
18E8,
13B7,
0E2D,
083F,
02F9,
FED7,
FCE3,
FE9A,
02F3,
0B24,
131C,
16F5,
1897,
1767,
15A5,
15E3,
1701,
191C,
1B44,
1BD8,
1BEA,
1CD7,
1D98,
1BF0,
19CA,
1AAF,
1CFA,
1EA9,
2038,
225A,
2486,
250E,
24A1,
24DF,
254F,
247B,
22EB,
22D5,
2397,
220D,
1EF5,
1E15,
1EEB,
1EA0,
1D7C,
1D9A,
1ED4,
1FEA,
20CF,
2254,
2479,
22DE,
1D32,
1ABD,
1C32,
1E5F,
2111,
2533,
2B1C,
2E69,
2E06,
2C07,
287E,
239D,
1CF4,
18C2,
190D,
1974,
18A4,
18D7,
1B19,
1CBF,
1C51,
1C42,
1DBA,
1F64,
20D6,
2225,
2396,
23B0,
2093,
1CFF,
1B17,
18BA,
13DE,
0F01,
0C4F,
0A93,
0990,
08BE,
06F5,
0549,
04BF,
054B,
07F9,
0B99,
0EB1,
1166,
134D,
146C,
1416,
12D9,
10AB,
0EAC,
111F,
1651,
1BA4,
2106,
255F,
28A1,
2928,
27A1,
25E3,
240C,
231A,
231C,
2696,
2CDF,
2FB8,
2F6C,
307C,
32BF,
31B7,
2D5C,
2A6D,
292D,
2729,
2440,
21B1,
1FBD,
1BA0,
1489,
1108,
12D2,
13AB,
1231,
125D,
1558,
1780,
17A3,
1825,
19E7,
1A8A,
1888,
1842,
1CCA,
1EFA,
1A7B,
15BC,
13F6,
1141,
0AA6,
0595,
0620,
08F0,
0D35,
123A,
17E0,
1C16,
1B65,
1930,
183A,
16E3,
12D0,
0F65,
1248,
1738,
1A11,
1BA2,
1B08,
1909,
15A7,
122B,
12C4,
14EB,
1335,
0FF7,
0FDA,
1163,
1209,
123D,
11DE,
1160,
13AB,
17C0,
19EA,
1AA7,
1B51,
1BCC,
1B7D,
1A8B,
195A,
180A,
18CC,
1B86,
1E3E,
20E5,
2184,
1FE9,
1F99,
20E9,
21BA,
21C5,
244D,
29F3,
2FEF,
3617,
39A3,
39FA,
3439,
259B,
1B0D,
1962,
1735,
11D3,
0E60,
0F05,
0F7A,
0E0D,
0C7F,
0B3C,
09E3,
07FA,
072B,
095A,
0AF8,
08D8,
0767,
0AAC,
0D6A,
0A75,
07B2,
0AD8,
0EBF,
0EBE,
0E34,
1099,
12C4,
0FAC,
0C36,
103E,
1611,
14F1,
125D,
1718,
1ED1,
24EF,
2951,
2776,
225A,
1F0B,
1D77,
2251,
2AD0,
2ED6,
3003,
3272,
34ED,
307A,
273E,
2307,
22D0,
22AB,
22ED,
269C,
2D41,
3223,
353A,
381A,
3AB1,
3A84,
376D,
34E4,
332A,
31E1,
314A,
2E1C,
275F,
24C4,
282D,
2ABD,
2B4A,
2B06,
293E,
2B3B,
33C8,
3A6A,
3C64,
3C1D,
38BA,
3731,
3A87,
3E51,
412A,
43CD,
4712,
46F4,
3EDE,
3693,
3307,
3088,
2D1E,
2BC3,
30E7,
3587,
321C,
2D3E,
2CAE,
2BF2,
25B5,
1F11,
1DB3,
1F47,
23FB,
29CB,
2D42,
2F4C,
2ED8,
2DDB,
328F,
384F,
32C4,
288D,
27E2,
2C51,
2E66,
2FC3,
345F,
3A93,
3B2C,
387A,
3CA3,
4568,
4A16,
4B80,
4C7B,
4CB9,
47FD,
3F05,
397D,
3755,
375A,
3985,
3AC0,
3AE2,
389E,
3396,
3177,
3338,
3189,
2AD0,
2B2B,
35B5,
3C4A,
3C0E,
3911,
32F9,
2D3C,
2913,
2519,
214D,
1D1F,
17D4,
1473,
14BB,
1687,
1A49,
1BB9,
1719,
11AD,
0D6E,
0A96,
0A47,
0BDA,
100E,
14CB,
18B6,
1B55,
1A1D,
196E,
1EF4,
25A0,
29C7,
2B42,
2609,
1F0B,
1DC3,
1D55,
15EE,
0DA4,
0F11,
1500,
1A11,
1E78,
2030,
1FA6,
1A7A,
1370,
1412,
18E7,
19D9,
187F,
1766,
1661,
1615,
1646,
163C,
15F2,
1364,
0F37,
0F92,
1406,
1863,
1C9C,
26A9,
3645,
3A09,
30FE,
2C77,
2D9A,
2DC6,
2CAD,
2B36,
2950,
275C,
2559,
23EE,
237E,
216D,
1C66,
1A47,
1D69,
1F6F,
1EAD,
1AF6,
1273,
0ADF,
05EA,
05C2,
0E7A,
15C6,
1534,
144C,
16E1,
176B,
1127,
0A7F,
07F4,
047F,
F9DB,
0028,
FD2F,
F8DB,
F0B4,
EAD5,
F346,
FD28,
F847,
EF3D,
EC01,
EB93,
EDF6,
F26F,
F9A9,
0147,
03A0,
0342,
0488,
0574,
0080,
F8C4,
F549,
F4D7,
F93F,
0064,
01F3,
FFB4,
FCB0,
F968,
FDE8,
07EA,
0996,
0459,
022E,
0251,
F90A,
E747,
E0D0,
E5B1,
E6F2,
E420,
E14B,
DE5C,
DDD0,
E017,
E16D,
E18E,
DD34,
D2B4,
CD0C,
CEDF,
D32F,
D9F8,
DFC9,
E34F,
E581,
E5FF,
E5E9,
E60D,
E2EC,
D8A8,
D412,
DEB3,
E5C5,
DE84,
D5D0,
D123,
CC23,
C3F9,
BE4C,
C06C,
C4E6,
C9AD,
CCEC,
C9FC,
C6E5,
C964,
CE65,
D67D,
DD28,
D9EA,
D312,
CE2C,
CA3C,
C884,
C7CB,
C62D,
C46B,
C1B8,
C083,
CAC8,
D984,
DBB7,
D796,
D92B,
DD0E,
DB3C,
D617,
D1B2,
CE82,
D34C,
DDD3,
E4FD,
E989,
ED2B,
EFB5,
EDCB,
E839,
E6F1,
E9C4,
F108,
FC92,
013A,
FE80,
FB6F,
F840,
F8A2,
FD5E,
01B9,
0592,
0388,
F963,
F48B,
F899,
F9DB,
F5F1,
EFB2,
E645,
E093,
E2A3,
E139,
D6ED,
CFE4,
D1A7,
D3D2,
D309,
D3F8,
D8E7,
DF76,
E7A2,
EF10,
F3FC,
F6BD,
F6E0,
F3B8,
EA6D,
E060,
D935,
D60F,
DC7C,
E5B3,
ECB4,
F097,
EB05,
E2B6,
DECD,
DE2C,
E5FF,
EEED,
E8D1,
DE1C,
E0E8,
E8BE,
E838,
E420,
E38D,
E4A5,
E54E,
E5B7,
E54C,
E467,
E45A,
E4D7,
E52F,
E567,
E4C7,
E395,
E43E,
E650,
E59E,
E29D,
E321,
E6D3,
E6E8,
E36E,
E210,
E309,
E2B5,
E095,
E683,
F672,
F6BC,
E28E,
D454,
CFD5,
D068,
D70C,
DE56,
E514,
EBC0,
F23A,
F72B,
F9FF,
FA33,
F690,
F31A,
F208,
EED2,
E66E,
DF9D,
DEDB,
DD07,
D53F,
CF25,
D085,
D1A7,
CC63,
C86A,
CCE8,
D111,
CB9D,
C737,
D019,
D9FB,
D7BC,
D29B,
D150,
D344,
DDF0,
E9FF,
EBB9,
E88B,
E2A5,
DD2E,
E2A0,
ECFF,
F327,
F762,
FCDD,
0178,
FC68,
F25F,
F087,
F397,
F3A8,
F2AE,
F950,
04CE,
087D,
0657,
07FF,
0C2A,
088E,
FE74,
F90B,
F804,
F773,
F772,
F540,
F0B4,
F2FD,
FCDB,
042A,
0837,
0671,
FD3D,
FB7F,
04CE,
0886,
0343,
FCFF,
F6C6,
EF4F,
E594,
E1A9,
E831,
EC9C,
EA40,
E796,
E655,
E44A,
DFBB,
DE4F,
E440,
EB7F,
F240,
F6B2,
F5A3,
F37E,
F366,
F19C,
E9FB,
E29D,
E094,
E1B8,
E892,
EDF8,
E68A,
DCD7,
DCE1,
DEB0,
DA3F,
D33C,
CB2C,
C36E,
BF0D,
BDDE,
C3FB,
CD0B,
D045,
D059,
CEEA,
CCD9,
CE82,
D215,
D37F,
D381,
D371,
D2E3,
CDA1,
C5BA,
C61D,
CCE3,
D46F,
DC84,
DFC0,
DEB1,
E0FE,
E62B,
E434,
DB60,
D760,
D87E,
DB31,
DF90,
DE47,
D63D,
CE99,
C7F4,
C3B3,
C293,
C264,
C318,
C2D9,
C067,
C28B,
CC88,
D2AA,
D0CB,
CD48,
C938,
C41B,
BD33,
B8F5,
BA62,
BD8A,
C263,
C425,
BD6E,
B758,
B7AB,
B937,
BA56,
BA29,
B5DC,
B231,
B44A,
B6C8,
B3E4,
B1B2,
B6B6,
BEBC,
C7D2,
D100,
D907,
DE13,
D8A8,
D03B,
D12B,
D57B,
D5F3,
D4EB,
D475,
D448,
D4C4,
D597,
D5EB,
D5FA,
D65A,
D6BC,
D4FD,
D23B,
D310,
D694,
DD41,
E5AB,
E32A,
D808,
D277,
D1A0,
CF54,
CBFE,
CD0A,
D258,
D64A,
D8A6,
DD57,
E4A1,
E6FE,
E35B,
E42E,
EB0B,
EF24,
EF5F,
EC57,
E526,
E01F,
DEE8,
DFCD,
E367,
E612,
E691,
E5D3,
E3DF,
DFA4,
D752,
D1E6,
D465,
D4C8,
CCA1,
C73F,
CBAF,
D197,
D589,
D88B,
DA74,
DA1B,
D45C,
CF46,
D166,
D477,
D36B,
D1A5,
D1C9,
D1E9,
D062,
CD88,
C785,
C191,
C0C5,
C342,
CA07,
D213,
D44E,
D45B,
D85F,
DDA3,
DE8B,
DDBE,
E2D2,
EA0F,
E7CA,
E02F,
DDC3,
DED1,
E15F,
E54F,
EA6A,
F037,
F2D5,
F2E3,
F5B2,
FA8B,
FAFE,
F76C,
F234,
EB83,
E88C,
E98A,
EADD,
EC68,
ECFC,
EC42,
ECEA,
EF98,
ED4F,
E430,
DFC3,
E2B6,
E506,
E513,
E767,
EDC0,
F0D7,
ED82,
EB64,
ECCC,
EFCF,
F4E5,
F983,
FC8D,
FDD8,
FBFC,
FABA,
FCAE,
FEA7,
FF90,
FE89,
F913,
F3C8,
F223,
F242,
F47F,
F6B9,
F546,
F51B,
FD55,
069D,
08A4,
088B,
0B54,
0DA5,
0A7B,
0563,
02AB,
011F,
0015,
0018,
030F,
07CB,
0D6C,
12F0,
1404,
1247,
0FAE,
0CC2,
0D00,
0F7C,
12F6,
16FB,
1795,
15B8,
1505,
155B,
198F,
20E1,
2167,
1BE7,
1C60,
2298,
25D6,
25F8,
26EC,
28CF,
29EB,
2A25,
2A00,
297F,
28F7,
288B,
2748,
24C4,
23E7,
25B3,
26BB,
262E,
24F3,
2304,
2071,
1D47,
1907,
1311,
0D63,
08AC,
0558,
0368,
05E1,
11B5,
1B2C,
1959,
163F,
1711,
184E,
18F6,
1892,
1565,
1234,
11C2,
1244,
12AD,
1398,
1621,
18A1,
1851,
175A,
1884,
1A5D,
1B97,
1C5C,
1BD3,
1B07,
1CC7,
1F73,
1F95,
1E9E,
2011,
224D,
1F7E,
1A59,
1C89,
2307,
2426,
21D3,
212D,
21C9,
25E2,
2C60,
2BB6,
2506,
1FC5,
1BE1,
19BE,
1969,
1B1A,
1EC6,
2143,
224F,
234C,
2435,
2529,
265E,
2409,
1D05,
1919,
1A19,
1A51,
1868,
19C3,
2086,
2507,
246B,
2508,
2916,
2C2B,
2D2E,
2B04,
22FE,
1D64,
1FD1,
2183,
1DF4,
19CD,
1690,
147D,
150F,
15AB,
1445,
1257,
1032,
0E77,
0DA7,
0EA8,
150F,
1B05,
1802,
12BF,
124C,
12E0,
105D,
0D77,
0DFB,
100C,
11B4,
136F,
1538,
177D,
1D66,
2401,
21AC,
1AB7,
1913,
1A6C,
1B35,
1BB2,
1A18,
1772,
19C4,
1FAD,
23DA,
269D,
289C,
29BF,
27A7,
22BE,
222A,
25BD,
24CB,
1F44,
1D51,
1F4F,
225A,
267A,
27D8,
25AC,
2442,
244E,
2236,
1CE8,
1ADE,
1E48,
1EB1,
1998,
14B8,
110E,
0F78,
119E,
1193,
0BEE,
0833,
09C2,
0CAE,
1020,
13EF,
183C,
1AFE,
19A9,
18A8,
1BAA,
1DDD,
1BB3,
17E1,
125D,
0E76,
11BB,
15F0,
149D,
12D4,
15FA,
19CA,
197C,
17C9,
1748,
16B7,
147F,
1185,
0DB2,
0ABE,
0EFC,
1627,
17A2,
164F,
1600,
1628,
1720,
1886,
1934,
194F,
17F5,
15CC,
1623,
185C,
1BC5,
1FE8,
1E66,
1860,
1927,
1FDC,
21F6,
1FB7,
1EE6,
1F87,
2075,
21B8,
21BF,
204C,
1FD3,
20C3,
1F43,
1A6A,
18AA,
1B85,
1DC4,
1E75,
1F46,
202C,
22E3,
28BF,
2C9A,
2C8E,
2A62,
25DE,
201A,
18B0,
13C7,
154B,
1535,
0DEE,
087D,
0ADD,
0E0D,
0EC4,
0E07,
0A5D,
075F,
0903,
0B3A,
0A80,
09DB,
0C49,
0F31,
0FD8,
102F,
122B,
14C7,
17C0,
1A33,
191D,
1732,
199B,
1D7E,
1E4B,
1DDD,
1F44,
2134,
203F,
1E41,
2193,
2766,
26BC,
2245,
20C3,
216A,
2553,
2B72,
2CBB,
2A56,
2B07,
2E0A,
2D9E,
2A3A,
2748,
24D9,
245C,
25E8,
280F,
2AB6,
2F74,
3686,
39C9,
3833,
3806,
3A3B,
39D0,
35AF,
3280,
3160,
2F0B,
2A60,
2840,
2AAA,
2CBB,
2D1F,
2CC9,
2AF6,
2BC9,
3292,
37A2,
369D,
35A2,
375C,
398A,
3BCF,
3D68,
3D2F,
3CE1,
3E49,
3E84,
3A3B,
3592,
3458,
338F,
306C,
2DBE,
2F60,
31A9,
3055,
2DA6,
2B32,
28A0,
2555,
2270,
222D,
23D5,
2858,
2DE6,
2F58,
2F1D,
32DD,
381E,
38D0,
36B2,
3408,
3129,
311F,
331C,
3438,
34FB,
3873,
3DDF,
4063,
4089,
42AC,
4664,
47AB,
4698,
44DC,
4280,
3EA8,
395A,
3507,
31E6,
30C3,
31FF,
31D7,
2F98,
2E63,
2EE0,
2DDD,
2A4E,
2952,
2C8C,
3019,
338F,
34C3,
322E,
2ED6,
2B99,
2775,
21B0,
1CDD,
1AA8,
18BC,
15DD,
1427,
1557,
16BF,
171C,
1633,
127D,
0E9B,
0C5F,
0B5E,
0C04,
0E4D,
13AC,
193A,
1AF3,
1BD4,
1EF5,
2274,
24C8,
2614,
25AD,
23E8,
206D,
1BFA,
173F,
12F6,
11C4,
12B3,
158F,
197C,
1C47,
1DF3,
1C3B,
1859,
15F3,
14B1,
15D1,
1891,
187F,
164D,
156F,
1598,
153B,
1475,
1436,
1480,
14B7,
14E2,
18A0,
2009,
27DA,
2FDE,
3477,
34FB,
32A4,
2D0C,
294C,
2894,
276D,
254E,
2341,
215D,
1F8B,
1DCC,
1BF9,
19DA,
183D,
1776,
1715,
178B,
1593,
0DFD,
0771,
04F5,
0592,
0AEE,
10BE,
146C,
1629,
1474,
1051,
07F8,
0F28,
0C3C,
07F2,
0196,
FB40,
F873,
F62E,
F00B,
EAE0,
EF9E,
F6D4,
F64F,
F276,
ED3F,
E8F3,
EE25,
F7AB,
FD56,
00F0,
03A9,
051D,
03B1,
0044,
FC41,
F800,
F504,
F378,
F829,
00F1,
0204,
FD53,
FB67,
FBB0,
FF59,
05BC,
061B,
00B3,
FAF3,
F4FA,
EC08,
E011,
DBD2,
E068,
E262,
E0B7,
DE32,
DA7D,
DA83,
DFFB,
E087,
D95C,
D2F1,
CE7E,
CDDA,
D2BA,
D93D,
E14A,
E63E,
E4DE,
E3C8,
E60F,
E578,
DDD6,
D7C1,
D7EE,
D9EE,
DE09,
DE73,
D41A,
C950,
C4DC,
C23F,
BF4F,
BEDB,
C563,
CC46,
CC5F,
CAAC,
C9A7,
CA8E,
D32F,
DC50,
DB52,
D5F7,
D03A,
CA8D,
C7F2,
C700,
C69A,
C68B,
C419,
C20B,
CA5D,
D789,
DC75,
DC6D,
DBD0,
DA74,
D9B9,
D941,
D500,
CEE6,
D37F,
E01B,
E7E7,
EBBD,
EE79,
F000,
EE35,
E987,
E8D3,
EC1F,
F386,
FF25,
030B,
FE17,
FA64,
F8A0,
F9FB,
FF50,
02D7,
03D3,
007B,
F6F9,
F2A8,
F7B3,
F874,
F0C3,
E8F9,
E2A0,
DE80,
DE9B,
DC4D,
D335,
CDA0,
D174,
D593,
D56A,
D73F,
DEF6,
E784,
EEF9,
F499,
F6C5,
F633,
F246,
EBAF,
E047,
D6BD,
D7C0,
DD58,
E5F2,
EDF2,
EEAA,
EB61,
E2F3,
DB03,
E0C9,
EA9C,
EA54,
E5F2,
E2F2,
E119,
E48F,
E9D7,
E72B,
E10A,
E27B,
E7A5,
E720,
E37E,
E353,
E53A,
E5A8,
E51D,
E48D,
E3F8,
E46D,
E5AC,
E548,
E385,
E3B3,
E59F,
E5F3,
E4B8,
E353,
E1D5,
E173,
E21E,
E7EF,
F413,
F419,
E481,
D727,
CDF0,
CD6A,
D8F5,
E1EC,
E469,
E97B,
F3E1,
FA48,
F905,
F73D,
F715,
F548,
F07D,
EB33,
E63A,
E184,
DD73,
D974,
D507,
D162,
CF9C,
CE62,
CCDB,
CBE7,
CC67,
CD04,
CBB9,
CBDF,
D30F,
D99E,
D4D5,
CEBC,
D22A,
D9B7,
E4C8,
EE3C,
E858,
DDD2,
DE07,
E32D,
E90E,
EFC7,
F75F,
FE2A,
FDAD,
F8F0,
F4B3,
F0EF,
EFE4,
F119,
F513,
FB0D,
00E7,
0665,
090D,
093D,
0828,
05D4,
002F,
F7E7,
F5E0,
F9A6,
F7DF,
F0BE,
F09A,
F7B7,
FF6C,
079F,
07FA,
FEC3,
FC95,
0412,
082B,
072E,
0300,
FB0B,
F2AB,
EA24,
E611,
E920,
EBCE,
EC3E,
EAF7,
E6FA,
E32E,
E043,
DFDC,
E3B6,
E985,
F1DA,
F792,
F5D3,
F375,
F50D,
F43B,
EA9B,
E232,
E3A0,
E7BE,
EC0C,
EE0A,
E741,
DFA8,
E0E0,
E2CF,
DCBF,
D3D3,
CAEA,
C348,
C10A,
C26B,
C883,
CFE6,
D07C,
CE14,
CD89,
CE01,
D055,
D377,
D4D9,
D4D8,
D29B,
CED1,
C944,
C382,
C857,
D469,
D9AF,
DA0F,
DD66,
E2AB,
E436,
E283,
DE20,
D767,
D832,
E046,
E264,
DE2A,
D81A,
D03B,
CA0F,
C614,
C418,
C48B,
C35A,
BF5E,
C001,
C74C,
CDA3,
D1C6,
D260,
CDDB,
C8B2,
C3D2,
BFC2,
BCB5,
BD55,
C521,
C8CE,
C122,
BA91,
BB10,
BC6A,
BCE3,
BC16,
B81B,
B4CA,
B5A5,
B628,
B1EF,
AEBA,
B14A,
B72A,
C14F,
CBFD,
D36E,
D78D,
D3BE,
CE45,
D011,
D3E9,
D4A6,
D42C,
D352,
D288,
D3C9,
D5A8,
D505,
D374,
D4BB,
D6DA,
D2E0,
CCA2,
D0F5,
DB41,
E07C,
E1F9,
DE2C,
D68C,
D21F,
D01F,
CDB1,
CB4D,
CC1D,
CFBE,
D3C8,
D828,
DBB6,
DE6C,
DFBD,
DF8C,
E420,
EE0D,
F125,
EC11,
E6D8,
E1FA,
E024,
E26D,
E47D,
E59D,
E721,
E9B0,
E7C0,
DE62,
D836,
D96A,
D89D,
D269,
CD00,
C9EC,
CA44,
D0A5,
D658,
D7F9,
D7E5,
D5C9,
D3A6,
D2BF,
D2EF,
D568,
D76D,
D633,
D4E2,
D715,
D768,
CE57,
C487,
C265,
C3D0,
C83A,
CD50,
CE91,
CEE6,
D1C7,
D52B,
D5AD,
D5F1,
DC75,
E447,
E295,
DC61,
D8D5,
D717,
D94F,
DDFA,
E15F,
E428,
E741,
EA80,
EE71,
F28B,
F424,
F392,
EF30,
E7FB,
E736,
EBDC,
EC10,
E855,
E906,
EDDD,
EEF4,
EC2C,
E735,
DFF6,
DD67,
E081,
E2CC,
E38B,
E613,
EB32,
EBCF,
E59D,
E367,
E7E7,
ED77,
F3A4,
F811,
F954,
F9D8,
F9CF,
FABF,
FE09,
0051,
004D,
FE0C,
F7C1,
F344,
F572,
F69C,
F0F5,
ED13,
F188,
F767,
FAE0,
FDA9,
FFD4,
01D1,
04D7,
0675,
025F,
FD70,
FD28,
FE62,
FE1B,
FEBD,
0531,
0CE0,
0E88,
0D4A,
0B34,
08EA,
08F1,
0A99,
0ED6,
140E,
159F,
14DB,
1253,
0F1C,
1196,
175F,
1720,
1320,
1443,
18F6,
1AAC,
1A28,
1A85,
1B99,
1DCD,
20FC,
21A7,
1FE2,
2013,
2257,
2260,
1FE9,
2036,
23DD,
2550,
23C6,
23A6,
25AF,
25DF,
2373,
1FB6,
1A99,
14D9,
0E49,
0A0C,
095B,
0BEE,
1383,
17DF,
143B,
118A,
139B,
1559,
1495,
143D,
15CD,
17A3,
1958,
1A36,
18D7,
17A0,
18C5,
19D2,
1880,
176C,
198B,
1B9F,
19D9,
17B2,
1931,
1B4E,
1AB6,
1955,
1922,
192B,
185D,
173B,
160F,
1533,
165B,
1836,
16D8,
14A7,
18DD,
2028,
2299,
21FF,
20AF,
1EB7,
1CC0,
1B02,
1B13,
1CAB,
2014,
24D0,
26DA,
2688,
26B0,
272C,
24EF,
2029,
1EA6,
208C,
2099,
1E8E,
1DCE,
1E9D,
1F12,
1F03,
1EF4,
1ED6,
1FCD,
225C,
2344,
2157,
214B,
24D3,
2659,
23CD,
21F4,
2262,
229D,
2209,
20F0,
1F1E,
1D13,
1AE1,
1905,
17A5,
17B7,
1B0A,
1DBC,
1CA1,
1AFC,
1B06,
1A30,
157B,
110B,
10D1,
1257,
14C5,
1798,
19E6,
1BE8,
1DC6,
1ED7,
1CEC,
1A5E,
1B56,
1D69,
1CFC,
1BD9,
1D36,
1F68,
1F38,
1DCD,
1CC8,
1BED,
1B4D,
1AD5,
1A3D,
199B,
1986,
19BB,
182E,
1590,
168B,
1A3C,
1B30,
19E9,
19D4,
1AC3,
1AAA,
19A4,
193E,
197E,
1B5D,
1EF4,
2166,
2261,
234B,
2454,
22A6,
1D7A,
1A03,
1957,
18E7,
1851,
190C,
1BC5,
1D9C,
1DB8,
1C8C,
199F,
16D5,
14EF,
134A,
119A,
114D,
1408,
15AA,
132D,
1108,
11C2,
130F,
141F,
1512,
15AE,
161E,
1673,
1697,
1634,
1612,
179C,
1913,
1830,
16B7,
16C2,
16B7,
13FB,
10A8,
0F94,
0FBB,
108F,
1215,
14A2,
17B0,
1A92,
1CE5,
1C54,
1A17,
18C8,
17FC,
16A7,
1579,
1890,
1E72,
2206,
23BC,
231B,
2088,
1E45,
1C53,
1B9D,
1C0B,
1CA5,
1D65,
1CB3,
1A89,
1A4D,
1C33,
1CF6,
1C51,
1C3B,
1CE9,
1CFC,
1C3E,
1BA0,
1B3B,
1B7B,
1CA8,
1D8F,
1DCC,
1E6B,
1FE1,
206D,
1F21,
1E67,
1F4F,
1FF4,
1F6F,
1F86,
212F,
2346,
25FA,
272C,
251B,
20D5,
196B,
11F3,
0C56,
0960,
0C43,
1042,
115C,
118E,
1147,
10D9,
10C7,
10E8,
1136,
11C6,
12F5,
1450,
14F6,
1583,
171B,
190A,
1A1F,
1AD5,
1C10,
1D54,
1D2B,
1C4C,
1C47,
1CD1,
1DDC,
1F3D,
2023,
20BE,
219A,
22AC,
243E,
262B,
2802,
29AC,
2821,
23E3,
2374,
26A8,
2BCB,
32C0,
3587,
33BC,
3078,
2BCC,
2843,
263D,
26CF,
2A85,
2E7F,
325E,
3588,
37B3,
3870,
3752,
3599,
3380,
311E,
2E7F,
2BFB,
299D,
283C,
287E,
2982,
2B1F,
2D4B,
305F,
329D,
3205,
323A,
3628,
3A79,
3DD0,
3F31,
3B77,
37C6,
394D,
3C3C,
3EED,
4059,
3DAB,
38F6,
32B6,
2CCC,
2B0E,
2BA3,
2E36,
316F,
3293,
3239,
2F5B,
2B34,
2789,
24AC,
2515,
27AF,
2AC7,
2E6B,
332A,
3832,
392F,
3766,
375C,
3856,
37CC,
3619,
328F,
2DD0,
2FBA,
377B,
3CB2,
3F6C,
4008,
3E77,
3E4C,
3FAA,
4178,
43C8,
4282,
3CFC,
36C6,
300A,
2C0B,
2BCA,
2D04,
2FD2,
318B,
316D,
2F39,
29C4,
26B6,
28A4,
2A9D,
2B03,
2C71,
309A,
327D,
2F5D,
296A,
1F56,
177D,
178A,
180D,
149B,
1146,
0FF0,
102F,
136B,
1695,
16F3,
1534,
0F1B,
0934,
092B,
0C23,
11DE,
1850,
1BF6,
1E31,
1F61,
1FF1,
2090,
2179,
2561,
2938,
2406,
1A82,
1566,
12CF,
113F,
10D7,
11C9,
13FA,
19D4,
2170,
2044,
18D5,
1417,
1181,
127A,
166D,
18B2,
196A,
179A,
1371,
12FE,
164D,
1768,
1623,
153F,
14C4,
1816,
1FDA,
2784,
2E97,
33E0,
3733,
341B,
27FA,
20BE,
22B4,
2422,
2334,
20EE,
1C6E,
19AD,
1B04,
1ADF,
1635,
130E,
14AB,
1610,
155C,
128B,
0B9B,
051A,
012B,
0176,
0B6D,
149A,
1341,
0CBB,
122C,
1600,
1049,
087C,
0575,
0300,
FCAB,
F5DF,
F2AF,
F0E1,
ED6C,
EAB0,
EDC3,
F30A,
F4FC,
F4C2,
EF53,
E8D4,
EE85,
FA75,
008C,
0325,
044B,
03ED,
0195,
FDC9,
F981,
F52C,
F3B4,
F4B8,
F949,
008F,
013C,
FC35,
FA2A,
FADF,
FE19,
03BF,
0217,
F8A6,
F020,
E926,
E1AF,
D985,
D7E7,
DEBB,
E117,
DC5F,
D929,
D8B8,
D9A4,
DCC1,
DB53,
D1C9,
CBE5,
CDAA,
D27E,
DACB,
E1E9,
E58D,
E6CD,
E4AE,
E216,
E0E5,
DE3E,
D719,
D2BD,
D898,
DD3A,
D833,
D03C,
C6E1,
BF53,
BEB8,
C0CF,
C33C,
C691,
CBF1,
D038,
CC74,
C82D,
CF81,
D98E,
DB95,
D941,
D278,
CA25,
C716,
C6BA,
C699,
C6D6,
C58E,
C486,
CAC8,
D50A,
DC09,
E068,
DEC1,
D917,
D856,
DAC8,
D78F,
D0CD,
D4F0,
E1C2,
EA50,
EF0A,
F0E0,
EFE8,
EDE7,
EB0F,
EB41,
EEA2,
F5F9,
01B1,
04D2,
FD62,
F8FE,
F92E,
FBAD,
0121,
0375,
011B,
FC7D,
F4E3,
F166,
F5CA,
F578,
EB40,
E288,
DF07,
DC83,
DAA6,
D785,
D077,
CD0A,
D2F3,
D8F3,
D944,
DBC0,
E67A,
F0B9,
F4B3,
F606,
F5E1,
F2D4,
E9AE,
DFB1,
D8C0,
D5F7,
DDBD,
E83B,
EDB0,
EF6C,
E8E6,
E04F,
DF06,
E160,
E71D,
ECD7,
E784,
DE83,
E14C,
E8EC,
E852,
E3DD,
E30F,
E433,
E578,
E6B7,
E564,
E297,
E395,
E702,
E651,
E2BD,
E309,
E64E,
E636,
E351,
E32A,
E57C,
E60E,
E4EA,
E378,
E1C3,
E16B,
E26E,
E7F0,
F2F1,
F315,
E54E,
D85A,
CD6B,
CC69,
D984,
E340,
E505,
E9A3,
F448,
FAC1,
F925,
F702,
F697,
F4A0,
EFDB,
EA88,
E54E,
E07C,
DCBE,
D8F9,
D447,
D080,
CF3A,
CE78,
CD01,
CBDC,
CB8B,
CBEB,
CD04,
CF27,
D44F,
D802,
D18C,
CBB5,
D65D,
E4B1,
E8E8,
E81B,
E17F,
DA59,
DEC7,
E840,
EF46,
F529,
FA6A,
FDEA,
F9E5,
F225,
EF71,
EFDF,
F14A,
F3F8,
F9EF,
01D2,
064F,
0820,
0911,
08E2,
0479,
FCC9,
F928,
F90F,
F76E,
F494,
F28D,
F151,
F7CA,
0643,
097A,
FFBF,
FCA5,
01F8,
067C,
09C2,
07EE,
FF84,
F6BF,
EE3F,
E978,
EA34,
EBF8,
EE75,
EE1A,
E88C,
E398,
E0C5,
E04C,
E31F,
E858,
F13E,
F794,
F69E,
F51D,
F712,
F611,
EBC2,
E384,
E6C6,
EC14,
EF0C,
EF52,
E865,
E1AF,
E49C,
E757,
DEF7,
D37C,
CA7B,
C3EB,
C365,
C653,
CC13,
D1E7,
D032,
CBE8,
CC88,
CF5D,
D216,
D496,
D5E4,
D5B8,
D027,
C80E,
C54B,
C683,
CD2B,
D73E,
DAB4,
D9C0,
DE9E,
E712,
E4E7,
DA91,
D7F9,
DBE9,
E07B,
E581,
E373,
DA73,
D31D,
CDBE,
CA4D,
C918,
C6AF,
C2AF,
C0D2,
C16A,
C61D,
D024,
D4DB,
D179,
CD36,
C90C,
C43C,
BE1C,
BD21,
C57C,
C9CC,
C45C,
BED4,
BBAE,
BAB8,
BE10,
BF2B,
B91E,
B472,
B6D2,
B7E8,
B19F,
AC2D,
AC49,
B06D,
BB1B,
C6CD,
CFA9,
D4FA,
D188,
CCD3,
CF5A,
D363,
D469,
D43D,
D336,
D22B,
D33A,
D4E8,
D54F,
D521,
D55D,
D509,
CF5C,
C8E8,
CFCA,
DCCD,
E0A4,
DEEB,
DAC1,
D4DA,
D154,
CF61,
CC70,
C94F,
CA51,
CE81,
D27F,
D651,
D7C9,
D753,
D98F,
DE34,
E55C,
EECB,
EF6D,
E6E9,
E216,
E1B7,
E22A,
E361,
E659,
EB7A,
EC89,
E80F,
E391,
DFB1,
DD2B,
DD24,
D91B,
CDC3,
C7F6,
CCBB,
D250,
D6AF,
D926,
D81B,
D64E,
D43B,
D32E,
D4AF,
D602,
D575,
D572,
D862,
D92E,
D30E,
CB59,
C3E2,
BF44,
C30E,
C86D,
C979,
C9BA,
CB50,
CD04,
CCF3,
CDF2,
D62F,
DF52,
DFDA,
DC9A,
D8C1,
D56F,
D806,
DD19,
DEB2,
DF12,
E180,
E52C,
EA96,
F079,
F26D,
F179,
ED75,
E799,
E637,
E7E2,
E731,
E511,
E70C,
EBFD,
EC68,
E8ED,
E3D4,
DD5E,
DA0A,
D9E0,
DB57,
DE64,
E104,
E326,
E177,
DB36,
DB15,
E2CD,
E9E9,
EF93,
F2D3,
F2AA,
F383,
F663,
F99B,
FD6A,
FE8D,
FB25,
F82D,
F755,
F673,
F52A,
F32C,
EF6C,
EDDD,
F187,
F596,
F78C,
FA1F,
FF52,
0367,
0363,
01EA,
FFDC,
FD85,
FADE,
F99D,
FC93,
0156,
07AC,
0C78,
093F,
03B6,
0164,
0100,
0439,
089E,
0A62,
0AB1,
0904,
0700,
095F,
0D9F,
0EFB,
0F16,
10A1,
12EF,
1555,
17AE,
1899,
18A4,
19F8,
1C19,
1D22,
1D72,
1F34,
21FE,
22C0,
21D1,
2284,
249F,
24F4,
2397,
229F,
2206,
22A0,
248E,
22AA,
1C69,
14A2,
0B45,
05C7,
056A,
0747,
0BA2,
0DE0,
0C56,
0BC3,
0D4B,
0E99,
0F0F,
1017,
1240,
1451,
15DD,
1738,
1865,
1956,
1A00,
1A59,
1A13,
1A44,
1C37,
1D66,
1B7C,
197F,
19B0,
1A0D,
194B,
183C,
16F1,
1633,
176E,
1968,
1B9D,
1D22,
1B67,
18B8,
1783,
1782,
1AA4,
1E92,
1EE7,
1D59,
1B27,
1888,
15F5,
13EB,
1500,
17E8,
19D6,
1B3B,
1CB3,
1DF6,
1D8A,
1BE2,
19C8,
177B,
1778,
1948,
19C8,
1948,
1A1F,
1C28,
1DF5,
1F87,
2156,
2361,
250D,
2648,
285E,
2B78,
2CD8,
2C18,
2A8C,
2827,
26C7,
26FB,
2719,
26F4,
25FA,
23E9,
20B6,
1BCF,
1851,
17CB,
1736,
157B,
1461,
14CA,
14E8,
13AB,
12B3,
1284,
13AD,
176B,
1B77,
1E78,
20FE,
231E,
2451,
2386,
224A,
21F4,
21D4,
217D,
2187,
2329,
24F4,
250C,
2465,
23AE,
22BA,
2129,
1F8C,
1F3F,
1F81,
1F72,
1F08,
1D1A,
1A95,
19F9,
1A64,
19C3,
18CC,
1A17,
1C9E,
1CD7,
1B73,
19EC,
1842,
171D,
1666,
15B6,
1511,
149B,
144F,
1399,
1281,
1194,
10D6,
10D5,
1196,
1330,
15BC,
167B,
14EF,
13E7,
13C2,
1399,
1337,
14B6,
18E1,
1CC9,
1FCA,
222C,
23BD,
24C3,
2562,
2498,
2161,
1EEB,
1F00,
1ED3,
1D4F,
1B3C,
1889,
15CE,
1363,
1147,
0FB3,
0E66,
0D25,
0C78,
0D57,
0E1E,
0CD7,
0B61,
0B15,
0BD5,
0EAF,
1239,
14DE,
171A,
18F3,
1A61,
1ABA,
1B09,
1E2D,
2201,
2280,
2128,
1F3B,
1CF8,
1BD9,
1B54,
19E0,
1837,
18CA,
1AEA,
1DD2,
2116,
21C7,
2077,
1EF3,
1D35,
1B7C,
19DC,
1850,
16F0,
1828,
1BCC,
1DE1,
1E4F,
1E0D,
1D15,
1C1B,
1B26,
1B9D,
1DD6,
1F00,
1EC4,
1CA9,
1805,
15E7,
17D2,
19BA,
1B08,
1B2A,
193B,
188C,
1A8A,
1C80,
1DA7,
1E8F,
1EF6,
2038,
23AF,
262D,
257F,
24A3,
250B,
25CB,
26D7,
27D8,
2885,
2908,
29C3,
29A4,
276F,
23C3,
1E6D,
17F4,
0F94,
081D,
063B,
0775,
0BA1,
1042,
0F8E,
0CE9,
0C0B,
0C75,
1033,
1508,
1523,
1321,
13F1,
163A,
182E,
19FE,
1B27,
1C05,
1E92,
221A,
23A3,
23BB,
2468,
2574,
25F7,
2610,
26DB,
283C,
28A0,
2818,
2798,
2723,
27B3,
2962,
29A7,
2850,
2703,
25A6,
28D6,
3206,
369B,
347B,
2FAD,
27A3,
23EB,
2788,
2B1A,
2CE5,
2F8E,
3400,
3729,
37AF,
3717,
357F,
3335,
3035,
2D34,
2A8A,
2888,
27A4,
2797,
2860,
2A37,
2DB3,
31DE,
368B,
3A74,
3B50,
3BBA,
3E30,
413C,
452A,
4743,
40AE,
38CE,
3ACB,
3FD8,
4141,
401C,
3949,
3068,
2C46,
2AE2,
2B7A,
2D62,
2F5B,
30E0,
2E82,
29CF,
261F,
2343,
21FC,
223C,
2543,
2A6B,
2F31,
3394,
3750,
3A44,
395C,
351A,
34F1,
38A2,
387D,
3492,
3294,
329D,
380A,
439B,
4777,
4189,
3E28,
3ECC,
3FCF,
4142,
4010,
3B36,
3493,
2BAA,
25FF,
25E2,
277E,
2AA3,
2CE6,
2D0B,
2BA0,
27AF,
24F9,
25C1,
277A,
29D9,
2B54,
2A52,
28C5,
289D,
253C,
17F6,
0C50,
0D5E,
1106,
10D3,
0F8B,
0CD5,
0B4A,
102E,
15C5,
1502,
11A1,
0CFD,
0900,
0A7D,
0F27,
16B1,
1ECF,
211F,
20A1,
21A4,
230F,
23B8,
23EA,
2550,
266F,
1F6D,
13DA,
0F6C,
0FEF,
10BF,
1221,
13C4,
159C,
19FA,
2001,
1C90,
1107,
0CB2,
0F32,
125E,
162F,
16EC,
1452,
1235,
10C1,
1211,
16D0,
18D7,
16F6,
1828,
1DAE,
24AA,
2D4D,
338A,
363C,
34E9,
2E47,
26A7,
1E72,
1AEA,
20CF,
234F,
1BB7,
15A9,
168B,
177A,
15D7,
139C,
10DF,
0F2A,
1124,
1174,
0A4D,
044C,
0767,
0137,
006E,
017C,
08F0,
10A6,
1292,
10BB,
094E,
0073,
FD3E,
FB52,
F4F4,
EDE3,
EC22,
ECB7,
EB64,
EA3D,
EECF,
F55C,
F44E,
EF86,
ED9A,
EE26,
F711,
0474,
0763,
0345,
0196,
0114,
FD49,
F73E,
F407,
F34F,
F5CC,
FB09,
FE83,
0033,
FDD6,
F764,
F7B8,
FF4D,
00B7,
FB05,
F329,
E929,
E0BE,
DA92,
D76D,
D7EF,
DA09,
DE0C,
DDCC,
D627,
D369,
DA7B,
DCC0,
D477,
CDEE,
CC9D,
CF6A,
D88B,
E0F2,
E56A,
E737,
E509,
E20F,
E035,
DD67,
D784,
D348,
D5BA,
D85C,
D71A,
D290,
C694,
BBD9,
BD2C,
C20C,
C3C4,
C5BA,
CBAC,
D13F,
CE41,
C9E4,
CFCE,
D8A2,
DB44,
D9E8,
D1EB,
C796,
C560,
C73C,
C70E,
C659,
C660,
C78B,
CE30,
D7FD,
DE3D,
E196,
DF33,
D8C6,
D79D,
DA5B,
D85B,
D31D,
D8BD,
E78F,
EFB9,
F195,
F170,
EF59,
ED62,
EBBE,
EDF6,
F46D,
FBCA,
042C,
0494,
FA9A,
F67C,
FB5C,
FFBF,
02C1,
0226,
FC3A,
F6BF,
F2FF,
F11F,
F2DA,
F017,
E3BE,
DAE7,
DC2C,
DC33,
D5B1,
D06C,
CFA3,
D170,
D6A3,
DC3C,
DF86,
E463,
EF66,
F853,
F76B,
F34D,
EFDF,
EA92,
DEF0,
D513,
D839,
E04B,
E8DD,
EFB5,
ED38,
E6E7,
E10E,
DD04,
E2E7,
EBB0,
E9C2,
E37C,
E202,
E2FA,
E5C6,
E90F,
E63B,
E08D,
E2A2,
E8D7,
E789,
E1CA,
E255,
E6ED,
E6D6,
E372,
E32E,
E54E,
E5A5,
E47E,
E415,
E452,
E4EE,
E5EC,
E4C8,
E16D,
E0A0,
E298,
E7EA,
F13A,
F1EB,
E7B6,
DB8C,
CD54,
CAB1,
D906,
E387,
E4FE,
E952,
F3CD,
FA66,
F970,
F786,
F654,
F3FE,
EFFC,
EB10,
E50A,
DFB6,
DCA4,
D958,
D40B,
CFD6,
CF33,
CEF7,
CCFA,
CB4C,
CB1C,
CBF6,
CE4D,
D112,
D3BB,
D50D,
D041,
CD42,
DA55,
E997,
E872,
E17D,
DD2C,
DB51,
E1E3,
EC0C,
F2E1,
F7BC,
FA78,
FAF5,
F5DE,
EE66,
ED81,
F0A5,
F3CF,
F786,
FDD8,
0571,
08BB,
08A9,
0783,
0539,
004E,
F979,
F744,
F917,
F640,
EF61,
F181,
FC5D,
0307,
0526,
0392,
FDCD,
FF59,
0A01,
0D0A,
0606,
FE56,
F6C1,
F05F,
EBA5,
EA98,
EEF0,
F051,
EBDF,
E739,
E33D,
E0F7,
E121,
E47C,
ED09,
F410,
F5F3,
F6B4,
F7D3,
F694,
F023,
EA43,
E875,
E953,
EF4C,
F31E,
EC2B,
E508,
E7D6,
EA5E,
E33B,
D930,
CFA4,
C7E7,
C654,
C805,
CC1C,
D078,
CFDD,
CDAB,
CE03,
CF97,
D25D,
D546,
D5B4,
D43B,
CF1F,
C88D,
C625,
C6E4,
CC73,
D4E7,
D8D7,
D9F9,
DE69,
E474,
E298,
DB25,
DAED,
E049,
E3D6,
E5AD,
E260,
DA52,
D44A,
D05B,
CCB7,
C979,
C624,
C2A5,
C29B,
C677,
CB6E,
D183,
D37E,
CFF3,
CBBA,
C747,
C3E7,
C217,
C2A7,
C6FB,
C7EB,
C207,
BDE6,
BEBE,
BF37,
BDB9,
BB8E,
B898,
B5CF,
B400,
B18B,
AC3E,
A9F9,
AFC1,
B814,
C16F,
C972,
CC92,
CDC3,
CDD3,
CDF1,
D078,
D2DA,
D21B,
D0CD,
D1AB,
D311,
D3A2,
D3D1,
D3CB,
D365,
D171,
CF99,
D1A8,
D5D0,
DB44,
E069,
DEF4,
D9CD,
D625,
D317,
CF40,
CB68,
CA74,
CBA8,
CDAD,
D066,
D258,
D3D9,
D703,
DB7A,
E090,
E600,
E7B7,
E601,
E3D4,
E14B,
E1A4,
E504,
E78D,
E902,
E9FF,
EA81,
E8CB,
E470,
E04B,
DCDB,
D894,
D300,
CFBE,
CFE9,
D17B,
D498,
D693,
D625,
D5B5,
D5DE,
D612,
D62A,
D6CA,
D8C1,
D983,
D772,
D44D,
D074,
CC00,
C64B,
C264,
C3C9,
C60B,
C60F,
C651,
C858,
CB44,
CF2F,
D309,
D56B,
D6F1,
D7BD,
D7A1,
D54B,
D2D8,
D3E2,
D680,
D8C3,
DB73,
E061,
E5E8,
E8A6,
E9D7,
EB3F,
EC2E,
EA0E,
E689,
E6E4,
E977,
EA65,
EA52,
EA94,
EAD4,
E99D,
E737,
E396,
DF1A,
DDF3,
DF96,
DE33,
DA29,
D8DF,
DA45,
DAB7,
DA25,
DBEC,
E03E,
E414,
E724,
EB00,
EFE7,
F2DE,
F329,
F45E,
F764,
F7DF,
F47F,
F13E,
EEE8,
ED45,
ECAB,
EC5D,
EBC0,
EDE2,
F54E,
FAFF,
FB18,
FB69,
FEE1,
0091,
FCEC,
F9B7,
FA8B,
FC21,
FD29,
FE4B,
FFCF,
0130,
01C1,
0267,
045C,
05F4,
04BB,
0346,
04A0,
06CB,
083C,
0924,
083B,
0776,
0B81,
10BD,
1030,
0DCB,
110C,
1638,
15A8,
1291,
137A,
165C,
1758,
174E,
1796,
181A,
1919,
1A88,
1C90,
1F17,
222D,
2598,
289E,
2B0B,
29B1,
24E0,
1F94,
19E7,
1690,
15C2,
119D,
09B2,
07C5,
0D02,
0EB2,
0B64,
0ACA,
0E1C,
0FA5,
0E4B,
0D33,
0CCD,
0D05,
0E36,
0EC1,
0DE1,
0DD9,
0F91,
1184,
136E,
14CC,
1516,
1519,
1501,
1513,
15C5,
160F,
149E,
1491,
19BA,
1D56,
1852,
13C4,
17CF,
1D34,
1EE3,
1F5F,
1F8C,
1F43,
1EB2,
1D6A,
19EA,
1630,
1582,
1603,
1576,
1502,
166C,
18E6,
1C1B,
1F68,
20EC,
211D,
1F8B,
1CFD,
1C85,
1CE1,
18D6,
1283,
1276,
1687,
162C,
1301,
14A0,
19E2,
1E13,
2148,
2111,
1DC9,
1DBE,
20D4,
227C,
22A3,
2323,
2407,
241D,
234A,
229E,
2228,
2292,
241F,
24FB,
24EB,
22DD,
1DDA,
1B58,
1D8D,
1D5B,
17EA,
1529,
1847,
1B31,
1BE9,
1CB8,
1E1B,
200E,
2373,
24DE,
211F,
1DA6,
1DDB,
1E53,
1D63,
1C27,
1A76,
19F4,
1CE6,
210C,
2555,
2933,
2B5B,
2C8C,
2D5C,
2CE0,
2833,
232C,
24BC,
27DA,
2518,
2077,
1EFE,
1F17,
2029,
2191,
20D8,
1F36,
1FC5,
211C,
1F30,
1B6B,
1905,
1785,
16C2,
1682,
14E5,
1277,
127B,
1460,
15D7,
16E2,
155F,
1197,
10DA,
1306,
117F,
0C35,
0A86,
0CE3,
0D0C,
0A83,
09F4,
0BC4,
102B,
17CC,
1C65,
1C6F,
1C01,
1B9D,
1AB3,
193E,
1772,
152A,
13E4,
147C,
152B,
1543,
161C,
1858,
1B50,
1FA9,
21CF,
1E37,
1B3D,
1D90,
1E93,
1921,
13BD,
12E4,
134C,
13B4,
1424,
13DF,
140D,
16AE,
1916,
178D,
1502,
1413,
1428,
1662,
18F3,
1864,
16AB,
15C3,
15AF,
183F,
1C14,
1E7C,
2053,
2418,
2803,
2527,
1E94,
1DAF,
1FE6,
1D3C,
1798,
1495,
13A7,
1548,
18F8,
1A9A,
1A95,
1CDC,
2109,
2313,
2305,
215E,
1E22,
1B6F,
1976,
1703,
140C,
1285,
1294,
160D,
1DE0,
21B8,
1F73,
1E96,
20C8,
20D0,
1CE5,
1BE4,
209E,
2373,
21C1,
1F55,
1C6D,
1BEF,
209E,
2471,
243D,
23FC,
2558,
26B3,
27AA,
27AD,
2594,
2351,
2221,
21A7,
2292,
234C,
2176,
2049,
247B,
28A8,
25FB,
21D3,
2255,
234E,
1FA9,
1A2A,
1547,
107A,
0B18,
0633,
03A0,
0395,
0A71,
1464,
182D,
1859,
176A,
15C2,
1671,
1880,
1934,
1902,
1824,
16F0,
18D6,
1D09,
1D88,
1B20,
1D62,
23A1,
25CB,
2418,
2466,
26BB,
27B9,
274A,
2662,
24F8,
24F9,
26CD,
27A9,
2701,
2836,
2C37,
2DFE,
2C2A,
2AF3,
2B11,
2CE7,
3194,
33FC,
321F,
2E07,
267E,
2346,
29BB,
305A,
3318,
3627,
3BB8,
3F45,
3D6F,
39F5,
3603,
324E,
3027,
2E4D,
2B7F,
29F7,
2CB2,
306E,
321A,
33E7,
383F,
3CD2,
3EF9,
3FF6,
405C,
4054,
40A5,
4098,
3EF5,
3C15,
3652,
305B,
3316,
395E,
37A2,
319E,
2C86,
283E,
27DD,
2A20,
2BC6,
2D08,
2DE4,
2E2E,
2AE1,
250F,
23BE,
2647,
2967,
2D21,
3211,
37F7,
3B6B,
3C55,
3B8A,
390E,
365F,
339A,
32F1,
34F6,
3568,
3357,
35DD,
3EF8,
4446,
436C,
40A5,
3BBE,
3958,
3C18,
3BAB,
34C0,
2D9C,
27C0,
2345,
20AB,
20E9,
2623,
2A71,
2A54,
28DA,
2658,
2419,
2343,
2373,
25B5,
272D,
24E5,
215E,
1E52,
1A07,
1121,
08FC,
08B9,
0B86,
0E81,
10FC,
0F1F,
0CBA,
10FF,
1685,
13D4,
0E00,
0B61,
0AFB,
0E9A,
14AE,
1B56,
21B2,
22CE,
20A9,
1FDE,
1FAD,
1F86,
1F31,
1D3E,
19E8,
1381,
0B22,
093E,
0CCE,
105F,
13F5,
172C,
19D5,
1B7C,
1C21,
17B3,
0DE7,
0C37,
13FA,
180C,
172B,
15B1,
13A2,
1353,
1577,
17FC,
1AAF,
1CF7,
1E22,
220D,
2AAE,
3170,
345E,
33C7,
2E5D,
2721,
1DF8,
17D7,
18CD,
1A95,
1B14,
19AD,
1385,
0F11,
1223,
1489,
1001,
0A1C,
04DC;